"Ministry","Division","Organization","Procuring Entity Name","Procuring Entity Code","Procuring Entity District","Procurement Nature","Procurement Type","Event Type","Invitation for ","Invitation Reference No.","App ID","Tender/Proposal ID","Procurement Method ","Budget Type","Source of Funds","Project Code","Project Name","Tender/Proposal Package No. and Description","Category","Scheduled Tender/Proposal Publication Date and Time","Tender/Proposal Document last selling / downloading Date and Time","Eligibility of Tenderer","Brief Description of Works","Evaluation Type","Document Available","Document Fees","Tender/Proposal Document Price (In BDT) ","Mode of Payment","Tender/Proposal Security Valid Up to","Tender/Proposal Valid Up to","Lot No.","Identification of Lot","Location","Tender/Proposal security(Amount in BDT)","Tentative Start Date","Tentative Completion Date","Name of Official Inviting Tender/Proposal","Designation of Official Inviting Tender/Proposal","Address of Official Inviting Tender/Proposal","Address","City","Thana","District","Phone No","Estimated Cost","Tender Link"
"Ministry of Health and Family Welfare","Health Services Division","Directorate General of Health Services (DGHS)","Dakshin Surma Upazila Health Complex","","Sylhet","Goods","NCT","TENDER","Tender - Single Lot","UHC/Dakshin Surma/MSR/2026-27/525","226982","1313472","Open Tendering Method (OTM)","Revenue","Government","Not applicable","Not applicable","UHC/Daksin/e-Tender/2026-27/GR-09 Procurement of Stationary for the FY 2026-2027 at Dakshin Surma Upazila Health Complex, Sylhet.","Machinery, equipment, appliances, apparatus and associated products; Electrical machinery, apparatus, equipment and consumables;Machinery for the production and use of mechanical power;Turbines and motors;Pumps and compressors;Taps, cocks, valves and similar appliances;Gears, gearing and driving elements;General-purpose machinery;Industrial or laboratory furnaces, incinerators and ovens;Lifting and handling equipment and parts;Cooling and ventilation equipment;Miscellaneous general-purpose machinery;Agricultural, horticultural and forestry machinery;Agricultural and forestry machinery for soil preparation or cultivation;Harvesting machinery;Spraying machinery for agriculture or horticulture;Self-loading or unloading trailers and semi-trailers for agriculture;Specialist agricultural or forestry machinery;Tractors;Parts of agricultural and forestry machinery;Machine tools;Machine tools operated by laser and machining centres;Lathes, boring and milling machine tools;Metal-working machine tools;Machine tools for working hard materials except metals;Pneumatic or motorised hand tools;Soldering, brazing and welding tools, surface tempering and hot-spraying machines and equipment;Parts and accessories of machine tools;Special-purpose machinery and parts;Machinery for metallurgy and associated parts;Machinery for mining, quarrying and construction;Machinery for food, beverage and tobacco processing and associated parts;Machinery for textile, apparel and leather production;Machinery for paper or paperboard production;Miscellaneous special-purpose machinery;Weapons, ammunition and associated parts;Motorised tanks and armoured fighting vehicles;Military weapons;Firearms;Ammunition;Parts of military weapons;Truncheons or night sticks;Domestic appliances;Electrical domestic appliances;Non-electric domestic appliances;Miscellaneous equipment;Transport related equipment;Workshop equipment;Construction equipment;Catering equipment;Emergency and security equipment;Technical equipment;Miscellaneous equipment n.e.c.;Electric motors, generators and transformers;Electric motors;Generators;Alternators;Cooling towers;Ballasts for discharge lamps or tubes;Parts of electric motors, generators and transformers;Transformers;Electricity distribution and control apparatus;Electrical apparatus for switching or protecting electrical circuits;Electrical circuit components;Parts of electricity distribution or control apparatus;Insulated wire and cable;Mains;Power distribution cables;Coaxial cable;Insulated cable accessories;Electric conductors for data and control purposes;Accumulators, primary cells and primary batteries;Primary cells;Primary batteries;Electric accumulators;Lighting equipment and electric lamps;Electric filament lamps;Lamps and light fittings;Parts of lamps and lighting equipment;Electrical equipment and apparatus;Electrical equipment for engines and vehicles;Sound or visual signalling apparatus;Magnets;Machines and apparatus with individual functions;Insulating fittings;Carbon electrodes;Electrical parts of machinery or apparatus;Electrical supplies and accessories;Electronic, electromechanical and electrotechnical supplies;Electronic equipment;Electromechanical equipment;Electrotechnical equipment","03-Aug-2026 23:12","18-Aug-2026 12:00","As Per TDS & PCC","Procurement of Stationary for the FY 2026-2027 at Dakshin Surma Upazila Health Complex, Sylhet.","Lot wise","Package wise","Package wise","500","Payment through Bank","13-Jan-2027","13-Jan-2027","1","Procurement of Stationary for the FY 2026-2027 at Dakshin Surma Upazila Health Complex, Sylhet.","Dakshin Surma Upazila Health Complex Sylhet","13000","20-Aug-2026","29-Jul-2027","MD. SALAHUDDIN MIA","UH&FPO","Address : Noikhai, Dakshin Surma, Sylhet City : Moglabazar Thana : Dakshin Surma District : Sylhet - 3110 Country : Bangladesh","Noikhai, Dakshin Surma, Sylhet","Moglabazar","Dakshin Surma","Sylhet - 3110","0821-719730","Not Found","https://www.eprocure.gov.bd/resources/common/ViewTender.jsp?id=1313472"
"Ministry of Energy","Power and Mineral Resources","Rural Electrification Board (REB)","Office of the Superintending Engineer, Jashore Zone, BREB, Jashore.","","Jashore","Works","NCT","TENDER","Tender - Single Lot","27.12.4147.034.11.004.26.76; Dated: 27/072026","216837","1297776","Open Tendering Method (OTM)","Own Fund","Own Fund","Not applicable","Not applicable","KUSPBS-OF-2025-26-01 Construction Work of Boundary Wall, Main Gate, Master Drain & Walkway at H/Q Campus of Kushtia PBS.","Construction work;Site preparation work;Building demolition and wrecking work and earthmoving work;Test drilling and boring work;Works for complete or part construction and civil engineering work;Building construction work;Engineering works and construction works;Construction work for pipelines, communication and power lines, for highways, roads, airfields and railways; flatwork;Construction work for water projects;Construction works for plants, mining and manufacturing and for buildings relating to the oil and gas industry;Roof works and other special trade construction works;Building installation work;Electrical installation work;Insulation work;Plumbing and sanitary works;Fencing, railing and safety equipment installation work;Mechanical installations;Building completion work;Plastering work;Joinery and carpentry installation work;Floor and wall covering work;Painting and glazing work;Other building completion work;Hire of construction and civil engineering machinery and equipment with operator;Hire of cranes with operator;Hire of earthmoving equipment with operator","03-Aug-2026 23:00","17-Aug-2026 17:00","The minimum specific experience as a Prime Contractor in construction works  under public sector of at least 01 (one) contract(s) of civil  construction successfully completed within the last 5 (Five) years, each with a value of at least Tk. 300 (Three Hundred) lakh & Proper up to date documentary evidence should be provided. The minimum number of years of general experience of the tenderer in the civil construction works as Prime Contractor shall be 5 (Five) years. Here, i. Years will be counted backward from the date of publication of IFT in the newspaper. ii. The start date of the earliest construction works completed satisfactory under public sector will be considered for calculating the period of general experience. iii. The Tenderer shall have to attach relevant experience certificates issued by concerned PE (Procuring Entity) but not below the rank of Executive Engineer.","Construction Work of Boundary Wall, Main Gate, Master Drain & Walkway at H/Q Campus of Kushtia PBS. Package no: KUSPBS-OF-2025-26-01","Lot wise","Package wise","Package wise","4000","Payment through Bank","13-Jan-2027","13-Jan-2027","KUSPBS-OF-2025-26-01","Construction Work of Boundary Wall, Main Gate, Master Drain & Walkway at H/Q Campus of Kushtia PBS.","Kushtia PBS","1000000","30-Sep-2026","02-Apr-2028","MUSTAFIZUR RAHMAN","Superintending Engineer","Address : Chanchra, Jashore. City : Jessore Thana : Jashore Sadar District : Jashore - 7400 Country : Bangladesh","Chanchra, Jashore.","Jessore","Jashore Sadar","Jashore - 7400","02477-761415","47915988.83,OTM","https://www.eprocure.gov.bd/resources/common/ViewTender.jsp?id=1297776"
"Ministry of Energy","Power and Mineral Resources","Bangladesh Power Development Board","Manager, Saidpur 20 MW Gas Turbine Power Station, Saidpur.","","Nilphamari","Works","NCT","TENDER","Tender - Single Lot","27.11.7385.410.01.027.26-378 Date:03.08.2026","227054","1315015","Open Tendering Method (OTM)","Revenue","Government","Not applicable","Not applicable","NWR-1 Cleaning  of drain, floor, roads, rest house etc at different areas and  Cutting jungles at GT areas in Saidpur 20 MW GT Power Station.","Miscellaneous services;Washing and dry-cleaning services;Laundry-collection services;Textile-cleaning services;Fur-products cleaning services;Colouring services;Pressing services;Dyeing services;Hairdressing and beauty treatment services;Hairdressing services;Beauty treatment services;Physical well-being services;Turkish bath services;Spa services;Massage services;Accommodation and office services;Accommodation services;Civic-amenity services;Car-park management services;Marine services;Aquatic marine services;Port management services;Diving services;Funeral and related services;Funeral services;Miscellaneous services n.e.c.;Decommissioning services;Relocation services;Tailoring services;Upholstering services;Locksmith services;Clearing and Forwarding Agent;Service Provider (Others)","03-Aug-2026 22:30","23-Aug-2026 11:58","1. Trade License 2. TIN 3. Bank SolvencyCertificate 4. Experience certificate of related works of minimum Tk. 450000","Cleaning of drain, floor, roads, rest house etc at different areas and Cutting jungles at GT areas in Saidpur 20 MW GT Power Station.","Lot wise","Package wise","Package wise","500","Payment through Bank","19-Nov-2026","19-Nov-2026","1","Cleaning  of drain, floor, roads, rest house etc at different areas and  Cutting jungles at GT areas in Saidpur 20 MW GT Power Station.","Saidpur 20 MW Gas Turbine Power Station BPDB Saidpur Nilphamari","28500","01-Sep-2026","31-May-2027","Engr. Md. Golam Morselin","Superintendent Engineer","Address : Manager, Saidpur 20 MW Gas Turbine Power Station, BPDB, Saidpur, Nilphamari. City : Saidpur Thana : Saidpur District : Nilphamari - 5310 Country : Bangladesh","Manager, Saidpur 20 MW Gas Turbine Power Station, BPDB, Saidpur, Nilphamari.","Saidpur","Saidpur","Nilphamari - 5310","05526-72463","Not Found","https://www.eprocure.gov.bd/resources/common/ViewTender.jsp?id=1315015"
"Ministry of Local Government","Rural Development and Co-operatives","Department of Public Health Engineering (DPHE)","Office of the Executive Engineer DPHE, Noakhali","","Noakhali","Works","NCT","TENDER","Tender - Single Lot","Memo- 1317 Date: 27/07/2026 (Package no: WD- 027))","215607","1312997","Open Tendering Method (OTM)","Development","Government, Aid or Grant","224403400","Host and Rohingya Enhancement of Lives Project (HELP, DPHE Part).","WD- 027 Construction of 2000 nos Household toilet (HHT) at Hatiya Upazilla in Noakhali District (Host) under Host and Rohingya Enhancement of Lives Project (HELP), During FY : 2025-2026","Construction work;Site preparation work;Building demolition and wrecking work and earthmoving work;Test drilling and boring work;Works for complete or part construction and civil engineering work;Building construction work;Engineering works and construction works;Construction work for pipelines, communication and power lines, for highways, roads, airfields and railways; flatwork;Construction work for water projects;Construction works for plants, mining and manufacturing and for buildings relating to the oil and gas industry;Roof works and other special trade construction works;Building installation work;Electrical installation work;Insulation work;Plumbing and sanitary works;Fencing, railing and safety equipment installation work;Mechanical installations;Building completion work;Plastering work;Joinery and carpentry installation work;Floor and wall covering work;Painting and glazing work;Other building completion work;Hire of construction and civil engineering machinery and equipment with operator;Hire of cranes with operator;Hire of earthmoving equipment with operator","03-Aug-2026 22:30","24-Aug-2026 17:00","As per TDS","Construction of 2000 nos Household toilet (HHT) at Hatiya Upazilla in Noakhali District (Host) under Host and Rohingya Enhancement of Lives Project (HELP), During FY : 2025-2026","Lot wise","Package wise","Package wise","5000","Payment through Bank","09-Feb-2027","09-Feb-2027","1","Different Places Hatiya Upazilla","Hatia Upazila in Noakhali District","5000000","29-Oct-2026","27-Apr-2028","Palash Chandra Das","Executive Engineer","Address : Office of the Executive Engineer DPHE, Noakhali City : Maijdee,Noakhali Thana : Noakhali Sadar District : Noakhali - 3800 Country : Bangladesh","Office of the Executive Engineer DPHE, Noakhali","Maijdee,Noakhali","Noakhali Sadar","Noakhali - 3800","0321-61497","179853000.00,OTM","https://www.eprocure.gov.bd/resources/common/ViewTender.jsp?id=1312997"
"Ministry of Local Government","Rural Development and Co-operatives","Department of Public Health Engineering (DPHE)","Office of the Executive Engineer DPHE, Noakhali","","Noakhali","Works","NCT","TENDER","Tender - Single Lot","Memo- 1316 Date: 27/07/2026 (Package no: WD- - 52)","215607","1302615","Open Tendering Method (OTM)","Development","Government, Aid or Grant","224403400","Host and Rohingya Enhancement of Lives Project (HELP, DPHE Part).","WD _ 52 Connection with Costruction of Mobile Water Treatment Plant shade and Operation & Maintenance at Vashan Char FDMN Camp, Hatia , Noakhali District under Host and Rohingya Enhancement of live Project (HELP) , Package No. WD - 52","Construction work;Site preparation work;Building demolition and wrecking work and earthmoving work;Test drilling and boring work;Works for complete or part construction and civil engineering work;Building construction work;Engineering works and construction works;Construction work for pipelines, communication and power lines, for highways, roads, airfields and railways; flatwork;Construction work for water projects;Construction works for plants, mining and manufacturing and for buildings relating to the oil and gas industry;Roof works and other special trade construction works;Building installation work;Electrical installation work;Insulation work;Plumbing and sanitary works;Fencing, railing and safety equipment installation work;Mechanical installations;Building completion work;Plastering work;Joinery and carpentry installation work;Floor and wall covering work;Painting and glazing work;Other building completion work;Hire of construction and civil engineering machinery and equipment with operator;Hire of cranes with operator;Hire of earthmoving equipment with operator","03-Aug-2026 22:10","19-Aug-2026 17:00","As per TDS","Costruction of Mobile Water Treatment Plant shade and Operation & Maintenance at Vashan Char FDMN Camp, Hatia , Noakhali District under Host and Rohingya Enhancement of live Project (HELP) , Package No. WD - 52","Lot wise","Package wise","Package wise","4000","Payment through Bank","15-Jan-2027","15-Jan-2027","1","Connection with Costruction of Mobile Water Treatment Plant shade and Operation & Maintenance at Vashan Char FDMN Camp, Hatia , Noakhali District under Host and Rohingya Enhancement of live Project (HELP) , Package No. WD - 52","Vashan Char FDMN Camp, Hatia, Noakhali District","1300000","29-Oct-2026","27-Apr-2028","Palash Chandra Das","Executive Engineer","Address : Office of the Executive Engineer DPHE, Noakhali City : Maijdee,Noakhali Thana : Noakhali Sadar District : Noakhali - 3800 Country : Bangladesh","Office of the Executive Engineer DPHE, Noakhali","Maijdee,Noakhali","Noakhali Sadar","Noakhali - 3800","0321-61497","49915614.00,OTM","https://www.eprocure.gov.bd/resources/common/ViewTender.jsp?id=1302615"
"Ministry of Local Government","Rural Development and Co-operatives","Gazipur City Corporation","PIU(Mech) Gazipur city corporation.","","Gazipur","Works","NCT","TENDER","Tender - Single Lot","46.19.0000.101.99.014.26-872;    Date:- 03/08/2026","227789","1313254","Open Tendering Method (OTM)","Own Fund","Own Fund","Not applicable","Not applicable","GCC/Elec./26-27/P-05 Installation of LED Street Light with necessary fitting, fixing including GI pole, GI pipe bracket with overhead electrical line at Gazipur Vogra Bypass Road to Nowjur Flyover End Road Both side Under Gazipur City Corporation, Gazipur.","Lighting equipment and electric lamps; Electrical machinery, apparatus, equipment and consumables; Electrical equipment and apparatus; Electronic, electromechanical and electrotechnical supplies; Electrical machinery, apparatus, equipment and consumables;Electric filament lamps;Lamps and light fittings;Parts of lamps and lighting equipment;Electrical equipment for engines and vehicles;Sound or visual signalling apparatus;Magnets;Machines and apparatus with individual functions;Insulating fittings;Carbon electrodes;Electrical parts of machinery or apparatus;Electrical supplies and accessories;Electronic equipment;Electromechanical equipment;Electrotechnical equipment","03-Aug-2026 21:00","25-Aug-2026 11:00","1. ITT 13.1(a) The minimum number of years of the general experience of the Tenderer in the Supply works as Prime Contractor shall be 5 (Five years) (years counting backwards from the date of publication of IFT in the e-GP web portal). 2. ITT 13.1(b) The minimum specific experience as a Prime Contractor providing LED Street Ligh works under public sector of at least [1] contract(s) of successfully completed within the last [5] years, each with a value of at least Tk. [1,75,00,000.00]. 3. ITT 14.1(a)The required average annual turnover i.e total certified payments received for contracts in progress or completed under public sector from a respective procuring entity shall be greater than BDT= 1,88,00,000.00 over the last 05 (Five) years. Only Payment certified shall be considered for assessment (years counting backwards from the date of Tender opening in the e-GP web portal). 4. ITT 14.1(c) The minimum amount of credit facilities/liquid Asset of the tenderer shall be Tk- 42,00,000.00 BDT 5. The Tenderer shall submit with its Tender the following additional documents: i) UpdateTrade License. ii) VAT Registration. iii) Update TIN Number. iv) Nationality Certificate. v) Business Address. vi) Tenderer Must submit ABC License otherwise tenderer will be Non-Responsive *** Tenderer will be selected as non-responsive/debar for submission of any fake documents","GCC/Elec./26-27/P-05 Installation of LED Street Light with necessary fitting, fixing including GI pole, GI pipe bracket with overhead electrical line at Gazipur Vogra Bypass Road to Nowjur Flyover End Road Both side Under Gazipur City Corporation, Gazipur.","Lot wise","Package wise","Package wise","4000","Payment through Bank","20-Jan-2027","20-Jan-2027","Single","Installation of LED Street Light with necessary fitting, fixing including GI pole, GI pipe bracket with overhead electrical line at Gazipur Vogra Bypass Road to Nowjur Flyover End Road Both side Under Gazipur City Corporation, Gazipur.","Gazipur City Corporation","749000","20-Sep-2026","20-Sep-2027","MD. AKRAM HOSSAIN KHAN","Executive Engineer","Address : Executive Engineer(Mech.), Nagar  Bhabon,  Gazipur  Citycorporation, Gazipur. City : Gazipur city corporation Thana : Gazipur City Corporation District : Gazipur - 1700 Country : Bangladesh","Executive Engineer(Mech.), Nagar  Bhabon,  Gazipur  Citycorporation, Gazipur.","Gazipur city corporation","Gazipur City Corporation","Gazipur - 1700","02-49273205","Not Found","https://www.eprocure.gov.bd/resources/common/ViewTender.jsp?id=1313254"
"Ministry of Local Government","Rural Development and Co-operatives","Gazipur City Corporation","PIU(Mech) Gazipur city corporation.","","Gazipur","Works","NCT","TENDER","Tender - Single Lot","46.19.0000.101.99.014.26-872;    Date:- 03/08/2026","227789","1313253","Open Tendering Method (OTM)","Own Fund","Own Fund","Not applicable","Not applicable","GCC/Elec./26-27/P-04 Installation of LED Street Light with necessary fitting, fixing including GI pole, GI pipe bracket with overhead electrical line at Gazipur Chowrasta Road to Konabari Degree Collage Road Both side Under Gazipur City Corporation, Gazipur.","Lighting equipment and electric lamps; Electrical machinery, apparatus, equipment and consumables; Electrical equipment and apparatus; Electronic, electromechanical and electrotechnical supplies; Electrical machinery, apparatus, equipment and consumables;Electric filament lamps;Lamps and light fittings;Parts of lamps and lighting equipment;Electrical equipment for engines and vehicles;Sound or visual signalling apparatus;Magnets;Machines and apparatus with individual functions;Insulating fittings;Carbon electrodes;Electrical parts of machinery or apparatus;Electrical supplies and accessories;Electronic equipment;Electromechanical equipment;Electrotechnical equipment","03-Aug-2026 21:00","25-Aug-2026 11:00","1. ITT 13.1(a) The minimum number of years of the general experience of the Tenderer in the Supply works as Prime Contractor shall be 5 (Five years) (years counting backwards from the date of publication of IFT in the e-GP web portal). 2. ITT 13.1(b) The minimum specific experience as a Prime Contractor providing LED Street Ligh works under public sector of at least [1] contract(s) of successfully completed within the last [5] years, each with a value of at least Tk. [5,20,00,000.00]. 3. ITT 14.1(a)The required average annual turnover i.e total certified payments received for contracts in progress or completed under public sector from a respective procuring entity shall be greater than BDT= 5,55,00,000.00 over the last 05 (Five) years. Only Payment certified shall be considered for assessment (years counting backwards from the date of Tender opening in the e-GP web portal). 4. ITT 14.1(c) The minimum amount of credit facilities/liquid Asset of the tenderer shall be Tk- 1,24,00,000.00 BDT 5. The Tenderer shall submit with its Tender the following additional documents: i) UpdateTrade License. ii) VAT Registration. iii) Update TIN Number. iv) Nationality Certificate. v) Business Address. vi) Tenderer Must submit ABC License otherwise tenderer will be Non-Responsive *** Tenderer will be selected as non-responsive/debar for submission of any fake documents","GCC/Elec./26-27/P-04 Installation of LED Street Light with necessary fitting, fixing including GI pole, GI pipe bracket with overhead electrical line at Gazipur Chowrasta Road to Konabari Degree Collage Road Both side Under Gazipur City Corporation, Gazipur.","Lot wise","Package wise","Package wise","4000","Payment through Bank","20-Jan-2027","20-Jan-2027","Single","Installation of LED Street Light with necessary fitting, fixing including GI pole, GI pipe bracket with overhead electrical line at Gazipur Chowrasta Road to Konabari Degree Collage Road Both side Under Gazipur City Corporation, Gazipur.","Gazipur City Corporation","2219000","20-Sep-2026","20-Sep-2027","MD. AKRAM HOSSAIN KHAN","Executive Engineer","Address : Executive Engineer(Mech.), Nagar  Bhabon,  Gazipur  Citycorporation, Gazipur. City : Gazipur city corporation Thana : Gazipur City Corporation District : Gazipur - 1700 Country : Bangladesh","Executive Engineer(Mech.), Nagar  Bhabon,  Gazipur  Citycorporation, Gazipur.","Gazipur city corporation","Gazipur City Corporation","Gazipur - 1700","02-49273205","Not Found","https://www.eprocure.gov.bd/resources/common/ViewTender.jsp?id=1313253"
"Ministry of Local Government","Rural Development and Co-operatives","Gazipur City Corporation","PIU(Mech) Gazipur city corporation.","","Gazipur","Works","NCT","TENDER","Tender - Single Lot","46.19.0000.101.99.014.26-872;    Date:- 03/08/2026","227789","1313256","Open Tendering Method (OTM)","Own Fund","Own Fund","Not applicable","Not applicable","GCC/Elec./26-27/P-07 Installation of LED Street Light with necessary fitting, fixing including GI pole, GI pipe bracket with overhead electrical line at Porabari Highway Main Road to Rajendrapur Road Both side Under Gazipur City Corporation, Gazipur.","Lighting equipment and electric lamps; Electrical machinery, apparatus, equipment and consumables; Electrical equipment and apparatus; Electronic, electromechanical and electrotechnical supplies; Electrical machinery, apparatus, equipment and consumables;Electric filament lamps;Lamps and light fittings;Parts of lamps and lighting equipment;Electrical equipment for engines and vehicles;Sound or visual signalling apparatus;Magnets;Machines and apparatus with individual functions;Insulating fittings;Carbon electrodes;Electrical parts of machinery or apparatus;Electrical supplies and accessories;Electronic equipment;Electromechanical equipment;Electrotechnical equipment","03-Aug-2026 21:00","25-Aug-2026 11:00","1. ITT 13.1(a) The minimum number of years of the general experience of the Tenderer in the Supply works as Prime Contractor shall be 5 (Five years) (years counting backwards from the date of publication of IFT in the e-GP web portal). 2. ITT 13.1(b) The minimum specific experience as a Prime Contractor providing LED Street Ligh works under public sector of at least [1] contract(s) of successfully completed within the last [5] years, each with a value of at least Tk. [3,64,00,000.00]. 3. ITT 14.1(a)The required average annual turnover i.e total certified payments received for contracts in progress or completed under public sector from a respective procuring entity shall be greater than BDT= 3,90,00,000.00 over the last 05 (Five) years. Only Payment certified shall be considered for assessment (years counting backwards from the date of Tender opening in the e-GP web portal). 4. ITT 14.1(c) The minimum amount of credit facilities/liquid Asset of the tenderer shall be Tk- 87,00,000.00 BDT 5. The Tenderer shall submit with its Tender the following additional documents: i) UpdateTrade License. ii) VAT Registration. iii) Update TIN Number. iv) Nationality Certificate. v) Business Address. vi) Tenderer Must submit ABC License otherwise tenderer will be Non-Responsive *** Tenderer will be selected as non-responsive/debar for submission of any fake documents","GCC/Elec./26-27/P-07 Installation of LED Street Light with necessary fitting, fixing including GI pole, GI pipe bracket with overhead electrical line at Porabari Highway Main Road to Rajendrapur Road Both side Under Gazipur City Corporation, Gazipur.","Lot wise","Package wise","Package wise","4000","Payment through Bank","20-Jan-2027","20-Jan-2027","Single","Installation of LED Street Light with necessary fitting, fixing including GI pole, GI pipe bracket with overhead electrical line at Porabari Highway Main Road to Rajendrapur Road Both side Under Gazipur City Corporation, Gazipur.","Gazipur City Corporation","1559000","20-Sep-2026","20-Sep-2027","MD. AKRAM HOSSAIN KHAN","Executive Engineer","Address : Executive Engineer(Mech.), Nagar  Bhabon,  Gazipur  Citycorporation, Gazipur. City : Gazipur city corporation Thana : Gazipur City Corporation District : Gazipur - 1700 Country : Bangladesh","Executive Engineer(Mech.), Nagar  Bhabon,  Gazipur  Citycorporation, Gazipur.","Gazipur city corporation","Gazipur City Corporation","Gazipur - 1700","02-49273205","Not Found","https://www.eprocure.gov.bd/resources/common/ViewTender.jsp?id=1313256"
"Ministry of Local Government","Rural Development and Co-operatives","Gazipur City Corporation","PIU(Mech) Gazipur city corporation.","","Gazipur","Works","NCT","TENDER","Tender - Single Lot","46.19.0000.101.99.014.26-872;    Date:- 03/08/2026","227789","1313255","Open Tendering Method (OTM)","Own Fund","Own Fund","Not applicable","Not applicable","GCC/Elec./26-27/P-06 Installation of LED Street Light with necessary fitting, fixing including GI pole, GI pipe bracket with overhead electrical line at Gazipur Chowrasta to Porabari Highway Main Road Both side Under Gazipur City Corporation, Gazipur.","Lighting equipment and electric lamps; Electrical machinery, apparatus, equipment and consumables; Electrical equipment and apparatus; Electronic, electromechanical and electrotechnical supplies; Electrical machinery, apparatus, equipment and consumables;Electric filament lamps;Lamps and light fittings;Parts of lamps and lighting equipment;Electrical equipment for engines and vehicles;Sound or visual signalling apparatus;Magnets;Machines and apparatus with individual functions;Insulating fittings;Carbon electrodes;Electrical parts of machinery or apparatus;Electrical supplies and accessories;Electronic equipment;Electromechanical equipment;Electrotechnical equipment","03-Aug-2026 21:00","25-Aug-2026 11:00","1. ITT 13.1(a) The minimum number of years of the general experience of the Tenderer in the Supply works as Prime Contractor shall be 5 (Five years) (years counting backwards from the date of publication of IFT in the e-GP web portal). 2. ITT 13.1(b) The minimum specific experience as a Prime Contractor providing LED Street Ligh works under public sector of at least [1] contract(s) of successfully completed within the last [5] years, each with a value of at least Tk. [3,95,00,000.00]. 3. ITT 14.1(a)The required average annual turnover i.e total certified payments received for contracts in progress or completed under public sector from a respective procuring entity shall be greater than BDT= 4,22,00,000.00 over the last 05 (Five) years. Only Payment certified shall be considered for assessment (years counting backwards from the date of Tender opening in the e-GP web portal). 4. ITT 14.1(c) The minimum amount of credit facilities/liquid Asset of the tenderer shall be Tk- 94,00,000.00 BDT 5. The Tenderer shall submit with its Tender the following additional documents: i) UpdateTrade License. ii) VAT Registration. iii) Update TIN Number. iv) Nationality Certificate. v) Business Address. vi) Tenderer Must submit ABC License otherwise tenderer will be Non-Responsive *** Tenderer will be selected as non-responsive/debar for submission of any fake documents","GCC/Elec./26-27/P-06 Installation of LED Street Light with necessary fitting, fixing including GI pole, GI pipe bracket with overhead electrical line at Gazipur Chowrasta to Porabari Highway Main Road Both side Under Gazipur City Corporation, Gazipur.","Lot wise","Package wise","Package wise","4000","Payment through Bank","20-Jan-2027","20-Jan-2027","Single","Installation of LED Street Light with necessary fitting, fixing including GI pole, GI pipe bracket with overhead electrical line at Gazipur Chowrasta to Porabari Highway Main Road Both side Under Gazipur City Corporation, Gazipur.","Gazipur City Corporation","1685000","20-Sep-2026","20-Sep-2027","MD. AKRAM HOSSAIN KHAN","Executive Engineer","Address : Executive Engineer(Mech.), Nagar  Bhabon,  Gazipur  Citycorporation, Gazipur. City : Gazipur city corporation Thana : Gazipur City Corporation District : Gazipur - 1700 Country : Bangladesh","Executive Engineer(Mech.), Nagar  Bhabon,  Gazipur  Citycorporation, Gazipur.","Gazipur city corporation","Gazipur City Corporation","Gazipur - 1700","02-49273205","Not Found","https://www.eprocure.gov.bd/resources/common/ViewTender.jsp?id=1313255"
"Ministry of Local Government","Rural Development and Co-operatives","Gazipur City Corporation","PIU(Mech) Gazipur city corporation.","","Gazipur","Works","NCT","TENDER","Tender - Single Lot","46.19.0000.101.99.014.26-872;    Date:- 03/08/2026","227789","1313252","Open Tendering Method (OTM)","Own Fund","Own Fund","Not applicable","Not applicable","GCC/Elec./26-27/P-03 Installation of LED Street Light with necessary fitting, fixing including GI pole, GI pipe bracket with overhead electrical line at IUT Board Bazar to Gazipur Chowrasta Road Both side Under Gazipur City Corporation, Gazipur.","Lighting equipment and electric lamps; Electrical machinery, apparatus, equipment and consumables; Electrical equipment and apparatus; Electronic, electromechanical and electrotechnical supplies; Electrical machinery, apparatus, equipment and consumables;Electric filament lamps;Lamps and light fittings;Parts of lamps and lighting equipment;Electrical equipment for engines and vehicles;Sound or visual signalling apparatus;Magnets;Machines and apparatus with individual functions;Insulating fittings;Carbon electrodes;Electrical parts of machinery or apparatus;Electrical supplies and accessories;Electronic equipment;Electromechanical equipment;Electrotechnical equipment","03-Aug-2026 21:00","25-Aug-2026 11:00","1. ITT 13.1(a) The minimum number of years of the general experience of the Tenderer in the Supply works as Prime Contractor shall be 5 (Five years) (years counting backwards from the date of publication of IFT in the e-GP web portal). 2. ITT 13.1(b) The minimum specific experience as a Prime Contractor providing LED Street Ligh works under public sector of at least [1] contract(s) of successfully completed within the last [5] years, each with a value of at least Tk. [4,50,00,000.00]. 3. ITT 14.1(a)The required average annual turnover i.e total certified payments received for contracts in progress or completed under public sector from a respective procuring entity shall be greater than BDT= 4,90,00,000.00 over the last 05 (Five) years. Only Payment certified shall be considered for assessment (years counting backwards from the date of Tender opening in the e-GP web portal). 4. ITT 14.1(c) The minimum amount of credit facilities/liquid Asset of the tenderer shall be Tk- 1,09,00,000.00 BDT 5. The Tenderer shall submit with its Tender the following additional documents: i) UpdateTrade License. ii) VAT Registration. iii) Update TIN Number. iv) Nationality Certificate. v) Business Address. vi) Tenderer Must submit ABC License otherwise tenderer will be Non-Responsive *** Tenderer will be selected as non-responsive/debar for submission of any fake documents","Installation of LED Street Light with necessary fitting, fixing including GI pole, GI pipe bracket with overhead electrical line at IUT Board Bazar to Gazipur Chowrasta Road Both side Under Gazipur City Corporation, Gazipur.","Lot wise","Package wise","Package wise","4000","Payment through Bank","20-Jan-2027","20-Jan-2027","Single","Installation of LED Street Light with necessary fitting, fixing including GI pole, GI pipe bracket with overhead electrical line at IUT Board Bazar to Gazipur Chowrasta Road Both side Under Gazipur City Corporation, Gazipur.","Gazipur City Corporation","1949000","20-Sep-2026","20-Sep-2027","MD. AKRAM HOSSAIN KHAN","Executive Engineer","Address : Executive Engineer(Mech.), Nagar  Bhabon,  Gazipur  Citycorporation, Gazipur. City : Gazipur city corporation Thana : Gazipur City Corporation District : Gazipur - 1700 Country : Bangladesh","Executive Engineer(Mech.), Nagar  Bhabon,  Gazipur  Citycorporation, Gazipur.","Gazipur city corporation","Gazipur City Corporation","Gazipur - 1700","02-49273205","Not Found","https://www.eprocure.gov.bd/resources/common/ViewTender.jsp?id=1313252"
"Ministry of Local Government","Rural Development and Co-operatives","Gazipur City Corporation","PIU(Mech) Gazipur city corporation.","","Gazipur","Works","NCT","TENDER","Tender - Single Lot","46.19.0000.101.99.014.26-872;    Date:- 03/08/2026","227789","1313250","Open Tendering Method (OTM)","Own Fund","Own Fund","Not applicable","Not applicable","GCC/Elec./26-27/P-01 Installation of LED Street Light with necessary fitting, fixing including GI pole, GI pipe bracket with overhead electrical line at Shibbari Road to Gazipur Chowrasta Both side Under Gazipur City Corporation, Gazipur.","Electrical machinery, apparatus, equipment and consumables; Electric motors, generators and transformers; Electricity distribution and control apparatus; Insulated wire and cable; Accumulators, primary cells and primary batteries; Lighting equipment and electric lamps; Electrical equipment and apparatus; Electronic, electromechanical and electrotechnical supplies;Electric motors;Generators;Alternators;Cooling towers;Ballasts for discharge lamps or tubes;Parts of electric motors, generators and transformers;Transformers;Electrical apparatus for switching or protecting electrical circuits;Electrical circuit components;Parts of electricity distribution or control apparatus;Mains;Power distribution cables;Coaxial cable;Insulated cable accessories;Electric conductors for data and control purposes;Primary cells;Primary batteries;Electric accumulators;Electric filament lamps;Lamps and light fittings;Parts of lamps and lighting equipment;Electrical equipment for engines and vehicles;Sound or visual signalling apparatus;Magnets;Machines and apparatus with individual functions;Insulating fittings;Carbon electrodes;Electrical parts of machinery or apparatus;Electrical supplies and accessories;Electronic equipment;Electromechanical equipment;Electrotechnical equipment","03-Aug-2026 21:00","25-Aug-2026 11:00","1. ITT 13.1(a) The minimum number of years of the general experience of the Tenderer in the Supply works as Prime Contractor shall be 5 (Five years) (years counting backwards from the date of publication of IFT in the e-GP web portal). 2. ITT 13.1(b) The minimum specific experience as a Prime Contractor providing LED Street Ligh works under public sector of at least [1] contract(s) of successfully completed within the last [5] years, each with a value of at least Tk. [2,24,00,000.00]. 3. ITT 14.1(a)The required average annual turnover i.e total certified payments received for contracts in progress or completed under public sector from a respective procuring entity shall be greater than BDT= 2,40,00,000.00 over the last 05 (Five) years. Only Payment certified shall be considered for assessment (years counting backwards from the date of Tender opening in the e-GP web portal). 4. ITT 14.1(c) The minimum amount of credit facilities/liquid Asset of the tenderer shall be Tk- 53,00,000.00 BDT 5. The Tenderer shall submit with its Tender the following additional documents: i) UpdateTrade License. ii) VAT Registration. iii) Update TIN Number. iv) Nationality Certificate. v) Business Address. vi) Tenderer Must submit ABC License otherwise tenderer will be Non-Responsive *** Tenderer will be selected as non-responsive/debar for submission of any fake documents","GCC/Elec./26-27/P-01 Installation of LED Street Light with necessary fitting, fixing including GI pole, GI pipe bracket with overhead electrical line at Shibbari Road to Gazipur Chowrasta Both side Under Gazipur City Corporation, Gazipur.","Lot wise","Package wise","Package wise","4000","Payment through Bank","20-Jan-2027","20-Jan-2027","Single","Installation of LED Street Light with necessary fitting, fixing including GI pole, GI pipe bracket with overhead electrical line at Shibbari Road to Gazipur Chowrasta Both side Under Gazipur City Corporation, Gazipur.","Gazipur City Corporation","950000","20-Sep-2026","20-Sep-2027","MD. AKRAM HOSSAIN KHAN","Executive Engineer","Address : Executive Engineer(Mech.), Nagar  Bhabon,  Gazipur  Citycorporation, Gazipur. City : Gazipur city corporation Thana : Gazipur City Corporation District : Gazipur - 1700 Country : Bangladesh","Executive Engineer(Mech.), Nagar  Bhabon,  Gazipur  Citycorporation, Gazipur.","Gazipur city corporation","Gazipur City Corporation","Gazipur - 1700","02-49273205","Not Found","https://www.eprocure.gov.bd/resources/common/ViewTender.jsp?id=1313250"
"Ministry of Local Government","Rural Development and Co-operatives","Gazipur City Corporation","PIU(Mech) Gazipur city corporation.","","Gazipur","Works","NCT","TENDER","Tender - Single Lot","46.19.0000.101.99.014.26-872;    Date:- 03/08/2026","227789","1313251","Open Tendering Method (OTM)","Own Fund","Own Fund","Not applicable","Not applicable","GCC/Elec./26-27/P-02 Installation of LED Street Light with necessary fitting, fixing including GI pole, GI pipe bracket with overhead electrical line at Abdhullapur Road to IUT Board Bazar Road Both side Under Gazipur City Corporation, Gazipur.","Lighting equipment and electric lamps; Electrical machinery, apparatus, equipment and consumables; Electrical equipment and apparatus; Electronic, electromechanical and electrotechnical supplies; Electrical machinery, apparatus, equipment and consumables;Electric filament lamps;Lamps and light fittings;Parts of lamps and lighting equipment;Electrical equipment for engines and vehicles;Sound or visual signalling apparatus;Magnets;Machines and apparatus with individual functions;Insulating fittings;Carbon electrodes;Electrical parts of machinery or apparatus;Electrical supplies and accessories;Electronic equipment;Electromechanical equipment;Electrotechnical equipment","03-Aug-2026 21:00","25-Aug-2026 11:00","1. ITT 13.1(a) The minimum number of years of the general experience of the Tenderer in the Supply works as Prime Contractor shall be 5 (Five years) (years counting backwards from the date of publication of IFT in the e-GP web portal). 2. ITT 13.1(b) The minimum specific experience as a Prime Contractor providing LED Street Ligh works under public sector of at least [1] contract(s) of successfully completed within the last [5] years, each with a value of at least Tk. [5,00,00,000.00]. 3. ITT 14.1(a)The required average annual turnover i.e total certified payments received for contracts in progress or completed under public sector from a respective procuring entity shall be greater than BDT= 5,33,00,000.00 over the last 05 (Five) years. Only Payment certified shall be considered for assessment (years counting backwards from the date of Tender opening in the e-GP web portal). 4. ITT 14.1(c) The minimum amount of credit facilities/liquid Asset of the tenderer shall be Tk- 1,20,00,000.00 BDT 5. The Tenderer shall submit with its Tender the following additional documents: i) UpdateTrade License. ii) VAT Registration. iii) Update TIN Number. iv) Nationality Certificate. v) Business Address. vi) Tenderer Must submit ABC License otherwise tenderer will be Non-Responsive *** Tenderer will be selected as non-responsive/debar for submission of any fake documents","GCC/Elec./26-27/P-02 Installation of LED Street Light with necessary fitting, fixing including GI pole, GI pipe bracket with overhead electrical line at Abdhullapur Road to IUT Board Bazar Road Both side Under Gazipur City Corporation, Gazipur.","Lot wise","Package wise","Package wise","4000","Payment through Bank","20-Jan-2027","20-Jan-2027","Single","Installation of LED Street Light with necessary fitting, fixing including GI pole, GI pipe bracket with overhead electrical line at Abdhullapur Road to IUT Board Bazar Road Both side Under Gazipur City Corporation, Gazipur.","Gazipur City Corporation","2129000","20-Sep-2026","20-Sep-2027","MD. AKRAM HOSSAIN KHAN","Executive Engineer","Address : Executive Engineer(Mech.), Nagar  Bhabon,  Gazipur  Citycorporation, Gazipur. City : Gazipur city corporation Thana : Gazipur City Corporation District : Gazipur - 1700 Country : Bangladesh","Executive Engineer(Mech.), Nagar  Bhabon,  Gazipur  Citycorporation, Gazipur.","Gazipur city corporation","Gazipur City Corporation","Gazipur - 1700","02-49273205","Not Found","https://www.eprocure.gov.bd/resources/common/ViewTender.jsp?id=1313251"
"Ministry of Education","Secondary and Higher Education Division","Education Engineering Department","Office of the Executive Engineer, EED,Bogra, District.","29","Bogura","Goods","NCT","TENDER","Tender - Single Lot","37.07.0000.000.014.20.0021.24.6951, Date 21-06-26","227784","1310180","Open Tendering Method (OTM)","Revenue","Government","1250301-1250301109972-4112314-","Manufacturing & Supply of Furniture.","eed/bog/p-2557 Manufacturing and Supply of Furniture at Kahaloo Govt. College, Kahaloo, Bogura","Manufactured goods, furniture, handicrafts, special-purpose products and associated consumables;Furniture;Seats, chairs and associated parts;Non-domestic furniture;Domestic furniture;Miscellaneous furniture and equipment;School furniture;Jewellery and related articles;Coins and medals;Articles of jewellery;Musical instruments and parts;Musical instruments;Parts and accessories of musical instruments;Sports goods and equipment;Outdoor sports equipment;Gymnasium equipment;Games and toys; fairground amusements;Dolls;Toys;Articles for funfair, table or parlour games;Miscellaneous manufactured and other goods;Laundry supplies;School slates or boards with writing or drawing surfaces;Artificial products;Apparatus and equipment designed for demonstrational purposes;Umbrellas and sunshades; walking sticks and seat sticks;Funeral supplies;Kitchen equipment, household items and catering supplies;Barracks supplies;Consumables and consumer goods;Consumables;Tax-free goods;Disposable goods;Handicraft and art supplies;Handicraft supplies;Art supplies;Special-purpose product;Police equipment;Recycled products;Security devices;Animal ear tags;Compost boxes;Tokens;Spray booths;Snow poles","03-Aug-2026 20:35","24-Aug-2026 16:00","1) Up-to-date Valid trade license, Up-to-date VAT Clearance & VAT registration Certificate, Up-to-date Income tax Clearance Certificate, NID etc. 2) Having experience in successful completion of at least 01 (One) number of similar nature of (furniture supply) work Tk. 5.00 Lakhs in a single contract in Govt./Semi – Govt. organization of Bangladesh during last 05 (Five) years counting backward from the date of publication of IFT in the newspaper. (must be following the proper prescribed format) 3) The minimum amount of liquid assets or working capital or credit facilities of the Tenderer shall be Tk. 7.00 Lac. (Bank statement is not allowed under any circumstances) 4) Bill will be paid in accordance with fund availability.. 5) The tenderer must visit the Construction site before tender submission. 6) If excessive less is given, a rate analysis will be requested from the bidder after the opening in the format provided. 7) Other criteria are stated in TDS & PCC","Manufacturing and Supply of Furniture (FY.2025-26) at Kahaloo Govt. College, Kahaloo Upazila, Bogura District (RMS ID # 1057316).","Lot wise","Package wise","Package wise","500","Payment through Bank","20-Jan-2027","20-Jan-2027","01","Manufacturing and Supply of Furniture at Kahaloo Govt. College, Kahaloo, Bogura","Kahaloo, Bogura","25000","22-Oct-2026","21-Apr-2027","Md. Anwer Hossain","Executive Engineer","Address : District Education Bhaban, Bagra. City : Bogra Thana : Bogura Sadar District : Bogura - 5800 Country : Bangladesh","District Education Bhaban, Bagra.","Bogra","Bogura Sadar","Bogura - 5800","051-65939","Not Found","https://www.eprocure.gov.bd/resources/common/ViewTender.jsp?id=1310180"
"Ministry of Education","Secondary and Higher Education Division","Education Engineering Department","Office of the Executive Engineer, EED,Bogra, District.","29","Bogura","Goods","NCT","TENDER","Tender - Single Lot","37.07.0000.000.014.20.0021.24.6951, Date 21-06-26","227784","1310183","Open Tendering Method (OTM)","Revenue","Government","1250301-1250301109972-4112314-","Manufacturing & Supply of Furniture.","eed/bog/p-2560 Manufacturing and Supply of Furniture at Gabtoli Shahid Zia High School, Gabtoli, Bogura","Manufactured goods, furniture, handicrafts, special-purpose products and associated consumables;Furniture;Seats, chairs and associated parts;Non-domestic furniture;Domestic furniture;Miscellaneous furniture and equipment;School furniture;Jewellery and related articles;Coins and medals;Articles of jewellery;Musical instruments and parts;Musical instruments;Parts and accessories of musical instruments;Sports goods and equipment;Outdoor sports equipment;Gymnasium equipment;Games and toys; fairground amusements;Dolls;Toys;Articles for funfair, table or parlour games;Miscellaneous manufactured and other goods;Laundry supplies;School slates or boards with writing or drawing surfaces;Artificial products;Apparatus and equipment designed for demonstrational purposes;Umbrellas and sunshades; walking sticks and seat sticks;Funeral supplies;Kitchen equipment, household items and catering supplies;Barracks supplies;Consumables and consumer goods;Consumables;Tax-free goods;Disposable goods;Handicraft and art supplies;Handicraft supplies;Art supplies;Special-purpose product;Police equipment;Recycled products;Security devices;Animal ear tags;Compost boxes;Tokens;Spray booths;Snow poles","03-Aug-2026 20:35","24-Aug-2026 16:00","1) Up-to-date Valid trade license, Up-to-date VAT Clearance & VAT registration Certificate, Up-to-date Income tax Clearance Certificate, NID etc. 2) Having experience in successful completion of at least 01 (One) number of similar nature of (furniture supply) work Tk. 5.00 Lakhs in a single contract in Govt./Semi – Govt. organization of Bangladesh during last 05 (Five) years counting backward from the date of publication of IFT in the newspaper. (must be following the proper prescribed format) 3) The minimum amount of liquid assets or working capital or credit facilities of the Tenderer shall be Tk. 7.00 Lac. (Bank statement is not allowed under any circumstances) 4) Bill will be paid in accordance with fund availability.. 5) The tenderer must visit the Construction site before tender submission. 6) If excessive less is given, a rate analysis will be requested from the bidder after the opening in the format provided. 7) Other criteria are stated in TDS & PCC","Manufacturing and Supply of Furniture (FY.2025-26) at Gabtoli Shahid Zia High School, Gabtoli Upazila, Bogura District (RMS ID # 1053416)","Lot wise","Package wise","Package wise","500","Payment through Bank","20-Jan-2027","20-Jan-2027","01","Manufacturing and Supply of Furniture at Gabtoli Shahid Zia High School, Gabtoli, Bogura","Gabtoli, Bogura","25000","22-Oct-2026","21-Apr-2027","Md. Anwer Hossain","Executive Engineer","Address : District Education Bhaban, Bagra. City : Bogra Thana : Bogura Sadar District : Bogura - 5800 Country : Bangladesh","District Education Bhaban, Bagra.","Bogra","Bogura Sadar","Bogura - 5800","051-65939","Not Found","https://www.eprocure.gov.bd/resources/common/ViewTender.jsp?id=1310183"
"Ministry of Education","Secondary and Higher Education Division","Education Engineering Department","Office of the Executive Engineer, EED,Bogra, District.","29","Bogura","Goods","NCT","TENDER","Tender - Single Lot","37.07.0000.000.014.20.0021.24.6951, Date 21-06-26","227784","1311012","Open Tendering Method (OTM)","Revenue","Government","1250301-1250301109972-4112314-","Manufacturing & Supply of Furniture.","eed/bog/p-2587 Manufacturing and Supply of Furniture at Police Lines School & College, Sadar, Bogura","Manufactured goods, furniture, handicrafts, special-purpose products and associated consumables;Furniture;Seats, chairs and associated parts;Non-domestic furniture;Domestic furniture;Miscellaneous furniture and equipment;School furniture;Jewellery and related articles;Coins and medals;Articles of jewellery;Musical instruments and parts;Musical instruments;Parts and accessories of musical instruments;Sports goods and equipment;Outdoor sports equipment;Gymnasium equipment;Games and toys; fairground amusements;Dolls;Toys;Articles for funfair, table or parlour games;Miscellaneous manufactured and other goods;Laundry supplies;School slates or boards with writing or drawing surfaces;Artificial products;Apparatus and equipment designed for demonstrational purposes;Umbrellas and sunshades; walking sticks and seat sticks;Funeral supplies;Kitchen equipment, household items and catering supplies;Barracks supplies;Consumables and consumer goods;Consumables;Tax-free goods;Disposable goods;Handicraft and art supplies;Handicraft supplies;Art supplies;Special-purpose product;Police equipment;Recycled products;Security devices;Animal ear tags;Compost boxes;Tokens;Spray booths;Snow poles","03-Aug-2026 20:30","24-Aug-2026 16:00","1) Up-to-date Valid trade license, Up-to-date VAT Clearance & VAT registration Certificate, Up-to-date Income tax Clearance Certificate, NID etc. 2) Having experience in successful completion of at least 01 (One) number of similar nature of (furniture supply) work Tk. 5.00 Lakhs in a single contract in Govt./Semi – Govt. organization of Bangladesh during last 05 (Five) years counting backward from the date of publication of IFT in the newspaper. (must be following the proper prescribed format) 3) The minimum amount of liquid assets or working capital or credit facilities of the Tenderer shall be Tk. 7.00 Lac. (Bank statement is not allowed under any circumstances) 4) Bill will be paid in accordance with fund availability.. 5) The tenderer must visit the Construction site before tender submission. 6) If excessive less is given, a rate analysis will be requested from the bidder after the opening in the format provided. 7) Other criteria are stated in TDS & PCC","Manufacturing and Supply of Furniture (FY.2025-26) at Police Lines School & College, Sadar, Bogura","Lot wise","Package wise","Package wise","500","Payment through Bank","20-Jan-2027","20-Jan-2027","01","Manufacturing and Supply of Furniture at Police Lines School & College, Sadar, Bogura","Sadar, Bogura","25000","26-Aug-2026","25-Feb-2027","Md. Anwer Hossain","Executive Engineer","Address : District Education Bhaban, Bagra. City : Bogra Thana : Bogura Sadar District : Bogura - 5800 Country : Bangladesh","District Education Bhaban, Bagra.","Bogra","Bogura Sadar","Bogura - 5800","051-65939","Not Found","https://www.eprocure.gov.bd/resources/common/ViewTender.jsp?id=1311012"
"Ministry of Education","Secondary and Higher Education Division","Education Engineering Department","Office of the Executive Engineer, EED,Bogra, District.","29","Bogura","Goods","NCT","TENDER","Tender - Single Lot","37.07.0000.000.014.20.0021.24.6951, Date 21-06-26","227784","1311018","Open Tendering Method (OTM)","Revenue","Government","1250301-1250301109972-4112314-","Manufacturing & Supply of Furniture.","eed/bog/p-2592 Manufacturing and Supply of Furniture at Govt. Nazir Akter College, Sonatala, Bogura","Manufactured goods, furniture, handicrafts, special-purpose products and associated consumables;Furniture;Seats, chairs and associated parts;Non-domestic furniture;Domestic furniture;Miscellaneous furniture and equipment;School furniture;Jewellery and related articles;Coins and medals;Articles of jewellery;Musical instruments and parts;Musical instruments;Parts and accessories of musical instruments;Sports goods and equipment;Outdoor sports equipment;Gymnasium equipment;Games and toys; fairground amusements;Dolls;Toys;Articles for funfair, table or parlour games;Miscellaneous manufactured and other goods;Laundry supplies;School slates or boards with writing or drawing surfaces;Artificial products;Apparatus and equipment designed for demonstrational purposes;Umbrellas and sunshades; walking sticks and seat sticks;Funeral supplies;Kitchen equipment, household items and catering supplies;Barracks supplies;Consumables and consumer goods;Consumables;Tax-free goods;Disposable goods;Handicraft and art supplies;Handicraft supplies;Art supplies;Special-purpose product;Police equipment;Recycled products;Security devices;Animal ear tags;Compost boxes;Tokens;Spray booths;Snow poles","03-Aug-2026 20:30","24-Aug-2026 16:00","1) Up-to-date Valid trade license, Up-to-date VAT Clearance & VAT registration Certificate, Up-to-date Income tax Clearance Certificate, NID etc. 2) Having experience in successful completion of at least 01 (One) number of similar nature of (furniture supply) work Tk. 5.00 Lakhs in a single contract in Govt./Semi – Govt. organization of Bangladesh during last 05 (Five) years counting backward from the date of publication of IFT in the newspaper. (must be following the proper prescribed format) 3) The minimum amount of liquid assets or working capital or credit facilities of the Tenderer shall be Tk. 7.00 Lac. (Bank statement is not allowed under any circumstances) 4) Bill will be paid in accordance with fund availability.. 5) The tenderer must visit the Construction site before tender submission. 6) If excessive less is given, a rate analysis will be requested from the bidder after the opening in the format provided. 7) Other criteria are stated in TDS & PCC","Manufacturing and Supply of Furniture (FY.2025-26) at Govt. Nazir Akter College, Sonatala, Bogura (RMS ID # 1057373)","Lot wise","Package wise","Package wise","500","Payment through Bank","20-Jan-2027","20-Jan-2027","01","Manufacturing and Supply of Furniture at Govt. Nazir Akter College, Sonatala, Bogura","Sonatala, Bogura","25000","26-Aug-2026","25-Feb-2027","Md. Anwer Hossain","Executive Engineer","Address : District Education Bhaban, Bagra. City : Bogra Thana : Bogura Sadar District : Bogura - 5800 Country : Bangladesh","District Education Bhaban, Bagra.","Bogra","Bogura Sadar","Bogura - 5800","051-65939","Not Found","https://www.eprocure.gov.bd/resources/common/ViewTender.jsp?id=1311018"
"Ministry of Education","Secondary and Higher Education Division","Education Engineering Department","Office of the Executive Engineer, EED,Bogra, District.","29","Bogura","Goods","NCT","TENDER","Tender - Single Lot","37.07.0000.000.014.20.0021.24.6951, Date 21-06-26","227784","1311019","Open Tendering Method (OTM)","Revenue","Government","1250301-1250301109972-4112314-","Manufacturing & Supply of Furniture.","eed/bog/p-2593 Manufacturing and Supply of Furniture at Govt. Sonatala Model High School & College, Sonatala, Bogura","Manufactured goods, furniture, handicrafts, special-purpose products and associated consumables;Furniture;Seats, chairs and associated parts;Non-domestic furniture;Domestic furniture;Miscellaneous furniture and equipment;School furniture;Jewellery and related articles;Coins and medals;Articles of jewellery;Musical instruments and parts;Musical instruments;Parts and accessories of musical instruments;Sports goods and equipment;Outdoor sports equipment;Gymnasium equipment;Games and toys; fairground amusements;Dolls;Toys;Articles for funfair, table or parlour games;Miscellaneous manufactured and other goods;Laundry supplies;School slates or boards with writing or drawing surfaces;Artificial products;Apparatus and equipment designed for demonstrational purposes;Umbrellas and sunshades; walking sticks and seat sticks;Funeral supplies;Kitchen equipment, household items and catering supplies;Barracks supplies;Consumables and consumer goods;Consumables;Tax-free goods;Disposable goods;Handicraft and art supplies;Handicraft supplies;Art supplies;Special-purpose product;Police equipment;Recycled products;Security devices;Animal ear tags;Compost boxes;Tokens;Spray booths;Snow poles","03-Aug-2026 20:30","24-Aug-2026 16:00","1) Up-to-date Valid trade license, Up-to-date VAT Clearance & VAT registration Certificate, Up-to-date Income tax Clearance Certificate, NID etc. 2) Having experience in successful completion of at least 01 (One) number of similar nature of (furniture supply) work Tk. 5.00 Lakhs in a single contract in Govt./Semi – Govt. organization of Bangladesh during last 05 (Five) years counting backward from the date of publication of IFT in the newspaper. (must be following the proper prescribed format) 3) The minimum amount of liquid assets or working capital or credit facilities of the Tenderer shall be Tk. 7.00 Lac. (Bank statement is not allowed under any circumstances) 4) Bill will be paid in accordance with fund availability.. 5) The tenderer must visit the Construction site before tender submission. 6) If excessive less is given, a rate analysis will be requested from the bidder after the opening in the format provided. 7) Other criteria are stated in TDS & PCC","Manufacturing and Supply of Furniture (FY.2025-26) at Govt. Sonatala Model High School & College, Sonatala, Bogura (RMS ID # 1057374)","Lot wise","Package wise","Package wise","500","Payment through Bank","20-Jan-2027","20-Jan-2027","01","Manufacturing and Supply of Furniture at Govt. Sonatala Model High School & College, Sonatala, Bogura","Sonatala, Bogura","25000","26-Aug-2026","25-Feb-2027","Md. Anwer Hossain","Executive Engineer","Address : District Education Bhaban, Bagra. City : Bogra Thana : Bogura Sadar District : Bogura - 5800 Country : Bangladesh","District Education Bhaban, Bagra.","Bogra","Bogura Sadar","Bogura - 5800","051-65939","Not Found","https://www.eprocure.gov.bd/resources/common/ViewTender.jsp?id=1311019"
"Ministry of Home Affairs","","Prisons Directorate","Rajshahi Central Jail","","Rajshahi","Goods","NCT","TENDER","Tender - Single Lot","44.04.8100.126.04.023.26-6553 Date: 03.08.2026","224747","1314920","Open Tendering Method (OTM)","Revenue","Government","Not applicable","Not applicable","e-GP/Soap/Rajshahi/2026-27 Suppiy of Soap to Rajshahi Divison All jail for the Period from July 2026 to December 2026.","Miscellaneous services;Washing and dry-cleaning services;Laundry-collection services;Textile-cleaning services;Fur-products cleaning services;Colouring services;Pressing services;Dyeing services;Hairdressing and beauty treatment services;Hairdressing services;Beauty treatment services;Physical well-being services;Turkish bath services;Spa services;Massage services;Accommodation and office services;Accommodation services;Civic-amenity services;Car-park management services;Marine services;Aquatic marine services;Port management services;Diving services;Funeral and related services;Funeral services;Miscellaneous services n.e.c.;Decommissioning services;Relocation services;Tailoring services;Upholstering services;Locksmith services;Clearing and Forwarding Agent;Service Provider (Others)","03-Aug-2026 20:30","16-Aug-2026 12:00","a. All the tenderers must follow the PPA-2006 and PPR-2025 rules & regulations; b. Following documents are to be submitted/uploaded; (I) The minimum of general experience of the Tenderer in the supply of Goods and related services as Supplier shall be 06 (Six) Month ie.Month counting backward from the date of publication of IFT in the e-GP System. (II) The minimum specific experience as Supplier in supply of similar Goods of at least 01 (One) contract successfully completed within the last 05 (Five) years with a value of at least Tk. 23,50,000/- (Twenty Three Lakh Fifty Thousand only) Years counting backward from the date of publication of IFT in the e-GP System. [The Tenderer will submit the copy of contract deeds along with the experience certificate in the e-GP system.] (III) The minimum amount of financial resources as liquid assets or working capital or credit line(s) or specific commitments or in any combination of them of the Tenderer shall be (Form PG3-8) Tk. 30,00,000/- (Thirty Lakh only) [Certificate must be issued between publication of IFT and submission date in the Newspapers. IV) The tenderer must submit e-TIN certificate in the e-GP system. (V) Up-to-date Valid Trade License as Supplier; (VI) Up-to-date Income Tax clearance certificate along with TIN Certificate; (VII) e-BIN (13 digits) registration certificate; (VIII) Manufacturer Authorization Letter or Contract deed with the Importers/Manufacturer (if bidder is supplier) [When applicable]; (IX) Certificate of incorporation (in case of limited company) (X) Manufacturer are encourage to submit the Tender.","Supply of Soap to Rajshahi Divison All jail for the Period from July 2026 to December 2026.","Lot wise","Package wise","Package wise","1500","Payment through Bank","11-Jan-2027","11-Jan-2027","1","Soap(Beauty soap/antibacterial","Rajshahi Central Jail","85000","17-Aug-2026","31-Dec-2026","Al-Mamun","Senior Jail Super","Address : Rajshahi Central Jail, Rajshahi City : Rajshahi Thana : Rajshahi City Corporation District : Rajshahi - 6000 Country : Bangladesh","Rajshahi Central Jail, Rajshahi","Rajshahi","Rajshahi City Corporation","Rajshahi - 6000","0721-772791","Not Found","https://www.eprocure.gov.bd/resources/common/ViewTender.jsp?id=1314920"
"Ministry of Education","Secondary and Higher Education Division","Education Engineering Department","Office of the Executive Engineer, EED,Bogra, District.","29","Bogura","Goods","NCT","TENDER","Tender - Single Lot","37.07.0000.000.014.20.0021.24.6951, Date 21-06-26","227784","1310185","Open Tendering Method (OTM)","Revenue","Government","1250301-1250301109972-4112314-","Manufacturing & Supply of Furniture.","eed/bog/p-2562 Manufacturing and Supply of Furniture at Baghbari Missironnessa Zohura Khatun Girls High School, Gabtoli, Bogura","Manufactured goods, furniture, handicrafts, special-purpose products and associated consumables;Furniture;Seats, chairs and associated parts;Non-domestic furniture;Domestic furniture;Miscellaneous furniture and equipment;School furniture;Jewellery and related articles;Coins and medals;Articles of jewellery;Musical instruments and parts;Musical instruments;Parts and accessories of musical instruments;Sports goods and equipment;Outdoor sports equipment;Gymnasium equipment;Games and toys; fairground amusements;Dolls;Toys;Articles for funfair, table or parlour games;Miscellaneous manufactured and other goods;Laundry supplies;School slates or boards with writing or drawing surfaces;Artificial products;Apparatus and equipment designed for demonstrational purposes;Umbrellas and sunshades; walking sticks and seat sticks;Funeral supplies;Kitchen equipment, household items and catering supplies;Barracks supplies;Consumables and consumer goods;Consumables;Tax-free goods;Disposable goods;Handicraft and art supplies;Handicraft supplies;Art supplies;Special-purpose product;Police equipment;Recycled products;Security devices;Animal ear tags;Compost boxes;Tokens;Spray booths;Snow poles","03-Aug-2026 20:30","24-Aug-2026 16:00","1) Up-to-date Valid trade license, Up-to-date VAT Clearance & VAT registration Certificate, Up-to-date Income tax Clearance Certificate, NID etc. 2) Having experience in successful completion of at least 01 (One) number of similar nature of (furniture supply) work Tk. 5.00 Lakhs in a single contract in Govt./Semi – Govt. organization of Bangladesh during last 05 (Five) years counting backward from the date of publication of IFT in the newspaper. (must be following the proper prescribed format) 3) The minimum amount of liquid assets or working capital or credit facilities of the Tenderer shall be Tk. 7.00 Lac. (Bank statement is not allowed under any circumstances) 4) Bill will be paid in accordance with fund availability.. 5) The tenderer must visit the Construction site before tender submission. 6) If excessive less is given, a rate analysis will be requested from the bidder after the opening in the format provided. 7) Other criteria are stated in TDS & PCC 7) Other criteria are stated in TDS & PCC","Manufacturing and Supply of Furniture (FY.2025-26) at Baghbari Missironnessa Zohura Khatun Girls High School, Gabtoli Upazila, Bogura District (RMS ID # 1053418)","Lot wise","Package wise","Package wise","500","Payment through Bank","20-Jan-2027","20-Jan-2027","01","Manufacturing and Supply of Furniture at Baghbari Missironnessa Zohura Khatun Girls High School, Gabtoli, Bogura","Gabtoli, Bogura","25000","22-Oct-2026","21-Apr-2027","Md. Anwer Hossain","Executive Engineer","Address : District Education Bhaban, Bagra. City : Bogra Thana : Bogura Sadar District : Bogura - 5800 Country : Bangladesh","District Education Bhaban, Bagra.","Bogra","Bogura Sadar","Bogura - 5800","051-65939","Not Found","https://www.eprocure.gov.bd/resources/common/ViewTender.jsp?id=1310185"
"Ministry of Education","Secondary and Higher Education Division","Education Engineering Department","Office of the Executive Engineer, EED,Bogra, District.","29","Bogura","Goods","NCT","TENDER","Tender - Single Lot","37.07.0000.000.014.20.0021.24.6951, Date 21-06-26","227784","1311013","Open Tendering Method (OTM)","Revenue","Government","1250301-1250301109972-4112314-","Manufacturing & Supply of Furniture.","eed/bog/p-258 Manufacturing and Supply of Furniture at Govt. Azizul Haque College, Sadar, Bogura","Manufactured goods, furniture, handicrafts, special-purpose products and associated consumables;Furniture;Seats, chairs and associated parts;Non-domestic furniture;Domestic furniture;Miscellaneous furniture and equipment;School furniture;Jewellery and related articles;Coins and medals;Articles of jewellery;Musical instruments and parts;Musical instruments;Parts and accessories of musical instruments;Sports goods and equipment;Outdoor sports equipment;Gymnasium equipment;Games and toys; fairground amusements;Dolls;Toys;Articles for funfair, table or parlour games;Miscellaneous manufactured and other goods;Laundry supplies;School slates or boards with writing or drawing surfaces;Artificial products;Apparatus and equipment designed for demonstrational purposes;Umbrellas and sunshades; walking sticks and seat sticks;Funeral supplies;Kitchen equipment, household items and catering supplies;Barracks supplies;Consumables and consumer goods;Consumables;Tax-free goods;Disposable goods;Handicraft and art supplies;Handicraft supplies;Art supplies;Special-purpose product;Police equipment;Recycled products;Security devices;Animal ear tags;Compost boxes;Tokens;Spray booths;Snow poles","03-Aug-2026 20:30","24-Aug-2026 16:00","1) Up-to-date Valid trade license, Up-to-date VAT Clearance & VAT registration Certificate, Up-to-date Income tax Clearance Certificate, NID etc. 2) Having experience in successful completion of at least 01 (One) number of similar nature of (furniture supply) work Tk. 5.00 Lakhs in a single contract in Govt./Semi – Govt. organization of Bangladesh during last 05 (Five) years counting backward from the date of publication of IFT in the newspaper. (must be following the proper prescribed format) 3) The minimum amount of liquid assets or working capital or credit facilities of the Tenderer shall be Tk. 7.00 Lac. (Bank statement is not allowed under any circumstances) 4) Bill will be paid in accordance with fund availability.. 5) The tenderer must visit the Construction site before tender submission. 6) If excessive less is given, a rate analysis will be requested from the bidder after the opening in the format provided. 7) Other criteria are stated in TDS & PCC","Manufacturing and Supply of Furniture (FY.2025-26) at Govt. Azizul Haque College, Sadar, Bogura (RMS ID # 1053519)","Lot wise","Package wise","Package wise","1000","Payment through Bank","20-Jan-2027","20-Jan-2027","01","Manufacturing and Supply of Furniture at Govt. Azizul Haque College, Sadar, Bogura","Sadar, Bogura","50000","22-Oct-2026","21-Apr-2027","Md. Anwer Hossain","Executive Engineer","Address : District Education Bhaban, Bagra. City : Bogra Thana : Bogura Sadar District : Bogura - 5800 Country : Bangladesh","District Education Bhaban, Bagra.","Bogra","Bogura Sadar","Bogura - 5800","051-65939","Not Found","https://www.eprocure.gov.bd/resources/common/ViewTender.jsp?id=1311013"
"Ministry of Home Affairs","","Prisons Directorate","Kashimpur Female Central Jail","","Gazipur","Goods","NCT","TENDER","Tender - Single Lot","58.04.3300.080.04.022.26.3427 ,Date: 03.08.2026","225267","1312466","Open Tendering Method (OTM)","Revenue","Government","Not applicable","Not applicable","e-GP/MCJ/Misc/Package No-03/2026-27 Procurement of Miscellaneous Articles Kashimpur Female Centre Jail Package-3 for the Period of 01 July 2026 to 30 June'2027","Food products and beverages;Animal products, meat and meat products;Meat;Animal wool, hides and skins;Meat products;Prepared and preserved fish;Fish fillets, fish livers and roe;Frozen fish, fish fillets and other fish meat;Dried or salted fish; fish in brine; smoked fish;Canned or tinned fish and other prepared or preserved fish;Seafood;Fruit, vegetables and related products;Potatoes and potato products;Fruit and vegetable juices;Fruit and vegetables;Animal or vegetable oils and fats;Crude animal or vegetable oils and fats;Refined oils and fats;Edible fats;Dairy products;Milk and cream;Butter;Cheese products;Assorted dairy products;Grain mill products, starches and starch products;Grain mill products;Starches and starch products;Animal feedstuffs;Prepared animal feeds for farm and other animals;Miscellaneous food products;Bread products, fresh pastry goods and cakes;Rusks and biscuits; preserved pastry goods and cakes;Sugar and related products;Cocoa; chocolate and sugar confectionery;Pasta products;Coffee, tea and related products;Condiments and seasonings;Special nutritional products;Miscellaneous food products n.e.c. and dried goods;Beverages;Distilled alcoholic beverages;Wines;Cider and other fruit wines;Non-distilled fermented beverages;Malt beer;Non-alcoholic beverages","03-Aug-2026 20:00","16-Aug-2026 12:00","a. All the Tenderer must follow the PPA, 2006 and PPR, 2025 rules & regulations; b. The following documents are to be submitted/uploaded as per the Standard Tender Document (STD): (I) The minimum of years of general experience of the Tenderer in the supply of Goods and related services as Supplier shall be 01 year. (II) The minimum specific experience as a supplier in the supply of similar goods of at least 01 (one) contract(s) successfully completed within the last 05 (five) years, with a value of at least Tk. 5,60,000/-. Years counting backward from the date of publication of IFT in the newspaper. [The Tenderer will submit the copy of work order/contract deed along with the experience certificate in the e-GP system.] (III) The minimum amount of financial resources as liquid asset or working capital or credit line(s) or specific credit commitment or in any combination of them, of the Tenderers shall be Tk 6,60,000/- (IV) Up-to-date valid trade license as a supplier. (V) Up-to-date income tax clearance certificate with e-TIN. (VI) e-BIN (13 digits) registration certificate. (VII) Manufacturer Authorization Letter or Contract Deed with the Importers/Manufacturer (if the bidder is a supplier) [when applicable]. (VIII) Certificate of incorporation (in case of a limited company).","Procurement of Miscellaneous Articles Kashimpur Female Centre Jail Package-3 for the Period of 01 July 2026 to 30 June'2027","Lot wise","Package wise","Package wise","500","Payment through Bank","12-Dec-2026","12-Dec-2026","1","Procurement of Miscellaneous Articles Kashimpur Female Centre Jail Package-3 for the Period of 01 July 2026 to 30 June'2027","Kashimpur Female Central Jail","21000","17-Aug-2026","31-Dec-2026","MST. KAWALIN NAHAR","Senior Jail Super","Address : Kashimpur Female Central Jail, Kashimpur, konabari,Gazipur. City : Konabari,Gazipur Thana : Gazipur Sadar District : Gazipur - 1346 Country : Bangladesh","Kashimpur Female Central Jail, Kashimpur, konabari,Gazipur.","Konabari,Gazipur","Gazipur Sadar","Gazipur - 1346","02-9298249","Not Found","https://www.eprocure.gov.bd/resources/common/ViewTender.jsp?id=1312466"
"Ministry of Housing and Public Works","","Rajdhani Unnayan Kartripakkha (RAJUK)","Office of the Superintending Engineer (Electrical)","","Dhaka","Goods","NCT","TENDER","Tender - Single Lot","Xen/Electrical-1/Repair & Maintenance","207300","1307477","Open Tendering Method (OTM)","Own Fund","Own fund","Xen/Electrical-1/Repair & Maintenance","Building Repair & Maintenance","RAJUK/Electrical-2/26/G-08 Supply, Install, Testing & Commissioning of CCTV Camera and Security Light around the Boundary wall at RAJUK URP Bhaban in Mohakhali.","Electrical equipment and apparatus; Electrical machinery, apparatus, equipment and consumables;Electrical equipment for engines and vehicles;Sound or visual signalling apparatus;Magnets;Machines and apparatus with individual functions;Insulating fittings;Carbon electrodes;Electrical parts of machinery or apparatus;Electrical supplies and accessories","03-Aug-2026 20:00","19-Aug-2026 15:00","As Per TDS.","Supply, Install, Testing & Commissioning of CCTV Camera and Security Light around the Boundary wall at RAJUK URP Bhaban in Mohakhali.","Lot wise","Package wise","Package wise","1500","Payment through Bank","16-Dec-2026","16-Dec-2026","1","Supply, Install, Testing & Commissioning of CCTV Camera and Security Light around the Boundary wall at RAJUK URP Bhaban in Mohakhali.","RAJUK URP Bhaban in Mohakhali","68000","01-Sep-2026","29-Oct-2026","MOHAMMAD NAZMUS SAKIB JAMALI","Sup. Eng. (Elec.)","Address : Rajdhani Unnyan Kartripakkha (RAJUK), Rajuk Bhaban (5th Floor)
Dilkusha, Dhaka. City : Dhaka Thana : Dhaka South City Corporation District : Dhaka - 1000 Country : Bangladesh","","Dhaka","Dhaka South City Corporation","Dhaka - 1000","02-9552663","Not Found","https://www.eprocure.gov.bd/resources/common/ViewTender.jsp?id=1307477"
"Ministry of Housing and Public Works","","Rajdhani Unnayan Kartripakkha (RAJUK)","Office of the Superintending Engineer (Electrical)","","Dhaka","Works","NCT","TENDER","Tender - Single Lot","Xen/Electrical/Repair and maintenance","207178","1313475","Open Tendering Method (OTM)","Own Fund","Own fund","Xen/Electrical/Repair and maintenance1819","Lift and Electrical Equipement Repare","RAJUK/Electrical-2/26/W-01 01(One) year Operation, Servicing & Maintenance of 02(Two) Nos. 1600 Kg Passenger Lifts at RAJUK Mohakhali URP Building.","Repair, maintenance and installation services;Repair, maintenance and associated services of vehicles and related equipment;Repair and maintenance services of motor vehicles and associated equipment;Demolition services of vehicles;Repair, maintenance and associated services related to aircraft, railways, roads and marine equipment;Repair, maintenance and associated services related to aircraft and other equipment;Repair, maintenance and associated services related to railways and other equipment;Repair, maintenance and associated services related to roads and other equipment;Repair, maintenance and associated services related to marine and other equipment;Repair, maintenance and associated services related to personal computers, office equipment, telecommunications and audio-visual equipment;Maintenance and repair of office machinery;Repair and maintenance services of personal computers;Maintenance services of telecommunications equipment;Repair and maintenance services of audio-visual and optical equipment;Repair and maintenance services of medical and precision equipment;Repair and maintenance services of measuring, testing and checking apparatus;Repair and maintenance services of medical and surgical equipment;Repair and maintenance services of precision equipment;Repair and maintenance services for pumps, valves, taps and metal containers and machinery;Repair and maintenance services of pumps, valves, taps and metal containers;Repair and maintenance services of machinery;Repair and maintenance services of building installations;Repair and maintenance services of electrical and mechanical building installations;Repair and maintenance services of central heating;Repair and maintenance services of cooler groups;Repair and maintenance services of escalators;Lift-maintenance services;Miscellaneous repair and maintenance services;Repair services of jewellery;Repair services of leather personal goods;Repair services of garments and textiles;Repair and maintenance services of weapons and weapon systems;Repair and maintenance services of furniture;Repair and maintenance services of musical instruments;Repair and maintenance services of playground equipment;Repair and maintenance services of hotel and restaurant equipment;Installation services;Installation services of electrical and mechanical equipment;Installation services of equipment for measuring, checking, testing and navigating;Installation services of communications equipment;Installation services of medical and surgical equipment;Installation services of machinery and equipment;Installation services of computers and office equipment;Installation services of metal containers","03-Aug-2026 20:00","19-Aug-2026 15:00","As Per TDS.","01(One) year Operation, Servicing & Maintenance of 02(Two) Nos. 1600 Kg Passenger Lifts at RAJUK Mohakhali URP Building.","Lot wise","Package wise","Package wise","1000","Payment through Bank","16-Dec-2026","16-Dec-2026","1","01(One) year Operation, Servicing & Maintenance of 02(Two) Nos. 1600 Kg Passenger Lifts at RAJUK Mohakhali URP Building.","Mohakhali URP Building","30000","01-Oct-2026","03-Oct-2027","MOHAMMAD NAZMUS SAKIB JAMALI","Sup. Eng. (Elec.)","Address : Rajdhani Unnyan Kartripakkha (RAJUK), Rajuk Bhaban (5th Floor)
Dilkusha, Dhaka. City : Dhaka Thana : Dhaka South City Corporation District : Dhaka - 1000 Country : Bangladesh","","Dhaka","Dhaka South City Corporation","Dhaka - 1000","02-9552663","Not Found","https://www.eprocure.gov.bd/resources/common/ViewTender.jsp?id=1313475"
"Ministry of Home Affairs","","Prisons Directorate","Kashimpur Female Central Jail","","Gazipur","Goods","NCT","TENDER","Tender - Single Lot","58.04.3300.080.04.022.26.3428 ,Date: 03.08.2026","225267","1312465","Open Tendering Method (OTM)","Revenue","Government","Not applicable","Not applicable","e-GP/MCJ/Misc/Package No-02/2026-27 Procurement of Miscellaneous Articles Kashimpur Female Centre Jail Package-2 for the Period of 01 July 2026 to 30 June'2027","Food products and beverages;Animal products, meat and meat products;Meat;Animal wool, hides and skins;Meat products;Prepared and preserved fish;Fish fillets, fish livers and roe;Frozen fish, fish fillets and other fish meat;Dried or salted fish; fish in brine; smoked fish;Canned or tinned fish and other prepared or preserved fish;Seafood;Fruit, vegetables and related products;Potatoes and potato products;Fruit and vegetable juices;Fruit and vegetables;Animal or vegetable oils and fats;Crude animal or vegetable oils and fats;Refined oils and fats;Edible fats;Dairy products;Milk and cream;Butter;Cheese products;Assorted dairy products;Grain mill products, starches and starch products;Grain mill products;Starches and starch products;Animal feedstuffs;Prepared animal feeds for farm and other animals;Miscellaneous food products;Bread products, fresh pastry goods and cakes;Rusks and biscuits; preserved pastry goods and cakes;Sugar and related products;Cocoa; chocolate and sugar confectionery;Pasta products;Coffee, tea and related products;Condiments and seasonings;Special nutritional products;Miscellaneous food products n.e.c. and dried goods;Beverages;Distilled alcoholic beverages;Wines;Cider and other fruit wines;Non-distilled fermented beverages;Malt beer;Non-alcoholic beverages","03-Aug-2026 20:00","16-Aug-2026 12:00","a. All the Tenderer must follow the PPA, 2006 and PPR, 2025 rules & regulations; b. The following documents are to be submitted/uploaded as per the Standard Tender Document (STD): (I) The minimum of years of general experience of the Tenderer in the supply of Goods and related services as Supplier shall be 01 year. (II) The minimum specific experience as a supplier in the supply of similar goods of at least 01 (one) contract(s) successfully completed within the last 05 (five) years, with a value of at least Tk. 5,00,000/-. Years counting backward from the date of publication of IFT in the newspaper. [The Tenderer will submit the copy of work order/contract deed along with the experience certificate in the e-GP system.] (III) The minimum amount of financial resources as liquid asset or working capital or credit line(s) or specific credit commitment or in any combination of them, of the Tenderers shall be Tk 6,00,000/- (IV) Up-to-date valid trade license as a supplier. (V) Up-to-date income tax clearance certificate with e-TIN. (VI) e-BIN (13 digits) registration certificate. (VII) Manufacturer Authorization Letter or Contract Deed with the Importers/Manufacturer (if the bidder is a supplier) [when applicable]. (VIII) Certificate of incorporation (in case of a limited company).","Procurement of Miscellaneous Articles Kashimpur Female Centre Jail Package-2 for the Period of 01 July 2026 to 30 June'2027","Lot wise","Package wise","Package wise","500","Payment through Bank","12-Dec-2026","12-Dec-2026","1","Procurement of Miscellaneous Articles Kashimpur Female Centre Jail Package-2 for the Period of 01 July 2026 to 30 June'2027","Kashimpur Female Central Jail","19000","17-Aug-2026","31-Dec-2026","MST. KAWALIN NAHAR","Senior Jail Super","Address : Kashimpur Female Central Jail, Kashimpur, konabari,Gazipur. City : Konabari,Gazipur Thana : Gazipur Sadar District : Gazipur - 1346 Country : Bangladesh","Kashimpur Female Central Jail, Kashimpur, konabari,Gazipur.","Konabari,Gazipur","Gazipur Sadar","Gazipur - 1346","02-9298249","Not Found","https://www.eprocure.gov.bd/resources/common/ViewTender.jsp?id=1312465"
"Ministry of Home Affairs","","Prisons Directorate","Kashimpur Female Central Jail","","Gazipur","Goods","NCT","TENDER","Tender - Single Lot","58.04.3300.080.04.022.26.3430 ,Date: 03.08.2026","225267","1314924","Open Tendering Method (OTM)","Revenue","Government","Not applicable","Not applicable","KFCJ/Schedule-KA/Package-03/2026-27 Procurement of Dietary Articles Kashimpur Female Centre Jail Scshedule-ka Package-3 for the Period of 01 july'2026 to 31 December '2026","Food products and beverages;Animal products, meat and meat products;Meat;Animal wool, hides and skins;Meat products;Prepared and preserved fish;Fish fillets, fish livers and roe;Frozen fish, fish fillets and other fish meat;Dried or salted fish; fish in brine; smoked fish;Canned or tinned fish and other prepared or preserved fish;Seafood;Fruit, vegetables and related products;Potatoes and potato products;Fruit and vegetable juices;Fruit and vegetables;Animal or vegetable oils and fats;Crude animal or vegetable oils and fats;Refined oils and fats;Edible fats;Dairy products;Milk and cream;Butter;Cheese products;Assorted dairy products;Grain mill products, starches and starch products;Grain mill products;Starches and starch products;Animal feedstuffs;Prepared animal feeds for farm and other animals;Miscellaneous food products;Bread products, fresh pastry goods and cakes;Rusks and biscuits; preserved pastry goods and cakes;Sugar and related products;Cocoa; chocolate and sugar confectionery;Pasta products;Coffee, tea and related products;Condiments and seasonings;Special nutritional products;Miscellaneous food products n.e.c. and dried goods;Beverages;Distilled alcoholic beverages;Wines;Cider and other fruit wines;Non-distilled fermented beverages;Malt beer;Non-alcoholic beverages","03-Aug-2026 20:00","16-Aug-2026 12:00","a. All the Tenderer must follow the PPA, 2006 and PPR, 2025 rules & regulations; b. The following documents are to be submitted/uploaded as per the Standard Tender Document (STD): (I) The minimum of years of general experience of the Tenderer in the supply of Goods and related services as Supplier shall be 01 year. (II) The minimum specific experience as a supplier in the supply of similar goods of at least 01 (one) contract(s) successfully completed within the last 05 (five) years, with a value of at least Tk. 2,50,000/-. Years counting backward from the date of publication of IFT in the newspaper. [The Tenderer will submit the copy of work order/contract deed along with the experience certificate in the e-GP system.] (III) The minimum amount of financial resources as liquid asset or working capital or credit line(s) or specific credit commitment or in any combination of them, of the Tenderers shall be Tk 3,00,000/- (IV) Up-to-date valid trade license as a supplier. (V) Up-to-date income tax clearance certificate with e-TIN. (VI) e-BIN (13 digits) registration certificate. (VII) Manufacturer Authorization Letter or Contract Deed with the Importers/Manufacturer (if the bidder is a supplier) [when applicable]. (VIII) Certificate of incorporation (in case of a limited company).","Procurement of Dietary Articles Kashimpur Female Centre Jail Scshedule-ka Package-3 for the Period of 01 july'2026 to 31 December '2026","Lot wise","Package wise","Package wise","500","Payment through Bank","12-Dec-2026","12-Dec-2026","1","Procurement of Dietary Articles Kashimpur Female Centre Jail Scshedule-ka Package-3 for the Period of 01 july'2026 to 31 December '2026","Kashimpur Female Central Jail","7500","17-Aug-2026","31-Dec-2026","MST. KAWALIN NAHAR","Senior Jail Super","Address : Kashimpur Female Central Jail, Kashimpur, konabari,Gazipur. City : Konabari,Gazipur Thana : Gazipur Sadar District : Gazipur - 1346 Country : Bangladesh","Kashimpur Female Central Jail, Kashimpur, konabari,Gazipur.","Konabari,Gazipur","Gazipur Sadar","Gazipur - 1346","02-9298249","Not Found","https://www.eprocure.gov.bd/resources/common/ViewTender.jsp?id=1314924"
"Ministry of Home Affairs","","Prisons Directorate","Kashimpur Female Central Jail","","Gazipur","Goods","NCT","TENDER","Tender - Single Lot","58.04.3300.080.04.022.26.3429 ,Date: 03.08.2026","225267","1312464","Open Tendering Method (OTM)","Revenue","Government","Not applicable","Not applicable","e-GP/MCJ/Misc/Package No-01/2026-27 Procurement of Miscellaneous Articles Kashimpur Female Centre Jail Package-1 for the Period of 01 July 2026 to 30 June'2027","Food products and beverages;Animal products, meat and meat products;Meat;Animal wool, hides and skins;Meat products;Prepared and preserved fish;Fish fillets, fish livers and roe;Frozen fish, fish fillets and other fish meat;Dried or salted fish; fish in brine; smoked fish;Canned or tinned fish and other prepared or preserved fish;Seafood;Fruit, vegetables and related products;Potatoes and potato products;Fruit and vegetable juices;Fruit and vegetables;Animal or vegetable oils and fats;Crude animal or vegetable oils and fats;Refined oils and fats;Edible fats;Dairy products;Milk and cream;Butter;Cheese products;Assorted dairy products;Grain mill products, starches and starch products;Grain mill products;Starches and starch products;Animal feedstuffs;Prepared animal feeds for farm and other animals;Miscellaneous food products;Bread products, fresh pastry goods and cakes;Rusks and biscuits; preserved pastry goods and cakes;Sugar and related products;Cocoa; chocolate and sugar confectionery;Pasta products;Coffee, tea and related products;Condiments and seasonings;Special nutritional products;Miscellaneous food products n.e.c. and dried goods;Beverages;Distilled alcoholic beverages;Wines;Cider and other fruit wines;Non-distilled fermented beverages;Malt beer;Non-alcoholic beverages","03-Aug-2026 20:00","16-Aug-2026 12:00","a. All the Tenderer must follow the PPA, 2006 and PPR, 2025 rules & regulations; b. The following documents are to be submitted/uploaded as per the Standard Tender Document (STD): (I) The minimum of years of general experience of the Tenderer in the supply of Goods and related services as Supplier shall be 01 year. (II) The minimum specific experience as a supplier in the supply of similar goods of at least 01 (one) contract(s) successfully completed within the last 05 (five) years, with a value of at least Tk. 7,30,000/-. Years counting backward from the date of publication of IFT in the newspaper. [The Tenderer will submit the copy of work order/contract deed along with the experience certificate in the e-GP system.] (III) The minimum amount of financial resources as liquid asset or working capital or credit line(s) or specific credit commitment or in any combination of them, of the Tenderers shall be Tk 8,50,000/- (IV) Up-to-date valid trade license as a supplier. (V) Up-to-date income tax clearance certificate with e-TIN. (VI) e-BIN (13 digits) registration certificate. (VII) Manufacturer Authorization Letter or Contract Deed with the Importers/Manufacturer (if the bidder is a supplier) [when applicable]. (VIII) Certificate of incorporation (in case of a limited company).","Procurement of Miscellaneous Articles Kashimpur Female Centre Jail Package-1 for the Period of 01 July 2026 to 30 June'2027","Lot wise","Package wise","Package wise","1000","Payment through Bank","12-Dec-2026","12-Dec-2026","1","Procurement of Miscellaneous Articles Kashimpur Female Centre Jail Package-1 for the Period of 01 July 2026 to 30 June'2027","Kashimpur Female Central Jail","26000","17-Aug-2026","31-Dec-2026","MST. KAWALIN NAHAR","Senior Jail Super","Address : Kashimpur Female Central Jail, Kashimpur, konabari,Gazipur. City : Konabari,Gazipur Thana : Gazipur Sadar District : Gazipur - 1346 Country : Bangladesh","Kashimpur Female Central Jail, Kashimpur, konabari,Gazipur.","Konabari,Gazipur","Gazipur Sadar","Gazipur - 1346","02-9298249","Not Found","https://www.eprocure.gov.bd/resources/common/ViewTender.jsp?id=1312464"
"Ministry of Housing and Public Works","","Rajdhani Unnayan Kartripakkha (RAJUK)","Office of the Superintending Engineer (Electrical)","","Dhaka","Goods","NCT","TENDER","Tender - Single Lot","RAJUK/ELEC/Other equipment","215920","1313114","Open Tendering Method (OTM)","Own Fund","Own fund","RAJUK/ELEC/Other equipment","Other equipment and accessories","RAJUK/Electrical-2/25/G-05 Supply & Installation of online UPS (Uninterruptable Power Supply) at RAJUK URP Building Mohakhali.","Electrical equipment and apparatus; Electrical machinery, apparatus, equipment and consumables;Electrical equipment for engines and vehicles;Sound or visual signalling apparatus;Magnets;Machines and apparatus with individual functions;Insulating fittings;Carbon electrodes;Electrical parts of machinery or apparatus;Electrical supplies and accessories","03-Aug-2026 20:00","19-Aug-2026 15:00","As per TDS.","Supply & Installation of online UPS (Uninterruptable Power Supply) at RAJUK URP Building Mohakhali.","Lot wise","Package wise","Package wise","1500","Payment through Bank","16-Dec-2026","16-Dec-2026","1","Supply & Installation of online UPS (Uninterruptable Power Supply) at RAJUK URP Building Mohakhali.","RAJUK URP Building Mohakhali","120000","01-Sep-2026","29-Oct-2026","MOHAMMAD NAZMUS SAKIB JAMALI","Sup. Eng. (Elec.)","Address : Rajdhani Unnyan Kartripakkha (RAJUK), Rajuk Bhaban (5th Floor)
Dilkusha, Dhaka. City : Dhaka Thana : Dhaka South City Corporation District : Dhaka - 1000 Country : Bangladesh","","Dhaka","Dhaka South City Corporation","Dhaka - 1000","02-9552663","4800000.00,OTM","https://www.eprocure.gov.bd/resources/common/ViewTender.jsp?id=1313114"
"Ministry of Cultural Affairs","","Bangla Academy","Bangla Academy","","Dhaka","Goods","NCT","TENDER","Tender - Single Lot","Cronis-1629/2026/175/2/BA","228983","1315087","Open Tendering Method (OTM)","Revenue","Government","Not applicable","Not applicable","GR-02/26-27 Procurement of Press materials","Various types of printed matter and articles for printing;Printed books, brochures and leaflets;Printed books;Publications;Directories;Leaflets;Brochures;Booklets;Newspapers, journals, periodicals and magazines;Newspapers;Postcards, greeting cards and other printed matter;Postcards;Greeting cards;Stamps, cheque forms, banknotes, stock certificates, trade advertising material, catalogues and manuals;Stamps;Stamp-impressed paper;Banknotes;Cheque forms;Security-type printed matter;Trade-advertising material, commercial catalogues and manuals;Manuals;Printing plates or cylinders or other media for use in printing;Offset plates;Dry-etching equipment;Paper or paperboard registers, account books, binders, forms and other articles of printed stationery;Paper or paperboard registers;Forms;Exercise books;Albums for samples;Binders and related accessories;Printed stationery except forms;Miscellaneous printed matter;Car-tax discs;Driving licences;ID cards;Permits;Entrance cards;Bespoke printed matter;Tickets","03-Aug-2026 19:46","16-Aug-2026 15:30","1) UpdateTrade License 2) Update Income TAX Certificate 3) VAT Certificate 4) TIN Certificate 5) Related work Experience Certificate 6) ISO Certificate 7) Audit report (within two years) 8) Company CIB Report 9) Ltigation history","Procurement of Press materials","Lot wise","Package wise","Package wise","1500","Payment through Bank","12-Jan-2027","12-Jan-2027","1","Procurement of Press materials","3 Kazi Nazrul Islam Avenue, Bangla Academy, Dhaka","72350","15-Sep-2026","15-Oct-2026","SARKER AMIN","Director - Admin","Address : Bangla Academy, 3 Kazi Nazrul Islam Avenue City : Dhaka Thana : Dhaka South City Corporation District : Dhaka - 1000 Country : Bangladesh","Bangla Academy, 3 Kazi Nazrul Islam Avenue","Dhaka","Dhaka South City Corporation","Dhaka - 1000","02-58611236","Not Found","https://www.eprocure.gov.bd/resources/common/ViewTender.jsp?id=1315087"
"Ministry of Education","Secondary and Higher Education Division","Dhaka University of Engineering & Technology (DUET)","Office of the Project Director, M-DUET Project","224415200","Gazipur","Goods","NCT","TENDER","Tender - Single Lot","M-DUET/IFT/GD-21/2026-27/380; Date: 27/07/2026","228617","1311908","Open Tendering Method (OTM)","Development","Government","224415200","Modernization with Strengthening of Research Laboratories and Required Infrastructural Development of Dhaka University of Engineering & Technology, Gazipur (M-DUET) Project","GD-21 2026-27 Procurement of Laboratory Equipment (CSE)-17 High Performance & Embedded System","Machinery, equipment, appliances, apparatus and associated products; Computer and related services; Hardware consultancy services; Software programming and consultancy services; Data services; Computer-related services; Miscellaneous services;Machinery for the production and use of mechanical power;Turbines and motors;Pumps and compressors;Taps, cocks, valves and similar appliances;Gears, gearing and driving elements;General-purpose machinery;Industrial or laboratory furnaces, incinerators and ovens;Lifting and handling equipment and parts;Cooling and ventilation equipment;Miscellaneous general-purpose machinery;Agricultural, horticultural and forestry machinery;Agricultural and forestry machinery for soil preparation or cultivation;Harvesting machinery;Spraying machinery for agriculture or horticulture;Self-loading or unloading trailers and semi-trailers for agriculture;Specialist agricultural or forestry machinery;Tractors;Parts of agricultural and forestry machinery;Machine tools;Machine tools operated by laser and machining centres;Lathes, boring and milling machine tools;Metal-working machine tools;Machine tools for working hard materials except metals;Pneumatic or motorised hand tools;Soldering, brazing and welding tools, surface tempering and hot-spraying machines and equipment;Parts and accessories of machine tools;Special-purpose machinery and parts;Machinery for metallurgy and associated parts;Machinery for mining, quarrying and construction;Machinery for food, beverage and tobacco processing and associated parts;Machinery for textile, apparel and leather production;Machinery for paper or paperboard production;Miscellaneous special-purpose machinery;Weapons, ammunition and associated parts;Motorised tanks and armoured fighting vehicles;Military weapons;Firearms;Ammunition;Parts of military weapons;Truncheons or night sticks;Domestic appliances;Electrical domestic appliances;Non-electric domestic appliances;Miscellaneous equipment;Transport related equipment;Workshop equipment;Construction equipment;Catering equipment;Emergency and security equipment;Technical equipment;Miscellaneous equipment n.e.c.;Hardware selection consultancy services;Hardware disaster-recovery consultancy services;Computer-site planning consultancy services;Computer hardware acceptance testing consultancy services;Computer audit consultancy and hardware consultancy services;Programming services of packaged software products;Systems and technical consultancy services;Custom software development services;Systems analysis and programming services;System maintenance and support services;Software-related services;Data-processing services;Database services;Computer-related management services;Computer support and consultancy services;Computer network services;Computer upgrade services;Computer audit services;Computer testing services;Computer back-up services;Computer catalogue conversion services;Computer-related professional services;Washing and dry-cleaning services;Laundry-collection services;Textile-cleaning services;Fur-products cleaning services;Colouring services;Pressing services;Dyeing services;Hairdressing and beauty treatment services;Hairdressing services;Beauty treatment services;Physical well-being services;Turkish bath services;Spa services;Massage services;Accommodation and office services;Accommodation services;Civic-amenity services;Car-park management services;Marine services;Aquatic marine services;Port management services;Diving services;Funeral and related services;Funeral services;Miscellaneous services n.e.c.;Decommissioning services;Relocation services;Tailoring services;Upholstering services;Locksmith services;Clearing and Forwarding Agent;Service Provider (Others)","03-Aug-2026 19:40","24-Aug-2026 14:00","All eGP registered national competitive tenderers. Details in the tender documents.","Procurement of Laboratory Equipment (CSE)-17 High Performance & Embedded System","Lot wise","Package wise","Package wise","2500","Payment through Bank","19-Jan-2027","19-Jan-2027","1","Procurement of Laboratory Equipment (CSE)-17 High Performance & Embedded System","DUET, Gazipur","450000","01-Sep-2026","30-Nov-2026","Md. Rezaul Karim","Project Director","Address : DUET Campus, DUET, Gazipur-1707 City : Gazipur Sadar Thana : Gazipur Sadar District : Gazipur - 1707 Country : Bangladesh","DUET Campus, DUET, Gazipur-1707","Gazipur Sadar","Gazipur Sadar","Gazipur - 1707","02-49274019","Not Found","https://www.eprocure.gov.bd/resources/common/ViewTender.jsp?id=1311908"
"Ministry of Health and Family Welfare","Health Services Division","Directorate General of Health Services (DGHS)","Dakshin Surma Upazila Health Complex","","Sylhet","Goods (Framework Agreement)","NCT","TENDER","Tender - Single Lot","UHC/Dakshin Surma/MSR/2026-27/525","226982","1313470","Open Tendering Method (OTM)","Revenue","Government","Not applicable","Not applicable","UHC/Daksin/e-Tender/2026-27/GR-06 Procurement of Linen Washing for the FY 2026-2027 at Dakshin Surma Upazila Health Complex, Sylhet.","Clothing and accessories; Medical and laboratory devices, optical and precision devices, watches and clocks, pharmaceuticals and related medical consumables;Occupational clothing, special workwear and accessories;Occupational clothing;Special workwear;Workwear accessories;Outerwear;Coats;Weatherproof clothing;Miscellaneous outerwear;Garments;Underwear;Shirts and nightwear;T-shirts;Special clothing and accessories;Special clothing;Clothing accessories;Hats and headgear;Fasteners;Leather clothes;Leather clothing accessories;Furs and articles of fur;Fur articles;Furs;Second-hand clothing;Medical devices;Imaging equipment for medical, dental and veterinary use;Functional exploration;Dentistry;Medical non-chemical consumables and haematological consumables;Therapy;Operating techniques;Anaesthesia and resuscitation;Functional support;Miscellaneous medical devices;Instruments and appliances for measuring, checking, testing and navigating;Navigational, meteorological, geological and geophysical instruments;Remote-control equipment;Precision balances, instruments for drawing, calculating and measuring length;Instruments for measuring quantities;Instruments for checking physical characteristics;Checking and testing apparatus;Regulating and controlling instruments and apparatus;Non-medical equipment based on the use of radiations;Industrial process control equipment;Optical instruments;Spectacles and lenses;Polarising material;Astronomical and optical instruments;Liquid crystal devices;Photographic equipment;Horological instruments;Watches and clocks","03-Aug-2026 19:00","18-Aug-2026 12:00","As Per TDS & PCC","Procurement of Linen Washing for the FY 2026-2027 at Dakshin Surma Upazila Health Complex, Sylhet.","Lot wise","Package wise","Package wise","1000","Payment through Bank","13-Jan-2027","13-Jan-2027","1","Procurement of Linen Washing for the FY 2026-2027 at Dakshin Surma Upazila Health Complex, Sylhet.","Dakshin Surma Upazila Health Complex Sylhet","45000","20-Aug-2026","29-Jul-2027","MD. SALAHUDDIN MIA","UH&FPO","Address : Noikhai, Dakshin Surma, Sylhet City : Moglabazar Thana : Dakshin Surma District : Sylhet - 3110 Country : Bangladesh","Noikhai, Dakshin Surma, Sylhet","Moglabazar","Dakshin Surma","Sylhet - 3110","0821-719730","Not Found","https://www.eprocure.gov.bd/resources/common/ViewTender.jsp?id=1313470"
"Ministry of Health and Family Welfare","Health Services Division","Directorate General of Health Services (DGHS)","Dakshin Surma Upazila Health Complex","","Sylhet","Goods (Framework Agreement)","NCT","TENDER","Tender - Single Lot","UHC/Dakshin Surma/MSR/2026-27/525","226982","1313468","Open Tendering Method (OTM)","Revenue","Government","Not applicable","Not applicable","UHC/Daksin/e-Tender/2026-27/GR-07 Procurement of Diet for the FY 2026-2027 at Dakshin Surma Upazila Health Complex, Sylhet.","Food products and beverages; Hotel and restaurant services;Animal products, meat and meat products;Meat;Animal wool, hides and skins;Meat products;Prepared and preserved fish;Fish fillets, fish livers and roe;Frozen fish, fish fillets and other fish meat;Dried or salted fish; fish in brine; smoked fish;Canned or tinned fish and other prepared or preserved fish;Seafood;Fruit, vegetables and related products;Potatoes and potato products;Fruit and vegetable juices;Fruit and vegetables;Animal or vegetable oils and fats;Crude animal or vegetable oils and fats;Refined oils and fats;Edible fats;Dairy products;Milk and cream;Butter;Cheese products;Assorted dairy products;Grain mill products, starches and starch products;Grain mill products;Starches and starch products;Animal feedstuffs;Prepared animal feeds for farm and other animals;Miscellaneous food products;Bread products, fresh pastry goods and cakes;Rusks and biscuits; preserved pastry goods and cakes;Sugar and related products;Cocoa; chocolate and sugar confectionery;Pasta products;Coffee, tea and related products;Condiments and seasonings;Special nutritional products;Miscellaneous food products n.e.c. and dried goods;Beverages;Distilled alcoholic beverages;Wines;Cider and other fruit wines;Non-distilled fermented beverages;Malt beer;Non-alcoholic beverages;Hotel services;Camping sites and other non-hotel accommodation;Youth hostel services;Camping-site services;Holiday centre and holiday home services;Letting services of short-stay furnished accommodation;Sleeping-car services;Services provided by bed and breakfast establishments;Restaurant and food-serving services;Restaurant waiter services;Meal-serving services;Cafeteria services;Beverage-serving services;Bar management services;Canteen and catering services;Canteen services;Catering services","03-Aug-2026 19:00","18-Aug-2026 12:00","As Per TDS & PCC","Procurement of Diet for the FY 2026-2027 at Dakshin Surma Upazila Health Complex, Sylhet.","Lot wise","Package wise","Package wise","1500","Payment through Bank","13-Jan-2027","13-Jan-2027","1","Procurement of Diet for the FY 2026-2027 at Dakshin Surma Upazila Health Complex, Sylhet.","Dakshin Surma Upazila Health Complex Sylhet","80000","20-Aug-2026","29-Jul-2027","MD. SALAHUDDIN MIA","UH&FPO","Address : Noikhai, Dakshin Surma, Sylhet City : Moglabazar Thana : Dakshin Surma District : Sylhet - 3110 Country : Bangladesh","Noikhai, Dakshin Surma, Sylhet","Moglabazar","Dakshin Surma","Sylhet - 3110","0821-719730","Not Found","https://www.eprocure.gov.bd/resources/common/ViewTender.jsp?id=1313468"
"Ministry of Education","Secondary and Higher Education Division","Education Engineering Department","Office of the Executive Engineer, EED,Bogra, District.","29","Bogura","Works","NCT","TENDER","Tender - Single Lot","37.07.0000.014.20.101.24-7315(1),  Date 07-07-2026","227782","1314416","Open Tendering Method (OTM)","Revenue","Government","1600101-120001602- 3258108","Repair/Renovation of Non Govt. Madrasa & Technical Institutions of TMED","eed/bog/p-2623 Vertical Extension (2nd, 3rd, and 4th Floors) of the Existing Building Including Repair and Renovation Works (FY.2024-25) at Betagari Mir Shahe Alam Technical and BM College, Shibganj Upazila, Bogura Dristrict.(RMS ID # 2013971)","Construction work;Site preparation work;Building demolition and wrecking work and earthmoving work;Test drilling and boring work;Works for complete or part construction and civil engineering work;Building construction work;Engineering works and construction works;Construction work for pipelines, communication and power lines, for highways, roads, airfields and railways; flatwork;Construction work for water projects;Construction works for plants, mining and manufacturing and for buildings relating to the oil and gas industry;Roof works and other special trade construction works;Building installation work;Electrical installation work;Insulation work;Plumbing and sanitary works;Fencing, railing and safety equipment installation work;Mechanical installations;Building completion work;Plastering work;Joinery and carpentry installation work;Floor and wall covering work;Painting and glazing work;Other building completion work;Hire of construction and civil engineering machinery and equipment with operator;Hire of cranes with operator;Hire of earthmoving equipment with operator","03-Aug-2026 18:45","19-Aug-2026 16:00","a) Up-to-date Valid trade license, Vat registration Certificate, NID, Tax return slip and Income tax Clearance Certificate. d) The minimum amount of liquid assets or working capital or credit facilities of the Tenderer shall be Tk. 12000000.00 (One hundred Twenty Lakhs) (If the liquid assets is a bank statement then the amount in the bank statement should remain till the next working day.) e) Having expirience in Successful completion of at least One (01) No similar nature work (Building work) amounting Tk. 12000000.00 (One hundred Twenty Lakhs) within the last Five (05) years, years counting backward from the date of publication of IFT in the newspaper. f) The required average annual construction turnover shall be greater than Tk. 12000000.00 (One hundred Twenty Lakhs) over the last Five (05) years. Total = Tk.12000000.00 x 5 = Tk. 60000000.00 (Six Crore). g) The minimum Tender Capacity shall be 15000000.00 (One hundred Fifty Lakhs) g) Work done bill will be paid in accordence with fund availablity. h) Other criteria are stated in TDS & PCC","Vertical Extension (2nd, 3rd, and 4th Floors) of the Existing Building Including Repair and Renovation Works (FY.2024-25) at Betagari Mir Shahe Alam Technical and BM College, Shibganj Upazila, Bogura Dristrict.(RMS ID # 2013971)","Lot wise","Package wise","Package wise","4000","Payment through Bank","15-Jan-2027","15-Jan-2027","01","Vertical Extension (2nd, 3rd, and 4th Floors) of the Existing Building Including Repair and Renovation Works (FY.2024-25) at Betagari Mir Shahe Alam Technical and BM College, Shibganj Upazila, Bogura Dristrict.(RMS ID # 2013971)","Shibganj, Bogura","600000","22-Oct-2026","21-Oct-2027","Md. Anwer Hossain","Executive Engineer","Address : District Education Bhaban, Bagra. City : Bogra Thana : Bogura Sadar District : Bogura - 5800 Country : Bangladesh","District Education Bhaban, Bagra.","Bogra","Bogura Sadar","Bogura - 5800","051-65939","Not Found","https://www.eprocure.gov.bd/resources/common/ViewTender.jsp?id=1314416"
"Ministry of Education","Secondary and Higher Education Division","Dhaka University of Engineering & Technology (DUET)","Office of the Project Director, M-DUET Project","224415200","Gazipur","Goods","NCT","TENDER","Tender - Single Lot","M-DUET/IFT/GD-22/2026-27/381; Date: 27/07/2026","228617","1312148","Open Tendering Method (OTM)","Development","Government","224415200","Modernization with Strengthening of Research Laboratories and Required Infrastructural Development of Dhaka University of Engineering & Technology, Gazipur (M-DUET) Project","GD-22 2026-27 Procurement of Laboratory Equipment (CSE)-18 Network Lab, Software and Mobile Application, Satellite Graphics, Cloud Computing & Holo Graphic & Gaming.","Machinery, equipment, appliances, apparatus and associated products; Computer and related services; Miscellaneous services;Machinery for the production and use of mechanical power;Turbines and motors;Pumps and compressors;Taps, cocks, valves and similar appliances;Gears, gearing and driving elements;General-purpose machinery;Industrial or laboratory furnaces, incinerators and ovens;Lifting and handling equipment and parts;Cooling and ventilation equipment;Miscellaneous general-purpose machinery;Agricultural, horticultural and forestry machinery;Agricultural and forestry machinery for soil preparation or cultivation;Harvesting machinery;Spraying machinery for agriculture or horticulture;Self-loading or unloading trailers and semi-trailers for agriculture;Specialist agricultural or forestry machinery;Tractors;Parts of agricultural and forestry machinery;Machine tools;Machine tools operated by laser and machining centres;Lathes, boring and milling machine tools;Metal-working machine tools;Machine tools for working hard materials except metals;Pneumatic or motorised hand tools;Soldering, brazing and welding tools, surface tempering and hot-spraying machines and equipment;Parts and accessories of machine tools;Special-purpose machinery and parts;Machinery for metallurgy and associated parts;Machinery for mining, quarrying and construction;Machinery for food, beverage and tobacco processing and associated parts;Machinery for textile, apparel and leather production;Machinery for paper or paperboard production;Miscellaneous special-purpose machinery;Weapons, ammunition and associated parts;Motorised tanks and armoured fighting vehicles;Military weapons;Firearms;Ammunition;Parts of military weapons;Truncheons or night sticks;Domestic appliances;Electrical domestic appliances;Non-electric domestic appliances;Miscellaneous equipment;Transport related equipment;Workshop equipment;Construction equipment;Catering equipment;Emergency and security equipment;Technical equipment;Miscellaneous equipment n.e.c.;Hardware consultancy services;Hardware selection consultancy services;Hardware disaster-recovery consultancy services;Computer-site planning consultancy services;Computer hardware acceptance testing consultancy services;Computer audit consultancy and hardware consultancy services;Software programming and consultancy services;Programming services of packaged software products;Systems and technical consultancy services;Custom software development services;Systems analysis and programming services;System maintenance and support services;Software-related services;Data services;Data-processing services;Database services;Computer-related services;Computer-related management services;Computer support and consultancy services;Computer network services;Computer upgrade services;Computer audit services;Computer testing services;Computer back-up services;Computer catalogue conversion services;Computer-related professional services;Washing and dry-cleaning services;Laundry-collection services;Textile-cleaning services;Fur-products cleaning services;Colouring services;Pressing services;Dyeing services;Hairdressing and beauty treatment services;Hairdressing services;Beauty treatment services;Physical well-being services;Turkish bath services;Spa services;Massage services;Accommodation and office services;Accommodation services;Civic-amenity services;Car-park management services;Marine services;Aquatic marine services;Port management services;Diving services;Funeral and related services;Funeral services;Miscellaneous services n.e.c.;Decommissioning services;Relocation services;Tailoring services;Upholstering services;Locksmith services;Clearing and Forwarding Agent;Service Provider (Others)","03-Aug-2026 18:30","24-Aug-2026 12:00","All eGP registered national competitive tenderers. Details in the tender documents.","Procurement of Laboratory Equipment (CSE)-18 Network Lab, Software and Mobile Application, Satellite Graphics, Cloud Computing & Holo Graphic & Gaming.","Lot wise","Package wise","Package wise","2500","Payment through Bank","19-Jan-2027","19-Jan-2027","1","Procurement of Laboratory Equipment (CSE)-18 Network Lab, Software and Mobile Application, Satellite Graphics, Cloud Computing & Holo Graphic & Gaming.","DUET, Gazipur","350000","01-Sep-2026","30-Nov-2026","Md. Rezaul Karim","Project Director","Address : DUET Campus, DUET, Gazipur-1707 City : Gazipur Sadar Thana : Gazipur Sadar District : Gazipur - 1707 Country : Bangladesh","DUET Campus, DUET, Gazipur-1707","Gazipur Sadar","Gazipur Sadar","Gazipur - 1707","02-49274019","Not Found","https://www.eprocure.gov.bd/resources/common/ViewTender.jsp?id=1312148"
"Ministry of Public Administration","","Sarkari Karmachari Hospital","Office of ADG, Sarkari Karmachari Hospital","","Dhaka","Goods (Framework Agreement)","NCT","TENDER","Tender - Single Lot","05.87.0000.015.007.184.26-481","228616","1314137","Open Tendering Method (OTM)","Revenue","Government","Not applicable","Not applicable","SKH/OTM/GD/002 Procurement of MSR Reagent for Biochemistry, Hormone & others test for Pathology Department","Medical and laboratory devices, optical and precision devices, watches and clocks, pharmaceuticals and related medical consumables;Medical devices;Imaging equipment for medical, dental and veterinary use;Functional exploration;Dentistry;Medical non-chemical consumables and haematological consumables;Therapy;Operating techniques;Anaesthesia and resuscitation;Functional support;Miscellaneous medical devices;Instruments and appliances for measuring, checking, testing and navigating;Navigational, meteorological, geological and geophysical instruments;Remote-control equipment;Precision balances, instruments for drawing, calculating and measuring length;Instruments for measuring quantities;Instruments for checking physical characteristics;Checking and testing apparatus;Regulating and controlling instruments and apparatus;Non-medical equipment based on the use of radiations;Industrial process control equipment;Optical instruments;Spectacles and lenses;Polarising material;Astronomical and optical instruments;Liquid crystal devices;Photographic equipment;Horological instruments;Watches and clocks","03-Aug-2026 18:25","18-Aug-2026 16:00","As per tender document","Procurement of MSR Reagent for Biochemistry, Hormone & others test for Pathology Department of Sarkari Karmachari Hospital.","Lot wise","Package wise","Package wise","2500","Payment through Bank","14-Jan-2027","14-Jan-2027","1","Procurement of MSR Reagent for Biochemistry, Hormone & others test for Pathology Department  & Vidas ELISA Machine.","Sarkari Karmachari Hospital, Fulbaria, Dhaka","455000","01-Sep-2026","30-Sep-2026","Md. Ruhul Amin","Additional Director General (Joint Secretary)","Address : 5, College Road, Fulbaria, Shahbag, Dhaka 1000 City : Dhaka Thana : Dhaka South City Corporation District : Dhaka - 1000 Country : Bangladesh","5, College Road, Fulbaria, Shahbag, Dhaka 1000","Dhaka","Dhaka South City Corporation","Dhaka - 1000","02226-644003","Not Found","https://www.eprocure.gov.bd/resources/common/ViewTender.jsp?id=1314137"
"Ministry of Education","Secondary and Higher Education Division","Dhaka University of Engineering & Technology (DUET)","Office of the Project Director, M-DUET Project","224415200","Gazipur","Goods","NCT","TENDER","Tender - Single Lot","M-DUET/IFT/GD-23/2026-27/382; Date: 03/08/2026","228617","1313672","Open Tendering Method (OTM)","Development","Government","224415200","Modernization with Strengthening of Research Laboratories and Required Infrastructural Development of Dhaka University of Engineering & Technology, Gazipur (M-DUET) Project","GD-23 2026-27 Procurement of Laboratory Equipment (CSE)-19.Multimedia Lab, Peripheral Interfacing, Mobile Aps & Thesis Lab.","Machinery, equipment, appliances, apparatus and associated products; Computer and related services;Machinery for the production and use of mechanical power;Turbines and motors;Pumps and compressors;Taps, cocks, valves and similar appliances;Gears, gearing and driving elements;General-purpose machinery;Industrial or laboratory furnaces, incinerators and ovens;Lifting and handling equipment and parts;Cooling and ventilation equipment;Miscellaneous general-purpose machinery;Agricultural, horticultural and forestry machinery;Agricultural and forestry machinery for soil preparation or cultivation;Harvesting machinery;Spraying machinery for agriculture or horticulture;Self-loading or unloading trailers and semi-trailers for agriculture;Specialist agricultural or forestry machinery;Tractors;Parts of agricultural and forestry machinery;Machine tools;Machine tools operated by laser and machining centres;Lathes, boring and milling machine tools;Metal-working machine tools;Machine tools for working hard materials except metals;Pneumatic or motorised hand tools;Soldering, brazing and welding tools, surface tempering and hot-spraying machines and equipment;Parts and accessories of machine tools;Special-purpose machinery and parts;Machinery for metallurgy and associated parts;Machinery for mining, quarrying and construction;Machinery for food, beverage and tobacco processing and associated parts;Machinery for textile, apparel and leather production;Machinery for paper or paperboard production;Miscellaneous special-purpose machinery;Weapons, ammunition and associated parts;Motorised tanks and armoured fighting vehicles;Military weapons;Firearms;Ammunition;Parts of military weapons;Truncheons or night sticks;Domestic appliances;Electrical domestic appliances;Non-electric domestic appliances;Miscellaneous equipment;Transport related equipment;Workshop equipment;Construction equipment;Catering equipment;Emergency and security equipment;Technical equipment;Miscellaneous equipment n.e.c.;Hardware consultancy services;Hardware selection consultancy services;Hardware disaster-recovery consultancy services;Computer-site planning consultancy services;Computer hardware acceptance testing consultancy services;Computer audit consultancy and hardware consultancy services;Software programming and consultancy services;Programming services of packaged software products;Systems and technical consultancy services;Custom software development services;Systems analysis and programming services;System maintenance and support services;Software-related services;Data services;Data-processing services;Database services;Computer-related services;Computer-related management services;Computer support and consultancy services;Computer network services;Computer upgrade services;Computer audit services;Computer testing services;Computer back-up services;Computer catalogue conversion services;Computer-related professional services","03-Aug-2026 18:15","18-Aug-2026 10:50","All eGP registered national competitive tenderers. Details in the tender documents.","Procurement of Laboratory Equipment (CSE)-19.Multimedia Lab, Peripheral Interfacing, Mobile Aps & Thesis Lab.","Lot wise","Package wise","Package wise","4000","Payment through Bank","13-Jan-2027","13-Jan-2027","1","Procurement of Laboratory Equipment (CSE)-19.Multimedia Lab, Peripheral Interfacing, Mobile Aps & Thesis Lab.","DUET, Gazipur","950000","01-Sep-2026","31-Dec-2026","Md. Rezaul Karim","Project Director","Address : DUET Campus, DUET, Gazipur-1707 City : Gazipur Sadar Thana : Gazipur Sadar District : Gazipur - 1707 Country : Bangladesh","DUET Campus, DUET, Gazipur-1707","Gazipur Sadar","Gazipur Sadar","Gazipur - 1707","02-49274019","Not Found","https://www.eprocure.gov.bd/resources/common/ViewTender.jsp?id=1313672"
"Ministry of Energy","Power and Mineral Resources","Power Grid Bangladesh PLC","Grid Maintenance Division, Chattogram South","017","Chattogram","Works","NCT","TENDER","Tender - Single Lot","27.21.0000.000.678.07.001.26.521, Date: 03/08/2026","228278","1315053","Open Tendering Method (OTM)","Own Fund","Own Fund","Not applicable","Not applicable","678/GMD/26-27/PATIYA/01 Cleaning control room, stairs & toilets therein, internal roads  &  parking area and cutting jungle & shrub in Patiya 132/33 KV Grid Substation for FY: 2026-2027 under Power Grid, GMD, Chattogram (South).","Sewage- and refuse-disposal services, sanitation and environmental services;Sewage and refuse collection and disposal services;Sewage services;Refuse services;Cleaning and sanitation services in urban or rural areas, and related services;Street-cleaning services;Gully-cleaning services;Asbestos removal services;Deleading services;Disinfecting and exterminating services in urban or rural areas;Beach cleaning services;Environmental and ecological services;Environmental services;Ecological services","03-Aug-2026 18:00","17-Aug-2026 13:00","The minimum number of years of general experience of the Tenderer in the construction works as Prime Contractor shall be 05 years. The minimum specific experience as a Prime Contractor in construction works under public sector of at least 01 contract(s) of cutting jungle & shrub in 132 KV or higher voltage switch yard /Transmission Line  successfully completed within the last 03 years, each with a value of at least Tk. 4,00,000/-. The required average annual construction turnover under public sector shall be greater than Tk 20,00,000/- over the last 03 financial years. The minimum amount of financial resources as liquid asset or working capital or credit line(s) or specific credit commitment or in any combination of them, of the Tenderers shall be Tk. 4,00,000/-. The minimum capacity shall be Tk. 4,00,000/-. If the tenderer /Contractor fails to complete the work/supply after being awarded, the tenderer /Contractor shall be debarred from  participating any  tender invited by Power Grid Bangladesh PLC as main contractor/venture partner for next 03 (Three) years.","Cleaning control room, stairs & toilets therein, internal roads & parking area and cutting jungle & shrub in Patiya 132/33 KV Grid Substation for FY: 2026-2027 under Power Grid, GMD, Chattogram (South).","Lot wise","Package wise","Package wise","500","Payment through Bank","13-Dec-2026","13-Dec-2026","1","Cleaning control room, stairs & toilets therein, internal roads  &  parking area and cutting jungle & shrub in Patiya 132/33 KV Grid Substation for FY: 2026-2027 under Power Grid, GMD, Chattogram (South).","Patiya 132-33 kV Grid Substation","15000","01-Sep-2026","31-Aug-2027","A,S.,M, Kaes Uddin","Executive Engineer","Address : GMD, Chittagong-South, Modunaghat, Chittagong-4337 City : Chittagong Thana : Hathazari District : Chattogram - 4337 Country : Bangladesh","GMD, Chittagong-South, Modunaghat, Chittagong-4337","Chittagong","Hathazari","Chattogram - 4337","031-670306","Not Found","https://www.eprocure.gov.bd/resources/common/ViewTender.jsp?id=1315053"
"Ministry of Energy","Power and Mineral Resources","Power Grid Bangladesh PLC","Grid Maintenance Division, Chattogram South","017","Chattogram","Works","NCT","TENDER","Tender - Single Lot","27.21.0000.000.678.07.001.26.518, Date: 02/08/2026","228278","1314569","Open Tendering Method (OTM)","Own Fund","Own Fund","Not applicable","Not applicable","678/GMD/26-27/DOHAZARI/02 Cutting jungles and shrubs including removing and cleaning from the base and way of towers of Dohazari-Coxsbazar 132 kV transmission line (Jurisdiction of Dohazari Grid ) for FY: 2026-27 under Power Grid, GMD Chattogram (South).","Sewage- and refuse-disposal services, sanitation and environmental services;Sewage and refuse collection and disposal services;Sewage services;Refuse services;Cleaning and sanitation services in urban or rural areas, and related services;Street-cleaning services;Gully-cleaning services;Asbestos removal services;Deleading services;Disinfecting and exterminating services in urban or rural areas;Beach cleaning services;Environmental and ecological services;Environmental services;Ecological services","03-Aug-2026 17:25","17-Aug-2026 13:00","The minimum number of years of general experience of the Tenderer in the construction works as Prime Contractor shall be 05 years. The minimum specific experience as a Prime Contractor in construction works under public sector of at least 01 contract(s) of cutting jungle & shrub in 132 KV or higher voltage switch yard /Transmission Line successfully completed within the last 03 years, each with a value of at least Tk. 2,00,000/-. The required average annual construction turnover under public sector shall be greater than Tk 10,00,000/- over the last 03 financial years. The minimum amount of financial resources as liquid asset or working capital or credit line(s) or specific credit commitment or in any combination of them, of the Tenderers shall be Tk. 2,00,000/-. The minimum capacity shall be Tk. 2,00,000/-. If the tenderer /Contractor fails to complete the work/supply after being awarded, the tenderer /Contractor shall be debarred from  participating any  tender invited by Power Grid Bangladesh PLC as main contractor/venture partner for next 03 (Three) years.","Cutting jungles and shrubs including removing and cleaning from the base and way of towers of Dohazari-Coxsbazar 132 kV transmission line (Jurisdiction of Dohazari Grid ) for FY: 2026-27 under Power Grid, GMD Chattogram (South).","Lot wise","Package wise","Package wise","500","Payment through Bank","13-Dec-2026","13-Dec-2026","1","Cutting jungles and shrubs including removing and cleaning from the base and way of towers of Dohazari-Coxsbazar 132 kV transmission line (Jurisdiction of Dohazari Grid ) for FY: 2026-27 under Power Grid, GMD Chattogram (South).","Dohazari-Coxsbazar 132 KV Transmission LIne","8000","01-Sep-2026","30-Jun-2027","A,S.,M, Kaes Uddin","Executive Engineer","Address : GMD, Chittagong-South, Modunaghat, Chittagong-4337 City : Chittagong Thana : Hathazari District : Chattogram - 4337 Country : Bangladesh","GMD, Chittagong-South, Modunaghat, Chittagong-4337","Chittagong","Hathazari","Chattogram - 4337","031-670306","Not Found","https://www.eprocure.gov.bd/resources/common/ViewTender.jsp?id=1314569"
"Ministry of Local Government","Rural Development and Co-operatives","Local Government Engineering Department (LGED)","Office of the Upazila Engineer, LGED, Kawkhali, Rangamati","","Rangamati","Works","NCT","TENDER","Tender - Single Lot","46.02.0000.903.14.153.26-1210","225461","1305984","Open Tendering Method (OTM)","Development","Government","224351900","Establishing Digital Connectivity","EDC/RANG/KAU/W1.352 Vertical Extension of 4th Floor at Kawkhali Upazila Complex Administrative Extension Building Under EDC, Upazila-Kawkhali, District-Rangamati.","Construction work;Site preparation work;Building demolition and wrecking work and earthmoving work;Test drilling and boring work;Works for complete or part construction and civil engineering work;Building construction work;Engineering works and construction works;Construction work for pipelines, communication and power lines, for highways, roads, airfields and railways; flatwork;Construction work for water projects;Construction works for plants, mining and manufacturing and for buildings relating to the oil and gas industry;Roof works and other special trade construction works;Building installation work;Electrical installation work;Insulation work;Plumbing and sanitary works;Fencing, railing and safety equipment installation work;Mechanical installations;Building completion work;Plastering work;Joinery and carpentry installation work;Floor and wall covering work;Painting and glazing work;Other building completion work;Hire of construction and civil engineering machinery and equipment with operator;Hire of cranes with operator;Hire of earthmoving equipment with operator","03-Aug-2026 17:00","24-Aug-2026 14:00","As per TDS","Vertical Extension of 4th Floor at Kawkhali Upazila Complex Administrative Extension Building Under EDC, Upazila-Kawkhali, District-Rangamati.","Lot wise","Package wise","Package wise","2500","Payment through Bank","19-Jan-2027","19-Jan-2027","01","Vertical Extension of 4th Floor at Kawkhali Upazila Complex Administrative Extension Building Under EDC, Upazila-Kawkhali, District-Rangamati.","Kawkhali","425000","30-Sep-2026","30-Jun-2027","Mohammad Abdul Alim","Upazila Engineer","Address : Kawkhali Upazila Parishad, Kawkhali City : Kawkhali Thana : Kaukhali District : Rangamati - 4510 Country : Bangladesh","Kawkhali Upazila Parishad, Kawkhali","Kawkhali","Kaukhali","Rangamati - 4510","0351-31008","17200000.00,OTM","https://www.eprocure.gov.bd/resources/common/ViewTender.jsp?id=1305984"
"Ministry of Local Government","Rural Development and Co-operatives","Dhaka Water Supply and Sewerage Authority (DWASA)","Office of the EE, Procurement Division-2, Dhaka WASA","428","Dhaka","Goods","NCT","TENDER","Tender - Single Lot","46.113.428.00.00.093/26-T1","227930","1314507","Open Tendering Method (OTM)","Revenue","Government","Not applicable","Not applicable","46.113.428.00.00.093/26 Procurement of Water Level Sensor with Cable & Water Level Sensor Controller for FM Division, Dhaka WASA","Electrical equipment and apparatus; Electrical machinery, apparatus, equipment and consumables;Electrical equipment for engines and vehicles;Sound or visual signalling apparatus;Magnets;Machines and apparatus with individual functions;Insulating fittings;Carbon electrodes;Electrical parts of machinery or apparatus;Electrical supplies and accessories","03-Aug-2026 17:00","18-Aug-2026 13:00","As Per TDS & PCC","Procurement of Water Level Sensor with Cable & Water Level Sensor Controller for FM Division, Dhaka WASA","Lot wise","Package wise","Package wise","2500","Payment through Bank","14-Dec-2026","14-Dec-2026","1","Procurement of Water Level Sensor with Cable & Water Level Sensor Controller for FM Division, Dhaka WASA","Central Store, Dhaka WASA","250000","25-Aug-2026","22-Oct-2026","Md. Mazharul Islam","Executive Engineer","Address : 9th Floor, WASA Bhaban, Kawranbazar City : Dhaka Thana : Dhaka North City Corporation District : Dhaka - 1215 Country : Bangladesh","9th Floor, WASA Bhaban, Kawranbazar","Dhaka","Dhaka North City Corporation","Dhaka - 1215","02-8189251","Not Found","https://www.eprocure.gov.bd/resources/common/ViewTender.jsp?id=1314507"
"Ministry of Local Government","Rural Development and Co-operatives","Dhaka Water Supply and Sewerage Authority (DWASA)","Office of the EE, Procurement Division-2, Dhaka WASA","428","Dhaka","Goods (Framework Agreement)","NCT","TENDER","Tender - Single Lot","46.113.428.00.00.004/26-T2","227930","1314628","Open Tendering Method (OTM)","Revenue","Government","Not applicable","Not applicable","46.113.428.00.00.004/26 Procurement of Aluminium Sulphate for Dhaka Water Works, Dhaka WASA.(Lot-1)","Water-treatment chemicals; Various chemical products;","03-Aug-2026 17:00","18-Aug-2026 13:00","As Per TDS & PCC","Procurement of Aluminium Sulphate for Dhaka Water Works, Dhaka WASA.(Lot-1)","Lot wise","Package wise","Package wise","4000","Payment through Bank","14-Dec-2026","14-Dec-2026","1","Procurement of Aluminium Sulphate for Dhaka Water Works, Dhaka WASA.(Lot-1)","Dhaka Water Works","750000","27-Aug-2026","26-Apr-2027","Md. Mazharul Islam","Executive Engineer","Address : 9th Floor, WASA Bhaban, Kawranbazar City : Dhaka Thana : Dhaka North City Corporation District : Dhaka - 1215 Country : Bangladesh","9th Floor, WASA Bhaban, Kawranbazar","Dhaka","Dhaka North City Corporation","Dhaka - 1215","02-8189251","Not Found","https://www.eprocure.gov.bd/resources/common/ViewTender.jsp?id=1314628"
"Ministry of Local Government","Rural Development and Co-operatives","Dhaka Water Supply and Sewerage Authority (DWASA)","Office of the EE, Procurement Division-2, Dhaka WASA","428","Dhaka","Goods","NCT","TENDER","Tender - Single Lot","46.113.428.00.00.116/26-T3","227930","1314821","Open Tendering Method (OTM)","Revenue","Government","Not applicable","Not applicable","46.113.428.00.00.116/26 Procurement of Hose Pipe for MODS Zone & SOC Division of Dhaka WASA.","Water distribution and related services; Public utilities;Water distribution;Operation of a water-purification plant;Operation of water supplies","03-Aug-2026 17:00","18-Aug-2026 13:00","AS PER TDS & PCC","Procurement of Hose Pipe for MODS Zone & SOC Division of Dhaka WASA.","Lot wise","Package wise","Package wise","2500","Payment through Bank","14-Dec-2026","14-Dec-2026","1","Procurement of Hose Pipe for MODS Zone & SOC Division of Dhaka WASA.","Central Store, Dhaka WASA","220000","27-Aug-2026","12-Oct-2026","Md. Mazharul Islam","Executive Engineer","Address : 9th Floor, WASA Bhaban, Kawranbazar City : Dhaka Thana : Dhaka North City Corporation District : Dhaka - 1215 Country : Bangladesh","9th Floor, WASA Bhaban, Kawranbazar","Dhaka","Dhaka North City Corporation","Dhaka - 1215","02-8189251","Not Found","https://www.eprocure.gov.bd/resources/common/ViewTender.jsp?id=1314821"
"Ministry of Post","Telecommunications & Information Technology","Information and Communication Technology Division","Information and Communication Technology Division","","Dhaka","Goods (Framework Agreement)","NCT","TENDER","Tender - Single Lot","56.00.0000.000.039.14.0001.26.183 Date: 03-08-26","219577","1314651","Open Tendering Method (OTM)","Revenue","Government","Not applicable","Not applicable","ICTD Log-08 PG Food Supply for Meeting and other events","Food products and beverages;Animal products, meat and meat products;Meat;Animal wool, hides and skins;Meat products;Prepared and preserved fish;Fish fillets, fish livers and roe;Frozen fish, fish fillets and other fish meat;Dried or salted fish; fish in brine; smoked fish;Canned or tinned fish and other prepared or preserved fish;Seafood;Fruit, vegetables and related products;Potatoes and potato products;Fruit and vegetable juices;Fruit and vegetables;Animal or vegetable oils and fats;Crude animal or vegetable oils and fats;Refined oils and fats;Edible fats;Dairy products;Milk and cream;Butter;Cheese products;Assorted dairy products;Grain mill products, starches and starch products;Grain mill products;Starches and starch products;Animal feedstuffs;Prepared animal feeds for farm and other animals;Miscellaneous food products;Bread products, fresh pastry goods and cakes;Rusks and biscuits; preserved pastry goods and cakes;Sugar and related products;Cocoa; chocolate and sugar confectionery;Pasta products;Coffee, tea and related products;Condiments and seasonings;Special nutritional products;Miscellaneous food products n.e.c. and dried goods;Beverages;Distilled alcoholic beverages;Wines;Cider and other fruit wines;Non-distilled fermented beverages;Malt beer;Non-alcoholic beverages","03-Aug-2026 17:00","18-Aug-2026 11:00","The Tenderer shall submit with its Tender the following additional documents: Updated Trade License; VAT Registration Certificate; Updated Income Tax Clearance Certificate; TIN Certificate; Bank Solvency Certificate; Tenderer’s Profile (Legal Name, Address, NID, Phone Number, email etc.); Tenderer's Authorized representative Profile; General Experience minimum 03 years in the supply of goods as a supplier; Minimum 01 year specific experience  of similar goods Supplier;","Food Supply for Meeting and other events","Lot wise","Package wise","Package wise","1500","Payment through Bank","13-Jan-2027","13-Jan-2027","1","Food Supply for Meeting and other events","ICT Division","50000","19-Aug-2026","30-Jun-2027","MD. SHAHIDUZZAMAN","Procurement  Entity","Address : ICT Tower, Agargaon, Dhaka. City : Dhaka Thana : Dhaka North City Corporation District : Dhaka - 1207 Country : Bangladesh","ICT Tower, Agargaon, Dhaka.","Dhaka","Dhaka North City Corporation","Dhaka - 1207","02-41024027","3000000.00,OTM","https://www.eprocure.gov.bd/resources/common/ViewTender.jsp?id=1314651"
"Ministry of Local Government","Rural Development and Co-operatives","Local Government Engineering Department (LGED)","Office of the Upazila Engineer, LGED, Senbag, Noakhali","","Noakhali","Works","NCT","TENDER","Tender - Single Lot","227623","227623","1309946","Open Tendering Method (OTM)","Development","Government","224398900","Construction of Union Parishad Complex Bhaban Project (Phase-3)","e-GP/UPCBP/NOA/SEN/2026/.W034 Construction of Nabipur Union Parishad Complex at Senbag. (Coastal)","Construction work;Site preparation work;Building demolition and wrecking work and earthmoving work;Test drilling and boring work;Works for complete or part construction and civil engineering work;Building construction work;Engineering works and construction works;Construction work for pipelines, communication and power lines, for highways, roads, airfields and railways; flatwork;Construction work for water projects;Construction works for plants, mining and manufacturing and for buildings relating to the oil and gas industry;Roof works and other special trade construction works;Building installation work;Electrical installation work;Insulation work;Plumbing and sanitary works;Fencing, railing and safety equipment installation work;Mechanical installations;Building completion work;Plastering work;Joinery and carpentry installation work;Floor and wall covering work;Painting and glazing work;Other building completion work;Hire of construction and civil engineering machinery and equipment with operator;Hire of cranes with operator;Hire of earthmoving equipment with operator","03-Aug-2026 16:45","20-Aug-2026 12:00","As Per TDS.","e-GP/UPCBP/NOA/SEN/2026/.W034 Construction of Nabipur Union Parishad Complex at Senbag. (Coastal)","Lot wise","Package wise","Package wise","4000","Payment through Bank","15-Jan-2027","15-Jan-2027","01","Construction of Nabipur Union Parishad Complex at Senbag. (Coastal)","Senbag, Noakhali","1400000","13-Sep-2026","07-Mar-2028","TAMIM BIN ZAHID","Upazila Engineer","Address : Senbag Upazila Parishad, Senbag, Noakhali City : Senbag Thana : Senbag District : Noakhali - 3860 Country : Bangladesh","Senbag Upazila Parishad, Senbag, Noakhali","Senbag","Senbag","Noakhali - 3860","03225-56031","Not Found","https://www.eprocure.gov.bd/resources/common/ViewTender.jsp?id=1309946"
"Ministry of Water Resources","","Bangladesh Water Development Board (BWDB)","Perojpur WD Division","","Perojpur","Works","NCT","TENDER","Tender - Single Lot","T-1/1953, Date: 03/08/2026","228947","1313271","Open Tendering Method (OTM)","Development","Government","224419500","Protection of Coastal Embankment of Polder No. 39/2D from the erosion of the Baleshwar River at Baro Machua Rocket Ghat in Mathbaria Upazila under Pirojpur District","PEROJ/MATH/PW-05 Construction of Boundary wall in Mathbaria Colony of Mathbaria Upazila in C/W  Protection of Coastal Embankment of Polder No. 39/2D from the erosion of the Baleshwar River at Baro Machua Rocket Ghat in Mathbaria Upazila under Pirojpur District under Perojpur WD Division, BWDB, Perojpur.","Engineering services; Architectural, engineering, construction and related technical consultancy services; Integrated engineering services; Construction-related services; Architectural, engineering, construction and related technical consultancy services;","03-Aug-2026 16:30","16-Aug-2026 17:00","General Information: i). Contractors who are registered on the e-GP web portal and fulfill the qualification criteria stated in the Tender Document. ii). Contractors who are qualified as per PPR-2025 and its amendments and any other government rules applicable. iii). The work may be dropped, quantity may be increased/ decreased. No claim for cancellation or extra rate for increased/ decreased quantity will be entertained. iv). Payment will be made only subject to the availability of fund. No claim for extra payment due to delay of payment will be entertained. Other Qualifications: i). The minimum number of years of general experience of the Tenderer in the construction works shall be 05 years. ii). The minimum specific experience as a Prime Contractor or Subcontractor or Management Contractor in construction works of at least 01 contract(s) of similar nature, complexity and methods/construction technology (i.e. Construction of boundary wall)successfully completed within the last 5 years. iii). The required average annual construction turnover shall have the last 05 years. iv). The minimum amount of liquid assets or working capital or credit facilities issuing date must be 14 days before of tender submission date. In case of Credit Certificate issuing from the bank, specific Tender ID Number, package Number & Name of the work must be shown in the certificate along with document of credit facilities.","Construction of Boundary wall in Mathbaria Colony of Mathbaria Upazila in C/W Protection of Coastal Embankment of Polder No. 39/2D from the erosion of the Baleshwar River at Baro Machua Rocket Ghat in Mathbaria Upazila under Pirojpur District under Perojpur WD Division, BWDB, Perojpur.","Lot wise","Package wise","Package wise","1000","Payment through Bank","13-Dec-2026","13-Dec-2026","1","Construction of Boundary wall in Mathbaria Colony of Mathbaria Upazila in C/W  Protection of Coastal Embankment of Polder No. 39/2D from the erosion of the Baleshwar River at Baro Machua Rocket Ghat in Mathbaria Upazila under Pirojpur District under Perojpur WD Division, BWDB, Perojpur.","Mathbaria Upazilla","50000","14-Sep-2026","30-Jun-2027","Nusaeir Hossain","Executive Engineer","Address : Rajarhat, Perojpur Pourosava City : Perojpur Thana : Pirojpur Sadar District : Perojpur - 8500 Country : Bangladesh","Rajarhat, Perojpur Pourosava","Perojpur","Pirojpur Sadar","Perojpur - 8500","0461-62301","Not Found","https://www.eprocure.gov.bd/resources/common/ViewTender.jsp?id=1313271"
"Ministry of Energy","Power and Mineral Resources","Power Grid Bangladesh PLC","Grid Maintenance Division, Chattogram South","017","Chattogram","Works","NCT","TENDER","Tender - Single Lot","27.21.0000.000.678.07.001.26.519,  Date: 02/08/202","228278","1314568","Open Tendering Method (OTM)","Own Fund","Own Fund","Not applicable","Not applicable","678/GMD/26-27/DOHAZARI/01 Cutting Jungle and Shrub including removing these from switch yard area of Dohazari 132/33 KV Grid Substation on annual basis for FY: 2026-2027 under Power Grid, GMD, Chattogram (South).","Sewage- and refuse-disposal services, sanitation and environmental services; Sewage and refuse collection and disposal services; Sewage services; Refuse services; Cleaning and sanitation services in urban or rural areas, and related services; Street-cleaning services; Gully-cleaning services; Asbestos removal services; Deleading services; Disinfecting and exterminating services in urban or rural areas; Beach cleaning services; Environmental and ecological services; Environmental services; Ecological services;","03-Aug-2026 16:15","17-Aug-2026 13:00","As per TDS","Cutting Jungle and Shrub including removing these from switch yard area of Dohazari 132/33 KV Grid Substation on annual basis for FY: 2026-2027 under Power Grid, GMD, Chattogram (South).","Lot wise","Package wise","Package wise","500","Payment through Bank","13-Dec-2026","13-Dec-2026","1","Cutting Jungle and Shrub including removing these from switch yard area of Dohazari 132/33 KV Grid Substation on annual basis for FY: 2026-2027 under Power Grid, GMD, Chattogram (South).","Dohazari 132-33 KV Grid Substation","5500","01-Oct-2026","30-Sep-2027","A,S.,M, Kaes Uddin","Executive Engineer","Address : GMD, Chittagong-South, Modunaghat, Chittagong-4337 City : Chittagong Thana : Hathazari District : Chattogram - 4337 Country : Bangladesh","GMD, Chittagong-South, Modunaghat, Chittagong-4337","Chittagong","Hathazari","Chattogram - 4337","031-670306","Not Found","https://www.eprocure.gov.bd/resources/common/ViewTender.jsp?id=1314568"
"Ministry of Energy","Power and Mineral Resources","Power Grid Bangladesh PLC","Grid Maintenance Division, Chattogram South","017","Chattogram","Works","NCT","TENDER","Tender - Single Lot","27.21.0000.000.678.07.001.26.517 , Date: 02/08/202","228278","1314570","Open Tendering Method (OTM)","Own Fund","Own Fund","Not applicable","Not applicable","678/GMD/26-27/MATARBARI/01 Cleaning control room, stairs & toilets therein, switch yard & internal roads, parking area daily on annual basis  and cutting jungle & shrub in Matarbari 132/33 KV Grid Substation for FY: 2026-2027 under Power Grid, GMD, Chattogram (South).","Sewage- and refuse-disposal services, sanitation and environmental services;Sewage and refuse collection and disposal services;Sewage services;Refuse services;Cleaning and sanitation services in urban or rural areas, and related services;Street-cleaning services;Gully-cleaning services;Asbestos removal services;Deleading services;Disinfecting and exterminating services in urban or rural areas;Beach cleaning services;Environmental and ecological services;Environmental services;Ecological services","03-Aug-2026 16:10","17-Aug-2026 13:00","As per TDS","Cleaning control room, stairs & toilets therein, switch yard & internal roads, parking area daily on annual basis and cutting jungle & shrub in Matarbari 132/33 KV Grid Substation for FY: 2026-2027 under Power Grid, GMD, Chattogram (South).","Lot wise","Package wise","Package wise","500","Payment through Bank","13-Dec-2026","13-Dec-2026","1","Cleaning control room, stairs & toilets therein, switch yard & internal roads, parking area daily on annual basis  and cutting jungle & shrub in Matarbari 132/33 KV Grid Substation for FY: 2026-2027 under Power Grid, GMD, Chattogram (South).","Matarbari 132-33 KV Grid Substation","15000","01-Sep-2026","31-Aug-2027","A,S.,M, Kaes Uddin","Executive Engineer","Address : GMD, Chittagong-South, Modunaghat, Chittagong-4337 City : Chittagong Thana : Hathazari District : Chattogram - 4337 Country : Bangladesh","GMD, Chittagong-South, Modunaghat, Chittagong-4337","Chittagong","Hathazari","Chattogram - 4337","031-670306","Not Found","https://www.eprocure.gov.bd/resources/common/ViewTender.jsp?id=1314570"
"Ministry of Industries","","Bangladesh Sugar and Food Industries Corporation (BSFIC)","Civil Department, BSFIC, Head office, Dhaka","36.04.0000.030.","Dhaka","Services","NCT","REOI","","","222252","1314639","Selection under a Fixed Budget (SFB)","Own Fund","Own Fund","Not applicable","Not applicable","36.04.0000.030.07.007.25/S-01 Consultancy Services for Completion of Design and Preparation of Detailed Drawings for the New Foreign Liquor Branch Building with Electro-Mechanical Services for the Distillery Unit of Carew & Co. (BD) Ltd. under BSFIC.","Architectural, engineering, construction, legal, accounting and other professional services;Legal, accounting, auditing, business, management and related services;Legal services;Accounting, auditing and fiscal services;Market research, public-opinion polling and related services;Business and management consultancy and related services;Management holdings services;Architectural, engineering, construction and related technical consultancy services;Technical consultancy services;Architectural and related services;Engineering services;Integrated engineering services;Urban planning and landscape architectural services;Construction-related services;Engineering-related scientific and technical services;Testing, inspection, analysis, monitoring and control services;Technical testing and analysis services;Monitoring and control services;Advertising and marketing services;Advertising services;Marketing services;Labour recruitment and provision of personnel services.;Placement services of personnel.;Supply services of personnel.;Recruitment services.;Personnel services except placement and supply services;Investigation and security services;Security services;Investigation services;Cleaning services;Accommodation cleaning services;Industrial cleaning services;Specialised cleaning services;Miscellaneous cleaning services;Office cleaning services;School cleaning services;Miscellaneous business and business-related services;Photographic and ancillary services;Packaging and related services;Secretarial and related services;Specialty design services;Collection agency services;Exhibition, fair and congress organisation services;Miscellaneous business-related services","","","As per TOR and Minimum 15 years of relevant professional experience in architectural, structural, and multidisciplinary engineering consultancy services. Proven experience in the architectural and structural design of Foreign Liquor, Extra Neutral Alcohol (ENA), distillery, or similar industrial buildings/factories, including associated electrical, electro-mechanical, piping/pipe-lining, blending VAT, storage, laboratory, utility, waste disposal, gate, and security systems. Successful completion of at least one similar project within the last five years for a Government, Autonomous, or Private Sector organization. Successful completion of at least one consultancy contract valued at BDT 50,00,000/- (Taka Fifty Lakh) or above within the last five years in the Public or Private Sector. Experience in industrial building planning, architectural/structural design, and preparation of detailed design drawings will be considered an added advantage. Demonstrated overall experience, technical capacity, qualified key professionals, and adequate logistical resources to undertake the assignment. Submission of valid legal and statutory documents, including Trade License, RJSC registration (where applicable), Firm Profile/Brochure, TIN/Tax Clearance, VAT and BIN certificates. Submission of a Bank Solvency Certificate and audited financial statements for the last three years. The firm's average annual turnover for the last three financial years must be at least BDT 1,00,00,000/- (Taka One Crore) .","Consultancy Services for Completion of Design and Preparation of Detailed Drawings for the New Foreign Liquor Branch Building with Electro-Mechanical Services for the Distillery Unit of Carew & Co. (BD) Ltd. under BSFIC.","Package wise","","","","","","","","","CHINISHILPA BHABAN","","01-Sep-2026","29-Oct-2026","MD. SHAHINUL ISLAM","General Manager-Civil","Address : HEAD OFFICE : CHINISHILPA BHABAN, 3, DILKUSHA C/A, DHAKA-1000. City : Dhaka Thana : Dhaka South City Corporation District : Dhaka - 1000 Country : Bangladesh","HEAD OFFICE : CHINISHILPA BHABAN, 3, DILKUSHA C/A, DHAKA-1000.","Dhaka","Dhaka South City Corporation","Dhaka - 1000","02-23357158","2500000.00,SFB","https://www.eprocure.gov.bd/resources/common/ViewTender.jsp?id=1314639"
"Ministry of Local Government","Rural Development and Co-operatives","Zilla Parishad, Jhenaidah","Office Of the Zilla Parishad, Jhenaidah","","Jhenaidah","Works","NCT","TENDER","Tender - Single Lot","E-GP Tender 07/2025-2026 Gr-02","225703","1314381","Open Tendering Method (OTM)","Own Fund","Own Fund","Not applicable","Not applicable","E-GP Tender 07/2025-2026 Gr-02 Estimate Supply of furniture for the office room of the Administrato, Jhenaidah. Zila parishad - Jhenaidah.","Construction work;Site preparation work;Building demolition and wrecking work and earthmoving work;Test drilling and boring work;Works for complete or part construction and civil engineering work;Building construction work;Engineering works and construction works;Construction work for pipelines, communication and power lines, for highways, roads, airfields and railways; flatwork;Construction work for water projects;Construction works for plants, mining and manufacturing and for buildings relating to the oil and gas industry;Roof works and other special trade construction works;Building installation work;Electrical installation work;Insulation work;Plumbing and sanitary works;Fencing, railing and safety equipment installation work;Mechanical installations;Building completion work;Plastering work;Joinery and carpentry installation work;Floor and wall covering work;Painting and glazing work;Other building completion work;Hire of construction and civil engineering machinery and equipment with operator;Hire of cranes with operator;Hire of earthmoving equipment with operator","03-Aug-2026 16:00","16-Aug-2026 16:00","As Per TDS","E-GP Tender 07/2025-2026 Gr-02 Estimate Supply of furniture for the office room of the Administrato, Jhenaidah. Zila parishad - Jhenaidah.","Lot wise","Package wise","Package wise","1000","Payment through Bank","12-Jan-2027","12-Jan-2027","01","Estimate Supply of furniture for the office room of the Administrato, Jhenaidah. Zila parishad - Jhenaidah.","Jhenaidah District","49700","15-Sep-2026","14-Oct-2026","SHAMIM HOSEN","Assistant Engineer","Address : Zilla Parishad, Jhenaidah City : jhenaidah Thana : Jhenaidah Sadar District : Jhenaidah - 7300 Country : Bangladesh","Zilla Parishad, Jhenaidah","jhenaidah","Jhenaidah Sadar","Jhenaidah - 7300","0451-63015","1990000.00,OTM","https://www.eprocure.gov.bd/resources/common/ViewTender.jsp?id=1314381"
"Ministry of Local Government","Rural Development and Co-operatives","Zilla Parishad, Jhenaidah","Office Of the Zilla Parishad, Jhenaidah","","Jhenaidah","Works","NCT","TENDER","Tender - Single Lot","E-GP Tender 07/2025-2026 Gr-01","225703","1314380","Open Tendering Method (OTM)","Own Fund","Own Fund","Not applicable","Not applicable","E-GP Tender 07/2025-2026 Gr-01 Estimate  Interior work for the office room of the Administrator, Jhenaidah. Zila parishad - Jhenaidah.","Construction work;Site preparation work;Building demolition and wrecking work and earthmoving work;Test drilling and boring work;Works for complete or part construction and civil engineering work;Building construction work;Engineering works and construction works;Construction work for pipelines, communication and power lines, for highways, roads, airfields and railways; flatwork;Construction work for water projects;Construction works for plants, mining and manufacturing and for buildings relating to the oil and gas industry;Roof works and other special trade construction works;Building installation work;Electrical installation work;Insulation work;Plumbing and sanitary works;Fencing, railing and safety equipment installation work;Mechanical installations;Building completion work;Plastering work;Joinery and carpentry installation work;Floor and wall covering work;Painting and glazing work;Other building completion work;Hire of construction and civil engineering machinery and equipment with operator;Hire of cranes with operator;Hire of earthmoving equipment with operator","03-Aug-2026 16:00","16-Aug-2026 16:00","As Per TDS","E-GP Tender 07/2025-2026 Gr-01 Estimate Interior work for the office room of the Administrator, Jhenaidah. Zila parishad - Jhenaidah","Lot wise","Package wise","Package wise","1500","Payment through Bank","12-Jan-2027","12-Jan-2027","01","Estimate  Interior work for the office room of the Administrator, Jhenaidah. Zila parishad - Jhenaidah.","Jhenaidah District","117000","15-Sep-2026","14-Oct-2026","SHAMIM HOSEN","Assistant Engineer","Address : Zilla Parishad, Jhenaidah City : jhenaidah Thana : Jhenaidah Sadar District : Jhenaidah - 7300 Country : Bangladesh","Zilla Parishad, Jhenaidah","jhenaidah","Jhenaidah Sadar","Jhenaidah - 7300","0451-63015","4682000.00,OTM","https://www.eprocure.gov.bd/resources/common/ViewTender.jsp?id=1314380"
"Ministry of Health and Family Welfare","Health Services Division","Directorate General of Health Services (DGHS)","Feni 250 Bed District Sadar Hospital, Feni","","Feni","Goods","NCT","TENDER","Tender - Single Lot","FGH/Admin/2026/1357","228002","1314599","Open Tendering Method (OTM)","Revenue","Government","Not applicable","Not applicable","FGH/Equipment/2026-27/G-16 Procurement of Medical Equipment for the F.Y. 2026-2027 at 250 Beded General Hospital Feni.","Office and computing machinery, equipment and supplies; Medical and laboratory devices, optical and precision devices, watches and clocks, pharmaceuticals and related medical consumables;Office machinery, equipment and supplies except computers;Word-processing machines;Photocopying and printing equipment;Post-office equipment;Calculating and accounting machines;Typewriters;Parts and accessories of typewriters and calculating machines;Various office equipment and supplies;Computer equipment and supplies;Data-processing machines;Digital cartography equipment;Computer hardware;Software;Computer systems;Servers;Medical devices;Imaging equipment for medical, dental and veterinary use;Functional exploration;Dentistry;Medical non-chemical consumables and haematological consumables;Therapy;Operating techniques;Anaesthesia and resuscitation;Functional support;Miscellaneous medical devices;Instruments and appliances for measuring, checking, testing and navigating;Navigational, meteorological, geological and geophysical instruments;Remote-control equipment;Precision balances, instruments for drawing, calculating and measuring length;Instruments for measuring quantities;Instruments for checking physical characteristics;Checking and testing apparatus;Regulating and controlling instruments and apparatus;Non-medical equipment based on the use of radiations;Industrial process control equipment;Optical instruments;Spectacles and lenses;Polarising material;Astronomical and optical instruments;Liquid crystal devices;Photographic equipment;Horological instruments;Watches and clocks","03-Aug-2026 16:00","16-Aug-2026 16:00","As Per TDS & PCC","Procurement of Medical Equipment for the F.Y. 2026-2027 at 250 Beded General Hospital Feni.","Lot wise","Package wise","Package wise","1500","Payment through Bank","13-Dec-2026","13-Dec-2026","1","Procurement of Medical Equipment for the F.Y. 2026-2027 at 250 Beded General Hospital Feni.","250 Beded General Hospital Feni","75000","01-Oct-2026","31-Dec-2026","DR. MOHAMMED MOBARAK HOSSAIN","Superintendent","Address : Feni 250 Bed District Sadar Hospital, Feni City : Feni Thana : Feni Sadar District : Feni - 3900 Country : Bangladesh","Feni 250 Bed District Sadar Hospital, Feni","Feni","Feni Sadar","Feni - 3900","0233-7734069","Not Found","https://www.eprocure.gov.bd/resources/common/ViewTender.jsp?id=1314599"
"Ministry of Health and Family Welfare","Health Services Division","Directorate General of Health Services (DGHS)","Feni 250 Bed District Sadar Hospital, Feni","","Feni","Goods (Framework Agreement)","NCT","TENDER","Tender - Single Lot","FGH/Admin/2026/1357","228002","1313450","Open Tendering Method (OTM)","Revenue","Government","Not applicable","Not applicable","FGH/Chemical Reagent/2026-27/G-9 Procurement of Chemical Reagent (Lot-1) for the F.Y. 2026-2027 at 250 Beded General Hospital Feni.","Chemicals, chemical products and man-made fibres;Chemicals;Gases;Dyes and pigments;Basic inorganic chemicals;Basic organic chemicals;Fertilisers and nitrogen compounds;Plastics in primary forms;Synthetic rubber;Enzymes;Agro-chemical products;Pesticides;Insecticides;Herbicides;Plant-growth regulators;Disinfectants;Rodenticides;Fungicides;Paints, varnishes, printing ink and mastics;Paints;Varnishes;Ink;Mastics, fillers, putty;Solvents;Medicinal products;Medicinal products for the alimentary tract and metabolism;Medicinal products for the blood, blood-forming organs and the cardiovascular system;Medicinal products for dermatology and the musculo-skeletal system;Medicinal products for the genitourinary system and hormones;General anti-infectives for systemic use, vaccines, antineoplastic and immunodulating agents;Medicinal products for the nervous system and sensory organs;Medicinal products for the respiratory system;Various medicinal products;Glycerol, soaps, detergents, cleaning and polishing preparations, perfumes and toilet preparations;Glycerol;Perfumes and toiletries;Explosives and fine chemical products;Prepared explosives;Glues;Essential oils;Photographic chemicals;Unrecorded media;Specialised chemical products;Man-made fibres;Synthetic fibres;Artificial fibres;Various chemical products;Radiator fluids;Water-treatment chemicals;Anti-corrosion products","03-Aug-2026 16:00","17-Aug-2026 16:00","As Per TDS & PCC","Procurement of Chemical Reagent (Lot-1) for the F.Y. 2026-2027 at 250 Beded General Hospital Feni.","Lot wise","Package wise","Package wise","2500","Payment through Bank","14-Dec-2026","14-Dec-2026","1","Procurement of Chemical Reagent (Lot-1) for the F.Y. 2026-2027 at 250 Beded General Hospital Feni.","250 Beded General Hospital Feni","365000","01-Sep-2026","15-Oct-2026","DR. MOHAMMED MOBARAK HOSSAIN","Superintendent","Address : Feni 250 Bed District Sadar Hospital, Feni City : Feni Thana : Feni Sadar District : Feni - 3900 Country : Bangladesh","Feni 250 Bed District Sadar Hospital, Feni","Feni","Feni Sadar","Feni - 3900","0233-7734069","Not Found","https://www.eprocure.gov.bd/resources/common/ViewTender.jsp?id=1313450"
"Ministry of Health and Family Welfare","Health Services Division","Directorate General of Health Services (DGHS)","Feni 250 Bed District Sadar Hospital, Feni","","Feni","Goods (Framework Agreement)","NCT","TENDER","Tender - Single Lot","FGH/Admin/2026/1357","228002","1313451","Open Tendering Method (OTM)","Revenue","Government","Not applicable","Not applicable","FGH/Chemical Reagent/2026-27/G-10 Procurement of Chemical Reagent (Lot-2) for the F.Y. 2026-2027 at 250 Beded General Hospital Feni.","Chemicals, chemical products and man-made fibres;Chemicals;Gases;Dyes and pigments;Basic inorganic chemicals;Basic organic chemicals;Fertilisers and nitrogen compounds;Plastics in primary forms;Synthetic rubber;Enzymes;Agro-chemical products;Pesticides;Insecticides;Herbicides;Plant-growth regulators;Disinfectants;Rodenticides;Fungicides;Paints, varnishes, printing ink and mastics;Paints;Varnishes;Ink;Mastics, fillers, putty;Solvents;Medicinal products;Medicinal products for the alimentary tract and metabolism;Medicinal products for the blood, blood-forming organs and the cardiovascular system;Medicinal products for dermatology and the musculo-skeletal system;Medicinal products for the genitourinary system and hormones;General anti-infectives for systemic use, vaccines, antineoplastic and immunodulating agents;Medicinal products for the nervous system and sensory organs;Medicinal products for the respiratory system;Various medicinal products;Glycerol, soaps, detergents, cleaning and polishing preparations, perfumes and toilet preparations;Glycerol;Perfumes and toiletries;Explosives and fine chemical products;Prepared explosives;Glues;Essential oils;Photographic chemicals;Unrecorded media;Specialised chemical products;Man-made fibres;Synthetic fibres;Artificial fibres;Various chemical products;Radiator fluids;Water-treatment chemicals;Anti-corrosion products","03-Aug-2026 16:00","17-Aug-2026 16:00","As Per TDS & PCC","Procurement of Chemical Reagent (Lot-2) for the F.Y. 2026-2027 at 250 Beded General Hospital Feni.","Lot wise","Package wise","Package wise","2500","Payment through Bank","14-Dec-2026","14-Dec-2026","1","Procurement of Chemical Reagent (Lot-2) for the F.Y. 2026-2027 at 250 Beded General Hospital Feni.","250 Beded General Hospital Feni","365000","01-Oct-2026","31-Dec-2026","DR. MOHAMMED MOBARAK HOSSAIN","Superintendent","Address : Feni 250 Bed District Sadar Hospital, Feni City : Feni Thana : Feni Sadar District : Feni - 3900 Country : Bangladesh","Feni 250 Bed District Sadar Hospital, Feni","Feni","Feni Sadar","Feni - 3900","0233-7734069","Not Found","https://www.eprocure.gov.bd/resources/common/ViewTender.jsp?id=1313451"
"Ministry of Road Transport and Bridges","Road Transport and Highways Division","Roads & Highways Department (RHD)","Chattogram South Road Division","doh001","Chattogram","Goods","NCT","TENDER","Tender - Single Lot","e-GP/EE/CSRD/OTM/Supply/03/2026-2027","228171","1314711","Open Tendering Method (OTM)","Revenue","Government","Not applicable","Not applicable","e-GP/EE/CSRD/OTM/Supply/03/2026-2027 Supplying of Asphalt Materials (DBS Wearing Course) for Routine Maintenance work at 252nd KM to 269th KM of Dhaka (Jatrabari) Cumilla (Moynamoti)- Chattogram- Cox's Bazar- Teknaf Road (N-1)  of Patiya Road Sub-Division under Chattogram South Road Division during the year 2026-2027.","Construction materials and associated items; Fabricated products and materials;Construction materials;Road furniture;Sewer mains;Steel products related to construction materials;Oil country tubular goods;Pipeline, piping, pipes, casing, tubing and related items","03-Aug-2026 15:45","12-Aug-2026 16:00","1. Any / All tenderers who have registered in e-GP system may participate in the tender provided that they fulfill the criteria as stated in Tender Document N.B: i) Tenderers are requested to fill different Tender Forms (Section 5: Tender and Contract Forms) properly with necessary information and by uploading necessary document(s), which will considered for tender evaluation. ii) Unnecessary / Excess document(s) are discouraged to upload/attach.","Supplying of Asphalt Materials (DBS Wearing Course) for Routine Maintenance work at 252nd KM to 269th KM of Dhaka (Jatrabari) Cumilla (Moynamoti)- Chattogram- Cox's Bazar- Teknaf Road (N-1) of Patiya Road Sub-Division under Chattogram South Road Division during the year 2026-2027.","Lot wise","Package wise","Package wise","1500","Payment through Bank","07-Feb-2027","07-Feb-2027","01","Supplying of Asphalt Materials (DBS Wearing Course) for Routine Maintenance work at 252nd KM to 269th KM of Dhaka (Jatrabari) Cumilla (Moynamoti)- Chattogram- Cox's Bazar- Teknaf Road (N-1)  of Patiya Road Sub-Division under Chattogram South Road Division during the year 2026-2027.","N-1","65000","01-Sep-2026","30-Sep-2026","Pintu Chakma","Executive Engineer","Address : Chattogram South Road Division, Sarak Bhaban, Dohazari City : Chattogram Thana : Chandanish District : Chattogram - 0000 Country : Bangladesh","Chattogram South Road Division, Sarak Bhaban, Dohazari","Chattogram","Chandanish","Chattogram - 0000","031-35022","Not Found","https://www.eprocure.gov.bd/resources/common/ViewTender.jsp?id=1314711"
"Ministry of Road Transport and Bridges","Road Transport and Highways Division","Roads & Highways Department (RHD)","Chattogram South Road Division","doh001","Chattogram","Goods","NCT","TENDER","Tender - Single Lot","e-GP/EE/CSRD/OTM/Supply/02/2026-2027","228171","1314710","Open Tendering Method (OTM)","Revenue","Government","Not applicable","Not applicable","e-GP/EE/CSRD/OTM/Supply/02/2026-2027 Supplying of 1st Class Bricks, Stone Chips, Local Sand, Empty Gunny Bags, Road Marking Paint, Thiner, Paint, Geo-Bag & Firewood for use in Road Maintenance work at different Roads at RHD Dohazari Stack-yard under Chattogram South Road Division during the Year 2026-2027.","Construction materials and associated items; Fabricated products and materials; Construction materials; Road furniture; Sewer mains; Steel products related to construction materials; Oil country tubular goods; Pipeline, piping, pipes, casing, tubing and related items;","03-Aug-2026 15:25","12-Aug-2026 16:00","1. Any / All tenderers who have registered in e-GP system may participate in the tender provided that they fulfill the criteria as stated in Tender Document N.B: i) Tenderers are requested to fill different Tender Forms (Section 5: Tender and Contract Forms) properly with necessary information and by uploading necessary document(s), which will considered for tender evaluation. ii) Unnecessary / Excess document(s) are discouraged to upload/attach.","Supplying of 1st Class Bricks, Stone Chips, Local Sand, Empty Gunny Bags, Road Marking Paint, Thiner, Paint, Geo-Bag & Firewood for use in Road Maintenance work at different Roads at RHD Dohazari Stack-yard under Chattogram South Road Division during the Year 2026-2027.","Lot wise","Package wise","Package wise","1500","Payment through Bank","07-Feb-2027","07-Feb-2027","01","Supplying of 1st Class Bricks, Stone Chips, Local Sand, Empty Gunny Bags, Road Marking Paint, Thiner, Paint, Geo-Bag & Firewood for use in Road Maintenance work at different Roads at RHD Dohazari Stack-yard under Chattogram South Road Division during the Year 2026-2027.","Dohazari Road Sub-Division","65000","01-Sep-2026","30-Sep-2026","Pintu Chakma","Executive Engineer","Address : Chattogram South Road Division, Sarak Bhaban, Dohazari City : Chattogram Thana : Chandanish District : Chattogram - 0000 Country : Bangladesh","Chattogram South Road Division, Sarak Bhaban, Dohazari","Chattogram","Chandanish","Chattogram - 0000","031-35022","Not Found","https://www.eprocure.gov.bd/resources/common/ViewTender.jsp?id=1314710"
"Ministry of Energy","Power and Mineral Resources","Meghna Petroleum Limited","Operation Division","","Chattogram","Goods","NCT","TENDER","Tender - Single Lot","PUR: 001 (2026-27)","227306","1310246","Open Tendering Method (OTM)","Own Fund","Own Fund","Not applicable","Not applicable","Purchase : 005_2026-27 Procurement of Printing Stationery for Office Service Section, A&F Department at Head Office, Ctg.","Printing services for stationery; Printing services;","03-Aug-2026 15:10","16-Aug-2026 17:00","As per TDS","Procurement of Printing Stationery for Office Service Section, A&F Department at Head Office, Ctg.","Lot wise","Package wise","Package wise","500","Payment through Bank","13-Dec-2026","13-Dec-2026","1","Procurement of Printing Stationery for Office Service Section, A&F Department at Head Office, Ctg.","Office Service Section A and F Department 59 Agrabad CA Chattogram","19000","29-Sep-2026","29-Oct-2026","Md. Mujibur Rahman Chowdhury","DGM(Ops.), Additional Charge","Address : Meghna Petroleum Limited, 58-59, Agrabad Commercial Area, Chattogram. City : Chattogram Thana : Chattogram City Corporation District : Chattogram - 4100 Country : Bangladesh","Meghna Petroleum Limited, 58-59, Agrabad Commercial Area, Chattogram.","Chattogram","Chattogram City Corporation","Chattogram - 4100","02-333311484","Not Found","https://www.eprocure.gov.bd/resources/common/ViewTender.jsp?id=1310246"
"Ministry of Energy","Power and Mineral Resources","Meghna Petroleum Limited","Operation Division","","Chattogram","Goods","NCT","TENDER","Tender - Single Lot","PUR: 003 (2026-27)","227306","1310247","Open Tendering Method (OTM)","Own Fund","Own Fund","Not applicable","Not applicable","Ops : 020_2026-27 PROCUREMENT OF STATIONERY ITEMS (BALL POINT PEN, STAPLER PIN, PIN REMOVER, PACKING TAPE, PAPER, CARBON, STAMP PAD ETC.) FOR MI, CTG AND UP COUNTRY DEPOTS","Paper stationery and other items; Paper or paperboard articles;","03-Aug-2026 15:10","16-Aug-2026 17:00","As per TDS","PROCUREMENT OF STATIONERY ITEMS (BALL POINT PEN, STAPLER PIN, PIN REMOVER, PACKING TAPE, PAPER, CARBON, STAMP PAD ETC.) FOR MI, CTG AND UP COUNTRY DEPOTS","Lot wise","Package wise","Package wise","500","Payment through Bank","13-Dec-2026","13-Dec-2026","1","PROCUREMENT OF STATIONERY ITEMS (BALL POINT PEN, STAPLER PIN, PIN REMOVER, PACKING TAPE, PAPER, CARBON, STAMP PAD ETC.) FOR MI, CTG AND UP COUNTRY DEPOTS","Store House, Main Insstallation, Guptokhal, Patenga, Chattogram","27000","29-Sep-2026","20-Oct-2026","Md. Mujibur Rahman Chowdhury","DGM(Ops.), Additional Charge","Address : Meghna Petroleum Limited, 58-59, Agrabad Commercial Area, Chattogram. City : Chattogram Thana : Chattogram City Corporation District : Chattogram - 4100 Country : Bangladesh","Meghna Petroleum Limited, 58-59, Agrabad Commercial Area, Chattogram.","Chattogram","Chattogram City Corporation","Chattogram - 4100","02-333311484","Not Found","https://www.eprocure.gov.bd/resources/common/ViewTender.jsp?id=1310247"
"Ministry of Energy","Power and Mineral Resources","Meghna Petroleum Limited","Operation Division","","Chattogram","Goods","NCT","TENDER","Tender - Single Lot","PUR: 002 (2026-2027)","227306","1310093","Open Tendering Method (OTM)","Own Fund","Own Fund","Not applicable","Not applicable","OPS: 019_2026-2027 PROCUREMENT OF NEW DRUM.","Basic iron and steel; Basic metals;","03-Aug-2026 15:10","16-Aug-2026 17:00","As per TDS","PROCUREMENT OF NEW DRUM.","Lot wise","Package wise","Package wise","2500","Payment through Bank","13-Dec-2026","13-Dec-2026","1","PROCUREMENT OF NEW DRUM.","Main Installation Patenga Chattogram","250000","19-Oct-2026","15-Feb-2027","Md. Mujibur Rahman Chowdhury","DGM(Ops.), Additional Charge","Address : Meghna Petroleum Limited, 58-59, Agrabad Commercial Area, Chattogram. City : Chattogram Thana : Chattogram City Corporation District : Chattogram - 4100 Country : Bangladesh","Meghna Petroleum Limited, 58-59, Agrabad Commercial Area, Chattogram.","Chattogram","Chattogram City Corporation","Chattogram - 4100","02-333311484","Not Found","https://www.eprocure.gov.bd/resources/common/ViewTender.jsp?id=1310093"
"Ministry of Energy","Power and Mineral Resources","Meghna Petroleum Limited","Operation Division","","Chattogram","Goods","NCT","TENDER","Tender - Single Lot","PUR: 015 (2026-27)","227306","1310248","Open Tendering Method (OTM)","Own Fund","Own Fund","Not applicable","Not applicable","Purchase : 002_2026-27 Procurement of Office Stationery for Head Office, Ctg.","Paper stationery and other items; Paper or paperboard articles;","03-Aug-2026 15:10","16-Aug-2026 17:00","As per TDS","Procurement of Office Stationery for Head Office, Ctg.","Lot wise","Package wise","Package wise","1000","Payment through Bank","13-Dec-2026","13-Dec-2026","1","Procurement of Office Stationery for Head Office, Ctg.","Head Office, 58-59 Agrabad CA Chattogram","37000","29-Sep-2026","14-Oct-2026","Md. Mujibur Rahman Chowdhury","DGM(Ops.), Additional Charge","Address : Meghna Petroleum Limited, 58-59, Agrabad Commercial Area, Chattogram. City : Chattogram Thana : Chattogram City Corporation District : Chattogram - 4100 Country : Bangladesh","Meghna Petroleum Limited, 58-59, Agrabad Commercial Area, Chattogram.","Chattogram","Chattogram City Corporation","Chattogram - 4100","02-333311484","Not Found","https://www.eprocure.gov.bd/resources/common/ViewTender.jsp?id=1310248"
"Ministry of Education","Secondary and Higher Education Division","Education Engineering Department","Office of the Executive Engineer, EED, Gopalgonj, District.","46","Gopalganj","Goods","NCT","TENDER","Tender - Single Lot","37.07.0000.017.14.028.18/1330 Date: 26.07.2026","216243","1314929","Open Tendering Method (OTM)","Development","Government","5009","Development of Selected Non-Government Secondary Schools.","NGS/GD-01/2026-27 Manufacturing and Supplying of Furniture for Academic Building at Kumaria Junior High School Under Kashiani Upazila Gopalganj District.","Manufactured goods, furniture, handicrafts, special-purpose products and associated consumables;Furniture;Seats, chairs and associated parts;Non-domestic furniture;Domestic furniture;Miscellaneous furniture and equipment;School furniture;Jewellery and related articles;Coins and medals;Articles of jewellery;Musical instruments and parts;Musical instruments;Parts and accessories of musical instruments;Sports goods and equipment;Outdoor sports equipment;Gymnasium equipment;Games and toys; fairground amusements;Dolls;Toys;Articles for funfair, table or parlour games;Miscellaneous manufactured and other goods;Laundry supplies;School slates or boards with writing or drawing surfaces;Artificial products;Apparatus and equipment designed for demonstrational purposes;Umbrellas and sunshades; walking sticks and seat sticks;Funeral supplies;Kitchen equipment, household items and catering supplies;Barracks supplies;Consumables and consumer goods;Consumables;Tax-free goods;Disposable goods;Handicraft and art supplies;Handicraft supplies;Art supplies;Special-purpose product;Police equipment;Recycled products;Security devices;Animal ear tags;Compost boxes;Tokens;Spray booths;Snow poles","03-Aug-2026 15:00","19-Aug-2026 17:00","As Per TDS, PCC & ITT.","Manufacturing and Supplying of Furniture for Academic Building at Kumaria Junior High School Under Kashiani Upazila Gopalganj District.","Lot wise","Package wise","Package wise","1500","Payment through Bank","15-Jan-2027","15-Jan-2027","Single","Manufacturing and Supplying of Furniture for Academic Building at Kumaria Junior High School Under Kashiani Upazila Gopalganj District.","Kashiani Upazila Gopalganj District","85000","26-Nov-2026","25-May-2027","Md. Nafiz Akter","Executive Engineer","Address : District Education office, Gopalgonj Zone. Gopalgonj. City : Gopalgonj Thana : Gopalganj Sadar District : Gopalganj - 8100 Country : Bangladesh","District Education office, Gopalgonj Zone. Gopalgonj.","Gopalgonj","Gopalganj Sadar","Gopalganj - 8100","02-6685108","3500000.00,OTM","https://www.eprocure.gov.bd/resources/common/ViewTender.jsp?id=1314929"
"Ministry of Education","Secondary and Higher Education Division","Education Engineering Department","Office of the Executive Engineer, EED, Gopalgonj, District.","46","Gopalganj","Goods","NCT","TENDER","Tender - Single Lot","37.07.0000.017.14.028.18/1330 Date: 26.07.2026","216243","1314930","Open Tendering Method (OTM)","Development","Government","5009","Development of Selected Non-Government Secondary Schools.","NGS/GD-02/2026-27 Manufacturing and Supplying of Furniture for Academic Building at Paikkandi High School Under Sadar Upazila Gopalganj District.","Manufactured goods, furniture, handicrafts, special-purpose products and associated consumables;Furniture;Seats, chairs and associated parts;Non-domestic furniture;Domestic furniture;Miscellaneous furniture and equipment;School furniture;Jewellery and related articles;Coins and medals;Articles of jewellery;Musical instruments and parts;Musical instruments;Parts and accessories of musical instruments;Sports goods and equipment;Outdoor sports equipment;Gymnasium equipment;Games and toys; fairground amusements;Dolls;Toys;Articles for funfair, table or parlour games;Miscellaneous manufactured and other goods;Laundry supplies;School slates or boards with writing or drawing surfaces;Artificial products;Apparatus and equipment designed for demonstrational purposes;Umbrellas and sunshades; walking sticks and seat sticks;Funeral supplies;Kitchen equipment, household items and catering supplies;Barracks supplies;Consumables and consumer goods;Consumables;Tax-free goods;Disposable goods;Handicraft and art supplies;Handicraft supplies;Art supplies;Special-purpose product;Police equipment;Recycled products;Security devices;Animal ear tags;Compost boxes;Tokens;Spray booths;Snow poles","03-Aug-2026 15:00","19-Aug-2026 17:00","As Per TDS, PCC & ITT.","Manufacturing and Supplying of Furniture for Academic Building at Paikkandi High School Under Sadar Upazila Gopalganj District.","Lot wise","Package wise","Package wise","1500","Payment through Bank","15-Jan-2027","15-Jan-2027","Single","Manufacturing and Supplying of Furniture for Academic Building at Paikkandi High School Under Sadar Upazila Gopalganj District.","Sadar Upazila Gopalganj District","85000","26-Nov-2026","25-May-2027","Md. Nafiz Akter","Executive Engineer","Address : District Education office, Gopalgonj Zone. Gopalgonj. City : Gopalgonj Thana : Gopalganj Sadar District : Gopalganj - 8100 Country : Bangladesh","District Education office, Gopalgonj Zone. Gopalgonj.","Gopalgonj","Gopalganj Sadar","Gopalganj - 8100","02-6685108","3500000.00,OTM","https://www.eprocure.gov.bd/resources/common/ViewTender.jsp?id=1314930"
"Ministry of Energy","Power and Mineral Resources","The Coal Power Generation Company Bangladesh Limited (CPGCBL)","Superintending Engineer (Civil)","","Dhaka","Works","NCT","TENDER","Tender - Single Lot","27.32.0000.000.013.07.0014.26.0639;Date:03/08/26.","228431","1314127","Open Tendering Method (OTM)","Development","Government, Aid or Grant, Own fund","5093","Matarbari 2x600 MW Ultra Supercritical Coal Fired Power Project.","WD-11_Sub-Pkg: 9 Construction of Boundary wall around Township Area Under 2*600 MW MUSCCFPP","Construction work;Site preparation work;Building demolition and wrecking work and earthmoving work;Test drilling and boring work;Works for complete or part construction and civil engineering work;Building construction work;Engineering works and construction works;Construction work for pipelines, communication and power lines, for highways, roads, airfields and railways; flatwork;Construction work for water projects;Construction works for plants, mining and manufacturing and for buildings relating to the oil and gas industry;Roof works and other special trade construction works;Building installation work;Electrical installation work;Insulation work;Plumbing and sanitary works;Fencing, railing and safety equipment installation work;Mechanical installations;Building completion work;Plastering work;Joinery and carpentry installation work;Floor and wall covering work;Painting and glazing work;Other building completion work;Hire of construction and civil engineering machinery and equipment with operator;Hire of cranes with operator;Hire of earthmoving equipment with operator","03-Aug-2026 15:00","30-Aug-2026 17:00","The minimum number of years of general experience of the Tenderer in the construction works as Prime Contractor or Subcontractor or Management Contractor shall be Three (3) years. [years counting backward from the date of publication of IFT in the newspaper] The minimum specific experience as a Prime Contractor or Subcontractor or Management Contractor in construction works under public sector of at least One (1) contract of similar nature, complexity and methods/construction technology in public sector successfully completed within the last Five (5) years, each with a value of at least Tk. Five (5) Crore only. [years counting backward from the date of publication of IFT in the newspaper] The required average annual construction turnover under public sector shall be greater than Tk. Twenty-one (21) Crore over the best Three (3) financial years in the last Five (5) financial years. [years counting backward from the date of publication of IFT in the newspaper] The minimum amount of financial resources as liquid asset or working capital or credit line(s) or specific credit commitment or in any combination of them, of the Tenderers shall be Tk. Eight (8) Crore. Work Completion Certificate shall be submitted by the Tenderer as a proof of similar works Experience. Work Completion Certificate must be issued by the Procuring Entity (Procuring Entity means any Government/Semi Government/Autonomous/Corporate Body or Agency). Work Completion Certificate issued by any Non-Government Procuring Entity (Private Company/Firm) shall not be considered. i.e., Non-Government or Private Experience shall not be considered. The Tenderer shall have updated Trade License, Tax Payment related document, VAT Registration Certificate.","“Construction of Boundary Wall/Fence around Township Area Under 2*600 MW MUSCCFPP” Package includes: (i) Earth work; (ii) Reinforced Cement Concrete (RCC) works; (iii) Fair Face Concrete works; (iv) Fencing Work; (v) Supply & Installation of Steel Gate; (vi) Hot Rolled Steel Section works etc. (vii) Painting works etc.","Lot wise","Package wise","Package wise","4000","Payment through Bank","26-Jan-2027","26-Jan-2027","1","Construction of Boundary wall around Township Area Under 2*600 MW MUSCCFPP","Township Area of Matarbari Coal Based Power Plant, Matarbari, Moheshkhali, Cox's Bazar.","1800000","01-Oct-2026","30-Dec-2026","MD. MAHMUD ALAM","Superintendent Engineer (Civil)","Address : Unique Heights (Level-17), 117, Kazi Nazrul Islam Avenue, Eskaton Garden, Dhaka-1217 City : Dhaka Thana : Dhaka South City Corporation District : Dhaka - 1217 Country : Bangladesh","Unique Heights (Level-17), 117, Kazi Nazrul Islam Avenue, Eskaton Garden, Dhaka-1217","Dhaka","Dhaka South City Corporation","Dhaka - 1217","02-55138183","Not Found","https://www.eprocure.gov.bd/resources/common/ViewTender.jsp?id=1314127"
"Ministry of Energy","Power and Mineral Resources","The Coal Power Generation Company Bangladesh Limited (CPGCBL)","Superintending Engineer (Civil)","","Dhaka","Goods","NCT","TENDER","Tender - Single Lot","27.32.0000.000.013.07.0013.26.0638;Date:03/08/26.","228431","1313942","Open Tendering Method (OTM)","Development","Government, Aid or Grant, Own fund","5093","Matarbari 2x600 MW Ultra Supercritical Coal Fired Power Project.","GD-16_RDPP Code-41112 Supply of Furniture for non-residential buildings of Township Development Project under 2*600 MW MUSCCFPP","Furniture; Manufactured goods, furniture, handicrafts, special-purpose products and associated consumables; Seats, chairs and associated parts; Non-domestic furniture; Domestic furniture; Miscellaneous furniture and equipment; School furniture;","03-Aug-2026 15:00","23-Aug-2026 17:00","(i) The minimum of years of general experience of the Tenderer in the supply of Goods and related services as Supplier shall be 03 (Three) years. (Years counting backward from the date of publication of IFT in the newspaper.) (ii) The minimum specific experience as Supplier in supply of similar Goods of at least 01 (one) contract successfully completed within the last 05 (Five) years, with a value of at least Tk. 2,50,00,000.00 (Two Crore Fifty Lakh) only. (iii) The minimum amount of financial resources as liquid asset or working capital or credit line(s) or specific credit commitment or in any combination of them, of the Tenderers shall be Tk. 3,50,00,000.00 (Three Crore Fifty Lakh) only. (iv) Completion Certificate shall be submitted by the Tenderer as a proof of specific Experience. (v) The Tenderer shall have valid Trade License, updated Tax Payment related document and VAT Registration Certificate (13 Digit BIN).","Supply of Furniture for Non-Residential Buildings of Township Development Project Under 2*600 MW MUSCCFPP; includes: Supply of Table, Chair, Office Cabinet, Sofa, Bed etc.","Lot wise","Package wise","Package wise","4000","Payment through Bank","19-Jan-2027","19-Jan-2027","1","Supply of Furniture for non-residential buildings of Township Development Project under 2*600 MW MUSCCFPP","Township Area of Matarbari Coal Based Power Plant, Matarbari, Moheshkhali, Cox's Bazar.","1000000","01-Oct-2026","30-Dec-2026","MD. MAHMUD ALAM","Superintendent Engineer (Civil)","Address : Unique Heights (Level-17), 117, Kazi Nazrul Islam Avenue, Eskaton Garden, Dhaka-1217 City : Dhaka Thana : Dhaka South City Corporation District : Dhaka - 1217 Country : Bangladesh","Unique Heights (Level-17), 117, Kazi Nazrul Islam Avenue, Eskaton Garden, Dhaka-1217","Dhaka","Dhaka South City Corporation","Dhaka - 1217","02-55138183","Not Found","https://www.eprocure.gov.bd/resources/common/ViewTender.jsp?id=1313942"
"Ministry of Railways","","Bangladesh Railway","Office of the Divisional Commercial Officer,Dhaka","","Dhaka","Works","NCT","TENDER","Tender - Single Lot","W.COM-01","227604","1314036","Open Tendering Method (OTM)","Revenue","Government","Not applicable","Not applicable","W. COM-01 Washing and ironing of bedding used by esteemed upper-class passengers on night trains operating within the Dhaka Division.","Washing and dry-cleaning services; Miscellaneous services;Laundry-collection services;Textile-cleaning services;Fur-products cleaning services;Colouring services;Pressing services;Dyeing services","03-Aug-2026 15:00","17-Aug-2026 13:00","1. The Tenderer shall have a minimum of 03 (three) years of general experience in providing laundry, washing, ironing, dry-cleaning, or similar services. 2. The Tenderer shall have specific experience of successfully completing at least one (01) contract of washing, ironing, laundry, or similar services with a value of not less than BDT 35.00 (Thirty-five) lakh under a single work order within the last 03 (three) years in any Government, Semi-Government, Autonomous, or Statutory Organization of Bangladesh. 3. The Tenderer shall submit copies of the Work Order/Contract Agreement and Satisfactory Completion Certificate/Experience Certificate issued by the Employer as evidence of the above experience. 4. The Tenderer shall possess a valid: a. Updated Trade License; b. TIN Certificate; c. VAT Registration Certificate (BIN); d. Income Tax Return Certificate; and e. Any other document required under the Tender Data Sheet (TDS). 5. The Tenderer shall have a valid ISO 9001:2015 Quality Management System Certification issued by an accredited certification body. 6. The Tenderer shall not be under declaration of ineligibility, debarment, or suspension by BPPA or any competent authority of the Government of Bangladesh. 7. The Tenderer shall satisfy all other qualification requirements specified in the Tender Data Sheet (TDS), General Conditions of Contract (GCC), Special Conditions of Contract (SCC), and other Tender Documents.","Washing and ironing of bedding used by esteemed upper-class passengers on night trains operating within the Dhaka Division.","Lot wise","Package wise","Package wise","1500","Payment through Bank","13-Dec-2026","13-Dec-2026","01","Washing and ironing of bedding used by esteemed upper-class passengers on night trains operating within the Dhaka Division.","DCO Office, Kamlapur, Dhaka","130000","23-Aug-2026","24-Aug-2027","Md Mohabbat Jan Chowdhury","DEN,DME,DSTE,DEE,DCO,DTO","Address : Railway Administrative Building, Kamalapur, Dhaka. City : Dhaka Thana : Dhaka South City Corporation District : Dhaka - 1217 Country : Bangladesh","Railway Administrative Building, Kamalapur, Dhaka.","Dhaka","Dhaka South City Corporation","Dhaka - 1217","02-9330522","Not Found","https://www.eprocure.gov.bd/resources/common/ViewTender.jsp?id=1314036"
"Ministry of Home Affairs","","Bangladesh Coast Guard Force","Logistics Directorate","","Dhaka","Goods","NCT","TENDER","Tender - Single Lot","44.08.2680.060.50.004.26.1262","227919","1311225","Open Tendering Method (OTM)","Revenue","Government","Not applicable","Not applicable","GR LOG GS-27 Purchase of 01 Lot Various Rank &Trade Badge & cap badge (Officer & Sailor)","Clothing and accessories;Occupational clothing, special workwear and accessories;Occupational clothing;Special workwear;Workwear accessories;Outerwear;Coats;Weatherproof clothing;Miscellaneous outerwear;Garments;Underwear;Shirts and nightwear;T-shirts;Special clothing and accessories;Special clothing;Clothing accessories;Hats and headgear;Fasteners;Leather clothes;Leather clothing accessories;Furs and articles of fur;Fur articles;Furs;Second-hand clothing","03-Aug-2026 14:30","16-Aug-2026 14:00","AS per STD","1. Purchase of 01 Lot Various Rank &Trade Badge & cap badge (Officer & Sailor). 2. Sample Submission: Bidder is to submit 04 pairs of rank and trade badges each item sample along with tender offer. Rank and badges item samples will be used for test. Supplier is to provide required quantity of item for Lab test. Item quantity taken for Lab test is non-returnable .","Lot wise","Package wise","Package wise","1500","Payment through Bank","13-Dec-2026","13-Dec-2026","01","Purchase of 01 Lot Various Rank &Trade Badge & cap badge (Officer & Sailor)","Dhaka","125405","18-Aug-2026","18-Nov-2026","Mohammed Habibul Billah","Director Logistics","Address : Headquarters,
Bangladesh Coast Guard Force,
Agargao Administrative Area,
Sher-E-Bangla Nagar,
Dhaka 1207 City : Dhaka Thana : Dhaka North City Corporation District : Dhaka - 1207 Country : Bangladesh","","Dhaka","Dhaka North City Corporation","Dhaka - 1207","02-8181873","Not Found","https://www.eprocure.gov.bd/resources/common/ViewTender.jsp?id=1311225"
"Ministry of Education","Secondary and Higher Education Division","Directorate of Secondary & Higher Education","Establishment of 9 Govt. Secondary Schools Project","","Dhaka","Goods","NCT","TENDER","Tender - Single Lot","DSHE/9SP/Computer and Computer accessories/2026-27","227673","1312940","Open Tendering Method (OTM)","Development","Government","224268100","Establishment of 9 Govt.Secondary Schools Project","DSHE/9SP/26-27/GD11 Procurement of Computer and Computer accessories for 4 Nos of Schools","Office and computing machinery, equipment and supplies; Computer and related services; Hardware consultancy services; Software programming and consultancy services; Data services; Computer-related services;Office machinery, equipment and supplies except computers;Word-processing machines;Photocopying and printing equipment;Post-office equipment;Calculating and accounting machines;Typewriters;Parts and accessories of typewriters and calculating machines;Various office equipment and supplies;Computer equipment and supplies;Data-processing machines;Digital cartography equipment;Computer hardware;Software;Computer systems;Servers;Hardware selection consultancy services;Hardware disaster-recovery consultancy services;Computer-site planning consultancy services;Computer hardware acceptance testing consultancy services;Computer audit consultancy and hardware consultancy services;Programming services of packaged software products;Systems and technical consultancy services;Custom software development services;Systems analysis and programming services;System maintenance and support services;Software-related services;Data-processing services;Database services;Computer-related management services;Computer support and consultancy services;Computer network services;Computer upgrade services;Computer audit services;Computer testing services;Computer back-up services;Computer catalogue conversion services;Computer-related professional services","03-Aug-2026 14:01","27-Aug-2026 13:01","As per TDS","Procurement of Computer and computer accessories for 4 nos. of schools","Lot wise","Package wise","Package wise","4000","Payment through Bank","21-Feb-2027","21-Feb-2027","1","Procurement of Computer and Computer accessories for 4 Nos of Schools","As per PCC","1400000","12-Oct-2026","30-Dec-2026","Rayhana Taslim","Project Director, 9 Schools Project","Address : Room No. 802, 7th Floor, Second Block, Shikkhabhabon, Dhaka City : Dhaka Thana : Dhaka South City Corporation District : Dhaka - 1000 Country : Bangladesh","Room No. 802, 7th Floor, Second Block, Shikkhabhabon, Dhaka","Dhaka","Dhaka South City Corporation","Dhaka - 1000","02-9553986","Not Found","https://www.eprocure.gov.bd/resources/common/ViewTender.jsp?id=1312940"
"Ministry of Housing and Public Works","","Public Works Department (PWD)","Jessore PWD Division","khlJes","Jashore","Goods","NCT","TENDER","Tender - Single Lot","ACE office, Khulna, Memo no.845 Date:11/06/2026","228593","1313934","Open Tendering Method (OTM)","Development","Government","Inspection/2nd revised","Establishment of 13 DIG office Building and Strengthening the Department of Inspection for Factories and Establishments(2nd  revised)","GPWD/LIFT-03/Jashore Supplying & Installation of 1250 KG Bed Lift One at Jashore under the Project of Establishment of 13 DIG Offices Building and Strengthening the Department of Inspection for Factories and Establishments (2nd Revised) (Package:G(PWD)/Lift-03)","Lifting and handling equipment and parts; General-purpose machinery;","03-Aug-2026 14:00","20-Aug-2026 10:00","As per TDS and PCC and Section 1 to 6","Supplying & Installation of 1250 KG Bed Lift One at Jashore under the Project of Establishment of 13 DIG Offices Building and Strengthening the Department of Inspection for Factories and Establishments (2nd Revised) (Package:G(PWD)/Lift-03)","Lot wise","Package wise","Package wise","2500","Payment through Bank","15-Jan-2027","15-Jan-2027","01","Supplying & Installation of 1250 KG Bed Lift One at Jashore under the Project of Establishment of 13 DIG Offices Building and Strengthening the Department of Inspection for Factories and Establishments (2nd Revised) (Package:G(PWD)/Lift-03)","Jashore","200000","01-Sep-2026","30-Jun-2027","Md.Zahidul Islam","Executive Engineer","Address : Purta Bhaban, Jessore City : Jessore Thana : Jashore Sadar District : Jashore - 1000 Country : Bangladesh","Purta Bhaban, Jessore","Jessore","Jashore Sadar","Jashore - 1000","0421-68959","Not Found","https://www.eprocure.gov.bd/resources/common/ViewTender.jsp?id=1313934"
"Ministry of Energy","Power and Mineral Resources","Jalalabad Gas Transmission & Distribution System Ltd.","Procurement Department.","","Sylhet","Goods","ICT","TENDER","Tender - Single Lot","28.16.9100.098.07.001.26.03","227416","1309754","Open Tendering Method (OTM)","Own Fund","Own Fund","Not applicable","Not applicable","28.16.9100.096.07.001.26.01 Procurement of  Regulator, Slam Shut-off Valve & Relief Valve","Natural gas; Petroleum, natural gas, oil and associated products;","03-Aug-2026 14:00","14-Sep-2026 16:00","(i) The minimum of years of general experience of the Tenderer in the supply of Goods and related services as Supplier shall be 05 (Five) years. (ii) The minimum specific experience as a Supplier in supply of Regulator/Slam Shut-off Valve/Relief Valve/Pressure Control Valve (PCV)/Emergency Shut down (ESD) Valve of 01 (One) contract successfully completed within the last 05 (Five) years to other than manufacturer's own country. The value of such completed contract(s) shall be at least USD 2,00,000.00 (USD Two Lakh) or equivalent currency, which may be demonstrated through maximum of two contracts. (exchange rate will be considered as per Bangladesh Bank on date of Opening the tender). (iii) The valid ISO 9001:2015 certificate (regarding manufacturing of Regulator, Slam Shut-off Valve & Relief Valve) in favour of the manufacturer. (iv) Type test certificate as per OIML guideline issued in favour of the manufacturer. v) The minimum amount of financial resources as liquid asset or working capital or credit line(s) or specific credit commitment or in any combination of them, of the Tenderers shall be USD 2,80,000.00 (USD Two Lakh Eighty Thousand) or equivalent currency (exchange rate will be considered as per Bangladesh Bank on the date of opening the tender). Other detailed terms and conditions are mentioned in the tender document.","Procurement of Regulator, Slam Shut-off Valve & Relief Valve.","Lot wise","Package wise","Package wise","12000","Payment through Bank","10-Feb-2027","10-Feb-2027","01","Procurement of  Regulator, Slam Shut-off Valve & Relief Valve","Jalalabad Gas T and D System Limited, Gas Bhaban, Mendibagh, Sylhet-3100","8200","31-Jan-2027","30-May-2027","MD MASUD RANA","Deputy General Manager, Procurement Department","Address : Jalalabad Gas Transmission & Distribution System Ltd., Head Office, Gas Bhaban, Mendibag, Sylhet-3100. City : Sylhet Thana : Sylhet Sadar District : Sylhet - 3100 Country : Bangladesh","Jalalabad Gas Transmission & Distribution System Ltd., Head Office, Gas Bhaban, Mendibag, Sylhet-3100.","Sylhet","Sylhet Sadar","Sylhet - 3100","02-997700612","Not Found","https://www.eprocure.gov.bd/resources/common/ViewTender.jsp?id=1309754"
"Ministry of Road Transport and Bridges","Road Transport and Highways Division","Roads & Highways Department (RHD)","Ferry Maintenance Division, Dhaka","ferrydivdha","Dhaka","Works","NCT","TENDER","Tender - Single Lot","Memo No:35.01.0000.170.07.001.26-279,Date:20.07.20","227844","1313568","Open Tendering Method (OTM)","Revenue","Government","Not applicable","Not applicable","29/egp/FMD/2026-27 Repair works of different cracked, fractured and damaged placed of deck, super-structure etc & Painting work for Ferry No. UT-01-043/2019 at Bisnondi Ferry ghat under the RHD, Ferry Maintenance Division, Dhaka during the financial year 2026-27.","Passenger transport services by water; Water transport services;Ferry transport services","03-Aug-2026 14:00","16-Aug-2026 16:00","All tenderers who have registered in e-GP system may participate in the tender provided that they fulfill the criteria as stated in Tender Document.","Repair works of different cracked, fractured and damaged placed of deck, super-structure etc & Painting work for Ferry No. UT-01-043/2019 at Bisnondi Ferry ghat under the RHD, Ferry Maintenance Division, Dhaka during the financial year 2026-27.","Lot wise","Package wise","Package wise","1000","Payment through Bank","12-Jan-2027","12-Jan-2027","1","Repair works of different cracked, fractured and damaged placed of deck, super-structure etc & Painting work for Ferry No. UT-01-043/2019 at Bisnondi Ferry ghat under the RHD, Ferry Maintenance Division, Dhaka during the financial year 2026-27.","RHD, Ferry Maintenance Sub-Division,Dhaka","26000","25-Aug-2026","10-Sep-2026","ISRAT JAHAN TAMANNA","Executive Engineer","Address : Ferry Maintenance Division,Sarak Bhaban,Tejgaon, Dhaka City : Dhaka Thana : Dhaka North City Corporation District : Dhaka - 1208 Country : Bangladesh","Ferry Maintenance Division,Sarak Bhaban,Tejgaon, Dhaka","Dhaka","Dhaka North City Corporation","Dhaka - 1208","02-8879378","Not Found","https://www.eprocure.gov.bd/resources/common/ViewTender.jsp?id=1313568"
"Ministry of Home Affairs","","Bangladesh Police","Office of the Superintendent of Police, Kushtia","00145","Kushtia","Goods","NCT","TENDER","Tender - Single Lot","KR/Labour/2026-2027","226340","1313351","Open Tendering Method (OTM)","Revenue","Government","Not applicable","Not applicable","KR/Labour/2026-2027 Supply of labour (Coolee) at Police Ration Store Kushtia. FY/2026-2027, (July,2026-June, 2027)","Miscellaneous food products; Food products and beverages;Bread products, fresh pastry goods and cakes;Rusks and biscuits; preserved pastry goods and cakes;Sugar and related products;Cocoa; chocolate and sugar confectionery;Pasta products;Coffee, tea and related products;Condiments and seasonings;Special nutritional products;Miscellaneous food products n.e.c. and dried goods","03-Aug-2026 13:30","10-Aug-2026 17:00","a. Updated copy of valid trade license. b. Updated income tax return certificate & E-tin certificate c. Updated vat registration certificate. d. Latest Bank solvency certificate & credit commitment. e. Ownership certificate of the company or authorization letter. f. Citizenship certificate & national identity card copy g. Similar work experience h. Agricultural certificate and i. Other necessary document shall be submitted as per as TDS, PCC. N. B: For labour supply contracts, the contractor must possess experience in in-house labor operations and a work certificate from the police department.","KR/Labour/2026-2027 Supply of labour (Coolee) at Police Ration Store Kushtia. FY/2026-2027, (July,2026-June, 2027)","Lot wise","Package wise","Package wise","1500","Payment through Bank","07-Dec-2026","07-Dec-2026","1","Supply of labour (Coolee) at Police Ration Store Kushtia. FY/2026-2027, (July,2026-June, 2027)","Police Ration Store Kushtia","60000","13-Aug-2026","30-Jun-2027","MOHAMMED JHASIM UDDIN","SP","Address : Office of the Superintendent of Police, Kushtia City : Kushtia Thana : Kushtia Sadar District : Kushtia - 7000 Country : Bangladesh","Office of the Superintendent of Police, Kushtia","Kushtia","Kushtia Sadar","Kushtia - 7000","071-62400","Not Found","https://www.eprocure.gov.bd/resources/common/ViewTender.jsp?id=1313351"
"Ministry of Shipping","","Chittagong Port Authority","Executive Engineer_Harbour","","Chattogram","Works","NCT","TENDER","Tender - Single Lot","18.13.0000.000.324.07.006.26","228173","1311981","Open Tendering Method (OTM)","Own Fund","Own Fund","Not applicable","Not applicable","18.13.0000.000.324.07.006.26 Construction of Retaining wall along bank line within BN RRB area at Patenga,Chattogram.","Construction work;Site preparation work;Building demolition and wrecking work and earthmoving work;Test drilling and boring work;Works for complete or part construction and civil engineering work;Building construction work;Engineering works and construction works;Construction work for pipelines, communication and power lines, for highways, roads, airfields and railways; flatwork;Construction work for water projects;Construction works for plants, mining and manufacturing and for buildings relating to the oil and gas industry;Roof works and other special trade construction works;Building installation work;Electrical installation work;Insulation work;Plumbing and sanitary works;Fencing, railing and safety equipment installation work;Mechanical installations;Building completion work;Plastering work;Joinery and carpentry installation work;Floor and wall covering work;Painting and glazing work;Other building completion work;Hire of construction and civil engineering machinery and equipment with operator;Hire of cranes with operator;Hire of earthmoving equipment with operator","03-Aug-2026 13:30","24-Aug-2026 13:00","The minimum number of years of general experience of the Tenderer in the construction works as Prime Contractor shall be Five (05) years. The minimum specific experience as a Prime Contractor in construction works under public sector of at least single number contract of similar nature (Bank protection works by Construction of Retaining wall with In situ pile and CC block) successfully completed within the last Five (05) years, with a value of at least Tk. Ten Crore Fifty Lakh (10,50,00,000) only. The required average annual construction turnover under the public sector shall be greater than Tk.Twenty Crore (20,00,00,000) only over the best three (3) years in the last five (5) years. The minimum amount of financial resources as liquid asset or working capital or credit line(s) or specific credit commitment or in any combination of them, of the Tenderers shall be Tk Seven Crore (7,00,00,000) only. The minimum capacity shall be:Tk. Ten Crore Fifty Lakh (10,50,00,000) only. In addition to these the contractor has to comply by the requiredexperience/documents stated in TDS, PCC and Tender Forms","Construction of Retaining wall along bank line within BN RRB area at Patenga,Chattogram.","Lot wise","Package wise","Package wise","5000","Payment through Bank","19-Feb-2027","19-Feb-2027","01","Construction of Retaining wall along bank line within BN RRB area at Patenga,Chattogram.","Patenga Chattogram","4300000","18-Nov-2026","14-Sep-2027","Sabrina Haque","Executive Engineer_Harbour","Address : Room # 217, Annex Building, PAB, CPA City : Chittagong Thana : Chattogram City Corporation District : Chattogram - 4100 Country : Bangladesh","Room # 217, Annex Building, PAB, CPA","Chittagong","Chattogram City Corporation","Chattogram - 4100","031-2510157","Not Found","https://www.eprocure.gov.bd/resources/common/ViewTender.jsp?id=1311981"
"Ministry of Education","Secondary and Higher Education Division","Education Engineering Department","Office of the Executive Engineer, EED, Gopalgonj, District.","46","Gopalganj","Goods","NCT","TENDER","Tender - Single Lot","37.07.0000.000.016.14.0012.24.78, Date: 21.05.25","216096","1314493","Open Tendering Method (OTM)","Development","Government","224016400","Fostering Opportunities of Science Education in Public Colleges","FOSEP/GD-10/2025-2026 SUPPLY, INSTALLATION, TESTING AND COMMISSIONING OF 60 KVA DIESEL GENERATOR TO MALE HOSTEL BUILDING AT KOTALIPARA SHEIKH LUTFAR RAHMAN ADARSHA GOVERNMENT COLLEGE UNDER KOTALIPARA UPAZILA GOPALGANJ DISTRICT..","Machinery, equipment, appliances, apparatus and associated products;Machinery for the production and use of mechanical power;Turbines and motors;Pumps and compressors;Taps, cocks, valves and similar appliances;Gears, gearing and driving elements;General-purpose machinery;Industrial or laboratory furnaces, incinerators and ovens;Lifting and handling equipment and parts;Cooling and ventilation equipment;Miscellaneous general-purpose machinery;Agricultural, horticultural and forestry machinery;Agricultural and forestry machinery for soil preparation or cultivation;Harvesting machinery;Spraying machinery for agriculture or horticulture;Self-loading or unloading trailers and semi-trailers for agriculture;Specialist agricultural or forestry machinery;Tractors;Parts of agricultural and forestry machinery;Machine tools;Machine tools operated by laser and machining centres;Lathes, boring and milling machine tools;Metal-working machine tools;Machine tools for working hard materials except metals;Pneumatic or motorised hand tools;Soldering, brazing and welding tools, surface tempering and hot-spraying machines and equipment;Parts and accessories of machine tools;Special-purpose machinery and parts;Machinery for metallurgy and associated parts;Machinery for mining, quarrying and construction;Machinery for food, beverage and tobacco processing and associated parts;Machinery for textile, apparel and leather production;Machinery for paper or paperboard production;Miscellaneous special-purpose machinery;Weapons, ammunition and associated parts;Motorised tanks and armoured fighting vehicles;Military weapons;Firearms;Ammunition;Parts of military weapons;Truncheons or night sticks;Domestic appliances;Electrical domestic appliances;Non-electric domestic appliances;Miscellaneous equipment;Transport related equipment;Workshop equipment;Construction equipment;Catering equipment;Emergency and security equipment;Technical equipment;Miscellaneous equipment n.e.c.","03-Aug-2026 13:00","19-Aug-2026 17:00","1. Any e-GP registered Tenderers of Bangladesh who have general experience of Five (05) years and also fulfil the criteria mentioned as Per ITT, GCC TDS & PCC are eligible to participate in this Procurement Process. 2. Tenderer shall have a Valid trade license (up-to-date), Income Tax Clearance Certificate (2023-24), VAT Registration Certificate and NID card. 3. Up-to-date ABC License & Supervisory License issued from Electrical Licensing Board, Government of Bangladesh. 4. Supplier who has minimum specific experience in the supply of similar Goods/Products/Diesel Generator for at least in 01 (One) contract successfully completed within the last 03 (Three) years, Contract with a value of work order at least Tk 20,00,000.00 (Twenty lakh) in Govt./Semi Govt./Autonomous organization of Bangladesh (completion certificate and work order shall have to be enclosed) can participate in this tender. 5. The minimum amount of Liquid Assets i.e. credit facilities (in Form e-PG2-7) of the tenderer shall be BDT. 15.00 Lakh only. 6. Valid manufacturer’s authorization letter for the proposed brand of generator. 7. Valid Agency ship certificate for the proposed brand of generator. 8. Payment will be made as per availability of the fund but the whole work shall have to be completed within the stipulated time. 9. If any mistake/omission occurs in this tender will be corrected /included as per STD, PPA-2006, PPR-2025 and its all latest amendments and no claim in this regard will be entertained. The Procuring Entity shall reserve the right to change or modify or cancel in this tender. 10. Others Criteria are Stated in TDS & PCC & (Section No.6) of this tender.","SUPPLY, INSTALLATION, TESTING AND COMMISSIONING OF 60 KVA DIESEL GENERATOR TO MALE HOSTEL BUILDING AT KOTALIPARA SHEIKH LUTFAR RAHMAN ADARSHA GOVERNMENT COLLEGE UNDER KOTALIPARA UPAZILA GOPALGANJ DISTRICT.","Lot wise","Package wise","Package wise","1000","Payment through Bank","15-Jan-2027","15-Jan-2027","Single","SUPPLY, INSTALLATION, TESTING AND COMMISSIONING OF 60 KVA DIESEL GENERATOR TO MALE HOSTEL BUILDING AT KOTALIPARA SHEIKH LUTFAR RAHMAN ADARSHA GOVERNMENT COLLEGE UNDER KOTALIPARA UPAZILA GOPALGANJ DISTRICT..","KOTALIPARA UPAZILA GOPALGANJ DISTRICT","55000","26-Nov-2026","25-May-2027","Md. Nafiz Akter","Executive Engineer","Address : District Education office, Gopalgonj Zone. Gopalgonj. City : Gopalgonj Thana : Gopalganj Sadar District : Gopalganj - 8100 Country : Bangladesh","District Education office, Gopalgonj Zone. Gopalgonj.","Gopalgonj","Gopalganj Sadar","Gopalganj - 8100","02-6685108","2500000.00,OTM","https://www.eprocure.gov.bd/resources/common/ViewTender.jsp?id=1314493"
"Ministry of Shipping","","Bangladesh Land Port Authority","Traffic department","","Dhaka","Physical Services","NCT","PPS","","","221242","1311236","Open Tendering Method (OTM)","Own Fund","Own Fund","Not applicable","Not applicable","BLPA Benapole kha-LH06 Appointment of Cargo Handling (Manual) Contractor Group-Kha for Loading, Unloading, Re-Staking, Removal and Transshipment of Cargoes  at Benapole Land Port, Benapole, Jashore.","Cargo handling and storage services; Supporting and auxiliary transport services; travel agencies services; Cargo handling services; Storage and warehousing services;","","18-Aug-2026 11:00","As Per Tender Data Sheet (TDS)","Benapole Land Port is one of the land port with India. In Group-Kha mainly fish, rice, fruits, onion, oils, essential and perishable items etc. are being imported using this port from India. These imported goods are needed to be loading, unloading. re-staking, removal & transshipment of cargoes from vehicle to warehouse/open stack yard. For loading, unloading, re-staking, removal & transshipment of cargoes at BLPA has taken initiative for appointment of cargo handling (Manual) contractor (Group-Kha) at Benapole Land Port, Benapole, Jashore. Procurement of Non consulting service through Open Tendering Method Tender Ref: 18.15.0000.000.022.56.0081.26.227 Date 03.08.2026","Package wise","","Package wise","4000","Payment through Bank","12-Feb-2027","12-Feb-2027","","","Benapole Jeshore","","01-Nov-2026","31-Oct-2028","Shahidul Islam","Director (Traffic)","Address : F-19/A, Sher-e-Bangla Nagar, Agargaon Dhaka-1207 City : Dhaka Thana : Dhaka North City Corporation District : Dhaka - 1207 Country : Bangladesh","F-19/A, Sher-e-Bangla Nagar, Agargaon Dhaka-1207","Dhaka","Dhaka North City Corporation","Dhaka - 1207","02-41025306","45000000.00,OTM","https://www.eprocure.gov.bd/resources/common/ViewTender.jsp?id=1311236"
"Ministry of Local Government","Rural Development and Co-operatives","Dhaka South City Corporation","Office of the Executive Engineer(Zone-6) DSCC","","Dhaka","Works","NCT","TENDER","Tender - Single Lot","46.207.018.24.06.170.2025 Date- 04/09/2025","217083","1254639","Open Tendering Method (OTM)","Own Fund","Own Fund","Not applicable","Not applicable","Dscc/z06/w74/P-1 Development of New Road construction work and New Drain from Ward No. 74, Kazi Bari, South Banasree N Block to West Nandipara 137/71, Plot No. 930, 62 West Nandipara 66/33 to 66/84/4, Plot No. 1750, 66/84 to 44, 931 West Nandipara and 66/64 to 1505. under zone-06 DSCC.","Construction work;Site preparation work;Building demolition and wrecking work and earthmoving work;Test drilling and boring work;Works for complete or part construction and civil engineering work;Building construction work;Engineering works and construction works;Construction work for pipelines, communication and power lines, for highways, roads, airfields and railways; flatwork;Construction work for water projects;Construction works for plants, mining and manufacturing and for buildings relating to the oil and gas industry;Roof works and other special trade construction works;Building installation work;Electrical installation work;Insulation work;Plumbing and sanitary works;Fencing, railing and safety equipment installation work;Mechanical installations;Building completion work;Plastering work;Joinery and carpentry installation work;Floor and wall covering work;Painting and glazing work;Other building completion work;Hire of construction and civil engineering machinery and equipment with operator;Hire of cranes with operator;Hire of earthmoving equipment with operator","03-Aug-2026 13:00","25-Aug-2026 12:30","The following instruction to be followed by all tenderers. 1.Tenderers are requested to fill different Tender Forms properly with necessary information and by uploading necessary documents, which shall be considered for tender evaluation. 2. The experience certificate of successfully completed similar assignments issued by the officer not below the rank of Executive engineer of concerned department  must be submitted along with the tender.The submitted experience certificate must be mention e-GP Tender ID . However, experience certificates will be preferable if they are included in the e-GP database. 3. Turnover will be calculated on the basis of Payment Certificates issued by respective Authority. However, Payment certificates will be preferable if they are included in the e-GP database. 4. The Tender Security and the Performance Security must be submitted (with reference document) in favour of Administrator, Dhaka South City Corporation. 5. The Tenders will be evaluated as per submitted documents in the e-GP system, Conditions as per applicable rules of PPR-2025 6. Only necessary documents to be submitted. Unnecessary documents are strictly discouraged. If any submitted documents are proved false at any stage, the tenderers shall be considered as non-responsive. 7. Calculated Tender capacity along with Supporting documents to be submitted as per  applicable ITT Clause in TDS. 8. If item wise quoted rate is more than 20% less or above than DSCC Rate Schedule, In this case tenderer shall submit item wise Analysis. However, if it is more or less than 30% of DSCC's Rate Schedule, it will be considered frontloading  price. 9. If corrupt, fraudulent, collusive, coercive or obstructive practice of any kind are determined against any tenderer, then measures shall be taken following Rules 149 of PPR-2025","Development of New Road construction work and New Drain from Ward No. 74, Kazi Bari, South Banasree N Block to West Nandipara 137/71, Plot No. 930, 62 West Nandipara 66/33 to 66/84/4, Plot No. 1750, 66/84 to 44, 931 West Nandipara and 66/64 to 1505. under zone-06 DSCC.","Lot wise","Package wise","Package wise","4000","Payment through Bank","19-Feb-2027","19-Feb-2027","Single","Development of New Road construction work and New Drain from Ward No. 74, Kazi Bari, South Banasree N Block to West Nandipara 137/71, Plot No. 930, 62 West Nandipara 66/33 to 66/84/4, Plot No. 1750, 66/84 to 44, 931 West Nandipara and 66/64 to 1505. under zone-06 DSCC.","Zone 06 DSCC","1400000","01-Oct-2026","30-Sep-2027","Md Parvez Rana","Executive Engineer","Address : Dhalpur, Dhaka City : Dhaka Thana : Dhaka South City Corporation District : Dhaka - 1203 Country : Bangladesh","Dhalpur, Dhaka","Dhaka","Dhaka South City Corporation","Dhaka - 1203","02-7544505","53251000.00,OTM","https://www.eprocure.gov.bd/resources/common/ViewTender.jsp?id=1254639"
"Ministry of Shipping","","Bangladesh Land Port Authority","Traffic department","","Dhaka","Physical Services","NCT","PPS","","","221242","1311261","Open Tendering Method (OTM)","Own Fund","Own Fund","Not applicable","Not applicable","BLPA Benapole Ga-LH07 Appointment of Cargo Handling (Manual) Contractor Group-Ga for Loading, Unloading, Re-Staking, Removal and Transshipment of Cargoes  at Benapole Land Port, Benapole, Jashore.","Cargo handling and storage services; Supporting and auxiliary transport services; travel agencies services;Cargo handling services;Storage and warehousing services","","18-Aug-2026 11:00","As Per Tender Data Sheet (TDS)","Benapole Land Port is one of the land port with India. In group-Ga mainly seeds, assorted goods, jewellery, threads, cosmetics, baby food, utensil, paper fish,, iron, essential and perishable items etc, are being imported using this port from India. These imported goods are needed to be loading, unloading, re-staking, removal & transshipment of cargoes from vehicle to warehouse/open stack yard. For loading, unloading, re-staking, removal & transshipment of cargoes at BLPA has taken initiative for appointment of cargo handling (Manual) contractor (Group-Ga) at Benapole Land Port. Benapole, Jashore.. Procurement of Non consulting service through Open Tendering Method Date: Tender Ref: 18.15.0000.000.022.56.0081.26.228 Date 03.08.2026","Package wise","","Package wise","4000","Payment through Bank","12-Feb-2027","12-Feb-2027","","","Benapole Jeshore","","01-Nov-2026","31-Oct-2028","Shahidul Islam","Director (Traffic)","Address : F-19/A, Sher-e-Bangla Nagar, Agargaon Dhaka-1207 City : Dhaka Thana : Dhaka North City Corporation District : Dhaka - 1207 Country : Bangladesh","F-19/A, Sher-e-Bangla Nagar, Agargaon Dhaka-1207","Dhaka","Dhaka North City Corporation","Dhaka - 1207","02-41025306","45000000.00,OTM","https://www.eprocure.gov.bd/resources/common/ViewTender.jsp?id=1311261"
"Ministry of Education","Secondary and Higher Education Division","Education Engineering Department","Office of the Executive Engineer, EED, Gopalgonj, District.","46","Gopalganj","Goods","NCT","TENDER","Tender - Single Lot","37.07.0000.000.016.14.0012.24.78, Date: 21.05.25","216096","1314490","Open Tendering Method (OTM)","Development","Government","224016400","Fostering Opportunities of Science Education in Public Colleges","FOSEP/GD-07/2025-2026 SUPPLY, INSTALLATION, TESTING AND COMMISSIONING OF 60 KVA DIESEL GENERATOR TO COLLEGE BUILDING AT GOVERNMENT NAZRUL COLLEGE UNDER SADAR UPAZILA GOPALGANJ DISTRICT.","Machinery, equipment, appliances, apparatus and associated products;Machinery for the production and use of mechanical power;Turbines and motors;Pumps and compressors;Taps, cocks, valves and similar appliances;Gears, gearing and driving elements;General-purpose machinery;Industrial or laboratory furnaces, incinerators and ovens;Lifting and handling equipment and parts;Cooling and ventilation equipment;Miscellaneous general-purpose machinery;Agricultural, horticultural and forestry machinery;Agricultural and forestry machinery for soil preparation or cultivation;Harvesting machinery;Spraying machinery for agriculture or horticulture;Self-loading or unloading trailers and semi-trailers for agriculture;Specialist agricultural or forestry machinery;Tractors;Parts of agricultural and forestry machinery;Machine tools;Machine tools operated by laser and machining centres;Lathes, boring and milling machine tools;Metal-working machine tools;Machine tools for working hard materials except metals;Pneumatic or motorised hand tools;Soldering, brazing and welding tools, surface tempering and hot-spraying machines and equipment;Parts and accessories of machine tools;Special-purpose machinery and parts;Machinery for metallurgy and associated parts;Machinery for mining, quarrying and construction;Machinery for food, beverage and tobacco processing and associated parts;Machinery for textile, apparel and leather production;Machinery for paper or paperboard production;Miscellaneous special-purpose machinery;Weapons, ammunition and associated parts;Motorised tanks and armoured fighting vehicles;Military weapons;Firearms;Ammunition;Parts of military weapons;Truncheons or night sticks;Domestic appliances;Electrical domestic appliances;Non-electric domestic appliances;Miscellaneous equipment;Transport related equipment;Workshop equipment;Construction equipment;Catering equipment;Emergency and security equipment;Technical equipment;Miscellaneous equipment n.e.c.","03-Aug-2026 13:00","19-Aug-2026 17:00","1. Any e-GP registered Tenderers of Bangladesh who have general experience of Five (05) years and also fulfil the criteria mentioned as Per ITT, GCC TDS & PCC are eligible to participate in this Procurement Process. 2. Tenderer shall have a Valid trade license (up-to-date), Income Tax Clearance Certificate (up-to-date), VAT Registration Certificate and NID card. 3. Up-to-date ABC License & Supervisory License issued from Electrical Licensing Board, Government of Bangladesh. 4. Supplier who has minimum specific experience in the supply of similar Goods/Products/Diesel Generator for at least in 01 (One) contract successfully completed within the last 03 (Three) years, Contract with a value of work order at least Tk 20,00,000.00 (Twenty lakh) in Govt./Semi Govt./Autonomous organization of Bangladesh (completion certificate and work order shall have to be enclosed) can participate in this tender. 5. The minimum amount of Liquid Assets i.e. credit facilities (in Form e-PG2-7) of the tenderer shall be BDT. 15.00 Lakh only. 6. Valid manufacturer’s authorization letter for the proposed brand of generator. 7. Valid Agency ship certificate for the proposed brand of generator. 8. Payment will be made as per availability of the fund but the whole work shall have to be completed within the stipulated time. 9. If any mistake/omission occurs in this tender will be corrected /included as per STD, PPA-2006, PPR-2025 and its all latest amendments and no claim in this regard will be entertained. The Procuring Entity shall reserve the right to change or modify or cancel in this tender.","SUPPLY, INSTALLATION, TESTING AND COMMISSIONING OF 60 KVA DIESEL GENERATOR TO COLLEGE BUILDING AT GOVERNMENT NAZRUL COLLEGE UNDER SADAR UPAZILA GOPALGANJ DISTRICT.","Lot wise","Package wise","Package wise","1000","Payment through Bank","15-Jan-2027","15-Jan-2027","Single","SUPPLY, INSTALLATION, TESTING AND COMMISSIONING OF 60 KVA DIESEL GENERATOR TO COLLEGE BUILDING AT GOVERNMENT NAZRUL COLLEGE UNDER SADAR UPAZILA GOPALGANJ DISTRICT.","SADAR UPAZILA GOPALGANJ DISTRICT","55000","26-Nov-2026","25-May-2027","Md. Nafiz Akter","Executive Engineer","Address : District Education office, Gopalgonj Zone. Gopalgonj. City : Gopalgonj Thana : Gopalganj Sadar District : Gopalganj - 8100 Country : Bangladesh","District Education office, Gopalgonj Zone. Gopalgonj.","Gopalgonj","Gopalganj Sadar","Gopalganj - 8100","02-6685108","2500000.00,OTM","https://www.eprocure.gov.bd/resources/common/ViewTender.jsp?id=1314490"
"Ministry of Education","Secondary and Higher Education Division","Education Engineering Department","Office of the Executive Engineer, EED, Gopalgonj, District.","46","Gopalganj","Goods","NCT","TENDER","Tender - Single Lot","37.07.0000.000.016.14.0012.24.78, Date: 21.05.25","216096","1314489","Open Tendering Method (OTM)","Development","Government","224016400","Fostering Opportunities of Science Education in Public Colleges","FOSEP/GD-06/2025-2026 SUPPLY, INSTALLATION, TESTING AND COMMISSIONING OF 60 KVA DIESEL GENERATOR TO COLLEGE BUILDING AT TUNGIPARA GOVERNMENT COLLEGE UNDER TUNGIPARA UPAZILA GOPALGANJ DISTRICT.","Machinery, equipment, appliances, apparatus and associated products;Machinery for the production and use of mechanical power;Turbines and motors;Pumps and compressors;Taps, cocks, valves and similar appliances;Gears, gearing and driving elements;General-purpose machinery;Industrial or laboratory furnaces, incinerators and ovens;Lifting and handling equipment and parts;Cooling and ventilation equipment;Miscellaneous general-purpose machinery;Agricultural, horticultural and forestry machinery;Agricultural and forestry machinery for soil preparation or cultivation;Harvesting machinery;Spraying machinery for agriculture or horticulture;Self-loading or unloading trailers and semi-trailers for agriculture;Specialist agricultural or forestry machinery;Tractors;Parts of agricultural and forestry machinery;Machine tools;Machine tools operated by laser and machining centres;Lathes, boring and milling machine tools;Metal-working machine tools;Machine tools for working hard materials except metals;Pneumatic or motorised hand tools;Soldering, brazing and welding tools, surface tempering and hot-spraying machines and equipment;Parts and accessories of machine tools;Special-purpose machinery and parts;Machinery for metallurgy and associated parts;Machinery for mining, quarrying and construction;Machinery for food, beverage and tobacco processing and associated parts;Machinery for textile, apparel and leather production;Machinery for paper or paperboard production;Miscellaneous special-purpose machinery;Weapons, ammunition and associated parts;Motorised tanks and armoured fighting vehicles;Military weapons;Firearms;Ammunition;Parts of military weapons;Truncheons or night sticks;Domestic appliances;Electrical domestic appliances;Non-electric domestic appliances;Miscellaneous equipment;Transport related equipment;Workshop equipment;Construction equipment;Catering equipment;Emergency and security equipment;Technical equipment;Miscellaneous equipment n.e.c.","03-Aug-2026 13:00","19-Aug-2026 17:00","1. Any e-GP registered Tenderers of Bangladesh who have general experience of Five (05) years and also fulfil the criteria mentioned as Per ITT, GCC TDS & PCC are eligible to participate in this Procurement Process. 2. Tenderer shall have a Valid trade license (up-to-date), Income Tax Clearance Certificate (up-to-date), VAT Registration Certificate and NID card. 3. Up-to-date ABC License & Supervisory License issued from Electrical Licensing Board, Government of Bangladesh. 4. Supplier who has minimum specific experience in the supply of similar Goods/Products/Diesel Generator for at least in 01 (One) contract successfully completed within the last 03 (Three) years, Contract with a value of work order at least Tk 20,00,000.00 (Twenty lakh) in Govt./Semi Govt./Autonomous organization of Bangladesh (completion certificate and work order shall have to be enclosed) can participate in this tender. 5. The minimum amount of Liquid Assets i.e. credit facilities (in Form e-PG2-7) of the tenderer shall be BDT. 15.00 Lakh only. 6. Valid manufacturer’s authorization letter for the proposed brand of generator. 7. Valid Agency ship certificate for the proposed brand of generator. 8. Payment will be made as per availability of the fund but the whole work shall have to be completed within the stipulated time. 9. If any mistake/omission occurs in this tender will be corrected /included as per STD, PPA-2006, PPR-2025 and its all latest amendments and no claim in this regard will be entertained. The Procuring Entity shall reserve the right to change or modify or cancel in this tender. 10. Others Criteria are Stated in TDS & PCC & (Section No.6) of this tender.","SUPPLY, INSTALLATION, TESTING AND COMMISSIONING OF 60 KVA DIESEL GENERATOR TO COLLEGE BUILDING AT TUNGIPARA GOVERNMENT COLLEGE UNDER TUNGIPARA UPAZILA GOPALGANJ DISTRICT.","Lot wise","Package wise","Package wise","1000","Payment through Bank","15-Jan-2027","15-Jan-2027","Single","SUPPLY, INSTALLATION, TESTING AND COMMISSIONING OF 60 KVA DIESEL GENERATOR TO COLLEGE BUILDING AT TUNGIPARA GOVERNMENT COLLEGE UNDER TUNGIPARA UPAZILA GOPALGANJ DISTRICT.","TUNGIPARA UPAZILA GOPALGANJ DISTRICT","55000","26-Nov-2026","25-May-2027","Md. Nafiz Akter","Executive Engineer","Address : District Education office, Gopalgonj Zone. Gopalgonj. City : Gopalgonj Thana : Gopalganj Sadar District : Gopalganj - 8100 Country : Bangladesh","District Education office, Gopalgonj Zone. Gopalgonj.","Gopalgonj","Gopalganj Sadar","Gopalganj - 8100","02-6685108","Error","https://www.eprocure.gov.bd/resources/common/ViewTender.jsp?id=1314489"
"Ministry of Shipping","","Bangladesh Land Port Authority","Traffic department","","Dhaka","Physical Services","NCT","PPS","","","221242","1310683","Open Tendering Method (OTM)","Own Fund","Own Fund","Not applicable","Not applicable","BLPA Benapole ka-LH05 Appointment of Cargo Handling (Manual) Contractor Group-Ka for Loading, Unloading, Re-Staking, Removal and Transshipment of Cargoes  at Benapole Land Port, Benapole, Jashore.","Cargo handling and storage services; Supporting and auxiliary transport services; travel agencies services; Cargo handling services; Storage and warehousing services;","","18-Aug-2026 11:00","As Per Tender Data Sheet (TDS)","Benapole Land Port is one of the land ports with India. In group-Ka mainly cotton, garments, fabrics, threads, paper, TTF, sponge iron, motor parts, ingot, baby product items etc. are being imported using this port from India. These imported goods are needed to be loading, unloading, re-staking, removal & transshipment of cargoes from vehicle to warehouse/open stack yard. For loading, unloading, re-staking, removal & transshipment of cargoes at BLPA has taken initiative for appointment of cargo handling contractor (Group-Ka) at Benapole Land Port, Benapole, Jashore. Procurement of Non consulting service through Open Tendering Method Tender Ref: 18.15.0000.000.022.56.0081.26.226 Date 03.08.2026","Package wise","","Package wise","5000","Payment through Bank","12-Feb-2027","12-Feb-2027","","","Benapole Jeshore","","01-Nov-2026","31-Oct-2028","Shahidul Islam","Director (Traffic)","Address : F-19/A, Sher-e-Bangla Nagar, Agargaon Dhaka-1207 City : Dhaka Thana : Dhaka North City Corporation District : Dhaka - 1207 Country : Bangladesh","F-19/A, Sher-e-Bangla Nagar, Agargaon Dhaka-1207","Dhaka","Dhaka North City Corporation","Dhaka - 1207","02-41025306","Error","https://www.eprocure.gov.bd/resources/common/ViewTender.jsp?id=1310683"
"Ministry of Education","Secondary and Higher Education Division","Education Engineering Department","Office of the Executive Engineer, EED, Gopalgonj, District.","46","Gopalganj","Goods","NCT","TENDER","Tender - Single Lot","37.07.0000.000.016.14.0012.24.78, Date: 21.05.25","216096","1314491","Open Tendering Method (OTM)","Development","Government","224016400","Fostering Opportunities of Science Education in Public Colleges","FOSEP/GD-08/2025-2026 SUPPLY, INSTALLATION, TESTING AND COMMISSIONING OF 60 KVA DIESEL GENERATOR TO COLLEGE BUILDING AT SHEIKH FAZILATUNNESSA GOVERNMENT WOMEN'S COLLEGE UNDER SADAR UPAZILA GOPALGANJ DISTRICT.","Machinery, equipment, appliances, apparatus and associated products;Machinery for the production and use of mechanical power;Turbines and motors;Pumps and compressors;Taps, cocks, valves and similar appliances;Gears, gearing and driving elements;General-purpose machinery;Industrial or laboratory furnaces, incinerators and ovens;Lifting and handling equipment and parts;Cooling and ventilation equipment;Miscellaneous general-purpose machinery;Agricultural, horticultural and forestry machinery;Agricultural and forestry machinery for soil preparation or cultivation;Harvesting machinery;Spraying machinery for agriculture or horticulture;Self-loading or unloading trailers and semi-trailers for agriculture;Specialist agricultural or forestry machinery;Tractors;Parts of agricultural and forestry machinery;Machine tools;Machine tools operated by laser and machining centres;Lathes, boring and milling machine tools;Metal-working machine tools;Machine tools for working hard materials except metals;Pneumatic or motorised hand tools;Soldering, brazing and welding tools, surface tempering and hot-spraying machines and equipment;Parts and accessories of machine tools;Special-purpose machinery and parts;Machinery for metallurgy and associated parts;Machinery for mining, quarrying and construction;Machinery for food, beverage and tobacco processing and associated parts;Machinery for textile, apparel and leather production;Machinery for paper or paperboard production;Miscellaneous special-purpose machinery;Weapons, ammunition and associated parts;Motorised tanks and armoured fighting vehicles;Military weapons;Firearms;Ammunition;Parts of military weapons;Truncheons or night sticks;Domestic appliances;Electrical domestic appliances;Non-electric domestic appliances;Miscellaneous equipment;Transport related equipment;Workshop equipment;Construction equipment;Catering equipment;Emergency and security equipment;Technical equipment;Miscellaneous equipment n.e.c.","03-Aug-2026 13:00","19-Aug-2026 17:00","1. Any e-GP registered Tenderers of Bangladesh who have general experience of Five (05) years and also fulfil the criteria mentioned as Per ITT, GCC TDS & PCC are eligible to participate in this Procurement Process. 2. Tenderer shall have a Valid trade license (up-to-date), Income Tax Clearance Certificate (up-to-date), VAT Registration Certificate and NID card. 3. Up-to-date ABC License & Supervisory License issued from Electrical Licensing Board, Government of Bangladesh. 4. Supplier who has minimum specific experience in the supply of similar Goods/Products/Diesel Generator for at least in 01 (One) contract successfully completed within the last 03 (Three) years, Contract with a value of work order at least Tk 20,00,000.00 (Twenty lakh) in Govt./Semi Govt./Autonomous organization of Bangladesh (completion certificate and work order shall have to be enclosed) can participate in this tender. 5. The minimum amount of Liquid Assets i.e. credit facilities (in Form e-PG2-7) of the tenderer shall be BDT. 15.00 Lakh only. 6. Valid manufacturer’s authorization letter for the proposed brand of generator. 7. Valid Agency ship certificate for the proposed brand of generator. 8. Payment will be made as per availability of the fund but the whole work shall have to be completed within the stipulated time. 9. If any mistake/omission occurs in this tender will be corrected /included as per STD, PPA-2006, PPR-2025 and its all latest amendments and no claim in this regard will be entertained. The Procuring Entity shall reserve the right to change or modify or cancel in this tender. 10. Others Criteria are Stated in TDS & PCC & (Section No.6) of this tender.","SUPPLY, INSTALLATION, TESTING AND COMMISSIONING OF 60 KVA DIESEL GENERATOR TO COLLEGE BUILDING AT SHEIKH FAZILATUNNESSA GOVERNMENT WOMEN'S COLLEGE UNDER SADAR UPAZILA GOPALGANJ DISTRICT.","Lot wise","Package wise","Package wise","1000","Payment through Bank","15-Jan-2027","15-Jan-2027","Single","SUPPLY, INSTALLATION, TESTING AND COMMISSIONING OF 60 KVA DIESEL GENERATOR TO COLLEGE BUILDING AT SHEIKH FAZILATUNNESSA GOVERNMENT WOMEN'S COLLEGE UNDER SADAR UPAZILA GOPALGANJ DISTRICT.","SADAR UPAZILA GOPALGANJ DISTRICT","55000","26-Nov-2026","25-May-2027","Md. Nafiz Akter","Executive Engineer","Address : District Education office, Gopalgonj Zone. Gopalgonj. City : Gopalgonj Thana : Gopalganj Sadar District : Gopalganj - 8100 Country : Bangladesh","District Education office, Gopalgonj Zone. Gopalgonj.","Gopalgonj","Gopalganj Sadar","Gopalganj - 8100","02-6685108","Error","https://www.eprocure.gov.bd/resources/common/ViewTender.jsp?id=1314491"
"Ministry of Shipping","","Chittagong Port Authority","Executive Engineer_Harbour","","Chattogram","Works","NCT","TENDER","Tender - Single Lot","18.13.0000.000.324.07.007.26","228173","1312206","Open Tendering Method (OTM)","Own Fund","Own Fund","Not applicable","Not applicable","18.13.0000.000.324.07.007.26 Construction of RCC Pavement and  ancillary works adjacent to yard connecting road at downstream of khal -12,  Laldia char -2, Patenga, Chattogram.","Construction work;Site preparation work;Building demolition and wrecking work and earthmoving work;Test drilling and boring work;Works for complete or part construction and civil engineering work;Building construction work;Engineering works and construction works;Construction work for pipelines, communication and power lines, for highways, roads, airfields and railways; flatwork;Construction work for water projects;Construction works for plants, mining and manufacturing and for buildings relating to the oil and gas industry;Roof works and other special trade construction works;Building installation work;Electrical installation work;Insulation work;Plumbing and sanitary works;Fencing, railing and safety equipment installation work;Mechanical installations;Building completion work;Plastering work;Joinery and carpentry installation work;Floor and wall covering work;Painting and glazing work;Other building completion work;Hire of construction and civil engineering machinery and equipment with operator;Hire of cranes with operator;Hire of earthmoving equipment with operator","03-Aug-2026 13:00","24-Aug-2026 13:15","The minimum number of years of general experience of the Tenderer in the construction works as Prime Contractor shall be Five (05) years. The minimum specific experience as a Prime Contractor in construction works under public sector of at least Two (02) number contract of similar nature ( which are 1. Construction of Retaining Wall with in-situ pile and 2. construction of container yard ) successfully completed within the last Five (05) years,  each with a value of at least Tk. Five Crore (5,00,00,000) only. The required average annual construction turnover under the public sector shall be greater than Tk Twelve Crore (12,00,00,000) only over the best three (3) years in the last five (5) years. The minimum amount of financial resources as liquid asset or working capital or credit line(s) or specific credit commitment or in any combination of them, of the Tenderers shall be Tk Four Crore  (4,00,00,000) only. The minimum capacity shall be: Five Crore Twenty Lakh (5,20,00,000) only. In addition to these the contractor has to comply by the requiredexperience/documents stated in TDS, PCC and Tender Forms","Construction of RCC Pavement and ancillary works adjacent to yard connecting road at downstream of khal -12, Laldia char -2, Patenga, Chattogram.","Lot wise","Package wise","Package wise","4000","Payment through Bank","19-Feb-2027","19-Feb-2027","01","Construction of RCC Pavement and  ancillary works adjacent to yard connecting road at downstream of khal -12,  Laldia char -2, Patenga, Chattogram.","Patenga Chattogram","2100000","16-Nov-2026","14-Jul-2027","Sabrina Haque","Executive Engineer_Harbour","Address : Room # 217, Annex Building, PAB, CPA City : Chittagong Thana : Chattogram City Corporation District : Chattogram - 4100 Country : Bangladesh","Room # 217, Annex Building, PAB, CPA","Chittagong","Chattogram City Corporation","Chattogram - 4100","031-2510157","Error","https://www.eprocure.gov.bd/resources/common/ViewTender.jsp?id=1312206"
"Ministry of Education","Secondary and Higher Education Division","Education Engineering Department","Office of the Executive Engineer, EED, Gopalgonj, District.","46","Gopalganj","Goods","NCT","TENDER","Tender - Single Lot","37.07.0000.000.016.14.0012.24.78, Date: 21.05.25","216096","1314492","Open Tendering Method (OTM)","Development","Government","224016400","Fostering Opportunities of Science Education in Public Colleges","FOSEP/GD-09/2025-2026 SUPPLY, INSTALLATION, TESTING AND COMMISSIONING OF 60 KVA DIESEL GENERATOR TO FEMALE HOSTEL BUILDING AT KOTALIPARA SHEIKH LUTFAR RAHMAN ADARSHA GOVERNMENT COLLEGE UNDER KOTALIPARA UPAZILA GOPALGANJ DISTRICT..","Machinery, equipment, appliances, apparatus and associated products;Machinery for the production and use of mechanical power;Turbines and motors;Pumps and compressors;Taps, cocks, valves and similar appliances;Gears, gearing and driving elements;General-purpose machinery;Industrial or laboratory furnaces, incinerators and ovens;Lifting and handling equipment and parts;Cooling and ventilation equipment;Miscellaneous general-purpose machinery;Agricultural, horticultural and forestry machinery;Agricultural and forestry machinery for soil preparation or cultivation;Harvesting machinery;Spraying machinery for agriculture or horticulture;Self-loading or unloading trailers and semi-trailers for agriculture;Specialist agricultural or forestry machinery;Tractors;Parts of agricultural and forestry machinery;Machine tools;Machine tools operated by laser and machining centres;Lathes, boring and milling machine tools;Metal-working machine tools;Machine tools for working hard materials except metals;Pneumatic or motorised hand tools;Soldering, brazing and welding tools, surface tempering and hot-spraying machines and equipment;Parts and accessories of machine tools;Special-purpose machinery and parts;Machinery for metallurgy and associated parts;Machinery for mining, quarrying and construction;Machinery for food, beverage and tobacco processing and associated parts;Machinery for textile, apparel and leather production;Machinery for paper or paperboard production;Miscellaneous special-purpose machinery;Weapons, ammunition and associated parts;Motorised tanks and armoured fighting vehicles;Military weapons;Firearms;Ammunition;Parts of military weapons;Truncheons or night sticks;Domestic appliances;Electrical domestic appliances;Non-electric domestic appliances;Miscellaneous equipment;Transport related equipment;Workshop equipment;Construction equipment;Catering equipment;Emergency and security equipment;Technical equipment;Miscellaneous equipment n.e.c.","03-Aug-2026 13:00","19-Aug-2026 14:00","1. Any e-GP registered Tenderers of Bangladesh who have general experience of Five (05) years and also fulfil the criteria mentioned as Per ITT, GCC TDS & PCC are eligible to participate in this Procurement Process. 2. Tenderer shall have a Valid trade license (up-to-date), Income Tax Clearance Certificate (up-to-date), VAT Registration Certificate and NID card. 3. Up-to-date ABC License & Supervisory License issued from Electrical Licensing Board, Government of Bangladesh. 4. Supplier who has minimum specific experience in the supply of similar Goods/Products/Diesel Generator for at least in 01 (One) contract successfully completed within the last 03 (Three) years, Contract with a value of work order at least Tk 20,00,000.00 (Twenty lakh) in Govt./Semi Govt./Autonomous organization of Bangladesh (completion certificate and work order shall have to be enclosed) can participate in this tender. 5. The minimum amount of Liquid Assets i.e. credit facilities (in Form e-PG2-7) of the tenderer shall be BDT. 15.00 Lakh only. 6. Valid manufacturer’s authorization letter for the proposed brand of generator. 7. Valid Agency ship certificate for the proposed brand of generator. 8. Payment will be made as per availability of the fund but the whole work shall have to be completed within the stipulated time. 9. If any mistake/omission occurs in this tender will be corrected /included as per STD, PPA-2006, PPR-2025 and its all latest amendments and no claim in this regard will be entertained. The Procuring Entity shall reserve the right to change or modify or cancel in this tender. 10. Others Criteria are Stated in TDS & PCC & (Section No.6) of this tender.","SUPPLY, INSTALLATION, TESTING AND COMMISSIONING OF 60 KVA DIESEL GENERATOR TO FEMALE HOSTEL BUILDING AT KOTALIPARA SHEIKH LUTFAR RAHMAN ADARSHA GOVERNMENT COLLEGE UNDER KOTALIPARA UPAZILA GOPALGANJ DISTRICT.","Lot wise","Package wise","Package wise","1000","Payment through Bank","15-Jan-2027","15-Jan-2027","Single","SUPPLY, INSTALLATION, TESTING AND COMMISSIONING OF 60 KVA DIESEL GENERATOR TO FEMALE HOSTEL BUILDING AT KOTALIPARA SHEIKH LUTFAR RAHMAN ADARSHA GOVERNMENT COLLEGE UNDER KOTALIPARA UPAZILA GOPALGANJ DISTRICT..","KOTALIPARA UPAZILA GOPALGANJ DISTRICT","55000","26-Nov-2026","25-May-2027","Md. Nafiz Akter","Executive Engineer","Address : District Education office, Gopalgonj Zone. Gopalgonj. City : Gopalgonj Thana : Gopalganj Sadar District : Gopalganj - 8100 Country : Bangladesh","District Education office, Gopalgonj Zone. Gopalgonj.","Gopalgonj","Gopalganj Sadar","Gopalganj - 8100","02-6685108","","https://www.eprocure.gov.bd/resources/common/ViewTender.jsp?id=1314492"
"Ministry of Road Transport and Bridges","Road Transport and Highways Division","Roads & Highways Department (RHD)","Ferry Maintenance Division, Dhaka","ferrydivdha","Dhaka","Works","NCT","TENDER","Tender - Single Lot","Memo No:35.01.0000.170.07.001.26-279,Date:20.07.20","227844","1313567","Open Tendering Method (OTM)","Revenue","Government","Not applicable","Not applicable","27/egp/FMD/FMD/2026-2027 Repair works of different cracked, fractured and damaged placed of deck, super-structure etc. & Painting work for Pontoon No. PI-253/2019 Boktaboli at Ferry ghat under the RHD, Ferry Maintenance Division, Dhaka during the financial year 2026-27","Passenger transport services by water; Water transport services;Ferry transport services","03-Aug-2026 12:05","16-Aug-2026 16:00","All tenderers who have registered in e-GP system may participate in the tender provided that they fulfill the criteria as stated in Tender Document.","Repair works of different cracked, fractured and damaged placed of deck, super-structure etc. & Painting work for Pontoon No. PI-253/2019 Boktaboli at Ferry ghat under the RHD, Ferry Maintenance Division, Dhaka during the financial year 2026-27","Lot wise","Package wise","Package wise","500","Payment through Bank","12-Jan-2027","12-Jan-2027","1","Repair works of different cracked, fractured and damaged placed of deck, super-structure etc. & Painting work for Pontoon No. PI-253/2019 Boktaboli at Ferry ghat under the RHD, Ferry Maintenance Division, Dhaka during the financial year 2026-27","RHD, Ferry Maintenance Sub-Division,Dhaka","22000","24-Aug-2026","14-Sep-2026","ISRAT JAHAN TAMANNA","Executive Engineer","Address : Ferry Maintenance Division,Sarak Bhaban,Tejgaon, Dhaka City : Dhaka Thana : Dhaka North City Corporation District : Dhaka - 1208 Country : Bangladesh","Ferry Maintenance Division,Sarak Bhaban,Tejgaon, Dhaka","Dhaka","Dhaka North City Corporation","Dhaka - 1208","02-8879378","","https://www.eprocure.gov.bd/resources/common/ViewTender.jsp?id=1313567"
"Ministry of Agriculture","","Department of Agricultural Extension (DAE)","Sustainable Agricultural Development in Dinajpur Region Project (SADDRP)","","Dhaka","Works","NCT","TENDER","Tender - Single Lot","WD/DAE/Dinajpur-9","228055","1313316","Open Tendering Method (OTM)","Revenue","Government","224369900","Sustainable Agricultural Development in Dinajpur Region Project (SADDRP)","WD/DAE/Dinajpur-9 Construction of IoT Based Polyshed Houses with Smart Irrigation System","Works for complete or part construction and civil engineering work; Construction work;Building construction work;Engineering works and construction works;Construction work for pipelines, communication and power lines, for highways, roads, airfields and railways; flatwork;Construction work for water projects;Construction works for plants, mining and manufacturing and for buildings relating to the oil and gas industry;Roof works and other special trade construction works","03-Aug-2026 12:00","17-Aug-2026 15:30","As per TDS","Construction of IOT Based Polyshed Houses with Smart Irrigation System","Lot wise","Package wise","Package wise","2500","Payment through Bank","14-Dec-2026","14-Dec-2026","Single Lot","Construction of IoT Based Polyshed Houses with Smart Irrigation System","Different upazilas of DAE,Dinajpur Region","340000","15-Oct-2026","26-Apr-2027","Abureza Md. Asaduzzaman","Project Director","Address : Room no.501, Rear building, Department of Agricultural Extension,
Khamarbari, Farmgate, Dhaka City : Dhaka Thana : Dhaka North City Corporation District : Dhaka - 1215 Country : Bangladesh","","Dhaka","Dhaka North City Corporation","Dhaka - 1215","02-588817603","","https://www.eprocure.gov.bd/resources/common/ViewTender.jsp?id=1313316"
"Ministry of Housing and Public Works","","Public Works Department (PWD)","PWD EM Wood Workshop Division ( Special Unit)","","Dhaka","Goods","NCT","TENDER","Tender - Single Lot","ACE_EM Memo. 25.36.2600.003.03.001.26/101 Date: 27","229013","1314738","Open Tendering Method (OTM)","Development","Government","560 mosque/2nd revised","Establishment of 560 model Mosque and Islamic Cultural Centers in each Zila & Upazila of Bangladesh (2nd Revised)","ACE_EM Memo No.:101 Date: 27.07.2026 Establishing of 560 Model Mosque and Islamic Cultural Centre Project in Each  District & Upazila  (2nd Revised) of Bangladesh (Sub-Head: Manufacturing, Supplying and Fitting of Furniture for Model Mosque & Islamic Cultural Centre   at any  07(Seven)  Upazilas in Bangladesh.  Lot-2026/16.(Sl. 458-464)","Manufactured goods, furniture, handicrafts, special-purpose products and associated consumables;Furniture;Seats, chairs and associated parts;Non-domestic furniture;Domestic furniture;Miscellaneous furniture and equipment;School furniture;Jewellery and related articles;Coins and medals;Articles of jewellery;Musical instruments and parts;Musical instruments;Parts and accessories of musical instruments;Sports goods and equipment;Outdoor sports equipment;Gymnasium equipment;Games and toys; fairground amusements;Dolls;Toys;Articles for funfair, table or parlour games;Miscellaneous manufactured and other goods;Laundry supplies;School slates or boards with writing or drawing surfaces;Artificial products;Apparatus and equipment designed for demonstrational purposes;Umbrellas and sunshades; walking sticks and seat sticks;Funeral supplies;Kitchen equipment, household items and catering supplies;Barracks supplies;Consumables and consumer goods;Consumables;Tax-free goods;Disposable goods;Handicraft and art supplies;Handicraft supplies;Art supplies;Special-purpose product;Police equipment;Recycled products;Security devices;Animal ear tags;Compost boxes;Tokens;Spray booths;Snow poles","03-Aug-2026 12:00","17-Aug-2026 16:00","As Per TDS and PCC","Establishing of 560 Model Mosque and Islamic Cultural Centre Project in Each District & Upazila (2nd Revised) of Bangladesh (Sub-Head: Manufacturing, Supplying and Fitting of Furniture for Model Mosque & Islamic Cultural Centre at any 07(Seven) Upazilas in Bangladesh. Lot-2026/16.(Sl. 458-464)","Lot wise","Package wise","Package wise","4000","Payment through Bank","13-Jan-2027","13-Jan-2027","01","Establishing of 560 Model Mosque and Islamic Cultural Centre Project in Each  District & Upazila  (2nd Revised) of Bangladesh (Sub-Head: Manufacturing, Supplying and Fitting of Furniture for Model Mosque & Islamic Cultural Centre   at any  07(Seven)  Upazilas in Bangladesh.  Lot-2026/16.(Sl. 458-464)","Any 07 Upazilas in Bangladesh","900000","30-Aug-2026","24-Jun-2027","Md Zahangir Alam","Executive Engineer","Address : Sher -E-Bangla Nagar, Dhaka. City : Dhaka Thana : Dhaka North City Corporation District : Dhaka - 1215 Country : Bangladesh","Sher -E-Bangla Nagar, Dhaka.","Dhaka","Dhaka North City Corporation","Dhaka - 1215","02-55028813","","https://www.eprocure.gov.bd/resources/common/ViewTender.jsp?id=1314738"
"Ministry of Finance","Financial Institutions Division","Rupali Bank PLC","Procurement Division","","Dhaka","Goods","NCT","TENDER","Tender - Single Lot","HO/ICT/2026/32","227896","1311682","Open Tendering Method (OTM)","Own Fund","Own Fund","Not applicable","Not applicable","RBPLC_PD_26-27_9 Supply, installation, testing & commissioning of 03 (Three) sets RISC server for ICT Operations Division.","Computer and related services;Hardware consultancy services;Hardware selection consultancy services;Hardware disaster-recovery consultancy services;Computer-site planning consultancy services;Computer hardware acceptance testing consultancy services;Computer audit consultancy and hardware consultancy services;Software programming and consultancy services;Programming services of packaged software products;Systems and technical consultancy services;Custom software development services;Systems analysis and programming services;System maintenance and support services;Software-related services;Data services;Data-processing services;Database services;Computer-related services;Computer-related management services;Computer support and consultancy services;Computer network services;Computer upgrade services;Computer audit services;Computer testing services;Computer back-up services;Computer catalogue conversion services;Computer-related professional services","03-Aug-2026 12:00","24-Aug-2026 10:00","1. The minimum of years of general experience of the Tenderer in the supply of Goods and related services as Supplier shall be 03 (Three) years. [years counting backward from the date of publication of IFT in the newspaper] 2. The minimum specific experience as Supplier in supply of similar Goods of at least 02 (Two) contract(s) successfully completed within the last 03 (Three) years, each with a value of at least Tk. 06 (Six) Crore. 3. The minimum amount of financial resources as liquid asset or working capital or credit line(s) or specific credit commitment or in any combination of them, of the Tenderers shall be Tk. 07 (Seven) Crore 4. The Tenderer/Bidder must have experience on supply, installation, testing and commissioning of similar products at least in 3 (Three) Banks/Financial institutions/Telecommunications industry in Bangladesh.","Supply, installation, testing & commissioning of 03 (Three) sets RISC server for ICT Operations Division of Rupali Bank PLC.","Lot wise","Package wise","Package wise","4000","Payment through Bank","19-Jan-2027","19-Jan-2027","1","Supply, installation, testing & commissioning of 03 (Three) sets RISC server for ICT Operations Division.","DC & DRC of Rupali Bank PLC","2000000","01-Sep-2026","30-Nov-2026","MD. SHAHIDUR RAHMAN","Deputy General Manager","Address : Eunoos Trade Center , 52-53 , Dilkusha C/A, Dhaka-1000 City : Dhaka Thana : Dhaka South City Corporation District : Dhaka - 1000 Country : Bangladesh","Eunoos Trade Center , 52-53 , Dilkusha C/A, Dhaka-1000","Dhaka","Dhaka South City Corporation","Dhaka - 1000","02-47121284","","https://www.eprocure.gov.bd/resources/common/ViewTender.jsp?id=1311682"
"Ministry of Housing and Public Works","","Public Works Department (PWD)","PWD EM Wood Workshop Division ( Special Unit)","","Dhaka","Goods","NCT","TENDER","Tender - Single Lot","ACE_EM Memo. 25.36.2600.003.03.001.26/100 Date: 27","229013","1314737","Open Tendering Method (OTM)","Development","Government","560 mosque/2nd revised","Establishment of 560 model Mosque and Islamic Cultural Centers in each Zila & Upazila of Bangladesh (2nd Revised)","ACE _EM Memo No.: 100 Date: 27.07.2026 Establishing of 560 Model Mosque and Islamic Cultural Centre Project in Each  District & Upazila  (2nd Revised) of Bangladesh (Sub-Head: Manufacturing, Supplying and Fitting of Furniture for Model Mosque & Islamic Cultural Centre   at any  07(Seven)  Upazilas in Bangladesh.  Lot-2026/15.(Sl. 451-457)","Manufactured goods, furniture, handicrafts, special-purpose products and associated consumables;Furniture;Seats, chairs and associated parts;Non-domestic furniture;Domestic furniture;Miscellaneous furniture and equipment;School furniture;Jewellery and related articles;Coins and medals;Articles of jewellery;Musical instruments and parts;Musical instruments;Parts and accessories of musical instruments;Sports goods and equipment;Outdoor sports equipment;Gymnasium equipment;Games and toys; fairground amusements;Dolls;Toys;Articles for funfair, table or parlour games;Miscellaneous manufactured and other goods;Laundry supplies;School slates or boards with writing or drawing surfaces;Artificial products;Apparatus and equipment designed for demonstrational purposes;Umbrellas and sunshades; walking sticks and seat sticks;Funeral supplies;Kitchen equipment, household items and catering supplies;Barracks supplies;Consumables and consumer goods;Consumables;Tax-free goods;Disposable goods;Handicraft and art supplies;Handicraft supplies;Art supplies;Special-purpose product;Police equipment;Recycled products;Security devices;Animal ear tags;Compost boxes;Tokens;Spray booths;Snow poles","03-Aug-2026 12:00","17-Aug-2026 16:00","As Per TDS and PCC","Establishing of 560 Model Mosque and Islamic Cultural Centre Project in Each District & Upazila (2nd Revised) of Bangladesh (Sub-Head: Manufacturing, Supplying and Fitting of Furniture for Model Mosque & Islamic Cultural Centre at any 07(Seven) Upazilas in Bangladesh. Lot-2026/15.(Sl. 451-457)","Lot wise","Package wise","Package wise","4000","Payment through Bank","13-Jan-2027","13-Jan-2027","01","Establishing of 560 Model Mosque and Islamic Cultural Centre Project in Each  District & Upazila  (2nd Revised) of Bangladesh (Sub-Head: Manufacturing, Supplying and Fitting of Furniture for Model Mosque & Islamic Cultural Centre   at any  07(Seven)  Upazilas in Bangladesh.  Lot-2026/15.(Sl. 451-457)","Any 07 Upazilas in Bangladesh","900000","30-Aug-2026","24-Jun-2027","Md Zahangir Alam","Executive Engineer","Address : Sher -E-Bangla Nagar, Dhaka. City : Dhaka Thana : Dhaka North City Corporation District : Dhaka - 1215 Country : Bangladesh","Sher -E-Bangla Nagar, Dhaka.","Dhaka","Dhaka North City Corporation","Dhaka - 1215","02-55028813","","https://www.eprocure.gov.bd/resources/common/ViewTender.jsp?id=1314737"
"Ministry of Industries","","Bangladesh Chemical Industries Corporation (BCIC)","DAP Fertilizer Company Ltd.(Operation)","","Chattogram","Physical Services","NCT","PPS","","","229439","1314719","Open Tendering Method (OTM)","Own Fund","Own Fund","Not applicable","Not applicable","36.01.1504.693.07.025.26/6849 Crushing hardened/lump DAP fertilizer into suitable loose fertilizer for bagging using by an excavator at Bulk Godown-2.","Miscellaneous services; Washing and dry-cleaning services; Hairdressing and beauty treatment services; Physical well-being services; Accommodation and office services; Civic-amenity services; Marine services; Funeral and related services; Miscellaneous services n.e.c.; Clearing and Forwarding Agent; Service Provider (Others);Laundry-collection services;Textile-cleaning services;Fur-products cleaning services;Colouring services;Pressing services;Dyeing services;Hairdressing services;Beauty treatment services;Turkish bath services;Spa services;Massage services;Accommodation services;Car-park management services;Aquatic marine services;Port management services;Diving services;Funeral services;Decommissioning services;Relocation services;Tailoring services;Upholstering services;Locksmith services","","13-Aug-2026 11:00","1.Up to date Trade Licence. 2. Up to date Bank Solvency Certificate. 3.Up to date AIT Certificate issued by the competent income tax authority as a proof of submission of income tax return for the Financial Year 2025-26 . 4. VAT Registration Certificate. 5. Performance Security/ Tender Security must be submitted in the from of of Pay Order/Bank Guarantee and issued in favour of DAP Fertilizer Company Ltd, Rangadia ,CTG. NB: Performance Security/Tender Security from Global Islamic Bank PLC, Islamic Bank Bangladesh PLC, First Security Islamic Bank PLC, Social Islamic Bank PLC, Union Bank PLC, ICB Islamic Bank PLC, Padma Bank PLC, National Bank PLC, Al-Arafah Islamic Bank PLC, Bangladesh Commerce Bank PLC, and EXIM Bank PLC is prohibited or will not be accepted.","Crushing hardened/lump DAP fertilizer into suitable loose fertilizer for bagging using by an excavator at Bulk Godown-2.","Package wise","","Package wise","1000","Payment through Bank","08-Jan-2027","08-Jan-2027","","","DAPFCL","","01-Sep-2026","29-Oct-2026","Abu Mohammad Sirajul Islam","General Manager(Comm)","Address : General Manager(Operation)
P.O: CUFL, Rangadia, Chattogram-4000 City : Chattogram Thana : Anwara District : Chattogram - 4000 Country : Bangladesh","","Chattogram","Anwara","Chattogram - 4000","031-622303","","https://www.eprocure.gov.bd/resources/common/ViewTender.jsp?id=1314719"
"Ministry of Finance","Financial Institutions Division","Rupali Bank PLC","Procurement Division","","Dhaka","Goods","NCT","TENDER","Tender - Single Lot","HO/ICT/2026/31","227896","1314236","Open Tendering Method (OTM)","Own Fund","Own Fund","Not applicable","Not applicable","RBPLC_PD_26-27_17 Supply, installation, testing and commissioning of 03 (Three) sets RISC Based server for Mobile Banking Division of Rupali Bank PLC","Computer and related services;Hardware consultancy services;Hardware selection consultancy services;Hardware disaster-recovery consultancy services;Computer-site planning consultancy services;Computer hardware acceptance testing consultancy services;Computer audit consultancy and hardware consultancy services;Software programming and consultancy services;Programming services of packaged software products;Systems and technical consultancy services;Custom software development services;Systems analysis and programming services;System maintenance and support services;Software-related services;Data services;Data-processing services;Database services;Computer-related services;Computer-related management services;Computer support and consultancy services;Computer network services;Computer upgrade services;Computer audit services;Computer testing services;Computer back-up services;Computer catalogue conversion services;Computer-related professional services","03-Aug-2026 12:00","24-Aug-2026 10:00","1. The minimum of years of general experience of the Tenderer in the supply of Goods and related services as Supplier shall be 03 (Three) years. [years counting backward from the date of publication of IFT in the newspaper] 2. The minimum specific experience as Supplier in supply of similar Goods of at least 02 (Two) contract(s) successfully completed within the last 03 (Three) years, each with a value of at least Tk. 04 (Four) Crore. 3. The minimum amount of financial resources as liquid asset or working capital or credit line(s) or specific credit commitment or in any combination of them, of the Tenderers shall be Tk. 05 (Five) Crore 4. The Tenderer/Bidder must have experience on supply, installation, testing and commissioning of similar products at least in 3 (Three) Banks/Financial institutions/Telecommunications industry in Bangladesh.","Supply, installation, testing and commissioning of 03 (Three) sets RISC Based server for Mobile Banking Division of Rupali Bank PLC","Lot wise","Package wise","Package wise","4000","Payment through Bank","19-Jan-2027","19-Jan-2027","1","Supply, installation, testing and commissioning of 03 (Three) sets RISC Based server for Mobile Banking Division of Rupali Bank PLC","DC & DRC of Rupali Bank PLC","1600000","10-Sep-2026","10-Jan-2027","MD. SHAHIDUR RAHMAN","Deputy General Manager","Address : Eunoos Trade Center , 52-53 , Dilkusha C/A, Dhaka-1000 City : Dhaka Thana : Dhaka South City Corporation District : Dhaka - 1000 Country : Bangladesh","Eunoos Trade Center , 52-53 , Dilkusha C/A, Dhaka-1000","Dhaka","Dhaka South City Corporation","Dhaka - 1000","02-47121284","","https://www.eprocure.gov.bd/resources/common/ViewTender.jsp?id=1314236"
"Ministry of Local Government","Rural Development and Co-operatives","Department of Public Health Engineering (DPHE)","Office of the Executive Engineer, DPHE, Tangail","","Tangail","Works","NCT","TENDER","Tender - Single Lot","EE, DPHE, Tangail Memo No-1351, Date-09.07.2026","225153","1308414","Open Tendering Method (OTM)","Development","Government","224415000","Rural Sanitation Project.","WDTPL-44 Construction of Twin Pit Latrine at Modhupur Upazila of Tangail District under Rural Sanitation Project.","Construction work;Site preparation work;Building demolition and wrecking work and earthmoving work;Test drilling and boring work;Works for complete or part construction and civil engineering work;Building construction work;Engineering works and construction works;Construction work for pipelines, communication and power lines, for highways, roads, airfields and railways; flatwork;Construction work for water projects;Construction works for plants, mining and manufacturing and for buildings relating to the oil and gas industry;Roof works and other special trade construction works;Building installation work;Electrical installation work;Insulation work;Plumbing and sanitary works;Fencing, railing and safety equipment installation work;Mechanical installations;Building completion work;Plastering work;Joinery and carpentry installation work;Floor and wall covering work;Painting and glazing work;Other building completion work;Hire of construction and civil engineering machinery and equipment with operator;Hire of cranes with operator;Hire of earthmoving equipment with operator","03-Aug-2026 12:00","25-Aug-2026 10:30","As per TDS and PPA-2006 & PPR-2025 N.B. :- Since the list of the extremely poor will be collected from various unions and the supporting contribution will have to be deposited as per the terms of the project, the term of the work order will start upon receipt of the complete list by WATSAN Committee and deposit of the supporting contribution money.","Construction of Twin Pit Latrine at Modhupur Upazila of Tangail District under Rural Sanitation Project. (510 nos)","Lot wise","Package wise","Package wise","4000","Payment through Bank","21-Dec-2026","21-Dec-2026","1","Construction of Twin Pit Latrine at Modhupur Upazila of Tangail District under Rural Sanitation Project.","Modhupur, Tangail","900000","27-Sep-2026","27-Mar-2028","Md. Raisul Islam","Executive Engineer","Address : Office of the Executive Engineer, DPHE, Tangail City : Tangail Thana : Tangail Sadar District : Tangail - 1900 Country : Bangladesh","Office of the Executive Engineer, DPHE, Tangail","Tangail","Tangail Sadar","Tangail - 1900","09-2163425","","https://www.eprocure.gov.bd/resources/common/ViewTender.jsp?id=1308414"
"Ministry of Housing and Public Works","","Public Works Department (PWD)","PWD EM Wood Workshop Division ( Special Unit)","","Dhaka","Goods","NCT","TENDER","Tender - Single Lot","ACE_EM Memo. 25.36.2600.003.03.001.26/102 Date: 27","229013","1314739","Open Tendering Method (OTM)","Development","Government","560 mosque/2nd revised","Establishment of 560 model Mosque and Islamic Cultural Centers in each Zila & Upazila of Bangladesh (2nd Revised)","ACE_EM Memo No.: 102 Date: 27.07.2026 Establishing of 560 Model Mosque and Islamic Cultural Centre Project in Each  District & Upazila  (2nd Revised) of Bangladesh (Sub-Head: Manufacturing, Supplying and Fitting of Furniture for Model Mosque & Islamic Cultural Centre   at any  04(Four)  Upazilas and 02(Two) Districts in Bangladesh.  Lot-2026/17.(Sl. 465-470)","Manufactured goods, furniture, handicrafts, special-purpose products and associated consumables;Furniture;Seats, chairs and associated parts;Non-domestic furniture;Domestic furniture;Miscellaneous furniture and equipment;School furniture;Jewellery and related articles;Coins and medals;Articles of jewellery;Musical instruments and parts;Musical instruments;Parts and accessories of musical instruments;Sports goods and equipment;Outdoor sports equipment;Gymnasium equipment;Games and toys; fairground amusements;Dolls;Toys;Articles for funfair, table or parlour games;Miscellaneous manufactured and other goods;Laundry supplies;School slates or boards with writing or drawing surfaces;Artificial products;Apparatus and equipment designed for demonstrational purposes;Umbrellas and sunshades; walking sticks and seat sticks;Funeral supplies;Kitchen equipment, household items and catering supplies;Barracks supplies;Consumables and consumer goods;Consumables;Tax-free goods;Disposable goods;Handicraft and art supplies;Handicraft supplies;Art supplies;Special-purpose product;Police equipment;Recycled products;Security devices;Animal ear tags;Compost boxes;Tokens;Spray booths;Snow poles","03-Aug-2026 12:00","17-Aug-2026 16:00","As Per TDS and PCC","Establishing of 560 Model Mosque and Islamic Cultural Centre Project in Each District & Upazila (2nd Revised) of Bangladesh (Sub-Head: Manufacturing, Supplying and Fitting of Furniture for Model Mosque & Islamic Cultural Centre at any 04(Four) Upazilas and 02(Two) Districts in Bangladesh. Lot-2026/17.(Sl. 465-470)","Lot wise","Package wise","Package wise","4000","Payment through Bank","13-Jan-2027","13-Jan-2027","01","Establishing of 560 Model Mosque and Islamic Cultural Centre Project in Each  District & Upazila  (2nd Revised) of Bangladesh (Sub-Head: Manufacturing, Supplying and Fitting of Furniture for Model Mosque & Islamic Cultural Centre   at any  04(Four)  Upazilas and 02(Two) Districts in Bangladesh.  Lot-2026/17.(Sl. 465-470)","Any 04 Upazilas and 02 Districts in Bangladesh","810000","30-Aug-2026","24-Jun-2027","Md Zahangir Alam","Executive Engineer","Address : Sher -E-Bangla Nagar, Dhaka. City : Dhaka Thana : Dhaka North City Corporation District : Dhaka - 1215 Country : Bangladesh","Sher -E-Bangla Nagar, Dhaka.","Dhaka","Dhaka North City Corporation","Dhaka - 1215","02-55028813","","https://www.eprocure.gov.bd/resources/common/ViewTender.jsp?id=1314739"
"Ministry of Local Government","Rural Development and Co-operatives","Department of Public Health Engineering (DPHE)","Office of the Executive Engineer, DPHE, Tangail","","Tangail","Works","NCT","TENDER","Tender - Single Lot","EE, DPHE, Tangail Memo No-1352 Date-09.07.2026","225153","1308415","Open Tendering Method (OTM)","Development","Government","224415000","Rural Sanitation Project.","WDTPL-45 Construction of Twin Pit Latrine at Dhanbari Upazila of Tangail District under Rural Sanitation Project.","Construction work;Site preparation work;Building demolition and wrecking work and earthmoving work;Test drilling and boring work;Works for complete or part construction and civil engineering work;Building construction work;Engineering works and construction works;Construction work for pipelines, communication and power lines, for highways, roads, airfields and railways; flatwork;Construction work for water projects;Construction works for plants, mining and manufacturing and for buildings relating to the oil and gas industry;Roof works and other special trade construction works;Building installation work;Electrical installation work;Insulation work;Plumbing and sanitary works;Fencing, railing and safety equipment installation work;Mechanical installations;Building completion work;Plastering work;Joinery and carpentry installation work;Floor and wall covering work;Painting and glazing work;Other building completion work;Hire of construction and civil engineering machinery and equipment with operator;Hire of cranes with operator;Hire of earthmoving equipment with operator","03-Aug-2026 12:00","25-Aug-2026 10:30","As per TDS and PPA-2006 & PPR-2025 N.B. :- Since the list of the extremely poor will be collected from various unions and the supporting contribution will have to be deposited as per the terms of the project, the term of the work order will start upon receipt of the complete list by WATSAN Committee and deposit of the supporting contribution money.","Construction of Twin Pit Latrine at Dhanbari Upazila of Tangail District under Rural Sanitation Project. (383 nos)","Lot wise","Package wise","Package wise","4000","Payment through Bank","21-Dec-2026","21-Dec-2026","1","Construction of Twin Pit Latrine at Dhanbari Upazila of Tangail District under Rural Sanitation Project.","Dhanbari, Tangail","700000","27-Sep-2026","27-Mar-2028","Md. Raisul Islam","Executive Engineer","Address : Office of the Executive Engineer, DPHE, Tangail City : Tangail Thana : Tangail Sadar District : Tangail - 1900 Country : Bangladesh","Office of the Executive Engineer, DPHE, Tangail","Tangail","Tangail Sadar","Tangail - 1900","09-2163425","","https://www.eprocure.gov.bd/resources/common/ViewTender.jsp?id=1308415"
"Ministry of Local Government","Rural Development and Co-operatives","Department of Public Health Engineering (DPHE)","Office of the Executive Engineer, DPHE, Tangail","","Tangail","Works","NCT","TENDER","Tender - Single Lot","EE, DPHE, Tangail Memo No-1344, Date-09.07.2026","225153","1308406","Open Tendering Method (OTM)","Development","Government","224415000","Rural Sanitation Project.","WDTPL-37 Construction of Twin Pit Latrine at Mirzapur Upazila of Tangail District under Rural Sanitation Project.","Construction work;Site preparation work;Building demolition and wrecking work and earthmoving work;Test drilling and boring work;Works for complete or part construction and civil engineering work;Building construction work;Engineering works and construction works;Construction work for pipelines, communication and power lines, for highways, roads, airfields and railways; flatwork;Construction work for water projects;Construction works for plants, mining and manufacturing and for buildings relating to the oil and gas industry;Roof works and other special trade construction works;Building installation work;Electrical installation work;Insulation work;Plumbing and sanitary works;Fencing, railing and safety equipment installation work;Mechanical installations;Building completion work;Plastering work;Joinery and carpentry installation work;Floor and wall covering work;Painting and glazing work;Other building completion work;Hire of construction and civil engineering machinery and equipment with operator;Hire of cranes with operator;Hire of earthmoving equipment with operator","03-Aug-2026 12:00","25-Aug-2026 10:30","As per TDS and PPA-2006 & PPR-2025 N.B. :- Since the list of the extremely poor will be collected from various unions and the supporting contribution will have to be deposited as per the terms of the project, the term of the work order will start upon receipt of the complete list by WATSAN Committee and deposit of the supporting contribution money.","Construction of Twin Pit Latrine at Mirzapur Upazila of Tangail District under Rural Sanitation Project. (1019 nos)","Lot wise","Package wise","Package wise","4000","Payment through Bank","21-Dec-2026","21-Dec-2026","1","Construction of Twin Pit Latrine at Mirzapur Upazila of Tangail District under Rural Sanitation Project.","Mirzapur, Tangail","1900000","27-Sep-2026","27-Mar-2028","Md. Raisul Islam","Executive Engineer","Address : Office of the Executive Engineer, DPHE, Tangail City : Tangail Thana : Tangail Sadar District : Tangail - 1900 Country : Bangladesh","Office of the Executive Engineer, DPHE, Tangail","Tangail","Tangail Sadar","Tangail - 1900","09-2163425","","https://www.eprocure.gov.bd/resources/common/ViewTender.jsp?id=1308406"
"Ministry of Local Government","Rural Development and Co-operatives","Department of Public Health Engineering (DPHE)","Office of the Executive Engineer, DPHE, Tangail","","Tangail","Works","NCT","TENDER","Tender - Single Lot","EE, DPHE, Tangail Memo No-1346, Date-09.07.2026","225153","1308408","Open Tendering Method (OTM)","Development","Government","224415000","Rural Sanitation Project.","WDTPL-39 Construction of Twin Pit Latrine at Basail Upazila of Tangail District under Rural Sanitation Project.","Construction work;Site preparation work;Building demolition and wrecking work and earthmoving work;Test drilling and boring work;Works for complete or part construction and civil engineering work;Building construction work;Engineering works and construction works;Construction work for pipelines, communication and power lines, for highways, roads, airfields and railways; flatwork;Construction work for water projects;Construction works for plants, mining and manufacturing and for buildings relating to the oil and gas industry;Roof works and other special trade construction works;Building installation work;Electrical installation work;Insulation work;Plumbing and sanitary works;Fencing, railing and safety equipment installation work;Mechanical installations;Building completion work;Plastering work;Joinery and carpentry installation work;Floor and wall covering work;Painting and glazing work;Other building completion work;Hire of construction and civil engineering machinery and equipment with operator;Hire of cranes with operator;Hire of earthmoving equipment with operator","03-Aug-2026 12:00","25-Aug-2026 10:30","As per TDS and PPA-2006 & PPR-2025 N.B. :- Since the list of the extremely poor will be collected from various unions and the supporting contribution will have to be deposited as per the terms of the project, the term of the work order will start upon receipt of the complete list by WATSAN Committee and deposit of the supporting contribution money.","Construction of Twin Pit Latrine at Basail Upazila of Tangail District under Rural Sanitation Project. (400 nos)","Lot wise","Package wise","Package wise","4000","Payment through Bank","21-Dec-2026","21-Dec-2026","1","Construction of Twin Pit Latrine at Basail Upazila of Tangail District under Rural Sanitation Project.","Basail, Tangail","700000","27-Sep-2026","27-Mar-2028","Md. Raisul Islam","Executive Engineer","Address : Office of the Executive Engineer, DPHE, Tangail City : Tangail Thana : Tangail Sadar District : Tangail - 1900 Country : Bangladesh","Office of the Executive Engineer, DPHE, Tangail","Tangail","Tangail Sadar","Tangail - 1900","09-2163425","","https://www.eprocure.gov.bd/resources/common/ViewTender.jsp?id=1308408"
"Ministry of Local Government","Rural Development and Co-operatives","Department of Public Health Engineering (DPHE)","Office of the Executive Engineer, DPHE, Tangail","","Tangail","Works","NCT","TENDER","Tender - Single Lot","EE, DPHE, Tangail Memo No-1350, Date-09.07.2026","225153","1308413","Open Tendering Method (OTM)","Development","Government","224415000","Rural Sanitation Project.","WDTPL-43 Construction of Twin Pit Latrine at Gopalpur Upazila of Tangail District under Rural Sanitation Project.","Construction work;Site preparation work;Building demolition and wrecking work and earthmoving work;Test drilling and boring work;Works for complete or part construction and civil engineering work;Building construction work;Engineering works and construction works;Construction work for pipelines, communication and power lines, for highways, roads, airfields and railways; flatwork;Construction work for water projects;Construction works for plants, mining and manufacturing and for buildings relating to the oil and gas industry;Roof works and other special trade construction works;Building installation work;Electrical installation work;Insulation work;Plumbing and sanitary works;Fencing, railing and safety equipment installation work;Mechanical installations;Building completion work;Plastering work;Joinery and carpentry installation work;Floor and wall covering work;Painting and glazing work;Other building completion work;Hire of construction and civil engineering machinery and equipment with operator;Hire of cranes with operator;Hire of earthmoving equipment with operator","03-Aug-2026 12:00","25-Aug-2026 10:00","As per TDS and PPA-2006 & PPR-2025 N.B. :- Since the list of the extremely poor will be collected from various unions and the supporting contribution will have to be deposited as per the terms of the project, the term of the work order will start upon receipt of the complete list by WATSAN Committee and deposit of the supporting contribution money.","Construction of Twin Pit Latrine at Gopalpur Upazila of Tangail District under Rural Sanitation Project. (553 nos)","Lot wise","Package wise","Package wise","4000","Payment through Bank","21-Dec-2026","21-Dec-2026","1","Construction of Twin Pit Latrine at Gopalpur Upazila of Tangail District under Rural Sanitation Project.","Gopalpur, Tangail","1000000","20-Sep-2026","19-Mar-2028","Md. Raisul Islam","Executive Engineer","Address : Office of the Executive Engineer, DPHE, Tangail City : Tangail Thana : Tangail Sadar District : Tangail - 1900 Country : Bangladesh","Office of the Executive Engineer, DPHE, Tangail","Tangail","Tangail Sadar","Tangail - 1900","09-2163425","","https://www.eprocure.gov.bd/resources/common/ViewTender.jsp?id=1308413"
"Ministry of Local Government","Rural Development and Co-operatives","Department of Public Health Engineering (DPHE)","Office of the Executive Engineer, DPHE, Tangail","","Tangail","Works","NCT","TENDER","Tender - Single Lot","EE, DPHE, Tangail Memo No-1343, Date-09.07.2026","225153","1308405","Open Tendering Method (OTM)","Development","Government","224415000","Rural Sanitation Project.","WDTPL-36 Construction of Twin Pit Latrine at Nagarpur Upazila of Tangail District under Rural Sanitation Project.","Construction work;Site preparation work;Building demolition and wrecking work and earthmoving work;Test drilling and boring work;Works for complete or part construction and civil engineering work;Building construction work;Engineering works and construction works;Construction work for pipelines, communication and power lines, for highways, roads, airfields and railways; flatwork;Construction work for water projects;Construction works for plants, mining and manufacturing and for buildings relating to the oil and gas industry;Roof works and other special trade construction works;Building installation work;Electrical installation work;Insulation work;Plumbing and sanitary works;Fencing, railing and safety equipment installation work;Mechanical installations;Building completion work;Plastering work;Joinery and carpentry installation work;Floor and wall covering work;Painting and glazing work;Other building completion work;Hire of construction and civil engineering machinery and equipment with operator;Hire of cranes with operator;Hire of earthmoving equipment with operator","03-Aug-2026 12:00","25-Aug-2026 10:30","As per TDS and PPA-2006 & PPR-2025 N.B. :- Since the list of the extremely poor will be collected from various unions and the supporting contribution will have to be deposited as per the terms of the project, the term of the work order will start upon receipt of the complete list by WATSAN Committee and deposit of the supporting contribution money.","Construction of Twin Pit Latrine at Nagarpur Upazila of Tangail District under Rural Sanitation Project. (752 nos)","Lot wise","Package wise","Package wise","4000","Payment through Bank","21-Dec-2026","21-Dec-2026","1","Construction of Twin Pit Latrine at Nagarpur Upazila of Tangail District under Rural Sanitation Project.","Nagarpur, Tangail","1400000","27-Sep-2026","27-Mar-2028","Md. Raisul Islam","Executive Engineer","Address : Office of the Executive Engineer, DPHE, Tangail City : Tangail Thana : Tangail Sadar District : Tangail - 1900 Country : Bangladesh","Office of the Executive Engineer, DPHE, Tangail","Tangail","Tangail Sadar","Tangail - 1900","09-2163425","","https://www.eprocure.gov.bd/resources/common/ViewTender.jsp?id=1308405"
"Ministry of Local Government","Rural Development and Co-operatives","Department of Public Health Engineering (DPHE)","Office of the Executive Engineer, DPHE, Tangail","","Tangail","Works","NCT","TENDER","Tender - Single Lot","EE, DPHE, Tangail Memo No-1347, Date-09.07.2026","225153","1308409","Open Tendering Method (OTM)","Development","Government","224415000","Rural Sanitation Project.","WDTPL-40 Construction of Twin Pit Latrine at Kalihati Upazila of Tangail District under Rural Sanitation Project.","Construction work;Site preparation work;Building demolition and wrecking work and earthmoving work;Test drilling and boring work;Works for complete or part construction and civil engineering work;Building construction work;Engineering works and construction works;Construction work for pipelines, communication and power lines, for highways, roads, airfields and railways; flatwork;Construction work for water projects;Construction works for plants, mining and manufacturing and for buildings relating to the oil and gas industry;Roof works and other special trade construction works;Building installation work;Electrical installation work;Insulation work;Plumbing and sanitary works;Fencing, railing and safety equipment installation work;Mechanical installations;Building completion work;Plastering work;Joinery and carpentry installation work;Floor and wall covering work;Painting and glazing work;Other building completion work;Hire of construction and civil engineering machinery and equipment with operator;Hire of cranes with operator;Hire of earthmoving equipment with operator","03-Aug-2026 12:00","25-Aug-2026 10:30","As per TDS and PPA-2006 & PPR-2025 N.B. :- Since the list of the extremely poor will be collected from various unions and the supporting contribution will have to be deposited as per the terms of the project, the term of the work order will start upon receipt of the complete list by WATSAN Committee and deposit of the supporting contribution money.","Construction of Twin Pit Latrine at Kalihati Upazila of Tangail District under Rural Sanitation Project. (1014 nos)","Lot wise","Package wise","Package wise","4000","Payment through Bank","21-Dec-2026","21-Dec-2026","1","Construction of Twin Pit Latrine at Kalihati Upazila of Tangail District under Rural Sanitation Project.","Kalihati, Tangail","1900000","27-Sep-2026","27-Mar-2028","Md. Raisul Islam","Executive Engineer","Address : Office of the Executive Engineer, DPHE, Tangail City : Tangail Thana : Tangail Sadar District : Tangail - 1900 Country : Bangladesh","Office of the Executive Engineer, DPHE, Tangail","Tangail","Tangail Sadar","Tangail - 1900","09-2163425","","https://www.eprocure.gov.bd/resources/common/ViewTender.jsp?id=1308409"
"Ministry of Local Government","Rural Development and Co-operatives","Department of Public Health Engineering (DPHE)","Office of the Executive Engineer, DPHE, Tangail","","Tangail","Works","NCT","TENDER","Tender - Single Lot","EE, DPHE, Tangail Memo No-1349, Date-09.07.2026","225153","1308412","Open Tendering Method (OTM)","Development","Government","224415000","Rural Sanitation Project.","WDTPL-42 Construction of Twin Pit Latrine at Ghatail Upazila of Tangail District under Rural Sanitation Project.","Construction work;Site preparation work;Building demolition and wrecking work and earthmoving work;Test drilling and boring work;Works for complete or part construction and civil engineering work;Building construction work;Engineering works and construction works;Construction work for pipelines, communication and power lines, for highways, roads, airfields and railways; flatwork;Construction work for water projects;Construction works for plants, mining and manufacturing and for buildings relating to the oil and gas industry;Roof works and other special trade construction works;Building installation work;Electrical installation work;Insulation work;Plumbing and sanitary works;Fencing, railing and safety equipment installation work;Mechanical installations;Building completion work;Plastering work;Joinery and carpentry installation work;Floor and wall covering work;Painting and glazing work;Other building completion work;Hire of construction and civil engineering machinery and equipment with operator;Hire of cranes with operator;Hire of earthmoving equipment with operator","03-Aug-2026 12:00","25-Aug-2026 10:30","As per TDS and PPA-2006 & PPR-2025 N.B. :- Since the list of the extremely poor will be collected from various unions and the supporting contribution will have to be deposited as per the terms of the project, the term of the work order will start upon receipt of the complete list by WATSAN Committee and deposit of the supporting contribution money.","Construction of Twin Pit Latrine at Ghatail Upazila of Tangail District under Rural Sanitation Project. (1047 nos)","Lot wise","Package wise","Package wise","4000","Payment through Bank","21-Dec-2026","21-Dec-2026","1","Construction of Twin Pit Latrine at Ghatail Upazila of Tangail District under Rural Sanitation Project.","Ghatail, Tangail","2000000","27-Sep-2026","27-Mar-2028","Md. Raisul Islam","Executive Engineer","Address : Office of the Executive Engineer, DPHE, Tangail City : Tangail Thana : Tangail Sadar District : Tangail - 1900 Country : Bangladesh","Office of the Executive Engineer, DPHE, Tangail","Tangail","Tangail Sadar","Tangail - 1900","09-2163425","","https://www.eprocure.gov.bd/resources/common/ViewTender.jsp?id=1308412"
"Ministry of Local Government","Rural Development and Co-operatives","Department of Public Health Engineering (DPHE)","Office of the Executive Engineer, DPHE, Tangail","","Tangail","Works","NCT","TENDER","Tender - Single Lot","EE, DPHE, Tangail Memo No-1342, Date-09.07.2026","225153","1308404","Open Tendering Method (OTM)","Development","Government","224415000","Rural Sanitation Project.","WDTPL-35 Construction of Twin Pit Latrine at Delduar Upazila of Tangail District under Rural Sanitation Project.","Construction work; Operation of water supplies; Water distribution and related services;Site preparation work;Building demolition and wrecking work and earthmoving work;Test drilling and boring work;Works for complete or part construction and civil engineering work;Building construction work;Engineering works and construction works;Construction work for pipelines, communication and power lines, for highways, roads, airfields and railways; flatwork;Construction work for water projects;Construction works for plants, mining and manufacturing and for buildings relating to the oil and gas industry;Roof works and other special trade construction works;Building installation work;Electrical installation work;Insulation work;Plumbing and sanitary works;Fencing, railing and safety equipment installation work;Mechanical installations;Building completion work;Plastering work;Joinery and carpentry installation work;Floor and wall covering work;Painting and glazing work;Other building completion work;Hire of construction and civil engineering machinery and equipment with operator;Hire of cranes with operator;Hire of earthmoving equipment with operator","03-Aug-2026 12:00","25-Aug-2026 10:30","As per TDS and PPA-2006 & PPR-2025 N.B. :- Since the list of the extremely poor will be collected from various unions and the supporting contribution will have to be deposited as per the terms of the project, the term of the work order will start upon receipt of the complete list by WATSAN Committee and deposit of the supporting contribution money.","Construction of Twin Pit Latrine at Delduar Upazila of Tangail District under Rural Sanitation Project. (529 nos)","Lot wise","Package wise","Package wise","4000","Payment through Bank","21-Dec-2026","21-Dec-2026","1","Construction of Twin Pit Latrine at Delduar Upazila of Tangail District under Rural Sanitation Project.","Delduar, Tangail","1000000","27-Sep-2026","27-Mar-2028","Md. Raisul Islam","Executive Engineer","Address : Office of the Executive Engineer, DPHE, Tangail City : Tangail Thana : Tangail Sadar District : Tangail - 1900 Country : Bangladesh","Office of the Executive Engineer, DPHE, Tangail","Tangail","Tangail Sadar","Tangail - 1900","09-2163425","","https://www.eprocure.gov.bd/resources/common/ViewTender.jsp?id=1308404"
"Ministry of Local Government","Rural Development and Co-operatives","Department of Public Health Engineering (DPHE)","Office of the Executive Engineer, DPHE, Tangail","","Tangail","Works","NCT","TENDER","Tender - Single Lot","EE, DPHE, Tangail Memo No-1341, Date-09.07.2026","225153","1308403","Open Tendering Method (OTM)","Development","Government","224415000","Rural Sanitation Project.","WDTPL-34 Construction of Twin Pit Latrine at Tangail Sadar Upazilla of Tangail District under Rural Sanitation Project.","Construction work; Site preparation work; Works for complete or part construction and civil engineering work; Building installation work; Building completion work; Hire of construction and civil engineering machinery and equipment with operator; Operation of water supplies; Water distribution and related services;Building demolition and wrecking work and earthmoving work;Test drilling and boring work;Building construction work;Engineering works and construction works;Construction work for pipelines, communication and power lines, for highways, roads, airfields and railways; flatwork;Construction work for water projects;Construction works for plants, mining and manufacturing and for buildings relating to the oil and gas industry;Roof works and other special trade construction works;Electrical installation work;Insulation work;Plumbing and sanitary works;Fencing, railing and safety equipment installation work;Mechanical installations;Plastering work;Joinery and carpentry installation work;Floor and wall covering work;Painting and glazing work;Other building completion work;Hire of cranes with operator;Hire of earthmoving equipment with operator","03-Aug-2026 12:00","25-Aug-2026 10:30","As per TDS and PPA-2006 & PPR-2025 N.B. :- Since the list of the extremely poor will be collected from various unions and the supporting contribution will have to be deposited as per the terms of the project, the term of the work order will start upon receipt of the complete list by WATSAN Committee and deposit of the supporting contribution money.","Construction of Twin Pit Latrine at Tangail Sadar Upazilla of Tangail District under Rural Sanitation Project. (968 nos)","Lot wise","Package wise","Package wise","4000","Payment through Bank","21-Dec-2026","21-Dec-2026","1","Construction of Twin Pit Latrine at Tangail Sadar Upazilla of Tangail District under Rural Sanitation Project.","Tangail Sadar, Tangail","1800000","27-Sep-2026","27-Mar-2028","Md. Raisul Islam","Executive Engineer","Address : Office of the Executive Engineer, DPHE, Tangail City : Tangail Thana : Tangail Sadar District : Tangail - 1900 Country : Bangladesh","Office of the Executive Engineer, DPHE, Tangail","Tangail","Tangail Sadar","Tangail - 1900","09-2163425","","https://www.eprocure.gov.bd/resources/common/ViewTender.jsp?id=1308403"
"Ministry of Local Government","Rural Development and Co-operatives","Department of Public Health Engineering (DPHE)","Office of the Executive Engineer, DPHE, Tangail","","Tangail","Works","NCT","TENDER","Tender - Single Lot","EE, DPHE, Tangail Memo No-1348, Date-09.07.2026","225153","1308411","Open Tendering Method (OTM)","Development","Government","224415000","Rural Sanitation Project.","WDTPL-41 Construction of Twin Pit Latrine at Bhuapur Upazila of Tangail District under Rural Sanitation Project.","Construction work;Site preparation work;Building demolition and wrecking work and earthmoving work;Test drilling and boring work;Works for complete or part construction and civil engineering work;Building construction work;Engineering works and construction works;Construction work for pipelines, communication and power lines, for highways, roads, airfields and railways; flatwork;Construction work for water projects;Construction works for plants, mining and manufacturing and for buildings relating to the oil and gas industry;Roof works and other special trade construction works;Building installation work;Electrical installation work;Insulation work;Plumbing and sanitary works;Fencing, railing and safety equipment installation work;Mechanical installations;Building completion work;Plastering work;Joinery and carpentry installation work;Floor and wall covering work;Painting and glazing work;Other building completion work;Hire of construction and civil engineering machinery and equipment with operator;Hire of cranes with operator;Hire of earthmoving equipment with operator","03-Aug-2026 12:00","25-Aug-2026 10:30","As per TDS and PPA-2006 & PPR-2025 N.B. :- Since the list of the extremely poor will be collected from various unions and the supporting contribution will have to be deposited as per the terms of the project, the term of the work order will start upon receipt of the complete list by WATSAN Committee and deposit of the supporting contribution money.","Construction of Twin Pit Latrine at Bhuapur Upazila of Tangail District under Rural Sanitation Project. (441 nos)","Lot wise","Package wise","Package wise","4000","Payment through Bank","21-Dec-2026","21-Dec-2026","1","Construction of Twin Pit Latrine at Bhuapur Upazila of Tangail District under Rural Sanitation Project.","Bhuapur, Tangail","800000","27-Sep-2026","27-Mar-2028","Md. Raisul Islam","Executive Engineer","Address : Office of the Executive Engineer, DPHE, Tangail City : Tangail Thana : Tangail Sadar District : Tangail - 1900 Country : Bangladesh","Office of the Executive Engineer, DPHE, Tangail","Tangail","Tangail Sadar","Tangail - 1900","09-2163425","","https://www.eprocure.gov.bd/resources/common/ViewTender.jsp?id=1308411"
"Ministry of Local Government","Rural Development and Co-operatives","Department of Public Health Engineering (DPHE)","Office of the Executive Engineer, DPHE, Tangail","","Tangail","Works","NCT","TENDER","Tender - Single Lot","EE, DPHE, Tangail Memo No-1345, Date-09.07.2026","225153","1308407","Open Tendering Method (OTM)","Development","Government","224415000","Rural Sanitation Project.","WDTPL-38 Construction of Twin Pit Latrine at Sakhipur Upazila of Tangail District under Rural Sanitation Project.","Construction work;Site preparation work;Building demolition and wrecking work and earthmoving work;Test drilling and boring work;Works for complete or part construction and civil engineering work;Building construction work;Engineering works and construction works;Construction work for pipelines, communication and power lines, for highways, roads, airfields and railways; flatwork;Construction work for water projects;Construction works for plants, mining and manufacturing and for buildings relating to the oil and gas industry;Roof works and other special trade construction works;Building installation work;Electrical installation work;Insulation work;Plumbing and sanitary works;Fencing, railing and safety equipment installation work;Mechanical installations;Building completion work;Plastering work;Joinery and carpentry installation work;Floor and wall covering work;Painting and glazing work;Other building completion work;Hire of construction and civil engineering machinery and equipment with operator;Hire of cranes with operator;Hire of earthmoving equipment with operator","03-Aug-2026 12:00","25-Aug-2026 10:30","As per TDS and PPA-2006 & PPR-2025 N.B. :- Since the list of the extremely poor will be collected from various unions and the supporting contribution will have to be deposited as per the terms of the project, the term of the work order will start upon receipt of the complete list by WATSAN Committee and deposit of the supporting contribution money.","Construction of Twin Pit Latrine at Sakhipur Upazila of Tangail District under Rural Sanitation Project. (635 nos)","Lot wise","Package wise","Package wise","4000","Payment through Bank","21-Dec-2026","21-Dec-2026","1","Construction of Twin Pit Latrine at Sakhipur Upazila of Tangail District under Rural Sanitation Project.","Sakhipur, Tangail","1200000","27-Sep-2026","27-Mar-2028","Md. Raisul Islam","Executive Engineer","Address : Office of the Executive Engineer, DPHE, Tangail City : Tangail Thana : Tangail Sadar District : Tangail - 1900 Country : Bangladesh","Office of the Executive Engineer, DPHE, Tangail","Tangail","Tangail Sadar","Tangail - 1900","09-2163425","","https://www.eprocure.gov.bd/resources/common/ViewTender.jsp?id=1308407"
"Ministry of Education","Secondary and Higher Education Division","Education Engineering Department","Office of the Executive Engineer, EED, Laksmipur District.","48","Laksmipur","Works","NCT","TENDER","Tender - Single Lot","37.07.0000.014.20.101.24-1058(28) Dt: 20/10/2025","216533","1303066","Open Tendering Method (OTM)","Revenue","Government","1250301 -1250301109972-4111201","Construction/Extension  of Academic Buildings to Selected  Govt. & Non Govt. Educational Institutions.","Rev/SHED 7016/2025-26/W007 Construction of Single storied Academic Building with four storied foundation in/c Sanitary Water Supply & Electrification works at Kamalnagar College under Kamalnagar Upazilla in Lakshmipur District.","Construction work;Site preparation work;Building demolition and wrecking work and earthmoving work;Test drilling and boring work;Works for complete or part construction and civil engineering work;Building construction work;Engineering works and construction works;Construction work for pipelines, communication and power lines, for highways, roads, airfields and railways; flatwork;Construction work for water projects;Construction works for plants, mining and manufacturing and for buildings relating to the oil and gas industry;Roof works and other special trade construction works;Building installation work;Electrical installation work;Insulation work;Plumbing and sanitary works;Fencing, railing and safety equipment installation work;Mechanical installations;Building completion work;Plastering work;Joinery and carpentry installation work;Floor and wall covering work;Painting and glazing work;Other building completion work;Hire of construction and civil engineering machinery and equipment with operator;Hire of cranes with operator;Hire of earthmoving equipment with operator","03-Aug-2026 12:00","19-Aug-2026 16:00","1. Tenderers who failed to START/COMPLETE the awarded work within stipulated time in EED, Lakshmipur without any reasonable cause are not eligible to participate in this e-Tender. 2. Other eligibility remain as per TDS.","Construction of Single storied Academic Building with four storied foundation in/c Sanitary Water Supply & Electrification works at Kamalnagar College under Kamalnagar Upazilla in Lakshmipur District.","Lot wise","Package wise","Package wise","2500","Payment through Bank","15-Jan-2027","15-Jan-2027","W007","Construction of Single storied Academic Building with four storied foundation in/c Sanitary Water Supply & Electrification works at Kamalnagar College under Kamalnagar Upazilla in Lakshmipur District.","Kamalnagar, Lakshmipur","400000","23-Aug-2026","15-Aug-2027","Sraboni Chakraborty","Executive Engineer","Address : Office of the Executive Engineer,
District Education Bhaban,
Laksmipur. City : Laksmipur Thana : Laxmipur Sadar District : Laksmipur - 3700 Country : Bangladesh","","Laksmipur","Laxmipur Sadar","Laksmipur - 3700","0381-62344","","https://www.eprocure.gov.bd/resources/common/ViewTender.jsp?id=1303066"
"Ministry of Education","Secondary and Higher Education Division","Education Engineering Department","Office of the Executive Engineer, EED, Laksmipur District.","48","Laksmipur","Works","NCT","TENDER","Tender - Single Lot","EED/DESK-1/847 Dt: 22/09/2025","216533","1303062","Open Tendering Method (OTM)","Revenue","Government","1250301 -1250301109972-4111201","Construction/Extension  of Academic Buildings to Selected  Govt. & Non Govt. Educational Institutions.","Rev/SHED 7016/2025-26/W004 Construction of Single storied Academic Building with four storied foundation in/c Sanitary Water Supply & Electrification works at Panpara School and College under Ramganj upazilla in Lakshmipur District.","Construction work;Site preparation work;Building demolition and wrecking work and earthmoving work;Test drilling and boring work;Works for complete or part construction and civil engineering work;Building construction work;Engineering works and construction works;Construction work for pipelines, communication and power lines, for highways, roads, airfields and railways; flatwork;Construction work for water projects;Construction works for plants, mining and manufacturing and for buildings relating to the oil and gas industry;Roof works and other special trade construction works;Building installation work;Electrical installation work;Insulation work;Plumbing and sanitary works;Fencing, railing and safety equipment installation work;Mechanical installations;Building completion work;Plastering work;Joinery and carpentry installation work;Floor and wall covering work;Painting and glazing work;Other building completion work;Hire of construction and civil engineering machinery and equipment with operator;Hire of cranes with operator;Hire of earthmoving equipment with operator","03-Aug-2026 12:00","19-Aug-2026 16:00","1. Tenderers who failed to START/COMPLETE the awarded work within stipulated time in EED, Lakshmipur without any reasonable cause are not eligible to participate in this e-Tender. 2. Other eligibility remain as per TDS.","Construction of Single storied Academic Building with four storied foundation in/c Sanitary Water Supply & Electrification works at Panpara School and College under Ramganj upazilla in Lakshmipur District.","Lot wise","Package wise","Package wise","2500","Payment through Bank","15-Jan-2027","15-Jan-2027","W004","Construction of Single storied Academic Building with four storied foundation in/c Sanitary Water Supply & Electrification works at Panpara School and College under Ramganj upazilla in Lakshmipur District.","Ramganj, Lakshmipur","275000","23-Aug-2026","15-Aug-2027","Sraboni Chakraborty","Executive Engineer","Address : Office of the Executive Engineer,
District Education Bhaban,
Laksmipur. City : Laksmipur Thana : Laxmipur Sadar District : Laksmipur - 3700 Country : Bangladesh","","Laksmipur","Laxmipur Sadar","Laksmipur - 3700","0381-62344","","https://www.eprocure.gov.bd/resources/common/ViewTender.jsp?id=1303062"
"Ministry of Education","Secondary and Higher Education Division","Education Engineering Department","Office of the Executive Engineer, EED, Laksmipur District.","48","Laksmipur","Works","NCT","TENDER","Tender - Single Lot","EED/DESK-1/1062, Dt: 20.10.2025","216533","1303064","Open Tendering Method (OTM)","Revenue","Government","1250301 -1250301109972-4111201","Construction/Extension  of Academic Buildings to Selected  Govt. & Non Govt. Educational Institutions.","Rev/SHED 7016/2025-26/W003 Vertical Extension of 1ST and 2ND Floor of Existing Single Storied Academic Building with Four storied foundation in/c Sanitary, Water Supply & Electrification works at Sebagram Fazlur Rahman High School under Ramgati Upazilla in Lakshmipur District.","Construction work;Site preparation work;Building demolition and wrecking work and earthmoving work;Test drilling and boring work;Works for complete or part construction and civil engineering work;Building construction work;Engineering works and construction works;Construction work for pipelines, communication and power lines, for highways, roads, airfields and railways; flatwork;Construction work for water projects;Construction works for plants, mining and manufacturing and for buildings relating to the oil and gas industry;Roof works and other special trade construction works;Building installation work;Electrical installation work;Insulation work;Plumbing and sanitary works;Fencing, railing and safety equipment installation work;Mechanical installations;Building completion work;Plastering work;Joinery and carpentry installation work;Floor and wall covering work;Painting and glazing work;Other building completion work;Hire of construction and civil engineering machinery and equipment with operator;Hire of cranes with operator;Hire of earthmoving equipment with operator","03-Aug-2026 12:00","19-Aug-2026 16:00","1. Tenderers who failed to START/COMPLETE the awarded work within stipulated time in EED, Lakshmipur without any reasonable cause are not eligible to participate in this e-Tender. 2. Other eligibility remain as per TDS.","Vertical Extension of 1ST and 2ND Floor of Existing Single Storied Academic Building with Four storied foundation in/c Sanitary, Water Supply & Electrification works at Sebagram Fazlur Rahman High School under Ramgati Upazilla in Lakshmipur District.","Lot wise","Package wise","Package wise","2500","Payment through Bank","15-Jan-2027","15-Jan-2027","W003","Vertical Extension of 1ST and 2ND Floor of Existing Single Storied Academic Building with Four storied foundation in/c Sanitary, Water Supply & Electrification works at Sebagram Fazlur Rahman High School under Ramgati Upazilla in Lakshmipur District.","Ramgati, Lakshmipur","350000","23-Aug-2026","15-Aug-2027","Sraboni Chakraborty","Executive Engineer","Address : Office of the Executive Engineer,
District Education Bhaban,
Laksmipur. City : Laksmipur Thana : Laxmipur Sadar District : Laksmipur - 3700 Country : Bangladesh","","Laksmipur","Laxmipur Sadar","Laksmipur - 3700","0381-62344","","https://www.eprocure.gov.bd/resources/common/ViewTender.jsp?id=1303064"
"Ministry of Education","Secondary and Higher Education Division","Education Engineering Department","Office of the Executive Engineer, EED, Laksmipur District.","48","Laksmipur","Works","NCT","TENDER","Tender - Single Lot","EED/DESK-1/2965, Dt: 16.02.2026","216533","1303063","Open Tendering Method (OTM)","Revenue","Government","1250301 -1250301109972-4111201","Construction/Extension  of Academic Buildings to Selected  Govt. & Non Govt. Educational Institutions.","Rev/SHED 7016/2025-26/W12 Construction of Single storied Academic Building with four storied foundation in/c Sanitary Water Supply & Electrification works at Bibirhat  Rashidia High School under Ramgati Upazilla in Lakshmipur District.","Construction work;Site preparation work;Building demolition and wrecking work and earthmoving work;Test drilling and boring work;Works for complete or part construction and civil engineering work;Building construction work;Engineering works and construction works;Construction work for pipelines, communication and power lines, for highways, roads, airfields and railways; flatwork;Construction work for water projects;Construction works for plants, mining and manufacturing and for buildings relating to the oil and gas industry;Roof works and other special trade construction works;Building installation work;Electrical installation work;Insulation work;Plumbing and sanitary works;Fencing, railing and safety equipment installation work;Mechanical installations;Building completion work;Plastering work;Joinery and carpentry installation work;Floor and wall covering work;Painting and glazing work;Other building completion work;Hire of construction and civil engineering machinery and equipment with operator;Hire of cranes with operator;Hire of earthmoving equipment with operator","03-Aug-2026 12:00","19-Aug-2026 16:00","1. Tenderers who failed to START/COMPLETE the awarded work within stipulated time in EED, Lakshmipur without any reasonable cause are not eligible to participate in this e-Tender. 2. Other eligibility remain as per TDS.","Construction of Single storied Academic Building with four storied foundation in/c Sanitary Water Supply & Electrification works at Bibirhat Rashidia High School under Ramgati Upazilla in Lakshmipur District.","Lot wise","Package wise","Package wise","2500","Payment through Bank","15-Jan-2027","15-Jan-2027","W12","Construction of Single storied Academic Building with four storied foundation in/c Sanitary Water Supply & Electrification works at Bibirhat  Rashidia High School under Ramgati Upazilla in Lakshmipur District.","Ramgati, Lakshmipur","275000","23-Aug-2026","15-Aug-2027","Sraboni Chakraborty","Executive Engineer","Address : Office of the Executive Engineer,
District Education Bhaban,
Laksmipur. City : Laksmipur Thana : Laxmipur Sadar District : Laksmipur - 3700 Country : Bangladesh","","Laksmipur","Laxmipur Sadar","Laksmipur - 3700","0381-62344","","https://www.eprocure.gov.bd/resources/common/ViewTender.jsp?id=1303063"
"Ministry of Education","Secondary and Higher Education Division","Education Engineering Department","Office of the Executive Engineer, EED, Satkhira District.","40","Satkhira","Works","NCT","TENDER","Tender - Single Lot","EED/Desk-01/3376, Date: 27.04.2026","225961","1305954","Open Tendering Method (OTM)","Development","Government","224315000","Establishment of 329 Technical School & College (TSC) at Upazila Level (2nd Phase).","EED/SAT/DEV/329-TSC/WD-304 CONSTRUCTION OF 05-STORIED ACADEMIC CUM WORKSHOP WITH 04-STORIED ADMINISTRATIVE BUILDING IN/C SANITARY, ELECTRIFICATION, UNDER GROUND & OVERHEAD WATER RESERVOIR, SITE DEVELOPMENT AND INSTALLATION OF DEEP TUBE-WELL AT TALA GOVT. TECHNICAL SCHOOL & COLLEGE TALA UPAZILA UNDER SATKHIRA DISTRICT. (SHALLOW FOUNDATION)","Construction work;Site preparation work;Building demolition and wrecking work and earthmoving work;Test drilling and boring work;Works for complete or part construction and civil engineering work;Building construction work;Engineering works and construction works;Construction work for pipelines, communication and power lines, for highways, roads, airfields and railways; flatwork;Construction work for water projects;Construction works for plants, mining and manufacturing and for buildings relating to the oil and gas industry;Roof works and other special trade construction works;Building installation work;Electrical installation work;Insulation work;Plumbing and sanitary works;Fencing, railing and safety equipment installation work;Mechanical installations;Building completion work;Plastering work;Joinery and carpentry installation work;Floor and wall covering work;Painting and glazing work;Other building completion work;Hire of construction and civil engineering machinery and equipment with operator;Hire of cranes with operator;Hire of earthmoving equipment with operator","03-Aug-2026 12:00","30-Aug-2026 17:00","a.The minimum number of years of General Experience of the Tenderer in the construction works as Prime Contractor or Subcontractor or Management Contractor shall be 10 (Ten) years. b.The minimum Specific Experience as a Prime Contractor or Subcontractor or Management Contractor in Building Construction Work of at least 1(one) number contract(s) of similar nature, complexity and methods/construction technology successfully completed within the last 05 (Five) years, each with a value of at least Tk. 1400.00 ( One Thousand Four Hundred ) Lakh. c.The required average annual Construction Turnover shall be Tk. 2500.00 (Two Thousand Five Hundred) Lakh. over the last 05 (Five) years. d.The minimum amount of Liquid Assets o r working capital or credit facilities of the Tenderer shall be Tk. 500.00 Lakh (Five Hundred). In the Form e-PW3-8 in original form. e. Tenderer must have valid Trade License (2026-2027), TIN Certificate (2025-2026) & VAT Registration Certificate (13-Digit). f. The must have ABC Category Electrical License & Electrical Supervisory License from Electrical Licensing Board, Govt.of Bangladesh. g. Other Criteria are stated in TDS & PCC N.B: Years counting backward from the date of publication of IFT in the newspaper. Note: CPTU office letter Memo-21.00.0000.364.22.020.19-202 Dated: 10.10.2019. His previous work does not satisfactory and he does not complete any work within stipulated time. Otherwise tender will be considered as Non-responsive.","CONSTRUCTION OF 05-STORIED ACADEMIC CUM WORKSHOP WITH 04-STORIED ADMINISTRATIVE BUILDING IN/C SANITARY, ELECTRIFICATION, UNDER GROUND & OVERHEAD WATER RESERVOIR, SITE DEVELOPMENT AND INSTALLATION OF DEEP TUBE-WELL AT TALA GOVT. TECHNICAL SCHOOL & COLLEGE TALA UPAZILA UNDER SATKHIRA DISTRICT. (SHALLOW FOUNDATION)","Lot wise","Package wise","Package wise","5000","Payment through Bank","26-Jan-2027","26-Jan-2027","WD-304","CONSTRUCTION OF 05-STORIED ACADEMIC CUM WORKSHOP WITH 04-STORIED ADMINISTRATIVE BUILDING IN/C SANITARY, ELECTRIFICATION, UNDER GROUND & OVERHEAD WATER RESERVOIR, SITE DEVELOPMENT AND INSTALLATION OF DEEP TUBE-WELL AT TALA GOVT. TECHNICAL SCHOOL & COLLEGE TALA UPAZILA UNDER SATKHIRA DISTRICT. (SHALLOW FOUNDATION)","TALA UPAZILA UNDER SATKHIRA DISTRICT","5500000","30-Nov-2026","23-May-2028","Ringkon Biswas","Executive Engineer","Address : Office of the Executive Engineer,Education Engineering Department (EED), Satkhira District. City : Satkhira Thana : Satkhira Sadar District : Satkhira - 9400 Country : Bangladesh","Office of the Executive Engineer,Education Engineering Department (EED), Satkhira District.","Satkhira","Satkhira Sadar","Satkhira - 9400","0471-63535","","https://www.eprocure.gov.bd/resources/common/ViewTender.jsp?id=1305954"
"Ministry of Local Government","Rural Development and Co-operatives","Department of Public Health Engineering (DPHE)","Office of the Executive Engineer, DPHE, Tangail","","Tangail","Works","NCT","TENDER","Tender - Single Lot","EE, DPHE, Tangail Memo No-1340, Date-09.07.2026","225153","1308402","Open Tendering Method (OTM)","Development","Government","224415000","Rural Sanitation Project.","WDCT-07 Construction of Community Toilets in different Upazilas of Tangail District under Rural Sanitation Project.","Construction work; Site preparation work; Building demolition and wrecking work and earthmoving work; Test drilling and boring work; Works for complete or part construction and civil engineering work; Building construction work; Engineering works and construction works; Construction work for pipelines, communication and power lines, for highways, roads, airfields and railways; flatwork; Construction work for water projects; Construction works for plants, mining and manufacturing and for buildings relating to the oil and gas industry; Roof works and other special trade construction works; Building installation work; Building completion work; Plastering work; Joinery and carpentry installation work; Floor and wall covering work; Painting and glazing work; Other building completion work; Hire of construction and civil engineering machinery and equipment with operator; Water distribution; Water distribution and related services; Operation of water supplies; Electricity distribution and related services; Public utilities; Electricity distribution; Operation of electrical installations; Meter reading service;Electrical installation work;Insulation work;Plumbing and sanitary works;Fencing, railing and safety equipment installation work;Mechanical installations;Hire of cranes with operator;Hire of earthmoving equipment with operator","03-Aug-2026 12:00","25-Aug-2026 10:30","As per TDS and PPA-2006 & PPR-2025.","Construction of Community Toilets in different Upazilas of Tangail District under Rural Sanitation Project. (48 nos)","Lot wise","Package wise","Package wise","4000","Payment through Bank","21-Dec-2026","21-Dec-2026","1","Construction of Community Toilets in different Upazillas of Tangail District under Rural Sanitation Project.","Tangail","1200000","27-Sep-2026","27-Mar-2028","Md. Raisul Islam","Executive Engineer","Address : Office of the Executive Engineer, DPHE, Tangail City : Tangail Thana : Tangail Sadar District : Tangail - 1900 Country : Bangladesh","Office of the Executive Engineer, DPHE, Tangail","Tangail","Tangail Sadar","Tangail - 1900","09-2163425","","https://www.eprocure.gov.bd/resources/common/ViewTender.jsp?id=1308402"
"Ministry of Education","Secondary and Higher Education Division","Education Engineering Department","Office of the Executive Engineer, EED, Laksmipur District.","48","Laksmipur","Works","NCT","TENDER","Tender - Single Lot","37.07.0000.014.20.101.24-1058(28) Dt: 20/10/2025","216533","1303065","Open Tendering Method (OTM)","Revenue","Government","1250301 -1250301109972-4111201","Construction/Extension  of Academic Buildings to Selected  Govt. & Non Govt. Educational Institutions.","Rev/SHED 7016/2025-26/W006 Construction of Single storied Academic Building with four storied foundation in/c Sanitary Water Supply & Electrification works at D S A United Academy under Ramganj Upazilla in Lakshmipur District.","Construction work;Site preparation work;Building demolition and wrecking work and earthmoving work;Test drilling and boring work;Works for complete or part construction and civil engineering work;Building construction work;Engineering works and construction works;Construction work for pipelines, communication and power lines, for highways, roads, airfields and railways; flatwork;Construction work for water projects;Construction works for plants, mining and manufacturing and for buildings relating to the oil and gas industry;Roof works and other special trade construction works;Building installation work;Electrical installation work;Insulation work;Plumbing and sanitary works;Fencing, railing and safety equipment installation work;Mechanical installations;Building completion work;Plastering work;Joinery and carpentry installation work;Floor and wall covering work;Painting and glazing work;Other building completion work;Hire of construction and civil engineering machinery and equipment with operator;Hire of cranes with operator;Hire of earthmoving equipment with operator","03-Aug-2026 12:00","19-Aug-2026 16:00","1. Tenderers who failed to START/COMPLETE the awarded work within stipulated time in EED, Lakshmipur without any reasonable cause are not eligible to participate in this e-Tender. 2. Other eligibility remain as per TDS.","Construction of Single storied Academic Building with four storied foundation in/c Sanitary Water Supply & Electrification works at D S A United Academy under Ramganj Upazilla in Lakshmipur District.","Lot wise","Package wise","Package wise","2500","Payment through Bank","15-Jan-2027","15-Jan-2027","W006","Construction of Single storied Academic Building with four storied foundation in/c Sanitary Water Supply & Electrification works at D S A United Academy under Ramganj Upazilla in Lakshmipur District.","Ramganj, Lakshmipur","375000","23-Aug-2026","15-Aug-2027","Sraboni Chakraborty","Executive Engineer","Address : Office of the Executive Engineer,
District Education Bhaban,
Laksmipur. City : Laksmipur Thana : Laxmipur Sadar District : Laksmipur - 3700 Country : Bangladesh","","Laksmipur","Laxmipur Sadar","Laksmipur - 3700","0381-62344","","https://www.eprocure.gov.bd/resources/common/ViewTender.jsp?id=1303065"
"Ministry of Education","Secondary and Higher Education Division","Education Engineering Department","Office of the Executive Engineer, EED, Patuakhali, District.","38","Patuakhali","Goods","NCT","TENDER","Tender - Single Lot","e-GP/G-01/EED/Pat/FOSEP/Lift/2026-27","228274","1314069","Open Tendering Method (OTM)","Development","Government","224016400","Fostering Opportunities of Science Education in Public Colleges","e-GP/G-01/EED/Pat/FOSEP/Lift/2026-27 SUPPLY, INSTALLATION, TESTING AND COMMISSIONING OF 01 NO. 6 STOPS 1000 KG CAPACITY PASSENGER LIFT WITH RELATED ACCESSORIES TO COLLEGE BUILDING AT PATUAKHALI GOVERNMENT MOHILA COLLEGE, UNDER SADAR, UPAZILA ,PATUAKHALI DISTRICT.","Machinery, equipment, appliances, apparatus and associated products; Electrical machinery, apparatus, equipment and consumables;Machinery for the production and use of mechanical power;Turbines and motors;Pumps and compressors;Taps, cocks, valves and similar appliances;Gears, gearing and driving elements;General-purpose machinery;Industrial or laboratory furnaces, incinerators and ovens;Lifting and handling equipment and parts;Cooling and ventilation equipment;Miscellaneous general-purpose machinery;Agricultural, horticultural and forestry machinery;Agricultural and forestry machinery for soil preparation or cultivation;Harvesting machinery;Spraying machinery for agriculture or horticulture;Self-loading or unloading trailers and semi-trailers for agriculture;Specialist agricultural or forestry machinery;Tractors;Parts of agricultural and forestry machinery;Machine tools;Machine tools operated by laser and machining centres;Lathes, boring and milling machine tools;Metal-working machine tools;Machine tools for working hard materials except metals;Pneumatic or motorised hand tools;Soldering, brazing and welding tools, surface tempering and hot-spraying machines and equipment;Parts and accessories of machine tools;Special-purpose machinery and parts;Machinery for metallurgy and associated parts;Machinery for mining, quarrying and construction;Machinery for food, beverage and tobacco processing and associated parts;Machinery for textile, apparel and leather production;Machinery for paper or paperboard production;Miscellaneous special-purpose machinery;Weapons, ammunition and associated parts;Motorised tanks and armoured fighting vehicles;Military weapons;Firearms;Ammunition;Parts of military weapons;Truncheons or night sticks;Domestic appliances;Electrical domestic appliances;Non-electric domestic appliances;Miscellaneous equipment;Transport related equipment;Workshop equipment;Construction equipment;Catering equipment;Emergency and security equipment;Technical equipment;Miscellaneous equipment n.e.c.;Electric motors, generators and transformers;Electric motors;Generators;Alternators;Cooling towers;Ballasts for discharge lamps or tubes;Parts of electric motors, generators and transformers;Transformers;Electricity distribution and control apparatus;Electrical apparatus for switching or protecting electrical circuits;Electrical circuit components;Parts of electricity distribution or control apparatus;Insulated wire and cable;Mains;Power distribution cables;Coaxial cable;Insulated cable accessories;Electric conductors for data and control purposes;Accumulators, primary cells and primary batteries;Primary cells;Primary batteries;Electric accumulators;Lighting equipment and electric lamps;Electric filament lamps;Lamps and light fittings;Parts of lamps and lighting equipment;Electrical equipment and apparatus;Electrical equipment for engines and vehicles;Sound or visual signalling apparatus;Magnets;Machines and apparatus with individual functions;Insulating fittings;Carbon electrodes;Electrical parts of machinery or apparatus;Electrical supplies and accessories;Electronic, electromechanical and electrotechnical supplies;Electronic equipment;Electromechanical equipment;Electrotechnical equipment","03-Aug-2026 11:55","17-Aug-2026 17:00","As per TDS & PCC","SUPPLY, INSTALLATION, TESTING AND COMMISSIONING OF 01 NO. 6 STOPS 1000 KG CAPACITY PASSENGER LIFT WITH RELATED ACCESSORIES TO COLLEGE BUILDING AT PATUAKHALI GOVERNMENT MOHILA COLLEGE, UNDER SADAR, UPAZILA ,PATUAKHALI DISTRICT","Lot wise","Package wise","Package wise","2500","Payment through Bank","12-Feb-2027","12-Feb-2027","1","SUPPLY, INSTALLATION, TESTING AND COMMISSIONING OF 01 NO. 6 STOPS 1000 KG CAPACITY PASSENGER LIFT WITH RELATED ACCESSORIES TO COLLEGE BUILDING AT PATUAKHALI GOVERNMENT MOHILA COLLEGE, UNDER SADAR, UPAZILA ,PATUAKHALI DISTRICT.","Sadar,Patuakhali","200000","01-Oct-2026","29-Apr-2027","MD. MANIRUL KABIR","Executive Engineer","Address : District Education Bhaban. Partuakhali. City : Patuakhali Thana : Patuakhali Sadar District : Patuakhali - 8600 Country : Bangladesh","District Education Bhaban. Partuakhali.","Patuakhali","Patuakhali Sadar","Patuakhali - 8600","0441-62532","","https://www.eprocure.gov.bd/resources/common/ViewTender.jsp?id=1314069"
"Ministry of Energy","Power and Mineral Resources","Power Grid Bangladesh PLC","Grid Maintenance Division, Rangamati","","Chattogram","Works","NCT","TENDER","Tender - Single Lot","27.21.0000.000.785.18.0001.26.554,Date: 02.08.2026","229017","1314839","Open Tendering Method (OTM)","Own Fund","Own Fund","Not applicable","Not applicable","Rang_06_2026-27 Yearly basis Work on cutting and clearing jungle and undergrowth around various portions of substation at Chandraghona 132/33 kV Grid Substation under GMD, Rangamati, Power Grid","Electrical parts of machinery or apparatus; Electrical equipment and apparatus; Electricity; Industrial cleaning services; Cleaning services; Specialised cleaning services; Miscellaneous cleaning services; Cleaning services; Environmental services;","03-Aug-2026 11:40","23-Aug-2026 13:00","The minimum number of years of general experience of the Tenderer in the construction works as Prime Contractor shall be 03 (Three) years; years counting backward from the date of publication of IFT in the newspaper. The minimum specific experience as a Prime Contractor in construction works under public sector (like Power Grid/ DESCO/DPDC/BPDB or any other Government Electricity Company etc) of at least 01 contract(s) of Repair, Installation, Testing and Commissioning work/cutting and clearing jungle and undergrowth/Right of Way work at 132 kV or higher capacity transmission line or Substation successfully completed within the last 10 years, each with a value of at least Tk. 01 lakh. Years counting backward from the date of publication of IFT in the newspaper. Others in TDS","Yearly basis Work on cutting and clearing jungle and undergrowth around various portions of substation at Chandraghona 132/33 kV Grid Substation under GMD, Rangamati, Power Grid","Lot wise","Package wise","Package wise","500","Payment through Bank","18-Jan-2027","18-Jan-2027","01","Yearly basis Work on cutting and clearing jungle and undergrowth around various portions of substation at Chandraghona 132/33 kV Grid Substation under GMD, Rangamati, Power Grid","Chandraghona Grid Substation Lichubagan Rangunia Chattogram","5000","01-Oct-2026","30-Sep-2027","Subir Kanti Nath","Executive Engineer","Address : Office of the Executive Engineer, GMD, Rangamati, Golam Mostafa Colony (WAPDA Colony), Rashid Bari, Madunaghat. City : Hathazari Thana : Hathazari District : Chattogram - 4337 Country : Bangladesh","Office of the Executive Engineer, GMD, Rangamati, Golam Mostafa Colony (WAPDA Colony), Rashid Bari, Madunaghat.","Hathazari","Hathazari","Chattogram - 4337","01-731097904","","https://www.eprocure.gov.bd/resources/common/ViewTender.jsp?id=1314839"
"Ministry of Energy","Power and Mineral Resources","Power Grid Bangladesh PLC","Grid Maintenance Division, Rangamati","","Chattogram","Works","NCT","TENDER","Tender - Single Lot","27.21.0000.000.785.18.0001.26.553,Date: 02.08.2026","229017","1314796","Open Tendering Method (OTM)","Own Fund","Own Fund","Not applicable","Not applicable","Rang_05_2026-27 Yearly basis Work on cutting and clearing jungle and undergrowth around various portions of substation at Madunaghat 230/132/33 kV Grid Substation under GMD, Rangamati, Power Grid","Electrical parts of machinery or apparatus; Electrical equipment and apparatus; Electricity; Specialised cleaning services; Cleaning services; Miscellaneous cleaning services; Environmental services; Environmental and ecological services;","03-Aug-2026 11:15","23-Aug-2026 13:00","The minimum number of years of general experience of the Tenderer in the construction works as Prime Contractor shall be 03 (Three) years; years counting backward from the date of publication of IFT in the newspaper. The minimum specific experience as a Prime Contractor in construction works under public sector (like Power Grid/ DESCO/DPDC/BPDB or any other Government Electricity Company etc) of at least 01 contract(s) of Repair, Installation, Testing and Commissioning work/cutting and clearing jungle and undergrowth/Right of Way work at 132 kV or higher capacity transmission line or Substation successfully completed within the last 10 years, each with a value of at least Tk. 03 lakh. Years counting backward from the date of publication of IFT in the newspaper. Others in TDS","Yearly basis Work on cutting and clearing jungle and undergrowth around various portions of substation at Madunaghat 230/132/33 kV Grid Substation under GMD, Rangamati, Power Grid","Lot wise","Package wise","Package wise","500","Payment through Bank","18-Jan-2027","18-Jan-2027","01","Yearly basis Work on cutting and clearing jungle and undergrowth around various portions of substation at Madunaghat 230/132/33 kV Grid Substation under GMD, Rangamati, Power Grid","Madunaghat 230 by 132 kV Grid Sub-Station, Madunaghat, Ctg","10000","01-Oct-2026","30-Sep-2027","Subir Kanti Nath","Executive Engineer","Address : Office of the Executive Engineer, GMD, Rangamati, Golam Mostafa Colony (WAPDA Colony), Rashid Bari, Madunaghat. City : Hathazari Thana : Hathazari District : Chattogram - 4337 Country : Bangladesh","Office of the Executive Engineer, GMD, Rangamati, Golam Mostafa Colony (WAPDA Colony), Rashid Bari, Madunaghat.","Hathazari","Hathazari","Chattogram - 4337","01-731097904","","https://www.eprocure.gov.bd/resources/common/ViewTender.jsp?id=1314796"
"Ministry of Home Affairs","","Bangladesh Police","Office of the Superintendent of Police, Chuadanga","00151","Chuadanga","Goods","NCT","TENDER","Tender - Single Lot","egp-spchuadanga/2026-2027-Ration/1st Quarter/05","226549","1314598","Open Tendering Method (OTM)","Revenue","Government","Not applicable","Not applicable","egp-spchuadanga/2026-202-Ration/1st Quarter/05 Procurement of Packaged edible oil (Soyabin oil) for the Financial Year 2026-2027 (1st Quarter) at District Police Lines Ration Store, Chuadanga.","Food products and beverages;Animal products, meat and meat products;Meat;Animal wool, hides and skins;Meat products;Prepared and preserved fish;Fish fillets, fish livers and roe;Frozen fish, fish fillets and other fish meat;Dried or salted fish; fish in brine; smoked fish;Canned or tinned fish and other prepared or preserved fish;Seafood;Fruit, vegetables and related products;Potatoes and potato products;Fruit and vegetable juices;Fruit and vegetables;Animal or vegetable oils and fats;Crude animal or vegetable oils and fats;Refined oils and fats;Edible fats;Dairy products;Milk and cream;Butter;Cheese products;Assorted dairy products;Grain mill products, starches and starch products;Grain mill products;Starches and starch products;Animal feedstuffs;Prepared animal feeds for farm and other animals;Miscellaneous food products;Bread products, fresh pastry goods and cakes;Rusks and biscuits; preserved pastry goods and cakes;Sugar and related products;Cocoa; chocolate and sugar confectionery;Pasta products;Coffee, tea and related products;Condiments and seasonings;Special nutritional products;Miscellaneous food products n.e.c. and dried goods;Beverages;Distilled alcoholic beverages;Wines;Cider and other fruit wines;Non-distilled fermented beverages;Malt beer;Non-alcoholic beverages","03-Aug-2026 11:00","12-Aug-2026 11:00","1. Updated valid trade license. 2. Updated income tax clearance certificate 3. Updated vat registration certificate. 4. A latest certified copy of bank solvency certificate or line of credit According to PG3-2 Form. 5. The tenderer must submit a bank statement for the last 03 Month as of june 30,2026 6. A certificate of ownership of the company. 7. nid 8.The minimum of years of general experience of the Tenderer in the supply of Goods and related services as Supplier shall be 3 years 9.The minimum specific experience as Supplier in supply of similar Goods of at least one (1) contract successfully completed within the last [5] years, with a value of at least Tk.4500000 10.The minimum amount as liquid asset of the Tenderers shall be Tk5000000 11. Tenderer must submit a 1 liter sample on the opening date before the opening time. 12. 500 ml and 2 liter bottles. The bidder shall, in accordance with Article 18 of the Constitution of the People's Republic of Bangladesh, provide for the enrichment of edible oil with Vitamin ""A"" in the range of 15 to 30 ppm (parts per million), i.e., not less than 0.015 to not more than 0.030 mg of Vitamin ""A"" per gram of edible oil as specified in Schedule-1 of the Vitamin ""A"" Fortification of Edible Oils Act, 2013, and the symbol ""Sathik Pusti Suthya Jiban"" to be displayed on the bottle or carton supplied as per Schedule-2 (1) must be present","Procurement of Packaged edible oil (Soyabin oil) for the Financial Year 2026-2027 (1st Quarter) at District Police Lines Ration Store, Chuadanga.","Lot wise","Package wise","Package wise","2500","Payment through Bank","08-Dec-2026","08-Dec-2026","1","Procurement of Packaged edible oil (Soyabin oil) for the Financial Year 2026-2027 (1st Quarter) at District Police Lines Ration Store, Chuadanga.","SP Office, Chuadanga","138000","25-Aug-2026","27-Aug-2026","MOHAMMAD RUHUL KABIR KHAN","SP","Address : Office of the Superintendent of Police, Chuadanga City : Chuadanga Thana : Chuadanga Sadar District : Chuadanga - 7200 Country : Bangladesh","Office of the Superintendent of Police, Chuadanga","Chuadanga","Chuadanga Sadar","Chuadanga - 7200","0761-63164","","https://www.eprocure.gov.bd/resources/common/ViewTender.jsp?id=1314598"
"Ministry of Local Government","Rural Development and Co-operatives","Local Government Engineering Department (LGED)","Office of the Executive Engineer, LGED, Cox'sbazar","","Cox's Bazar","Works","NCT","TENDER","Tender - Single Lot","APP ID :	227396","227396","1311288","Open Tendering Method (OTM)","Development","Government, Aid or Grant","224402800","Host and FDMN Enhancement of Lives through Infrastructure Improvement Project (HELP)","HELP-CEMCRP/RD-6 Improvement of Incomplete Road (Carry Forward from EMCRP) at Cox's Bazar Sadar Upazila under Cox's Bazar District","Construction work;Site preparation work;Building demolition and wrecking work and earthmoving work;Test drilling and boring work;Works for complete or part construction and civil engineering work;Building construction work;Engineering works and construction works;Construction work for pipelines, communication and power lines, for highways, roads, airfields and railways; flatwork;Construction work for water projects;Construction works for plants, mining and manufacturing and for buildings relating to the oil and gas industry;Roof works and other special trade construction works;Building installation work;Electrical installation work;Insulation work;Plumbing and sanitary works;Fencing, railing and safety equipment installation work;Mechanical installations;Building completion work;Plastering work;Joinery and carpentry installation work;Floor and wall covering work;Painting and glazing work;Other building completion work;Hire of construction and civil engineering machinery and equipment with operator;Hire of cranes with operator;Hire of earthmoving equipment with operator","03-Aug-2026 11:00","24-Aug-2026 16:00","As Per ITT and TDS","HELP-CEMCRP/RD-6 (1) Remaining work of X-Military road to Khuruskul Chowfaldndi connecting road via Chonkhola Bazar road by BC from Ch. 00-3900m. Road ID: 422245503, (2) Remaining work of Bharuakhali UP Office-Khamarpara Bazar road  by BC fiom Ch.2760-5I16m. Road lD : 422243019 under Cox's Bazar Sadar Upazila, Cox's Bazar District","Lot wise","Package wise","Package wise","5000","Payment through Bank","19-Feb-2027","19-Feb-2027","Single","Improvement of Incomplete Road (Carry Forward from EMCRP) at Cox's Bazar Sadar Upazila under Cox's Bazar District","Coxs Bazar Sadar Upazila","4500000","01-Oct-2026","29-Feb-2028","Abul Hasanat Mohiuddin","Executive Engineer","Address : XEN Office, LGED, City : Cox'sbazar Thana : Cox'S Bazar Sadar District : Cox's Bazar - 4700 Country : Bangladesh","XEN Office, LGED,","Cox'sbazar","Cox'S Bazar Sadar","Cox's Bazar - 4700","0341-62163","","https://www.eprocure.gov.bd/resources/common/ViewTender.jsp?id=1311288"
"Ministry of Home Affairs","","Bangladesh Police","Logistics Division, Dhaka Metropolitan Police, Dhaka","10003","Dhaka","Goods","NCT","TENDER","Tender - Single Lot","02/DMP/Logistics/RS/2026-2027/02","224308","1313963","Open Tendering Method (OTM)","Revenue","Government","Not applicable","Not applicable","02/DMP/Logistics/RS/2026-2027/02 Edible Oil","Food products and beverages;Animal products, meat and meat products;Meat;Animal wool, hides and skins;Meat products;Prepared and preserved fish;Fish fillets, fish livers and roe;Frozen fish, fish fillets and other fish meat;Dried or salted fish; fish in brine; smoked fish;Canned or tinned fish and other prepared or preserved fish;Seafood;Fruit, vegetables and related products;Potatoes and potato products;Fruit and vegetable juices;Fruit and vegetables;Animal or vegetable oils and fats;Crude animal or vegetable oils and fats;Refined oils and fats;Edible fats;Dairy products;Milk and cream;Butter;Cheese products;Assorted dairy products;Grain mill products, starches and starch products;Grain mill products;Starches and starch products;Animal feedstuffs;Prepared animal feeds for farm and other animals;Miscellaneous food products;Bread products, fresh pastry goods and cakes;Rusks and biscuits; preserved pastry goods and cakes;Sugar and related products;Cocoa; chocolate and sugar confectionery;Pasta products;Coffee, tea and related products;Condiments and seasonings;Special nutritional products;Miscellaneous food products n.e.c. and dried goods;Beverages;Distilled alcoholic beverages;Wines;Cider and other fruit wines;Non-distilled fermented beverages;Malt beer;Non-alcoholic beverages","03-Aug-2026 11:00","16-Aug-2026 17:00","(i) Copies of valid Trade license for 2025-2026 fiscal year. (ii) Bank solvency certificate. (iii) Income tax clearance certificate (2024-2025) (iv) Up to date VAT registration certificate & TIN Certificate. (v) Manufacturer Authorization Letter. (vi) 80% Liquid Asset of total price according to Form-8 of PG-3. (vii) National ID Card with one copy PP size color Photograph. (viii) Three years Experiences Certificate similar works. ** Tenderer must be submited 2 Liter Sample on opening date before opening time.","Edible Oil","Lot wise","Package wise","Package wise","5000","Payment through Bank","12-Jan-2027","12-Jan-2027","02","Edible Oil","Rajarbag, Mirpur and Demra","4500000","20-Aug-2026","30-Sep-2026","MD. RABIUL HASAN","Deputy Police Commissioner","Address : Logistics Division, Dhaka Metropolitan Police, Dhaka City : Dhaka Thana : Dhaka South City Corporation District : Dhaka - 1000 Country : Bangladesh","Logistics Division, Dhaka Metropolitan Police, Dhaka","Dhaka","Dhaka South City Corporation","Dhaka - 1000","02-9338592","","https://www.eprocure.gov.bd/resources/common/ViewTender.jsp?id=1313963"
"Ministry of Local Government","Rural Development and Co-operatives","Local Government Engineering Department (LGED)","Office of the Executive Engineer, LGED, Cox'sbazar","","Cox's Bazar","Works","NCT","TENDER","Tender - Single Lot","APP ID :	227396","227396","1309612","Open Tendering Method (OTM)","Development","Government, Aid or Grant","224402800","Host and FDMN Enhancement of Lives through Infrastructure Improvement Project (HELP)","HELP-CEMCRP/RD-5 Improvement of Incomplete Road (Carry Forward from EMCRP) at Pekua Upazila Under Cox`s Bazar District.","Construction work;Site preparation work;Building demolition and wrecking work and earthmoving work;Test drilling and boring work;Works for complete or part construction and civil engineering work;Building construction work;Engineering works and construction works;Construction work for pipelines, communication and power lines, for highways, roads, airfields and railways; flatwork;Construction work for water projects;Construction works for plants, mining and manufacturing and for buildings relating to the oil and gas industry;Roof works and other special trade construction works;Building installation work;Electrical installation work;Insulation work;Plumbing and sanitary works;Fencing, railing and safety equipment installation work;Mechanical installations;Building completion work;Plastering work;Joinery and carpentry installation work;Floor and wall covering work;Painting and glazing work;Other building completion work;Hire of construction and civil engineering machinery and equipment with operator;Hire of cranes with operator;Hire of earthmoving equipment with operator","03-Aug-2026 11:00","24-Aug-2026 16:00","As per ITT and TDS","HELP-CEMCRP/RD-5 1 . Remaining work Near of Mognama RHD via Mognama High School to Mognama UP road by RCC trom Ch. 692-3612m. Road lD:422953004. 2. (a) Remaining rvork Approach road of Construction I No I Vent 3.00mx3.00m Box Culvert at Charapara RHD to PABT via Sowdagarhat GC road at Ch. 4205m. Road lD: 422952001. (b) Remaining work Incomplete Pekua East Goakhali Billchara road by RCC from Ch. 00-1840m. Road ID: 422954009 . under Pekua Upazila, Cox's Bazar District","Lot wise","Package wise","Package wise","4000","Payment through Bank","19-Feb-2027","19-Feb-2027","Single","Improvement of Incomplete Road (Carry Forward from EMCRP) at Pekua Upazila Under Cox`s Bazar District.","Pekua Upazila","1500000","01-Oct-2026","29-Feb-2028","Abul Hasanat Mohiuddin","Executive Engineer","Address : XEN Office, LGED, City : Cox'sbazar Thana : Cox'S Bazar Sadar District : Cox's Bazar - 4700 Country : Bangladesh","XEN Office, LGED,","Cox'sbazar","Cox'S Bazar Sadar","Cox's Bazar - 4700","0341-62163","","https://www.eprocure.gov.bd/resources/common/ViewTender.jsp?id=1309612"
"Ministry of Road Transport and Bridges","Road Transport and Highways Division","Roads & Highways Department (RHD)","Ferry Maintenance Division, Dhaka","ferrydivdha","Dhaka","Goods","NCT","TENDER","Tender - Single Lot","Memo No:35.01.0000.170.07.001.26-279,Date:20.07.20","227844","1313558","Open Tendering Method (OTM)","Revenue","Government","Not applicable","Not applicable","02/egp/FMD/2026-27 Supply of Injectors with installation & Calibration for 453HP Caterpillar Engine (Left side) (Model: C9.3)   for Ferry No UT-01(IMP)004/1986 at Bisnondi Ferry ghat under RHD, Ferry Maintenance Division, Dhaka during the financial year 2026-27.","Passenger transport services by water; Water transport services; Ferry transport services;","03-Aug-2026 10:45","16-Aug-2026 16:00","All tenderers who have registered in e-GP system may participate in the tender provided that they fulfill the criteria as stated in Tender Document.","Supply of Injectors with installation & Calibration for 453HP Caterpillar Engine (Left side) (Model: C9.3) for Ferry No UT-01(IMP)004/1986 at Bisnondi Ferry ghat under RHD, Ferry Maintenance Division, Dhaka during the financial year 2026-27.","Lot wise","Package wise","Package wise","1000","Payment through Bank","12-Jan-2027","12-Jan-2027","1","Supply of Injectors with installation & Calibration for 453HP Caterpillar Engine (Left side) (Model: C9.3)   for Ferry No UT-01(IMP)004/1986 at Bisnondi Ferry ghat under RHD, Ferry Maintenance Division, Dhaka during the financial year 2026-27.","RHD, Ferry Maintenance Sub-Division,Dhaka","32000","24-Aug-2026","14-Sep-2026","ISRAT JAHAN TAMANNA","Executive Engineer","Address : Ferry Maintenance Division,Sarak Bhaban,Tejgaon, Dhaka City : Dhaka Thana : Dhaka North City Corporation District : Dhaka - 1208 Country : Bangladesh","Ferry Maintenance Division,Sarak Bhaban,Tejgaon, Dhaka","Dhaka","Dhaka North City Corporation","Dhaka - 1208","02-8879378","","https://www.eprocure.gov.bd/resources/common/ViewTender.jsp?id=1313558"
"Ministry of Energy","Power and Mineral Resources","North-West Power Generation Company Limited","Bheramara 410 MW Combined Cycle Power Plant","","Kushtia","Goods (Framework Agreement)","NCT","TENDER","Tender - Single Lot","27.28.5015.000.401.07.0001.19.427","228971","1314624","Open Tendering Method (OTM)","Own Fund","Own Fund","Not applicable","Not applicable","BH/26-27/SCL-4 Procurement of chemicals for DM Plant (HCl, NaOH) & Pretreatment plant (Aluminium Sulphate, White PAC & PAM)","Basic inorganic chemicals; Chemicals;","03-Aug-2026 10:45","24-Aug-2026 14:30","""1. The minimum of years of general experience of the Tenderer in the supply of Goods and related services as Supplier shall be 3 (Three) years. 2.The minimum specific experience as Supplier in supply of Acid or Cooling Water treatment chemicals or DM water treatment chemicals or Water treatment chemicals of at least 1 (one) contract successfully completed within the last 5 (five) years, each with a value of at least BDT 1,08,00,000.00 (BDT One Crore Eight Lakh only). 3.The minimum amount of financial resources as liquid asset or working capital or credit line(s) or specific credit commitment or in any combination of them, of the Tenderers shall be BDT 1,45,00,000.00 (BDT One Crore Forty-Five Lakh only). 4. The Tenderer shall submit copies of valid and updated National ID Card (of authorized signatory), Trade License, Income Tax Certificates/Acknowledgement Slip/TAX Return Certificate and e-VAT/VAT Registration Certificate, Acid License, Acid Carrying License (of supplier or transport agency).""","Procurement of chemicals for DM Plant (HCl, NaOH) & Pretreatment plant (Aluminium Sulphate, White PAC & PAM)","Lot wise","Package wise","Package wise","2500","Payment through Bank","19-Jan-2027","19-Jan-2027","1","Procurement of chemicals for DM Plant (HCl, NaOH) & Pretreatment plant (Aluminium Sulphate, White PAC & PAM)","Bheramara 410 MW CCPP, Bheramara, Kushtia","500000","10-Sep-2026","14-Mar-2027","Shyamal Kumar Das","Chief Engineer","Address : Bheramara, Kustia City : Kushtia Thana : Bheramara District : Kushtia - 7040 Country : Bangladesh","Bheramara, Kustia","Kushtia","Bheramara","Kushtia - 7040","07022-71970","","https://www.eprocure.gov.bd/resources/common/ViewTender.jsp?id=1314624"
"Ministry of Energy","Power and Mineral Resources","Power Grid Bangladesh PLC","Grid Maintenance Division, Rangamati","","Chattogram","Works","NCT","TENDER","Tender - Single Lot","27.21.0000.000.785.18.0001.26.552,Date: 01.08.2026","229017","1314683","Open Tendering Method (OTM)","Own Fund","Own Fund","Not applicable","Not applicable","Rang_07_2026-27 Yearly basis Right of Way work for Madunaghat-Banskhali 400 kV Transmission Line (Madunaghat SS Portion)  under GMD, Rangamati, Power Grid","Electrical parts of machinery or apparatus; Electrical equipment and apparatus; Electricity; Industrial cleaning services; Cleaning services; Specialised cleaning services; Miscellaneous cleaning services; Cleaning services; Environmental and ecological services; Environmental services; Ecological services;","03-Aug-2026 10:40","23-Aug-2026 14:00","The minimum number of years of general experience of the Tenderer in the construction works as Prime Contractor shall be 03 (Three) years; years counting backward from the date of publication of IFT in the newspaper. The minimum specific experience as a Prime Contractor in construction works under public sector (like Power Grid/ DESCO/DPDC/BPDB or any other Government Electricity Company etc) of at least 01 contract(s) of Repair, Installation, Testing and Commissioning work/cutting and clearing jungle and undergrowth at tower bases and access roads to each tower (hilly area)/RoW of transmission line of 132 kV or higher capacity transmission line successfully completed within the last 10 years, each with a value of at least Tk. 03 lakh. Years counting backward from the date of publication of IFT in the newspaper. Others in TDS","Yearly basis Right of Way work for Madunaghat-Banskhali 400 kV Transmission Line (Madunaghat SS Portion) under GMD, Rangamati, Power Grid","Lot wise","Package wise","Package wise","500","Payment through Bank","18-Jan-2027","18-Jan-2027","01","Yearly basis Right of Way work for Madunaghat-Banskhali 400 kV Transmission Line (Madunaghat SS Portion)  under GMD, Rangamati, Power Grid","Madunaghat Matarbari 400 kV Line","8000","01-Oct-2026","30-Sep-2027","Subir Kanti Nath","Executive Engineer","Address : Office of the Executive Engineer, GMD, Rangamati, Golam Mostafa Colony (WAPDA Colony), Rashid Bari, Madunaghat. City : Hathazari Thana : Hathazari District : Chattogram - 4337 Country : Bangladesh","Office of the Executive Engineer, GMD, Rangamati, Golam Mostafa Colony (WAPDA Colony), Rashid Bari, Madunaghat.","Hathazari","Hathazari","Chattogram - 4337","01-731097904","","https://www.eprocure.gov.bd/resources/common/ViewTender.jsp?id=1314683"
"Ministry of Local Government","Rural Development and Co-operatives","Dhaka Water Supply and Sewerage Authority (DWASA)","Office of the Chief Accounts Officer","317","Dhaka","Services","NCT","REOI","","","225826","1314155","Quality Cost Based Selection (QCBS)","Own Fund","Own Fund","Not applicable","Not applicable","46.113.317.00.00.2025-2026/1082 Audit of the Financial Statements of the Employees Pension and Retirement Benefits Fund and the Employees General Provident Fund of Dhaka Water Supply & Sewerage Authority for the Year Ended 30 June 2026","Service Provider (Others); Miscellaneous services;","","","i. The firm must be registered with the Institute of Chartered Accountants of Bangladesh (ICAB) and possess a valid practicing certificate. ii.The firm shall demonstrate adequate organizational and staffing capacity to undertake the assignment, including the availability of qualified professional personnel. iii. The firm shall submit documentary evidence in support of its eligibility and qualifications, including: a. ICAB Registration and valid Practicing Certificate b. Evidence of enlistment with BSEC c. Updated Trade License, TIN and BIN Certificates d. Tax Return Acknowledgement Receipt for the latest assessment year. e. Firm Profile. iv. The firm shall not have any conflict of interest in relation to this assignment and shall provide a declaration to that effect. v. Firms currently engaged by Dhaka WASA in any assignment that may impair their independence in carrying out the audit shall not be eligible for shortlisting.","The objective of the assignment is to engage a qualified and experienced Chartered Accountants Firm to conduct an independent audit of 3 (Three) Financial Statements for Financial Year 2025-2026 as:- i. Dhaka WASA ii. Employees` Pension and Retirement Benefits Fund and iii. Employees` General Provident Fund. The audit shall be carried out in accordance with International Standards on Auditing (ISA), the Financial Reporting Council Act, 2015, and other applicable laws, rules, regulations and financial policies of Dhaka WASA, with a view to expressing an independent opinion on the financial statements and strengthening financial accountability, transparency and governance.","Package wise","","","","","","","","","Dhaka Bangladesh","","15-Oct-2026","30-Nov-2026","MD SALEKUR RAHMAN","Chief Accounts Officer","Address : 12th Floor, WASA Bhaban, Kawranbazar City : Dhaka Thana : Dhaka North City Corporation District : Dhaka - 1215 Country : Bangladesh","12th Floor, WASA Bhaban, Kawranbazar","Dhaka","Dhaka North City Corporation","Dhaka - 1215","02-55012537","","https://www.eprocure.gov.bd/resources/common/ViewTender.jsp?id=1314155"
"Ministry of Energy","Power and Mineral Resources","Dhaka Power Distribution Company Ltd. (DPDC)","Superintending Engineer, Grid Circle (South)","","Dhaka","Goods","NCT","TENDER","Tender - Single Lot","27.87.0000.000.130.17.0301.26.431","229259","1314386","Open Tendering Method (OTM)","Own Fund","Own Fund","Not applicable","Not applicable","G/SE-GRID-South/26-27/005 Supply of consumable materials for maintenance works of Grid South-1 and Grid South-2, DPDC","Electrical supplies and accessories; Electrical equipment and apparatus;","03-Aug-2026 10:00","19-Aug-2026 13:30","(a) The minimum of years of general experience of the Tenderer in the supply of Goods and related services as Supplier shall be 01 (One) year. (b) The minimum specific experience as Supplier in supply of similar Goods of at least 01 (One) contract successfully completed within the last 05 (Five) years, with a value of at least Tk. 12,00,000.00 (Twelve Lakh) only. (c) The minimum amount of financial resources as liquid asset or working capital or credit line(s) or specific credit commitment or in any combination of them, of the Tenderers shall be Tk 15,00,000.00 (Fifteen Lakh) only. (d) Valid Up-To-Date Trade License, TIN Certificate & VAT Registration Certificate shall be required. (e) Authorization Letter confirming the signatory (with NID) of the Tenderer from Organization.","Supply of consumable materials for maintenance works of Grid South-1 and Grid South-2, DPDC","Lot wise","Package wise","Package wise","1000","Payment through Bank","15-Dec-2026","15-Dec-2026","Single","Supply of consumable materials for maintenance works of Grid South-1 and Grid South-2, DPDC","Office of the Superintending Engineer, Grid O and M Circle South, DPDC","50000","01-Sep-2026","15-Oct-2026","Tapon Kumar Mondal","Superintending Engineer","Address : Kamlapur Railway Colony GIS Substation Bhaban, Shahjahanpur, Dhaka-1217 City : Dhaka Thana : Dhaka South City Corporation District : Dhaka - 1217 Country : Bangladesh","Kamlapur Railway Colony GIS Substation Bhaban, Shahjahanpur, Dhaka-1217","Dhaka","Dhaka South City Corporation","Dhaka - 1217","02-48317691","","https://www.eprocure.gov.bd/resources/common/ViewTender.jsp?id=1314386"
"Ministry of Home Affairs","","Bangladesh Police","Sylhet Metropolitan Police, Sylhet","5001","Sylhet","Goods","NCT","TENDER","Tender - Single Lot","Soybean Oil/1st/3/2026-27","217504","1314592","Open Tendering Method (OTM)","Revenue","Government","Not applicable","Not applicable","smp/ration/1stqrt/3/Oil/26-27 Supply of ""Excellent Quality Soybean Oil"" (Vitamin A Rich) for 1st quarter of FY 2026-2027 for SMP Ration Store.","Agricultural, horticultural, hunting and related products; Coal, lignite, peat and other coal-related products; Petroleum, natural gas, oil and associated products; Food products and beverages; Public utilities;Crops, products of market gardening and horticulture;Cereals and other crops;Vegetables, horticultural products and nursery products;Fruit, nuts, beverage and spice crops;Live animals and animal products;Cattle and their products;Farm animals and their products;Pigs;Live poultry and eggs;Small live animals and their products;Products of mixed farming;Agricultural supplies;Coal and coal-based fuels;Coal;Coal-based fuels;Lignite and peat;Lignite;Peat;Coal-related products;Coal oil;Coke products;Petroleum (crude);Natural gas;Oil and associated products;Bituminous or oil shale;Animal products, meat and meat products;Meat;Animal wool, hides and skins;Meat products;Prepared and preserved fish;Fish fillets, fish livers and roe;Frozen fish, fish fillets and other fish meat;Dried or salted fish; fish in brine; smoked fish;Canned or tinned fish and other prepared or preserved fish;Seafood;Fruit, vegetables and related products;Potatoes and potato products;Fruit and vegetable juices;Fruit and vegetables;Animal or vegetable oils and fats;Crude animal or vegetable oils and fats;Refined oils and fats;Edible fats;Dairy products;Milk and cream;Butter;Cheese products;Assorted dairy products;Grain mill products, starches and starch products;Grain mill products;Starches and starch products;Animal feedstuffs;Prepared animal feeds for farm and other animals;Miscellaneous food products;Bread products, fresh pastry goods and cakes;Rusks and biscuits; preserved pastry goods and cakes;Sugar and related products;Cocoa; chocolate and sugar confectionery;Pasta products;Coffee, tea and related products;Condiments and seasonings;Special nutritional products;Miscellaneous food products n.e.c. and dried goods;Beverages;Distilled alcoholic beverages;Wines;Cider and other fruit wines;Non-distilled fermented beverages;Malt beer;Non-alcoholic beverages;Water distribution and related services;Water distribution;Operation of a water-purification plant;Operation of water supplies;Gas distribution and related services;Gas distribution;Electricity distribution and related services;Electricity distribution;Operation of electrical installations;Other sources of energy supplies and distribution;Operation of a power plant;Meter reading service","03-Aug-2026 10:00","16-Aug-2026 15:30","he tender payer must submit the following documents with the tender letter. (A) A certified copy of the trade license (latest renewed). (B) A Update certified copy of Income Tax payment or Income Tax Return. (C) A certified copy of Bank Solvency Certificate. (D) Verified photocopy of the VAT registration certificate. (E) Certificate of similar work experience, which is related to the quality of work by the heads of all the institutions performing the latest work. (F) Certified Photographer's (latest passport size photograph) and National Identity Card. (G) Tenders are not blacklisted on the self-proclaimed pad. (H) Verification shall be carried out at the concerned office providing the above mentioned documents (from 'A' to 'H').","Supply of ""Excellent Quality Soybean Oil"" (Vitamin A Rich) for 1st quarter of FY 2026-2027 for SMP Ration Store.","Lot wise","Package wise","Package wise","2500","Payment through Bank","13-Dec-2026","13-Dec-2026","1","Supply of ""Excellent Quality Soybean Oil"" (Vitamin A Rich) for 1st quarter of FY 2026-2027 for SMP Ration Store.","Ration Store, SMP police lines, Mirer Moydan, Sylhet","335000","18-Aug-2026","30-Sep-2026","SUDIPTA ROY","Deputy Police Commissioner","Address : Sylhet Metropolitan Police, Kumarpara Road, Sylhet City : Sylhet Thana : Sylhet Sadar District : Sylhet - 3100 Country : Bangladesh","Sylhet Metropolitan Police, Kumarpara Road, Sylhet","Sylhet","Sylhet Sadar","Sylhet - 3100","0821-716968","","https://www.eprocure.gov.bd/resources/common/ViewTender.jsp?id=1314592"
"Ministry of Health and Family Welfare","Health Services Division","Directorate General of Health Services (DGHS)","Kurmitola Multicare Specialized Hospital, Dhaka","","Dhaka","Goods (Framework Agreement)","NCT","TENDER","Tender - Single Lot","KMSH/Tender/2026-27/3200","224269","1313882","Open Tendering Method (OTM)","Revenue","Government","Not applicable","Not applicable","Dialysis-2 for 2026-27 FY Supply of Chemical, Re-agent & Consumable For Dialysis Unit Package-2 For 2026-27 FY","Chemicals; Chemicals, chemical products and man-made fibres; Medicinal products;Gases;Dyes and pigments;Basic inorganic chemicals;Basic organic chemicals;Fertilisers and nitrogen compounds;Plastics in primary forms;Synthetic rubber;Enzymes;Medicinal products for the alimentary tract and metabolism;Medicinal products for the blood, blood-forming organs and the cardiovascular system;Medicinal products for dermatology and the musculo-skeletal system;Medicinal products for the genitourinary system and hormones;General anti-infectives for systemic use, vaccines, antineoplastic and immunodulating agents;Medicinal products for the nervous system and sensory organs;Medicinal products for the respiratory system;Various medicinal products","03-Aug-2026 10:00","25-Aug-2026 12:00","As Per Tender Document","Supply of Chemical, Re-agent & Consumable For Dialysis Unit Package-2 For 2026-27 FY","Lot wise","Package wise","Package wise","4000","Payment through Bank","21-Dec-2026","21-Dec-2026","1","Supply of Chemical, Re-agent & Consumable For Dialysis Department Package-2 For the 2026-27 FY","Kurmitola Multicare Specialized Hospital, Dhaka","2000000","01-Oct-2026","30-Jun-2027","Md. Saydur Rahman","Director","Address : Kurmitola Multicare Specialized Hospital, Dhaka City : Tongi Thana : Dhaka North City Corporation District : Dhaka - 1206 Country : Bangladesh","Kurmitola Multicare Specialized Hospital, Dhaka","Tongi","Dhaka North City Corporation","Dhaka - 1206","55-062201","","https://www.eprocure.gov.bd/resources/common/ViewTender.jsp?id=1313882"
"Ministry of Home Affairs","","Bangladesh Coast Guard Force","OFFICE OF THE ZONAL COMMANDER EAST ZONE","","Chattogram","Goods","NCT","TENDER","Tender - Single Lot","44.08.2680.060.02.029.26.418","228671","1314229","Open Tendering Method (OTM)","Revenue","Government","Not applicable","Not applicable","GR LOG GS -01 Purchase of Anchor Chain Cable and Common Link of BCGS Sabuj Bangla ship under Bangladesh Coast Guard Eastern Zone.","Machinery for the production and use of mechanical power; Machinery, equipment, appliances, apparatus and associated products; General-purpose machinery; Machine tools; Machinery, equipment, appliances, apparatus and associated products; Special-purpose machinery and parts; Weapons, ammunition and associated parts; Machinery, equipment, appliances, apparatus and associated products; Domestic appliances; Miscellaneous equipment; Machinery, equipment, appliances, apparatus and associated products;Turbines and motors;Pumps and compressors;Taps, cocks, valves and similar appliances;Gears, gearing and driving elements;Industrial or laboratory furnaces, incinerators and ovens;Lifting and handling equipment and parts;Cooling and ventilation equipment;Miscellaneous general-purpose machinery;Machine tools operated by laser and machining centres;Lathes, boring and milling machine tools;Metal-working machine tools;Machine tools for working hard materials except metals;Pneumatic or motorised hand tools;Soldering, brazing and welding tools, surface tempering and hot-spraying machines and equipment;Parts and accessories of machine tools;Machinery for metallurgy and associated parts;Machinery for mining, quarrying and construction;Machinery for food, beverage and tobacco processing and associated parts;Machinery for textile, apparel and leather production;Machinery for paper or paperboard production;Miscellaneous special-purpose machinery;Motorised tanks and armoured fighting vehicles;Military weapons;Firearms;Ammunition;Parts of military weapons;Truncheons or night sticks;Electrical domestic appliances;Non-electric domestic appliances;Transport related equipment;Workshop equipment;Construction equipment;Catering equipment;Emergency and security equipment;Technical equipment;Miscellaneous equipment n.e.c.","03-Aug-2026 10:00","17-Aug-2026 14:00","As Per Tender Documents","Purchase of Anchor Chain Cable and Common Link of BCGS Sabuj Bangla ship under Bangladesh Coast Guard Eastern Zone.","Lot wise","Package wise","Package wise","500","Payment through Bank","13-Dec-2026","13-Dec-2026","single","Purchase of Anchor Chain Cable and Common Link of BCGS Sabuj Bangla ship under Bangladesh Coast Guard Eastern Zone.","BCG BASE CTG","16625","31-Aug-2026","30-Sep-2026","MOHAMMED MIZANUR RAHMAN","Zonal Commander East","Address : সামুদ্রিক মৎস্য একাডেমী, মৎস্য বন্দর, চট্টগ্রাম City : Chattogram Thana : Karnaphuli District : Chattogram - 4398 Country : Bangladesh","সামুদ্রিক মৎস্য একাডেমী, মৎস্য বন্দর, চট্টগ্রাম","Chattogram","Karnaphuli","Chattogram - 4398","031-2862812","","https://www.eprocure.gov.bd/resources/common/ViewTender.jsp?id=1314229"
"Ministry of Health and Family Welfare","Health Services Division","Directorate General of Health Services (DGHS)","Kurmitola Multicare Specialized Hospital, Dhaka","","Dhaka","Goods (Framework Agreement)","NCT","TENDER","Tender - Single Lot","KMSH/Tender/2026-27/3200","224269","1313883","Open Tendering Method (OTM)","Revenue","Government","Not applicable","Not applicable","Radiology-1 for 2026-27 FY Supply of Chemical, Re-agent & X-ray Film For Radiology Department Package-1 For  2026-27 FY","Chemicals; Chemicals, chemical products and man-made fibres; Agro-chemical products; Paints, varnishes, printing ink and mastics; Chemicals, chemical products and man-made fibres; Glycerol, soaps, detergents, cleaning and polishing preparations, perfumes and toilet preparations; Explosives and fine chemical products; Chemicals, chemical products and man-made fibres; Man-made fibres; Various chemical products; Chemicals, chemical products and man-made fibres;Gases;Dyes and pigments;Basic inorganic chemicals;Basic organic chemicals;Fertilisers and nitrogen compounds;Plastics in primary forms;Synthetic rubber;Enzymes;Pesticides;Insecticides;Herbicides;Plant-growth regulators;Disinfectants;Rodenticides;Fungicides;Paints;Varnishes;Ink;Mastics, fillers, putty;Solvents;Glycerol;Perfumes and toiletries;Prepared explosives;Glues;Essential oils;Photographic chemicals;Unrecorded media;Specialised chemical products;Synthetic fibres;Artificial fibres;Radiator fluids;Water-treatment chemicals;Anti-corrosion products","03-Aug-2026 10:00","25-Aug-2026 12:00","As Per Tender Document.","Supply of Chemical, Re-agent & X-ray Film For Radiology Department Package-1 For 2026-27 FY","Lot wise","Package wise","Package wise","4000","Payment through Bank","21-Dec-2026","21-Dec-2026","1","Supply of Chemical, Re-agent & X-ray Film For Radiology Department Package-1 For  2026-27 FY","Kurmitola Multicare Specialized Hospital, Dhaka","800000","01-Oct-2026","30-Jun-2027","Md. Saydur Rahman","Director","Address : Kurmitola Multicare Specialized Hospital, Dhaka City : Tongi Thana : Dhaka North City Corporation District : Dhaka - 1206 Country : Bangladesh","Kurmitola Multicare Specialized Hospital, Dhaka","Tongi","Dhaka North City Corporation","Dhaka - 1206","55-062201","","https://www.eprocure.gov.bd/resources/common/ViewTender.jsp?id=1313883"
"Ministry of Local Government","Rural Development and Co-operatives","Sylhet City Corporation","Engineering Department (Civil), Sylhet City Corporation.","","Sylhet","Works","NCT","TENDER","Tender - Single Lot","46.07.0000.018.14.474.26.1149","227735","1314135","Open Tendering Method (OTM)","Own Fund","Own fund","SCC","ADP/ADP(Special)/Revenue Fund of Sylhet City Corporation.","46.07.0000.018.14.474.26 Construction of Zonal Office (Zone-04) at Kalibari (W-08).","Construction work;Site preparation work;Building demolition and wrecking work and earthmoving work;Test drilling and boring work;Works for complete or part construction and civil engineering work;Building construction work;Engineering works and construction works;Construction work for pipelines, communication and power lines, for highways, roads, airfields and railways; flatwork;Construction work for water projects;Construction works for plants, mining and manufacturing and for buildings relating to the oil and gas industry;Roof works and other special trade construction works;Building installation work;Electrical installation work;Insulation work;Plumbing and sanitary works;Fencing, railing and safety equipment installation work;Mechanical installations;Building completion work;Plastering work;Joinery and carpentry installation work;Floor and wall covering work;Painting and glazing work;Other building completion work;Hire of construction and civil engineering machinery and equipment with operator;Hire of cranes with operator;Hire of earthmoving equipment with operator","03-Aug-2026 10:00","17-Aug-2026 17:00","As per Tender Data Sheet (TDS) 1. Tenderers are requested to fill different Tender Forms properly with necessary information and by uploading necessary documents, which shall be considered for tender evaluation. 2. Certificates submitted for Specific Experience must follow the standard format provided in the Particular Specification Section. If a different format is used, it must include: PE’s name, email, contact number, JV share (if any), time extensions, LD, contract amount, final bill amount, and the e-GP Tender ID. Omission of these details or wrong format will result in the tender being considered Non-responsive. 3. Turnover will be calculated on the basis of Payment Certificates issued by respective Authority. 4. In the case of liquid asset, certificate and statement from bank should be submitted, issued not earlier than the date of publication of IFT Notice in the e-GP Website. In the case of credit facilities, it should be sanctioned and must be submitted as per the format for the Credit Line (Form PW3-7) issued by any scheduled Bank of Bangladesh in accordance with ITT Clause without alteration, issued not earlier than the date of publication of IFT Notice in the e-GP Website. 5. Tenderer must upload Tender Capacity paper (for proof of Tender Capacity as per the standard format attached in Particular Specification Section) including all ongoing work(s). A tenderer failing to submit that will be considered as Non-responsive during evaluation. 6. Only necessary documents should be submitted. Submission of unnecessary or unclear documents are strictly discouraged. 7. If corrupt, fraudulent, collusive, coercive, or obstructive practices of any kind are determined against any tenderer, then measures shall be taken according of PPR-2025 & relevant document. 8. If tenderer submits any fake certificate, action will be taken to debarment.","Construction of Zonal Office (Zone-04) at Kalibari (W-08).","Lot wise","Package wise","Package wise","4000","Payment through Bank","14-Dec-2026","14-Dec-2026","01","Construction of Zonal Office (Zone-04) at Kalibari (W-08).","Sylhet City Corporation Area","700000","25-Aug-2026","25-Aug-2027","MOHAMMAD ALI AKBAR","Chief Engineer","Address : Sylhet City Corporation, Sylhet. City : Sylhet Thana : Sylhet Sadar District : Sylhet - 3100 Country : Bangladesh","Sylhet City Corporation, Sylhet.","Sylhet","Sylhet Sadar","Sylhet - 3100","02-996640486","","https://www.eprocure.gov.bd/resources/common/ViewTender.jsp?id=1314135"
"Ministry of Local Government","Rural Development and Co-operatives","Sylhet City Corporation","Engineering Department (Civil), Sylhet City Corporation.","","Sylhet","Works","NCT","TENDER","Tender - Single Lot","46.07.0000.018.14.458.26.1148","227735","1313890","Open Tendering Method (OTM)","Own Fund","Own fund","SCC","ADP/ADP(Special)/Revenue Fund of Sylhet City Corporation.","46.07.0000.018.14.458.26 Vertical extension of Dhupadighi City Market (4th & 5th floor).","Construction work;Site preparation work;Building demolition and wrecking work and earthmoving work;Test drilling and boring work;Works for complete or part construction and civil engineering work;Building construction work;Engineering works and construction works;Construction work for pipelines, communication and power lines, for highways, roads, airfields and railways; flatwork;Construction work for water projects;Construction works for plants, mining and manufacturing and for buildings relating to the oil and gas industry;Roof works and other special trade construction works;Building installation work;Electrical installation work;Insulation work;Plumbing and sanitary works;Fencing, railing and safety equipment installation work;Mechanical installations;Building completion work;Plastering work;Joinery and carpentry installation work;Floor and wall covering work;Painting and glazing work;Other building completion work;Hire of construction and civil engineering machinery and equipment with operator;Hire of cranes with operator;Hire of earthmoving equipment with operator","03-Aug-2026 10:00","24-Aug-2026 17:00","As per Tender Data Sheet (TDS) 1. Tenderers are requested to fill different Tender Forms properly with necessary information and by uploading necessary documents, which shall be considered for tender evaluation. 2. Certificates submitted for Specific Experience must follow the standard format provided in the Particular Specification Section. If a different format is used, it must include: PE’s name, email, contact number, JV share (if any), time extensions, LD, contract amount, final bill amount, and the e-GP Tender ID. Omission of these details or wrong format will result in the tender being considered Non-responsive. 3. Turnover will be calculated on the basis of Payment Certificates issued by respective Authority. 4. In the case of liquid asset, certificate and statement from bank should be submitted, issued not earlier than the date of publication of IFT Notice in the e-GP Website. In the case of credit facilities, it should be sanctioned and must be submitted as per the format for the Credit Line (Form PW3-7) issued by any scheduled Bank of Bangladesh in accordance with ITT Clause without alteration, issued not earlier than the date of publication of IFT Notice in the e-GP Website. 5. Tenderer must upload Tender Capacity paper (for proof of Tender Capacity as per the standard format attached in Particular Specification Section) including all ongoing work(s). A tenderer failing to submit that will be considered as Non-responsive during evaluation. 6. Only necessary documents should be submitted. Submission of unnecessary or unclear documents are strictly discouraged. 7. If corrupt, fraudulent, collusive, coercive, or obstructive practices of any kind are determined against any tenderer, then measures shall be taken according of PPR-2025 & relevant document. 8. If tenderer submits any fake certificate, action will be taken to debarment.","Vertical extension of Dhupadighi City Market (4th & 5th floor).","Lot wise","Package wise","Package wise","4000","Payment through Bank","21-Dec-2026","21-Dec-2026","01","Vertical extension of Dhupadighi City Market (4th & 5th floor).","Sylhet City Corporation Area","2400000","30-Aug-2026","30-Aug-2027","MOHAMMAD ALI AKBAR","Chief Engineer","Address : Sylhet City Corporation, Sylhet. City : Sylhet Thana : Sylhet Sadar District : Sylhet - 3100 Country : Bangladesh","Sylhet City Corporation, Sylhet.","Sylhet","Sylhet Sadar","Sylhet - 3100","02-996640486","","https://www.eprocure.gov.bd/resources/common/ViewTender.jsp?id=1313890"
"Ministry of Education","Secondary and Higher Education Division","Chittagong Veterinary and Animal Sciences University","Planning and Development Office","","Chattogram","Goods","NCT","TENDER","Tender - Single Lot","CVASU/PnD/REV/26-27/01","228329","1314324","Open Tendering Method (OTM)","Revenue","Government","Not applicable","Not applicable","CVASU/PnD/REV/PG-2/26-27 Procurement of Animal Feed for the Farm Units of CVASU.","Food products and beverages;Animal products, meat and meat products;Meat;Animal wool, hides and skins;Meat products;Prepared and preserved fish;Fish fillets, fish livers and roe;Frozen fish, fish fillets and other fish meat;Dried or salted fish; fish in brine; smoked fish;Canned or tinned fish and other prepared or preserved fish;Seafood;Fruit, vegetables and related products;Potatoes and potato products;Fruit and vegetable juices;Fruit and vegetables;Animal or vegetable oils and fats;Crude animal or vegetable oils and fats;Refined oils and fats;Edible fats;Dairy products;Milk and cream;Butter;Cheese products;Assorted dairy products;Grain mill products, starches and starch products;Grain mill products;Starches and starch products;Animal feedstuffs;Prepared animal feeds for farm and other animals;Miscellaneous food products;Bread products, fresh pastry goods and cakes;Rusks and biscuits; preserved pastry goods and cakes;Sugar and related products;Cocoa; chocolate and sugar confectionery;Pasta products;Coffee, tea and related products;Condiments and seasonings;Special nutritional products;Miscellaneous food products n.e.c. and dried goods;Beverages;Distilled alcoholic beverages;Wines;Cider and other fruit wines;Non-distilled fermented beverages;Malt beer;Non-alcoholic beverages","03-Aug-2026 10:00","13-Aug-2026 12:30","(a) The Tenderer shall have a minimum of 3 years of General experience (Completion Certificate/ Acceptance Certificate) in the supply of similar Goods and related services having License from DLS Office/ Agricultural Marketting Office as Supplier of Animal Feed. (b) The satisfactory completion of supply (Completion Certificate/ Acceptance Certificate) of similar Goods and related services of minimum BDT 70,00,000/- (Seventy Lakh Only) under Single contract of similar nature (Animal Feed) in Government/ Semi-Government/ Autonomous Organization of Bangladesh during last 5 (five) years. i.e. years counting backward from the date of publication of IFT in the e-GP System. (c) Financial Solvency Certificate showing liquid asset of at least BDT 70,00,000/- (Seventy Lakh Only) from any scheduled Bank; The Certificate shall be issued on a date after the tender invitation date , Procuring Entity, Tender ID and the guaranteed liquid asset amount. Otherwise, the quotation will be considered non-responsive. d) Supply of Animal Feed during round the year on a monthly need basis for the Animal Farm Unit at Research & Farm Based Campus (Hathazari) and Main Campus (Khulshi) of CVASU. Payment shall be made strictly on the basis of the actual quantity supplied, inspected, accepted, and certified. e) Compliance with all conditions and instructions set forth in the Tender Data Sheet (TDS) and PCC are mandatory for the Tenderer. f) In case a Tenderer appears as debarred in the e-GP system due to debarment by any Procuring Entity, the Tender shall be treated as Preliminary non-Responsive.","Procurement of Animal Feed for the Farm Units of CVASU.","Lot wise","Package wise","Package wise","2500","Payment through Bank","09-Dec-2026","09-Dec-2026","1","Procurement of Animal Feed for the Farm Units of CVASU.","khulshi Hathazari","250000","25-Aug-2026","30-Jun-2027","Md. A. Halim","Director (Planning and Development)","Address : Planning and  Development Office, Chattogram Veterinary and Animal Sciences University, Khulshi, Chattogram. City : Chattogram Thana : Chattogram City Corporation District : Chattogram - 4225 Country : Bangladesh","Planning and  Development Office, Chattogram Veterinary and Animal Sciences University, Khulshi, Chattogram.","Chattogram","Chattogram City Corporation","Chattogram - 4225","01554-324509","","https://www.eprocure.gov.bd/resources/common/ViewTender.jsp?id=1314324"
"Ministry of Water Resources","","Bangladesh Water Development Board (BWDB)","Chuadanga WD Division","","Chuadanga","Works","NCT","TENDER","Tender - Single Lot","42.01.1800.000.499.07.0001.24-211 Date-02/08/2026","228571","1314169","Open Tendering Method (OTM)","Development","Government, Own fund","224419600","Emergency Maintenance and Rehabilitation of Ganges-Kobadak Irrigation Project","Chuadanga/Alomdanga/Secondary Irrigation Canal-05 Re-Sectioning of both dyke of the S-15G Irrigation Canal (from KM. 0.000 to KM. 10.000 = 10.000 KM) in c/w ""Emergency Maintenance and Rehabilitation of Ganges Kobadak Irrigation Project"" under Chuadanga WD Division, BWDB, Chuadanga during the FY 2026-27.","Construction work for water projects; Works for complete or part construction and civil engineering work;","03-Aug-2026 10:00","19-Aug-2026 16:00","1. Tenderers must be registered on the e-GP Portal with a valid trade license and TIN certificate. 2. Tenderers only from Bangladesh can participate in the tender. 3. Tenderers must submit similar-nature work certificates, annual construction turnover certificates, and liquid assets certificates. 4. Payment will be made after the availability of funds. 5. Any individual Tender (s)/firm (s) who fulfil the qualification (s) criteria stipulated in the Standard Tender Document, including the Tender data sheet, PPR-2025, and all up-to-date amendments. 6. Tenderer must submit a line of credit certificate in the prescribed format attached in Section 7 (General Specifications) of this tender document. 7. Work certificate issued by the PE (Procuring Entity) is only considered for the turnover calculation & evaluation process. Other documents will not be considered. 8. Tender evaluation will be conducted based on the uploaded documents of the tenderer. Documents submitted outside of the online system will not be considered. 9. The Task Force of BWDB will take the pre-work and Post-work of the work. Final Payment will be made according to the Task Force's final report.","Re-Sectioning of both dyke of the S-15G Irrigation Canal (from KM. 0.000 to KM. 10.000 = 10.000 KM) in c/w ""Emergency Maintenance and Rehabilitation of Ganges Kobadak Irrigation Project"" under Chuadanga WD Division, BWDB, Chuadanga during the FY 2026-27.","Lot wise","Package wise","Package wise","2500","Payment through Bank","16-Dec-2026","16-Dec-2026","Chuadanga/Alomdanga/Secondary Irrigation Canal-05","Re-Sectioning of both dyke of the S-15G Irrigation Canal (from KM. 0.000 to KM. 10.000 = 10.000 KM) in c/w ""Emergency Maintenance and Rehabilitation of Ganges Kobadak Irrigation Project"" under Chuadanga WD Division, BWDB, Chuadanga during the FY 2026-27.","Chuadanga","500000","01-Oct-2026","30-Mar-2028","Arif Ahmed","Executive Engineer","Address : Chuadanga City : Chuadanga Thana : Chuadanga Sadar District : Chuadanga - 7200 Country : Bangladesh","Chuadanga","Chuadanga","Chuadanga Sadar","Chuadanga - 7200","0761-63104","","https://www.eprocure.gov.bd/resources/common/ViewTender.jsp?id=1314169"
"Ministry of Water Resources","","River Research Institute","Office of The Director General, RRI, Faridpur","","Faridpur","Goods","NCT","TENDER","Tender - Single Lot","42.03.0000.000.310.99.0021.26 (Part-4)/09","229273","1314288","Open Tendering Method (OTM)","Revenue","Government","Not applicable","Not applicable","GR _01 Procurement of Sand (D50= 0.10mm-0.12mm) for the development of the model bed as part of the Physical Modeling of Top-Blocked Permeable Groin (TBPG).","Gravel, sand, crushed stone and aggregates; Sand and clay;","03-Aug-2026 10:00","16-Aug-2026 16:00","1. Tenderer should have an up-to-date and valid trade license, VAT certificate, TIN certificate. 2. The Tenderer shall have a minimum of 03 (three) years of general experience in the supply of goods and related services. 3. Tenderer must have minimum 01 (One) contract of similar goods to government/semi-government/autonomous organizations of minimum Tk. 11.0 (eleven) lakh taka within last 03 (three) years with successfully completed certificates supported by NOA. 4. The minimum amount of liquid assets or working capital or credit line, net of other contractual commitments of the Tenderer shall be Tk. 15.0 (fifteen) lakh taka with any government-scheduled Bank.","Procurement of Sand (D50= 0.10mm-0.12mm) for the development of the model bed as part of the Physical Modeling of Top-Blocked Permeable Groin (TBPG).","Lot wise","Package wise","Package wise","1000","Payment through Bank","13-Dec-2026","13-Dec-2026","1","Procurement of Sand (D50= 0.10mm-0.12mm) for the development of the model bed as part of the Physical Modeling of Top-Blocked Permeable Groin (TBPG).","River Research Institute, Faridpur","44000","30-Aug-2026","30-Sep-2026","S. M. Abu Horayra","Director Admin & Finance","Address :  Harukandi, Faridpur-7800 City : Faridpur Thana : Faridpur Sadar District : Faridpur - 7800 Country : Bangladesh","Harukandi, Faridpur-7800","Faridpur","Faridpur Sadar","Faridpur - 7800","06-3163007","","https://www.eprocure.gov.bd/resources/common/ViewTender.jsp?id=1314288"
"Ministry of Energy","Power and Mineral Resources","Rural Electrification Board (REB)","Munshiganj Palli Bidyut Samity","","Munshiganj","Goods","NCT","TENDER","Tender - Single Lot","27.12.5956.560.001.038.26.3483","228089","1314188","Open Tendering Method (OTM)","Own Fund","Own Fund","Not applicable","Not applicable","G-26-27-60-01 Procurement of Computerized Electricity Bill Form.","Various types of printed matter and articles for printing; Printing, publishing and related services;Printed books, brochures and leaflets;Printed books;Publications;Directories;Leaflets;Brochures;Booklets;Newspapers, journals, periodicals and magazines;Newspapers;Postcards, greeting cards and other printed matter;Postcards;Greeting cards;Stamps, cheque forms, banknotes, stock certificates, trade advertising material, catalogues and manuals;Stamps;Stamp-impressed paper;Banknotes;Cheque forms;Security-type printed matter;Trade-advertising material, commercial catalogues and manuals;Manuals;Printing plates or cylinders or other media for use in printing;Offset plates;Dry-etching equipment;Paper or paperboard registers, account books, binders, forms and other articles of printed stationery;Paper or paperboard registers;Forms;Exercise books;Albums for samples;Binders and related accessories;Printed stationery except forms;Miscellaneous printed matter;Car-tax discs;Driving licences;ID cards;Permits;Entrance cards;Bespoke printed matter;Tickets;Printing services;Printing services for books;Printing services for stationery;Printing services for security printed matter;Printing services for forms;Printing services for tickets;Printing services for calendars;Printing services for timetables;Newspaper printing services;Printing services for posters;Services related to printing;Print finishing services;Composition services;Printing and delivery services;Printing and distribution services;Publishing services;Bookbinding and finishing services;Subscription services","03-Aug-2026 10:00","13-Aug-2026 14:30","Bangladeshi Tenderer","Procurement of Computerized Electricity Bill Form.","Lot wise","Package wise","Package wise","1500","Payment through Bank","09-Dec-2026","09-Dec-2026","G-26-27-060-01","Procurement of Computerized Electricity Bill Form.","Munshiganj PBS Head Quarter","90000","16-Aug-2026","15-Sep-2026","Shaikh Manower Morshed","Senior General Manager or General Manager","Address : Sipahipara, Munshiganj City : Munshigang Sadar Thana : Munshiganj Sadar District : Munshiganj - 1500 Country : Bangladesh","Sipahipara, Munshiganj","Munshigang Sadar","Munshiganj Sadar","Munshiganj - 1500","02-7612844","","https://www.eprocure.gov.bd/resources/common/ViewTender.jsp?id=1314188"
"Ministry of Water Resources","","Bangladesh Water Development Board (BWDB)","Chuadanga WD Division","","Chuadanga","Works","NCT","TENDER","Tender - Single Lot","42.01.1800.000.499.07.0001.24-212 Date-02/08/2026","228571","1314170","Open Tendering Method (OTM)","Development","Government, Own fund","224419600","Emergency Maintenance and Rehabilitation of Ganges-Kobadak Irrigation Project","Chuadanga/Alomdanga/Tertiary Irrigation Canal-02 Re-Sectioning of both dyke of T-10G Irrigation Canal (from KM. 0.000 to KM. 5.700), T-13G Irrigation Canal (from KM. 0.000 to KM. 1.800) and T-15G Irrigation Canal (from KM. 0.000 to KM. 3.500) in total 11.000 KM. in c/w ""Emergency Maintenance and Rehabilitation of Ganges Kobadak Irrigation Project"" under Chuadanga WD Division, BWDB, Chuadanga during the FY 2026-27.","Construction work for water projects; Works for complete or part construction and civil engineering work;","03-Aug-2026 10:00","19-Aug-2026 16:00","1. Tenderers must be registered on the e-GP Portal with a valid trade license and TIN certificate. 2. Tenderers only from Bangladesh can participate in the tender. 3. Tenderers must submit similar-nature work certificates, annual construction turnover certificates, and liquid assets certificates. 4. Payment will be made after the availability of funds. 5. Any individual Tender (s)/firm (s) who fulfil the qualification (s) criteria stipulated in the Standard Tender Document, including the Tender data sheet, PPR-2025, and all up-to-date amendments. 6. Tenderer must submit a line of credit certificate in the prescribed format attached in Section 7 (General Specifications) of this tender document. 7. Work certificate issued by the PE (Procuring Entity) is only considered for the turnover calculation & evaluation process. Other documents will not be considered. 8. Tender evaluation will be conducted based on the uploaded documents of the tenderer. Documents submitted outside of the online system will not be considered. 9. The Task Force of BWDB will take the pre-work and Post-work of the work. Final Payment will be made according to the Task Force's final report.","Re-Sectioning of both dyke of T-10G Irrigation Canal (from KM. 0.000 to KM. 5.700), T-13G Irrigation Canal (from KM. 0.000 to KM. 1.800) and T-15G Irrigation Canal (from KM. 0.000 to KM. 3.500) in total 11.000 KM. in c/w ""Emergency Maintenance and Rehabilitation of Ganges Kobadak Irrigation Project"" under Chuadanga WD Division, BWDB, Chuadanga during the FY 2026-27.","Lot wise","Package wise","Package wise","2500","Payment through Bank","16-Dec-2026","16-Dec-2026","Chuadanga/Alomdanga/Tertiary Irrigation Canal-02","Re-Sectioning of both dyke of T-10G Irrigation Canal (from KM. 0.000 to KM. 5.700), T-13G Irrigation Canal (from KM. 0.000 to KM. 1.800) and T-15G Irrigation Canal (from KM. 0.000 to KM. 3.500) in total 11.000 KM. in c/w ""Emergency Maintenance and Rehabilitation of Ganges Kobadak Irrigation Project"" under Chuadanga WD Division, BWDB, Chuadanga during the FY 2026-27.","Chuadanga","300000","01-Oct-2026","30-Mar-2028","Arif Ahmed","Executive Engineer","Address : Chuadanga City : Chuadanga Thana : Chuadanga Sadar District : Chuadanga - 7200 Country : Bangladesh","Chuadanga","Chuadanga","Chuadanga Sadar","Chuadanga - 7200","0761-63104","","https://www.eprocure.gov.bd/resources/common/ViewTender.jsp?id=1314170"
"Ministry of Health and Family Welfare","Health Services Division","Directorate General of Health Services (DGHS)","Kurmitola Multicare Specialized Hospital, Dhaka","","Dhaka","Goods (Framework Agreement)","NCT","TENDER","Tender - Single Lot","KMSH/Tender/2026-27/3200","224269","1313881","Open Tendering Method (OTM)","Revenue","Government","Not applicable","Not applicable","Dialysis-1 for 2026-27 FY Supply of Chemical, Re-agent & Consumable For Dialysis Unit Package-1 for 2026-27 FY","Chemicals; Chemicals, chemical products and man-made fibres; Medicinal products;Gases;Dyes and pigments;Basic inorganic chemicals;Basic organic chemicals;Fertilisers and nitrogen compounds;Plastics in primary forms;Synthetic rubber;Enzymes;Medicinal products for the alimentary tract and metabolism;Medicinal products for the blood, blood-forming organs and the cardiovascular system;Medicinal products for dermatology and the musculo-skeletal system;Medicinal products for the genitourinary system and hormones;General anti-infectives for systemic use, vaccines, antineoplastic and immunodulating agents;Medicinal products for the nervous system and sensory organs;Medicinal products for the respiratory system;Various medicinal products","03-Aug-2026 10:00","25-Aug-2026 12:00","As Per Tender Document","Supply of Chemical, Re-agent & Consumable For Dialysis Unit Package-1 for 2026-27 FY","Lot wise","Package wise","Package wise","4000","Payment through Bank","21-Dec-2026","21-Dec-2026","1","Supply of Chemical, Re-agent & Consumable For Dialysis Unit Package-1 for 2026-27 FY","Kurmitola Multicare Specialized Hospital, Dhaka","1400000","01-Oct-2026","30-Jun-2027","Md. Saydur Rahman","Director","Address : Kurmitola Multicare Specialized Hospital, Dhaka City : Tongi Thana : Dhaka North City Corporation District : Dhaka - 1206 Country : Bangladesh","Kurmitola Multicare Specialized Hospital, Dhaka","Tongi","Dhaka North City Corporation","Dhaka - 1206","55-062201","","https://www.eprocure.gov.bd/resources/common/ViewTender.jsp?id=1313881"
"Ministry of Health and Family Welfare","Health Services Division","Directorate General of Health Services (DGHS)","Kurmitola Multicare Specialized Hospital, Dhaka","","Dhaka","Goods (Framework Agreement)","NCT","TENDER","Tender - Single Lot","KMSH/Tender/2026-27/3200","224269","1313876","Open Tendering Method (OTM)","Revenue","Government","Not applicable","Not applicable","Chemical Re-agent-2 for 2026-27 FY Supply of Chemical, Re-agent Package-2 (Sysmex Cell Counter (XN-Series), Fully automated Urine Analyzer Sysmex UN-2000  for the 2026-27 FY","Chemicals; Chemicals, chemical products and man-made fibres; Medicinal products;Gases;Dyes and pigments;Basic inorganic chemicals;Basic organic chemicals;Fertilisers and nitrogen compounds;Plastics in primary forms;Synthetic rubber;Enzymes;Medicinal products for the alimentary tract and metabolism;Medicinal products for the blood, blood-forming organs and the cardiovascular system;Medicinal products for dermatology and the musculo-skeletal system;Medicinal products for the genitourinary system and hormones;General anti-infectives for systemic use, vaccines, antineoplastic and immunodulating agents;Medicinal products for the nervous system and sensory organs;Medicinal products for the respiratory system;Various medicinal products","03-Aug-2026 10:00","25-Aug-2026 12:00","As Per Tender Document","Supply of Chemical, Re-agent Package-2 (Sysmex Cell Counter (XN-Series), Fully automated Urine Analyzer Sysmex UN-2000 for the 2026-27 FY","Lot wise","Package wise","Package wise","4000","Payment through Bank","21-Dec-2026","21-Dec-2026","1","Supply of Chemical, Re-agent Package-2 (Sysmex Cell Counter (XN-Series), Fully automated Urine Analyzer Sysmex UN-2000  for the 2026-27 FY","Kurmitola Multicare Specialized Hospital, Dhaka","1100000","01-Oct-2026","30-Jun-2027","Md. Saydur Rahman","Director","Address : Kurmitola Multicare Specialized Hospital, Dhaka City : Tongi Thana : Dhaka North City Corporation District : Dhaka - 1206 Country : Bangladesh","Kurmitola Multicare Specialized Hospital, Dhaka","Tongi","Dhaka North City Corporation","Dhaka - 1206","55-062201","","https://www.eprocure.gov.bd/resources/common/ViewTender.jsp?id=1313876"
"Ministry of Local Government","Rural Development and Co-operatives","Sylhet City Corporation","Engineering Department (Civil), Sylhet City Corporation.","","Sylhet","Works","NCT","TENDER","Tender - Single Lot","46.07.0000.018.14.470.26.1146","227965","1313828","Open Tendering Method (OTM)","Development","Government","224396300","Integrated infrastructure development with extended area of Sylhet City Corporation.","46.07.0000.018.14.470.26 Construction of RCC Drain (1.50m) at Al Abrar R/A (W-38).","Construction work;Site preparation work;Building demolition and wrecking work and earthmoving work;Test drilling and boring work;Works for complete or part construction and civil engineering work;Building construction work;Engineering works and construction works;Construction work for pipelines, communication and power lines, for highways, roads, airfields and railways; flatwork;Construction work for water projects;Construction works for plants, mining and manufacturing and for buildings relating to the oil and gas industry;Roof works and other special trade construction works;Building installation work;Electrical installation work;Insulation work;Plumbing and sanitary works;Fencing, railing and safety equipment installation work;Mechanical installations;Building completion work;Plastering work;Joinery and carpentry installation work;Floor and wall covering work;Painting and glazing work;Other building completion work;Hire of construction and civil engineering machinery and equipment with operator;Hire of cranes with operator;Hire of earthmoving equipment with operator","03-Aug-2026 10:00","17-Aug-2026 17:00","As per Tender Data Sheet (TDS) 1. Tenderers are requested to fill different Tender Forms properly with necessary information and by uploading necessary documents, which shall be considered for tender evaluation. 2. Certificates submitted for Specific Experience must follow the standard format provided in the Particular Specification Section. If a different format is used, it must include: PE’s name, email, contact number, JV share (if any), time extensions, LD, contract amount, final bill amount, and the e-GP Tender ID. Omission of these details or wrong format will result in the tender being considered Non-responsive. 3. Turnover will be calculated on the basis of Payment Certificates issued by respective Authority. 4. In the case of liquid asset, certificate and statement from bank should be submitted, issued not earlier than the date of publication of IFT Notice in the e-GP Website. In the case of credit facilities, it should be sanctioned and must be submitted as per the format for the Credit Line (Form PW3-7) issued by any scheduled Bank of Bangladesh in accordance with ITT Clause without alteration, issued not earlier than the date of publication of IFT Notice in the e-GP Website. 5. Tenderer must upload Tender Capacity paper (for proof of Tender Capacity as per the standard format attached in Particular Specification Section) including all ongoing work(s). A tenderer failing to submit that will be considered as Non-responsive during evaluation. 6. Only necessary documents should be submitted. Submission of unnecessary or unclear documents are strictly discouraged. 7. If corrupt, fraudulent, collusive, coercive, or obstructive practices of any kind are determined against any tenderer, then measures shall be taken according of PPR-2025 & relevant document. 8. If tenderer submits any fake certificate, action will be taken to debarment.","Construction of RCC Drain (1.50m) at Al Abrar R/A (W-38).","Lot wise","Package wise","Package wise","2500","Payment through Bank","14-Dec-2026","14-Dec-2026","01","Construction of RCC Drain (1.50m) at Al Abrar R/A (W-38).","Sylhet City Corporation Area","300000","25-Aug-2026","25-Aug-2027","MOHAMMAD ALI AKBAR","Chief Engineer","Address : Sylhet City Corporation, Sylhet. City : Sylhet Thana : Sylhet Sadar District : Sylhet - 3100 Country : Bangladesh","Sylhet City Corporation, Sylhet.","Sylhet","Sylhet Sadar","Sylhet - 3100","02-996640486","","https://www.eprocure.gov.bd/resources/common/ViewTender.jsp?id=1313828"
"Ministry of Health and Family Welfare","Health Services Division","Directorate General of Health Services (DGHS)","Kurmitola Multicare Specialized Hospital, Dhaka","","Dhaka","Goods (Framework Agreement)","NCT","TENDER","Tender - Single Lot","KMSH/Tender/2026-27/3200","224269","1313880","Open Tendering Method (OTM)","Revenue","Government","Not applicable","Not applicable","Chemical Re-agent-6 for 2026-27 FY Supply of Chemical & Re-agent Package-06(AVG Machine-Wondfo BGA-02; Fully Automated Chemiluminescence Immunoassy System Maglumi-X6 & Hematology Analyzer wtih ESR, Mindray, BC-760)  for the 2026-27 FY","Chemicals; Chemicals, chemical products and man-made fibres; Medicinal products;Gases;Dyes and pigments;Basic inorganic chemicals;Basic organic chemicals;Fertilisers and nitrogen compounds;Plastics in primary forms;Synthetic rubber;Enzymes;Medicinal products for the alimentary tract and metabolism;Medicinal products for the blood, blood-forming organs and the cardiovascular system;Medicinal products for dermatology and the musculo-skeletal system;Medicinal products for the genitourinary system and hormones;General anti-infectives for systemic use, vaccines, antineoplastic and immunodulating agents;Medicinal products for the nervous system and sensory organs;Medicinal products for the respiratory system;Various medicinal products","03-Aug-2026 10:00","25-Aug-2026 12:00","As Per Tender Document","Supply of Chemical & Re-agent Package-06(AVG Machine-Wondfo BGA-02; Fully Automated Chemiluminescence Immunoassy System Maglumi-X6 & Hematology Analyzer wtih ESR, Mindray, BC-760) for the 2026-27 FY","Lot wise","Package wise","Package wise","4000","Payment through Bank","21-Dec-2026","21-Dec-2026","1","Supply of Chemical & Re-agent Package-06(AVG Machine-Wondfo BGA-02; Fully Automated Chemiluminescence Immunoassy System Maglumi-X6 & Hematology Analyzer wtih ESR, Mindray, BC-760)  for the 2026-27 FY","Kurmitola Multicare Specialized Hospital, Dhaka","500000","01-Oct-2026","30-Jun-2027","Md. Saydur Rahman","Director","Address : Kurmitola Multicare Specialized Hospital, Dhaka City : Tongi Thana : Dhaka North City Corporation District : Dhaka - 1206 Country : Bangladesh","Kurmitola Multicare Specialized Hospital, Dhaka","Tongi","Dhaka North City Corporation","Dhaka - 1206","55-062201","","https://www.eprocure.gov.bd/resources/common/ViewTender.jsp?id=1313880"
"Ministry of Health and Family Welfare","Health Services Division","Directorate General of Health Services (DGHS)","Kurmitola Multicare Specialized Hospital, Dhaka","","Dhaka","Goods (Framework Agreement)","NCT","TENDER","Tender - Single Lot","KMSH/Tender/2026-27/3200","224269","1313879","Open Tendering Method (OTM)","Revenue","Government","Not applicable","Not applicable","Chemical Re-agent-5 2026-27 FY Supply of Chemical & Re-agent Package-5 (Automatic Coagulation Analyze RAC-050;Automated ESR Analyzer-Roller 20 ) for 2026-27 FY","Chemicals; Chemicals, chemical products and man-made fibres; Medicinal products;Gases;Dyes and pigments;Basic inorganic chemicals;Basic organic chemicals;Fertilisers and nitrogen compounds;Plastics in primary forms;Synthetic rubber;Enzymes;Medicinal products for the alimentary tract and metabolism;Medicinal products for the blood, blood-forming organs and the cardiovascular system;Medicinal products for dermatology and the musculo-skeletal system;Medicinal products for the genitourinary system and hormones;General anti-infectives for systemic use, vaccines, antineoplastic and immunodulating agents;Medicinal products for the nervous system and sensory organs;Medicinal products for the respiratory system;Various medicinal products","03-Aug-2026 10:00","25-Aug-2026 12:00","As Per Tender Document.","Supply of Chemical & Re-agent Package-5 (Automatic Coagulation Analyze RAC-050;Automated ESR Analyzer-Roller 20 ) for 2026-27 FY","Lot wise","Package wise","Package wise","2500","Payment through Bank","21-Dec-2026","21-Dec-2026","1","Supply of Chemical & Re-agent Package-5 (Automatic Coagulation Analyze RAC-050;Automated ESR Analyzer-Roller 20 ) for the 2026-27 FY","Kurmitola Multicare Specialized Hospital, Dhaka","200000","01-Oct-2026","30-Jun-2027","Md. Saydur Rahman","Director","Address : Kurmitola Multicare Specialized Hospital, Dhaka City : Tongi Thana : Dhaka North City Corporation District : Dhaka - 1206 Country : Bangladesh","Kurmitola Multicare Specialized Hospital, Dhaka","Tongi","Dhaka North City Corporation","Dhaka - 1206","55-062201","","https://www.eprocure.gov.bd/resources/common/ViewTender.jsp?id=1313879"
"Ministry of Health and Family Welfare","Health Services Division","Directorate General of Health Services (DGHS)","Kurmitola Multicare Specialized Hospital, Dhaka","","Dhaka","Goods (Framework Agreement)","NCT","TENDER","Tender - Single Lot","KMSH/Tender/2026-27/3200","224269","1313877","Open Tendering Method (OTM)","Revenue","Government","Not applicable","Not applicable","Chemical Re-agent-3 for 2026-27 FY Supply of Chemical, Re-agent Package-3(Beckman Coulter Biochemistry Analyzer-AU 480 and Immuniassay Analyzer Access) for the 2026-27 FY","Chemicals; Chemicals, chemical products and man-made fibres; Medicinal products;Gases;Dyes and pigments;Basic inorganic chemicals;Basic organic chemicals;Fertilisers and nitrogen compounds;Plastics in primary forms;Synthetic rubber;Enzymes;Medicinal products for the alimentary tract and metabolism;Medicinal products for the blood, blood-forming organs and the cardiovascular system;Medicinal products for dermatology and the musculo-skeletal system;Medicinal products for the genitourinary system and hormones;General anti-infectives for systemic use, vaccines, antineoplastic and immunodulating agents;Medicinal products for the nervous system and sensory organs;Medicinal products for the respiratory system;Various medicinal products","03-Aug-2026 10:00","25-Aug-2026 12:00","As Per Tender Document","Supply of Chemical, Re-agent Package-3(Beckman Coulter Biochemistry Analyzer-AU 480 and Immuniassay Analyzer Access) for the 2026-27 FY","Lot wise","Package wise","Package wise","5000","Payment through Bank","21-Dec-2026","21-Dec-2026","1","Supply of Chemical, Re-agent Package-3(Beckman Coulter Biochemistry Analyzer-AU 480 and Immuniassay Analyzer Access) for the 2026-27 FY","Kurmitola Multicare Specialized Hospital, Dhaka","2100000","01-Oct-2026","30-Jun-2027","Md. Saydur Rahman","Director","Address : Kurmitola Multicare Specialized Hospital, Dhaka City : Tongi Thana : Dhaka North City Corporation District : Dhaka - 1206 Country : Bangladesh","Kurmitola Multicare Specialized Hospital, Dhaka","Tongi","Dhaka North City Corporation","Dhaka - 1206","55-062201","","https://www.eprocure.gov.bd/resources/common/ViewTender.jsp?id=1313877"
"Ministry of Health and Family Welfare","Health Services Division","Directorate General of Health Services (DGHS)","Kurmitola Multicare Specialized Hospital, Dhaka","","Dhaka","Goods (Framework Agreement)","NCT","TENDER","Tender - Single Lot","KMSH/Tender/2026-27/3200","224269","1313875","Open Tendering Method (OTM)","Revenue","Government","Not applicable","Not applicable","Chemical Reagent-1 for 2026-27 FY Supply of Chemical, Re-agent Package-1( Automated Clinical Chemistry Analyzer-Dimension XL/RXL/Xpand System) for 2026-27 FY","Chemicals, chemical products and man-made fibres;Chemicals;Gases;Dyes and pigments;Basic inorganic chemicals;Basic organic chemicals;Fertilisers and nitrogen compounds;Plastics in primary forms;Synthetic rubber;Enzymes;Agro-chemical products;Pesticides;Insecticides;Herbicides;Plant-growth regulators;Disinfectants;Rodenticides;Fungicides;Paints, varnishes, printing ink and mastics;Paints;Varnishes;Ink;Mastics, fillers, putty;Solvents;Medicinal products;Medicinal products for the alimentary tract and metabolism;Medicinal products for the blood, blood-forming organs and the cardiovascular system;Medicinal products for dermatology and the musculo-skeletal system;Medicinal products for the genitourinary system and hormones;General anti-infectives for systemic use, vaccines, antineoplastic and immunodulating agents;Medicinal products for the nervous system and sensory organs;Medicinal products for the respiratory system;Various medicinal products;Glycerol, soaps, detergents, cleaning and polishing preparations, perfumes and toilet preparations;Glycerol;Perfumes and toiletries;Explosives and fine chemical products;Prepared explosives;Glues;Essential oils;Photographic chemicals;Unrecorded media;Specialised chemical products;Man-made fibres;Synthetic fibres;Artificial fibres;Various chemical products;Radiator fluids;Water-treatment chemicals;Anti-corrosion products","03-Aug-2026 10:00","25-Aug-2026 12:00","As Per Tender Document","Supply of Chemical, Re-agent Package-1( Automated Clinical Chemistry Analyzer-Dimension XL/RXL/Xpand System) for 2026-27 FY","Lot wise","Package wise","Package wise","4000","Payment through Bank","21-Dec-2026","21-Dec-2026","1","Supply of Chemical, Re-agent Package-1( Automated Clinical Chemistry Analyzer-Dimension XL/RXL/Xpand System) for 2026-27 FY","Kurmitola Multicare Specialized Hospital, Dhaka","2000000","01-Oct-2026","30-Jun-2027","Md. Saydur Rahman","Director","Address : Kurmitola Multicare Specialized Hospital, Dhaka City : Tongi Thana : Dhaka North City Corporation District : Dhaka - 1206 Country : Bangladesh","Kurmitola Multicare Specialized Hospital, Dhaka","Tongi","Dhaka North City Corporation","Dhaka - 1206","55-062201","","https://www.eprocure.gov.bd/resources/common/ViewTender.jsp?id=1313875"
"Ministry of Health and Family Welfare","Health Services Division","Directorate General of Health Services (DGHS)","Kurmitola Multicare Specialized Hospital, Dhaka","","Dhaka","Goods (Framework Agreement)","NCT","TENDER","Tender - Single Lot","KMSH/Tender/2026-27/3200","224269","1313878","Open Tendering Method (OTM)","Revenue","Government","Not applicable","Not applicable","Chemical-Reagent-4 for 2026-27 FY Supply of Others Consumable, Chemical & Device Package-4 for the 2026-27 FY","Chemicals; Chemicals, chemical products and man-made fibres; Medicinal products;Gases;Dyes and pigments;Basic inorganic chemicals;Basic organic chemicals;Fertilisers and nitrogen compounds;Plastics in primary forms;Synthetic rubber;Enzymes;Medicinal products for the alimentary tract and metabolism;Medicinal products for the blood, blood-forming organs and the cardiovascular system;Medicinal products for dermatology and the musculo-skeletal system;Medicinal products for the genitourinary system and hormones;General anti-infectives for systemic use, vaccines, antineoplastic and immunodulating agents;Medicinal products for the nervous system and sensory organs;Medicinal products for the respiratory system;Various medicinal products","03-Aug-2026 10:00","25-Aug-2026 12:00","As Per Tender Document","Supply of Others Consumable, Chemical & Device Package-4 for the 2026-27 FY","Lot wise","Package wise","Package wise","4000","Payment through Bank","21-Dec-2026","21-Dec-2026","1","Supply of Others Consumable, Chemical & Device Package-4 for the 2026-27 FY","Kurmitola Multicare Specialized Hospital, Dhaka","1100000","01-Oct-2026","30-Jun-2027","Md. Saydur Rahman","Director","Address : Kurmitola Multicare Specialized Hospital, Dhaka City : Tongi Thana : Dhaka North City Corporation District : Dhaka - 1206 Country : Bangladesh","Kurmitola Multicare Specialized Hospital, Dhaka","Tongi","Dhaka North City Corporation","Dhaka - 1206","55-062201","","https://www.eprocure.gov.bd/resources/common/ViewTender.jsp?id=1313878"
"Ministry of Local Government","Rural Development and Co-operatives","Sylhet City Corporation","Engineering Department (Civil), Sylhet City Corporation.","","Sylhet","Works","NCT","TENDER","Tender - Single Lot","46.07.0000.018.14.469.26.1145","227965","1313811","Open Tendering Method (OTM)","Development","Government","224396300","Integrated infrastructure development with extended area of Sylhet City Corporation.","46.07.0000.018.14.469.26 Development of RCC Road (200mm) at Al Abrar R/A (W-38).","Construction work;Site preparation work;Building demolition and wrecking work and earthmoving work;Test drilling and boring work;Works for complete or part construction and civil engineering work;Building construction work;Engineering works and construction works;Construction work for pipelines, communication and power lines, for highways, roads, airfields and railways; flatwork;Construction work for water projects;Construction works for plants, mining and manufacturing and for buildings relating to the oil and gas industry;Roof works and other special trade construction works;Building installation work;Electrical installation work;Insulation work;Plumbing and sanitary works;Fencing, railing and safety equipment installation work;Mechanical installations;Building completion work;Plastering work;Joinery and carpentry installation work;Floor and wall covering work;Painting and glazing work;Other building completion work;Hire of construction and civil engineering machinery and equipment with operator;Hire of cranes with operator;Hire of earthmoving equipment with operator","03-Aug-2026 10:00","17-Aug-2026 17:00","As per Tender Data Sheet (TDS) 1. Tenderers are requested to fill different Tender Forms properly with necessary information and by uploading necessary documents, which shall be considered for tender evaluation. 2. Certificates submitted for Specific Experience must follow the standard format provided in the Particular Specification Section. If a different format is used, it must include: PE’s name, email, contact number, JV share (if any), time extensions, LD, contract amount, final bill amount, and the e-GP Tender ID. Omission of these details or wrong format will result in the tender being considered Non-responsive. 3. Turnover will be calculated on the basis of Payment Certificates issued by respective Authority. 4. In the case of liquid asset, certificate and statement from bank should be submitted, issued not earlier than the date of publication of IFT Notice in the e-GP Website. In the case of credit facilities, it should be sanctioned and must be submitted as per the format for the Credit Line (Form PW3-7) issued by any scheduled Bank of Bangladesh in accordance with ITT Clause without alteration, issued not earlier than the date of publication of IFT Notice in the e-GP Website. 5. Tenderer must upload Tender Capacity paper (for proof of Tender Capacity as per the standard format attached in Particular Specification Section) including all ongoing work(s). A tenderer failing to submit that will be considered as Non-responsive during evaluation. 6. Only necessary documents should be submitted. Submission of unnecessary or unclear documents are strictly discouraged. 7. If corrupt, fraudulent, collusive, coercive, or obstructive practices of any kind are determined against any tenderer, then measures shall be taken according of PPR-2025 & relevant document. 8. If tenderer submits any fake certificate, action will be taken to debarment.","Development of RCC Road (200mm) at Al Abrar R/A (W-38).","Lot wise","Package wise","Package wise","2500","Payment through Bank","14-Dec-2026","14-Dec-2026","01","Development of RCC Road (200mm) at Al Abrar R/A (W-38).","Sylhet City Corporation Area","250000","25-Aug-2026","25-Aug-2027","MOHAMMAD ALI AKBAR","Chief Engineer","Address : Sylhet City Corporation, Sylhet. City : Sylhet Thana : Sylhet Sadar District : Sylhet - 3100 Country : Bangladesh","Sylhet City Corporation, Sylhet.","Sylhet","Sylhet Sadar","Sylhet - 3100","02-996640486","","https://www.eprocure.gov.bd/resources/common/ViewTender.jsp?id=1313811"
"Ministry of Local Government","Rural Development and Co-operatives","Sylhet City Corporation","Engineering Department (Civil), Sylhet City Corporation.","","Sylhet","Goods","NCT","TENDER","Tender - Single Lot","46.07.0000.021.99.248.26.1147","229018","1313874","Open Tendering Method (OTM)","Development","Government","224376400","Development & renovation of Hazrat Shahjalal (Rh.) Mazar, Mosque, Madrasha & Hazrat Shahporan (Rh.) Mazar.","46.07.0000.021.99.248.26 Supply & Installation of 02 (two) passenger lifts & other accessories at newly built six storied building of Hazrat Shahjalal (Rh.) Musafirkhana & Razar Golli Madrasha, Sylhet.","Machinery, equipment, appliances, apparatus and associated products; Repair, maintenance and installation services;Machinery for the production and use of mechanical power;Turbines and motors;Pumps and compressors;Taps, cocks, valves and similar appliances;Gears, gearing and driving elements;General-purpose machinery;Industrial or laboratory furnaces, incinerators and ovens;Lifting and handling equipment and parts;Cooling and ventilation equipment;Miscellaneous general-purpose machinery;Agricultural, horticultural and forestry machinery;Agricultural and forestry machinery for soil preparation or cultivation;Harvesting machinery;Spraying machinery for agriculture or horticulture;Self-loading or unloading trailers and semi-trailers for agriculture;Specialist agricultural or forestry machinery;Tractors;Parts of agricultural and forestry machinery;Machine tools;Machine tools operated by laser and machining centres;Lathes, boring and milling machine tools;Metal-working machine tools;Machine tools for working hard materials except metals;Pneumatic or motorised hand tools;Soldering, brazing and welding tools, surface tempering and hot-spraying machines and equipment;Parts and accessories of machine tools;Special-purpose machinery and parts;Machinery for metallurgy and associated parts;Machinery for mining, quarrying and construction;Machinery for food, beverage and tobacco processing and associated parts;Machinery for textile, apparel and leather production;Machinery for paper or paperboard production;Miscellaneous special-purpose machinery;Weapons, ammunition and associated parts;Motorised tanks and armoured fighting vehicles;Military weapons;Firearms;Ammunition;Parts of military weapons;Truncheons or night sticks;Domestic appliances;Electrical domestic appliances;Non-electric domestic appliances;Miscellaneous equipment;Transport related equipment;Workshop equipment;Construction equipment;Catering equipment;Emergency and security equipment;Technical equipment;Miscellaneous equipment n.e.c.;Repair, maintenance and associated services of vehicles and related equipment;Repair and maintenance services of motor vehicles and associated equipment;Demolition services of vehicles;Repair, maintenance and associated services related to aircraft, railways, roads and marine equipment;Repair, maintenance and associated services related to aircraft and other equipment;Repair, maintenance and associated services related to railways and other equipment;Repair, maintenance and associated services related to roads and other equipment;Repair, maintenance and associated services related to marine and other equipment;Repair, maintenance and associated services related to personal computers, office equipment, telecommunications and audio-visual equipment;Maintenance and repair of office machinery;Repair and maintenance services of personal computers;Maintenance services of telecommunications equipment;Repair and maintenance services of audio-visual and optical equipment;Repair and maintenance services of medical and precision equipment;Repair and maintenance services of measuring, testing and checking apparatus;Repair and maintenance services of medical and surgical equipment;Repair and maintenance services of precision equipment;Repair and maintenance services for pumps, valves, taps and metal containers and machinery;Repair and maintenance services of pumps, valves, taps and metal containers;Repair and maintenance services of machinery;Repair and maintenance services of building installations;Repair and maintenance services of electrical and mechanical building installations;Repair and maintenance services of central heating;Repair and maintenance services of cooler groups;Repair and maintenance services of escalators;Lift-maintenance services;Miscellaneous repair and maintenance services;Repair services of jewellery;Repair services of leather personal goods;Repair services of garments and textiles;Repair and maintenance services of weapons and weapon systems;Repair and maintenance services of furniture;Repair and maintenance services of musical instruments;Repair and maintenance services of playground equipment;Repair and maintenance services of hotel and restaurant equipment;Installation services;Installation services of electrical and mechanical equipment;Installation services of equipment for measuring, checking, testing and navigating;Installation services of communications equipment;Installation services of medical and surgical equipment;Installation services of machinery and equipment;Installation services of computers and office equipment;Installation services of metal containers","03-Aug-2026 10:00","17-Aug-2026 17:00","The minimum number of years of general experience of the Tenderer in the supplying works as Prime Contractor shall be 05 (Five) years. (a) The minimum specific experience as a Prime Contractor in supply of passenger lift supply works of at least 01(one) contract(s) of similar nature, complexity and methods successfully completed within the last 05 (five) years, each with a value of at least Tk. 1,40,00,000.00 Years will be counted backward from the date of publication of IFT in the website. (b) The minimum amount of liquid assets or working capital or credit facilities of the Tenderer shall be Tk. 1,80,00,000.00 The credit facility must be unconditional and against the required goods (Any schedule Bank should use the attached format to issue working capital or credit line on behalf of Tenderer). Please see tender/proposal documents preparation page section no: 6","Supply & Installation of 02 (two) passenger lifts & other accessories at newly built six storied building of Hazrat Shahjalal (Rh.) Musafirkhana & Razar Golli Madrasha, Sylhet.","Lot wise","Package wise","Package wise","4000","Payment through Bank","14-Dec-2026","14-Dec-2026","01","Supply & Installation of 02 (two) passenger lifts & other accessories at newly built six storied building of Hazrat Shahjalal (Rh.) Musafirkhana & Razar Golli Madrasha, Sylhet.","Sylhet City Corporation Area","650000","25-Aug-2026","25-Feb-2027","MOHAMMAD ALI AKBAR","Chief Engineer","Address : Sylhet City Corporation, Sylhet. City : Sylhet Thana : Sylhet Sadar District : Sylhet - 3100 Country : Bangladesh","Sylhet City Corporation, Sylhet.","Sylhet","Sylhet Sadar","Sylhet - 3100","02-996640486","","https://www.eprocure.gov.bd/resources/common/ViewTender.jsp?id=1313874"
"Ministry of Local Government","Rural Development and Co-operatives","Sylhet City Corporation","Engineering Department (Civil), Sylhet City Corporation.","","Sylhet","Works","NCT","TENDER","Tender - Single Lot","46.07.0000.018.14.467.26.1142","227965","1313755","Open Tendering Method (OTM)","Development","Government","224396300","Integrated infrastructure development with extended area of Sylhet City Corporation.","46.07.0000.018.14.467.26 Construction of RCC Drain (2.00m) at Shahporan to Lalka Tongi Chara.","Construction work;Site preparation work;Building demolition and wrecking work and earthmoving work;Test drilling and boring work;Works for complete or part construction and civil engineering work;Building construction work;Engineering works and construction works;Construction work for pipelines, communication and power lines, for highways, roads, airfields and railways; flatwork;Construction work for water projects;Construction works for plants, mining and manufacturing and for buildings relating to the oil and gas industry;Roof works and other special trade construction works;Building installation work;Electrical installation work;Insulation work;Plumbing and sanitary works;Fencing, railing and safety equipment installation work;Mechanical installations;Building completion work;Plastering work;Joinery and carpentry installation work;Floor and wall covering work;Painting and glazing work;Other building completion work;Hire of construction and civil engineering machinery and equipment with operator;Hire of cranes with operator;Hire of earthmoving equipment with operator","03-Aug-2026 10:00","17-Aug-2026 17:00","As per Tender Data Sheet (TDS) 1. Tenderers are requested to fill different Tender Forms properly with necessary information and by uploading necessary documents, which shall be considered for tender evaluation. 2. Certificates submitted for Specific Experience must follow the standard format provided in the Particular Specification Section. If a different format is used, it must include: PE’s name, email, contact number, JV share (if any), time extensions, LD, contract amount, final bill amount, and the e-GP Tender ID. Omission of these details or wrong format will result in the tender being considered Non-responsive. 3. Turnover will be calculated on the basis of Payment Certificates issued by respective Authority. 4. In the case of liquid asset, certificate and statement from bank should be submitted, issued not earlier than the date of publication of IFT Notice in the e-GP Website. In the case of credit facilities, it should be sanctioned and must be submitted as per the format for the Credit Line (Form PW3-7) issued by any scheduled Bank of Bangladesh in accordance with ITT Clause without alteration, issued not earlier than the date of publication of IFT Notice in the e-GP Website. 5. Tenderer must upload Tender Capacity paper (for proof of Tender Capacity as per the standard format attached in Particular Specification Section) including all ongoing work(s). A tenderer failing to submit that will be considered as Non-responsive during evaluation. 6. Only necessary documents should be submitted. Submission of unnecessary or unclear documents are strictly discouraged. 7. If corrupt, fraudulent, collusive, coercive, or obstructive practices of any kind are determined against any tenderer, then measures shall be taken according of PPR-2025 & relevant document. 8. If tenderer submits any fake certificate, action will be taken to debarment.","Construction of RCC Drain (2.00m) at Shahporan to Lalka Tongi Chara.","Lot wise","Package wise","Package wise","4000","Payment through Bank","14-Dec-2026","14-Dec-2026","01","Construction of RCC Drain (2.00m) at Shahporan to Lalka Tongi Chara.","Sylhet City Corporation Area","1400000","25-Aug-2026","25-Aug-2027","MOHAMMAD ALI AKBAR","Chief Engineer","Address : Sylhet City Corporation, Sylhet. City : Sylhet Thana : Sylhet Sadar District : Sylhet - 3100 Country : Bangladesh","Sylhet City Corporation, Sylhet.","Sylhet","Sylhet Sadar","Sylhet - 3100","02-996640486","","https://www.eprocure.gov.bd/resources/common/ViewTender.jsp?id=1313755"
"Ministry of Home Affairs","","Bangladesh Police","Office of the Superintendent of Police, Khulna","00144","Khulna","Goods (Framework Agreement)","NCT","TENDER","Tender - Single Lot","KDP/MT-101/FY 2026-2027","225511","1313342","Open Tendering Method (OTM)","Revenue","Government","Not applicable","Not applicable","KDP/MT-101/FY 2026-2027 Supply and Repair of Spare parts/Raw materials/Tyres/Tubes/Batteries for Motor vehicles of Khulna district police.FY 2026-2027.EC 3258101","Machinery, equipment, appliances, apparatus and associated products; Electrical machinery, apparatus, equipment and consumables; Motor vehicles, trailers and vehicle parts; Transport equipment; Repair, maintenance and installation services;Machinery for the production and use of mechanical power;Turbines and motors;Pumps and compressors;Taps, cocks, valves and similar appliances;Gears, gearing and driving elements;General-purpose machinery;Industrial or laboratory furnaces, incinerators and ovens;Lifting and handling equipment and parts;Cooling and ventilation equipment;Miscellaneous general-purpose machinery;Agricultural, horticultural and forestry machinery;Agricultural and forestry machinery for soil preparation or cultivation;Harvesting machinery;Spraying machinery for agriculture or horticulture;Self-loading or unloading trailers and semi-trailers for agriculture;Specialist agricultural or forestry machinery;Tractors;Parts of agricultural and forestry machinery;Machine tools;Machine tools operated by laser and machining centres;Lathes, boring and milling machine tools;Metal-working machine tools;Machine tools for working hard materials except metals;Pneumatic or motorised hand tools;Soldering, brazing and welding tools, surface tempering and hot-spraying machines and equipment;Parts and accessories of machine tools;Special-purpose machinery and parts;Machinery for metallurgy and associated parts;Machinery for mining, quarrying and construction;Machinery for food, beverage and tobacco processing and associated parts;Machinery for textile, apparel and leather production;Machinery for paper or paperboard production;Miscellaneous special-purpose machinery;Weapons, ammunition and associated parts;Motorised tanks and armoured fighting vehicles;Military weapons;Firearms;Ammunition;Parts of military weapons;Truncheons or night sticks;Domestic appliances;Electrical domestic appliances;Non-electric domestic appliances;Miscellaneous equipment;Transport related equipment;Workshop equipment;Construction equipment;Catering equipment;Emergency and security equipment;Technical equipment;Miscellaneous equipment n.e.c.;Electric motors, generators and transformers;Electric motors;Generators;Alternators;Cooling towers;Ballasts for discharge lamps or tubes;Parts of electric motors, generators and transformers;Transformers;Electricity distribution and control apparatus;Electrical apparatus for switching or protecting electrical circuits;Electrical circuit components;Parts of electricity distribution or control apparatus;Insulated wire and cable;Mains;Power distribution cables;Coaxial cable;Insulated cable accessories;Electric conductors for data and control purposes;Accumulators, primary cells and primary batteries;Primary cells;Primary batteries;Electric accumulators;Lighting equipment and electric lamps;Electric filament lamps;Lamps and light fittings;Parts of lamps and lighting equipment;Electrical equipment and apparatus;Electrical equipment for engines and vehicles;Sound or visual signalling apparatus;Magnets;Machines and apparatus with individual functions;Insulating fittings;Carbon electrodes;Electrical parts of machinery or apparatus;Electrical supplies and accessories;Electronic, electromechanical and electrotechnical supplies;Electronic equipment;Electromechanical equipment;Electrotechnical equipment;Motor vehicles;Passenger cars;Motor vehicles for the transport of 10 or more persons;Motor vehicles for the transport of goods;Heavy-duty motor vehicles;Vehicle bodies, trailers or semi-trailers;Vehicle bodies;Trailers, semi-trailers and mobile containers;Parts and accessories for vehicles and their engines;Engines and engine parts;Mechanical spare parts except engines and engine parts;Test benches;Vehicle conversion kits;Seat belts;Spare parts for goods vehicles;Spare parts for vans;Spare parts for cars;Tractor accessories;Motorcycles, bicycles and sidecars;Motorcycles;Motor scooters;Cycles with auxiliary motors;Bicycles;Ships and boats;Ships;Boats;Railway and tramway locomotives and rolling stock and associated parts;Rail locomotives and tenders;Rolling stock;Parts of railway or tramway locomotives or rolling stock; mechanical traffic-control equipment;Aircraft and spacecraft;Helicopters and aeroplanes;Spacecraft, satellites and launch vehicles;Balloons, dirigibles and other non-powered aircraft;Parts for aircraft and spacecraft;Aircraft or spacecraft equipment, trainers, simulators and associated parts;Miscellaneous transport equipment;Horse or hand-drawn carts and other non-mechanically-propelled vehicles;Baggage carts;Repair, maintenance and associated services of vehicles and related equipment;Repair and maintenance services of motor vehicles and associated equipment;Demolition services of vehicles;Repair, maintenance and associated services related to aircraft, railways, roads and marine equipment;Repair, maintenance and associated services related to aircraft and other equipment;Repair, maintenance and associated services related to railways and other equipment;Repair, maintenance and associated services related to roads and other equipment;Repair, maintenance and associated services related to marine and other equipment;Repair, maintenance and associated services related to personal computers, office equipment, telecommunications and audio-visual equipment;Maintenance and repair of office machinery;Repair and maintenance services of personal computers;Maintenance services of telecommunications equipment;Repair and maintenance services of audio-visual and optical equipment;Repair and maintenance services of medical and precision equipment;Repair and maintenance services of measuring, testing and checking apparatus;Repair and maintenance services of medical and surgical equipment;Repair and maintenance services of precision equipment;Repair and maintenance services for pumps, valves, taps and metal containers and machinery;Repair and maintenance services of pumps, valves, taps and metal containers;Repair and maintenance services of machinery;Repair and maintenance services of building installations;Repair and maintenance services of electrical and mechanical building installations;Repair and maintenance services of central heating;Repair and maintenance services of cooler groups;Repair and maintenance services of escalators;Lift-maintenance services;Miscellaneous repair and maintenance services;Repair services of jewellery;Repair services of leather personal goods;Repair services of garments and textiles;Repair and maintenance services of weapons and weapon systems;Repair and maintenance services of furniture;Repair and maintenance services of musical instruments;Repair and maintenance services of playground equipment;Repair and maintenance services of hotel and restaurant equipment;Installation services;Installation services of electrical and mechanical equipment;Installation services of equipment for measuring, checking, testing and navigating;Installation services of communications equipment;Installation services of medical and surgical equipment;Installation services of machinery and equipment;Installation services of computers and office equipment;Installation services of metal containers","03-Aug-2026 10:00","17-Aug-2026 13:00","Tenderers shall submit with the following additional documents: 1. Upto date Trade License. 2. Bank Solvency Certificate. 3. Upto date Income Tax Certificate. 4. VAT registration Certificate and TIN Certificate. 5. Privious Experience documents. 6. Bank Transaction for last 3 months. 7. Non Blacklisted Certificate. 8. National ID card copy. Also as per TDS and PCC.","Supply and Repair of Spare parts/Raw materials/Tyres/Tubes/Batteries for Motor vehicles of Khulna district police.FY 2026-2027.EC 3258101","Lot wise","Package wise","Package wise","4000","Payment through Bank","23-Nov-2026","23-Nov-2026","1","Supply and Repair of Spare parts/Raw materials/Tyres/Tubes/Batteries for Motor vehicles of Khulna district police.FY 2026-2027.EC 3258101","old police lines khulna dist police","190000","25-Aug-2026","30-Jun-2027","MOHAMMAD TAZUL ISLAM","SP","Address : Office of the Superintendent of Police, Khulna City : Khulna Thana : Khulna City Corporation District : Khulna - 9000 Country : Bangladesh","Office of the Superintendent of Police, Khulna","Khulna","Khulna City Corporation","Khulna - 9000","041-811630","","https://www.eprocure.gov.bd/resources/common/ViewTender.jsp?id=1313342"
"Ministry of Local Government","Rural Development and Co-operatives","Sylhet City Corporation","Engineering Department (Civil), Sylhet City Corporation.","","Sylhet","Works","NCT","TENDER","Tender - Single Lot","46.07.0000.018.14.468.26.1143","227965","1313766","Open Tendering Method (OTM)","Development","Government","224396300","Integrated infrastructure development with extended area of Sylhet City Corporation.","46.07.0000.018.14.468.26 Development of RCC Road (200mm) at Shahporan to Lalka Tongi Chara.","Construction work;Site preparation work;Building demolition and wrecking work and earthmoving work;Test drilling and boring work;Works for complete or part construction and civil engineering work;Building construction work;Engineering works and construction works;Construction work for pipelines, communication and power lines, for highways, roads, airfields and railways; flatwork;Construction work for water projects;Construction works for plants, mining and manufacturing and for buildings relating to the oil and gas industry;Roof works and other special trade construction works;Building installation work;Electrical installation work;Insulation work;Plumbing and sanitary works;Fencing, railing and safety equipment installation work;Mechanical installations;Building completion work;Plastering work;Joinery and carpentry installation work;Floor and wall covering work;Painting and glazing work;Other building completion work;Hire of construction and civil engineering machinery and equipment with operator;Hire of cranes with operator;Hire of earthmoving equipment with operator","03-Aug-2026 10:00","17-Aug-2026 17:00","As per Tender Data Sheet (TDS) 1. Tenderers are requested to fill different Tender Forms properly with necessary information and by uploading necessary documents, which shall be considered for tender evaluation. 2. Certificates submitted for Specific Experience must follow the standard format provided in the Particular Specification Section. If a different format is used, it must include: PE’s name, email, contact number, JV share (if any), time extensions, LD, contract amount, final bill amount, and the e-GP Tender ID. Omission of these details or wrong format will result in the tender being considered Non-responsive. 3. Turnover will be calculated on the basis of Payment Certificates issued by respective Authority. 4. In the case of liquid asset, certificate and statement from bank should be submitted, issued not earlier than the date of publication of IFT Notice in the e-GP Website. In the case of credit facilities, it should be sanctioned and must be submitted as per the format for the Credit Line (Form PW3-7) issued by any scheduled Bank of Bangladesh in accordance with ITT Clause without alteration, issued not earlier than the date of publication of IFT Notice in the e-GP Website. 5. Tenderer must upload Tender Capacity paper (for proof of Tender Capacity as per the standard format attached in Particular Specification Section) including all ongoing work(s). A tenderer failing to submit that will be considered as Non-responsive during evaluation. 6. Only necessary documents should be submitted. Submission of unnecessary or unclear documents are strictly discouraged. 7. If corrupt, fraudulent, collusive, coercive, or obstructive practices of any kind are determined against any tenderer, then measures shall be taken according of PPR-2025 & relevant document. 8. If tenderer submits any fake certificate, action will be taken to debarment.","Development of RCC Road (200mm) at Shahporan to Lalka Tongi Chara.","Lot wise","Package wise","Package wise","4000","Payment through Bank","14-Dec-2026","14-Dec-2026","01","Development of RCC Road (200mm) at Shahporan to Lalka Tongi Chara.","Sylhet City Corporation Area","900000","25-Aug-2026","25-Aug-2027","MOHAMMAD ALI AKBAR","Chief Engineer","Address : Sylhet City Corporation, Sylhet. City : Sylhet Thana : Sylhet Sadar District : Sylhet - 3100 Country : Bangladesh","Sylhet City Corporation, Sylhet.","Sylhet","Sylhet Sadar","Sylhet - 3100","02-996640486","","https://www.eprocure.gov.bd/resources/common/ViewTender.jsp?id=1313766"
"Ministry of Energy","Power and Mineral Resources","Eastern Refinery PLC.","Materials","pur101","Chattogram","Goods","NCT","TENDER","Tender - Single Lot","ER/LT-23/2026","214590","1312422","Open Tendering Method (OTM)","Own Fund","Own Fund","Not applicable","Not applicable","e- Tender: 283IT26 Procurement of Single Probe Handheld PT100 Digital Thermometer","Instruments and appliances for measuring, checking, testing and navigating; Medical and laboratory devices, optical and precision devices, watches and clocks, pharmaceuticals and related medical consumables;Navigational, meteorological, geological and geophysical instruments;Remote-control equipment;Precision balances, instruments for drawing, calculating and measuring length;Instruments for measuring quantities;Instruments for checking physical characteristics;Checking and testing apparatus;Regulating and controlling instruments and apparatus;Non-medical equipment based on the use of radiations","03-Aug-2026 10:00","16-Aug-2026 15:00","As per TDS","Procurement of Single Probe Handheld PT100 Digital Thermometer","Lot wise","Package wise","Package wise","500","Payment through Bank","23-Nov-2026","23-Nov-2026","1","Procurement of Single Probe Handheld PT100 Digital Thermometer","Eastern Refinery PLC, North Patenga, Chattogram","12000","30-Aug-2026","30-Sep-2026","MOHAMMAD TAZUL ISLAM","GM (Commercial)","Address : Eastern Refinery Training Complex, North Patenga, Chittagong City : Chittagong Thana : Chattogram City Corporation District : Chattogram - 4204 Country : Bangladesh","Eastern Refinery Training Complex, North Patenga, Chittagong","Chittagong","Chattogram City Corporation","Chattogram - 4204","00880-31-2501261","","https://www.eprocure.gov.bd/resources/common/ViewTender.jsp?id=1312422"
"Ministry of Education","Secondary and Higher Education Division","Education Engineering Department","Office of the Executive Engineer, EED, Natore  District.","31","Natore","Goods","NCT","TENDER","Tender - Single Lot","37.07.0000.000.016.14.0012.24-78 Date :21.12.2025","227533","1311545","Open Tendering Method (OTM)","Development","Government","224016400","Fostering Opportunities of Science Education in Public Colleges","200 College  Generator SUPPLY, INSTALLATION, TESTING AND COMMISSIONING OF 60 KVA DIESEL GENERATOR COLLEGE BUILDING AT RANI BHAWANI GOVT. WOMEN'S COLLEGE, SADAR UPAZILA, NATORE DISTRICT.","Machinery, equipment, appliances, apparatus and associated products; Electrical machinery, apparatus, equipment and consumables;Machinery for the production and use of mechanical power;Turbines and motors;Pumps and compressors;Taps, cocks, valves and similar appliances;Gears, gearing and driving elements;General-purpose machinery;Industrial or laboratory furnaces, incinerators and ovens;Lifting and handling equipment and parts;Cooling and ventilation equipment;Miscellaneous general-purpose machinery;Agricultural, horticultural and forestry machinery;Agricultural and forestry machinery for soil preparation or cultivation;Harvesting machinery;Spraying machinery for agriculture or horticulture;Self-loading or unloading trailers and semi-trailers for agriculture;Specialist agricultural or forestry machinery;Tractors;Parts of agricultural and forestry machinery;Machine tools;Machine tools operated by laser and machining centres;Lathes, boring and milling machine tools;Metal-working machine tools;Machine tools for working hard materials except metals;Pneumatic or motorised hand tools;Soldering, brazing and welding tools, surface tempering and hot-spraying machines and equipment;Parts and accessories of machine tools;Special-purpose machinery and parts;Machinery for metallurgy and associated parts;Machinery for mining, quarrying and construction;Machinery for food, beverage and tobacco processing and associated parts;Machinery for textile, apparel and leather production;Machinery for paper or paperboard production;Miscellaneous special-purpose machinery;Weapons, ammunition and associated parts;Motorised tanks and armoured fighting vehicles;Military weapons;Firearms;Ammunition;Parts of military weapons;Truncheons or night sticks;Domestic appliances;Electrical domestic appliances;Non-electric domestic appliances;Miscellaneous equipment;Transport related equipment;Workshop equipment;Construction equipment;Catering equipment;Emergency and security equipment;Technical equipment;Miscellaneous equipment n.e.c.;Electric motors, generators and transformers;Electric motors;Generators;Alternators;Cooling towers;Ballasts for discharge lamps or tubes;Parts of electric motors, generators and transformers;Transformers;Electricity distribution and control apparatus;Electrical apparatus for switching or protecting electrical circuits;Electrical circuit components;Parts of electricity distribution or control apparatus;Insulated wire and cable;Mains;Power distribution cables;Coaxial cable;Insulated cable accessories;Electric conductors for data and control purposes;Accumulators, primary cells and primary batteries;Primary cells;Primary batteries;Electric accumulators;Lighting equipment and electric lamps;Electric filament lamps;Lamps and light fittings;Parts of lamps and lighting equipment;Electrical equipment and apparatus;Electrical equipment for engines and vehicles;Sound or visual signalling apparatus;Magnets;Machines and apparatus with individual functions;Insulating fittings;Carbon electrodes;Electrical parts of machinery or apparatus;Electrical supplies and accessories;Electronic, electromechanical and electrotechnical supplies;Electronic equipment;Electromechanical equipment;Electrotechnical equipment","03-Aug-2026 10:00","17-Aug-2026 16:00","The Tenderer shall have: a) The minimum number of years of general experience of the Tenderer in the supply of Goods/Electro-Mechanical works and related services as Supplier  shall be (05) Five years; years counting backward from the date of publication of IFT. b) Valid trade license (FY 2025-26). c) Valid tax clearance certificate (Tax year-2024-25 or latest financial year)) d) Valid VAT & TIN certificate up-to-date. e) Up-to-date ABC License & Supervisory License issued from Electrical Licensing Board, Government of Bangladesh. f) Specific experience of successful completion in supply, installation, testing & commissioning of  Diesel Generator of minimum value 20.00 Lac Taka in a single agreement in any Govt. /semi govt./ autonomous within last 05 (Five) years (from the date of IFT). g) The minimum amount of liquid assets i.e working capital or credit line(s) of the Tenderers shall be Tk 15.00 Lac for single Generator as per STD (Form PG2-7) format of this tender. for Tenders where the package contains more than one (1) Generator , this amount will be multiplied by the number of Generator mentioned in the designated package. h) Valid Manufacture/s Authorization letter for the proposed Generator. l) Submit valid document in reply of any other terms and conditions mentioned in TDS & PCC of this tender. j) Please read through the TDS & PCC and uploaded file in (Section-06)-Terms and condition .","SUPPLY, INSTALLATION, TESTING AND COMMISSIONING OF 60 KVA DIESEL GENERATOR COLLEGE BUILDING AT RANI BHAWANI GOVT. WOMEN'S COLLEGE, SADAR UPAZILA, NATORE DISTRICT.","Lot wise","Package wise","Package wise","1000","Payment through Bank","12-Feb-2027","12-Feb-2027","04","SUPPLY, INSTALLATION, TESTING AND COMMISSIONING OF 60 KVA DIESEL GENERATOR COLLEGE BUILDING AT RANI BHAWANI GOVT. WOMEN'S COLLEGE, SADAR UPAZILA, NATORE DISTRICT.","SADAR UPAZILLA NATORE DISTRICT","60000","01-Oct-2026","31-Mar-2027","Matoara Parvin","Executive Engineer","Address : Office of the Executive Engineer, Education Engineering Department ( EED), Natore  District. City : Natore Thana : Natore Sadar District : Natore - 6400 Country : Bangladesh","Office of the Executive Engineer, Education Engineering Department ( EED), Natore  District.","Natore","Natore Sadar","Natore - 6400","0741-63152","","https://www.eprocure.gov.bd/resources/common/ViewTender.jsp?id=1311545"
"Ministry of Local Government","Rural Development and Co-operatives","Sylhet City Corporation","Engineering Department (Civil), Sylhet City Corporation.","","Sylhet","Works","NCT","TENDER","Tender - Single Lot","46.07.0000.018.14.466.26.1144","227965","1313792","Open Tendering Method (OTM)","Development","Government","224396300","Integrated infrastructure development with extended area of Sylhet City Corporation.","46.07.0000.018.14.466.26 Development of RCC Road (300mm) from main gate of Shahjalal University of Science & Technology (SUST) to internal gol chottor.","Construction work;Site preparation work;Building demolition and wrecking work and earthmoving work;Test drilling and boring work;Works for complete or part construction and civil engineering work;Building construction work;Engineering works and construction works;Construction work for pipelines, communication and power lines, for highways, roads, airfields and railways; flatwork;Construction work for water projects;Construction works for plants, mining and manufacturing and for buildings relating to the oil and gas industry;Roof works and other special trade construction works;Building installation work;Electrical installation work;Insulation work;Plumbing and sanitary works;Fencing, railing and safety equipment installation work;Mechanical installations;Building completion work;Plastering work;Joinery and carpentry installation work;Floor and wall covering work;Painting and glazing work;Other building completion work;Hire of construction and civil engineering machinery and equipment with operator;Hire of cranes with operator;Hire of earthmoving equipment with operator","03-Aug-2026 10:00","24-Aug-2026 17:00","As per Tender Data Sheet (TDS) 1. Tenderers are requested to fill different Tender Forms properly with necessary information and by uploading necessary documents, which shall be considered for tender evaluation. 2. Certificates submitted for Specific Experience must follow the standard format provided in the Particular Specification Section. If a different format is used, it must include: PE’s name, email, contact number, JV share (if any), time extensions, LD, contract amount, final bill amount, and the e-GP Tender ID. Omission of these details or wrong format will result in the tender being considered Non-responsive. 3. Turnover will be calculated on the basis of Payment Certificates issued by respective Authority. 4. In the case of liquid asset, certificate and statement from bank should be submitted, issued not earlier than the date of publication of IFT Notice in the e-GP Website. In the case of credit facilities, it should be sanctioned and must be submitted as per the format for the Credit Line (Form PW3-7) issued by any scheduled Bank of Bangladesh in accordance with ITT Clause without alteration, issued not earlier than the date of publication of IFT Notice in the e-GP Website. 5. Tenderer must upload Tender Capacity paper (for proof of Tender Capacity as per the standard format attached in Particular Specification Section) including all ongoing work(s). A tenderer failing to submit that will be considered as Non-responsive during evaluation. 6. Only necessary documents should be submitted. Submission of unnecessary or unclear documents are strictly discouraged. 7. If corrupt, fraudulent, collusive, coercive, or obstructive practices of any kind are determined against any tenderer, then measures shall be taken according of PPR-2025 & relevant document. 8. If tenderer submits any fake certificate, action will be taken to debarment.","Development of RCC Road (300mm) from main gate of Shahjalal University of Science & Technology (SUST) to internal gol chottor.","Lot wise","Package wise","Package wise","4000","Payment through Bank","21-Dec-2026","21-Dec-2026","01","Development of RCC Road (300mm) from main gate of Shahjalal University of Science & Technology (SUST) to internal gol chottor.","Sylhet City Corporation Area","2500000","30-Aug-2026","30-Aug-2027","MOHAMMAD ALI AKBAR","Chief Engineer","Address : Sylhet City Corporation, Sylhet. City : Sylhet Thana : Sylhet Sadar District : Sylhet - 3100 Country : Bangladesh","Sylhet City Corporation, Sylhet.","Sylhet","Sylhet Sadar","Sylhet - 3100","02-996640486","","https://www.eprocure.gov.bd/resources/common/ViewTender.jsp?id=1313792"
"Ministry of Education","Secondary and Higher Education Division","Education Engineering Department","Office of the Executive Engineer, EED, Natore  District.","31","Natore","Goods","NCT","TENDER","Tender - Single Lot","37.07.0000.016.14.004.17-1463 Date :02.06.2026","227533","1311544","Open Tendering Method (OTM)","Development","Government","224016400","Fostering Opportunities of Science Education in Public Colleges","200 College Lift -03 SUPPLY, INSTALLATION, TESTING AND COMMISSIONING OF 01 NO. 6 STOPS 1000 KG CAPACITY PASSENGER LIFT WITH RELATED ACCESSORIES TO COLLEGE BUILDING AT RANI BHAWANI GOVT. WOMEN'S  COLLEGE, SADAR UPAZILA, NATORE DISTRICT.","Electrical machinery, apparatus, equipment and consumables; Construction work;Electric motors, generators and transformers;Electric motors;Generators;Alternators;Cooling towers;Ballasts for discharge lamps or tubes;Parts of electric motors, generators and transformers;Transformers;Electricity distribution and control apparatus;Electrical apparatus for switching or protecting electrical circuits;Electrical circuit components;Parts of electricity distribution or control apparatus;Insulated wire and cable;Mains;Power distribution cables;Coaxial cable;Insulated cable accessories;Electric conductors for data and control purposes;Accumulators, primary cells and primary batteries;Primary cells;Primary batteries;Electric accumulators;Lighting equipment and electric lamps;Electric filament lamps;Lamps and light fittings;Parts of lamps and lighting equipment;Electrical equipment and apparatus;Electrical equipment for engines and vehicles;Sound or visual signalling apparatus;Magnets;Machines and apparatus with individual functions;Insulating fittings;Carbon electrodes;Electrical parts of machinery or apparatus;Electrical supplies and accessories;Electronic, electromechanical and electrotechnical supplies;Electronic equipment;Electromechanical equipment;Electrotechnical equipment;Site preparation work;Building demolition and wrecking work and earthmoving work;Test drilling and boring work;Works for complete or part construction and civil engineering work;Building construction work;Engineering works and construction works;Construction work for pipelines, communication and power lines, for highways, roads, airfields and railways; flatwork;Construction work for water projects;Construction works for plants, mining and manufacturing and for buildings relating to the oil and gas industry;Roof works and other special trade construction works;Building installation work;Electrical installation work;Insulation work;Plumbing and sanitary works;Fencing, railing and safety equipment installation work;Mechanical installations;Building completion work;Plastering work;Joinery and carpentry installation work;Floor and wall covering work;Painting and glazing work;Other building completion work;Hire of construction and civil engineering machinery and equipment with operator;Hire of cranes with operator;Hire of earthmoving equipment with operator","03-Aug-2026 10:00","17-Aug-2026 16:00","a) For each lift, the contractor must have at least 5 years of general experience in lift supply and installation works. b) Up to date trade license, tax clearance certificate, VAT & TIN certificate . c) Up to date ABC/BC License & Supervisory License issued from Electrical Licensing Board, Government of Bangladesh. d) Specific experience of successful completion in supply, installation, testing & commissioning of lift of minimum value 63.00 Lac Taka in a single agreement in any Govt. /semi govt./autonomous organization within last five years (from the date of IFT) for single lift [for Tenders where the package contains more than one (1) lift, this amount will be multiplied by the number of lift mentioned in the designated package]. Private/Private Organization work Experience Certificate is not Acceptable. f) Certificate of specific work experience obtained from organization other than EED should be authenticated by the Executive Engineer, EED after verified by respective organization. g) The minimum amount of liquid assets i.e working capital or credit line(s) of the tenderer shall be 60.00 Lac for single lift as per STD format of this tender. for Tenders where the package contains more than one (1) lift, this amount will be multiplied by the number of lift mentioned in the designated package h) Submit valid Agencyship certificate of the proposed band of lift Manufacturing Company. i) Submit valid document in reply of any other terms and conditions mentioned in TDS & PCC of this tender j) Submit valid Manufacturer's Authorization letter of the proposed band of lift Manufacturing Company. k) If Rate quote found Excessive Less or above than the estimated price in this regard decision of the TEC Committee will be considered final. N.B: Please read through the TDS & PCC and uploaded file in (Section-06)-Terms and condition, technical specification.","SUPPLY, INSTALLATION, TESTING AND COMMISSIONING OF 01 NO. 6 STOPS 1000 KG CAPACITY PASSENGER LIFT WITH RELATED ACCESSORIES TO COLLEGE BUILDING AT RANI BHAWANI GOVT. WOMEN'S COLLEGE, SADAR UPAZILA, NATORE DISTRICT.","Lot wise","Package wise","Package wise","2500","Payment through Bank","12-Feb-2027","12-Feb-2027","03","SUPPLY, INSTALLATION, TESTING AND COMMISSIONING OF 01 NO. 6 STOPS 1000 KG CAPACITY PASSENGER LIFT WITH RELATED ACCESSORIES TO COLLEGE BUILDING AT RANI BHAWANI GOVT. WOMEN'S  COLLEGE, SADAR UPAZILA, NATORE DISTRICT.","SADAR UPAZILLA NATORE DISTRICT","200000","01-Oct-2026","31-Mar-2027","Matoara Parvin","Executive Engineer","Address : Office of the Executive Engineer, Education Engineering Department ( EED), Natore  District. City : Natore Thana : Natore Sadar District : Natore - 6400 Country : Bangladesh","Office of the Executive Engineer, Education Engineering Department ( EED), Natore  District.","Natore","Natore Sadar","Natore - 6400","0741-63152","","https://www.eprocure.gov.bd/resources/common/ViewTender.jsp?id=1311544"
"Ministry of Local Government","Rural Development and Co-operatives","Mymensingh City Corporation","Office of the Chief Engineer.","","Mymensingh","Goods","NCT","TENDER","Tender - Single Lot","46.21.6100.014.01.0120.26-727, date:30.07.2026","228686","1313281","Open Tendering Method (OTM)","Revenue","Government","Not applicable","Not applicable","MCC/DAF/OM/2026-27/GD-01 Supplying of Street Light, G.I Pole & other accessories for Mymensingh City Corporation.","Machinery, equipment, appliances, apparatus and associated products;Machinery for the production and use of mechanical power;Turbines and motors;Pumps and compressors;Taps, cocks, valves and similar appliances;Gears, gearing and driving elements;General-purpose machinery;Industrial or laboratory furnaces, incinerators and ovens;Lifting and handling equipment and parts;Cooling and ventilation equipment;Miscellaneous general-purpose machinery;Agricultural, horticultural and forestry machinery;Agricultural and forestry machinery for soil preparation or cultivation;Harvesting machinery;Spraying machinery for agriculture or horticulture;Self-loading or unloading trailers and semi-trailers for agriculture;Specialist agricultural or forestry machinery;Tractors;Parts of agricultural and forestry machinery;Machine tools;Machine tools operated by laser and machining centres;Lathes, boring and milling machine tools;Metal-working machine tools;Machine tools for working hard materials except metals;Pneumatic or motorised hand tools;Soldering, brazing and welding tools, surface tempering and hot-spraying machines and equipment;Parts and accessories of machine tools;Special-purpose machinery and parts;Machinery for metallurgy and associated parts;Machinery for mining, quarrying and construction;Machinery for food, beverage and tobacco processing and associated parts;Machinery for textile, apparel and leather production;Machinery for paper or paperboard production;Miscellaneous special-purpose machinery;Weapons, ammunition and associated parts;Motorised tanks and armoured fighting vehicles;Military weapons;Firearms;Ammunition;Parts of military weapons;Truncheons or night sticks;Domestic appliances;Electrical domestic appliances;Non-electric domestic appliances;Miscellaneous equipment;Transport related equipment;Workshop equipment;Construction equipment;Catering equipment;Emergency and security equipment;Technical equipment;Miscellaneous equipment n.e.c.","03-Aug-2026 10:00","19-Aug-2026 15:00","As Described in Tender Data Sheet(TDS)","MCC/DAF/OTM/2026-27/GD-01 Supplying of Street Light, G.I Pole & other accessories for Mymensingh City Corporation.","Lot wise","Package wise","Package wise","2500","Payment through Bank","16-Dec-2026","16-Dec-2026","Single","Supplying of Street Light, G.I Pole & other accessories for Mymensingh City Corporation.","MCC Area","180000","15-Sep-2026","14-Jan-2027","MD. RAFIQUL ISLAM MIAH","Chief Engineer","Address : Corporate Street Road,Mymensingh. City : Mymensingh Thana : Mymensingh City Corporation District : Mymensingh - 2200 Country : Bangladesh","Corporate Street Road,Mymensingh.","Mymensingh","Mymensingh City Corporation","Mymensingh - 2200","091-67714","","https://www.eprocure.gov.bd/resources/common/ViewTender.jsp?id=1313281"
"Ministry of Home Affairs","","Prisons Directorate","Feni district Jail-2, Feni","","Feni","Goods","NCT","TENDER","Tender - Single Lot","58.04.3000.124.01.002.26- 3172 , Date: 02/08/2026","224964","1311833","Open Tendering Method (OTM)","Revenue","Government","Not applicable","Not applicable","JSFENI-Category-3 Sech-KHA Pakag-3 Schedule KA Procurement of Dietary Articles Animal protein Under package -03 for the period of July, 2026 to December, 2026.","Food products and beverages;Animal products, meat and meat products;Meat;Animal wool, hides and skins;Meat products;Prepared and preserved fish;Fish fillets, fish livers and roe;Frozen fish, fish fillets and other fish meat;Dried or salted fish; fish in brine; smoked fish;Canned or tinned fish and other prepared or preserved fish;Seafood;Fruit, vegetables and related products;Potatoes and potato products;Fruit and vegetable juices;Fruit and vegetables;Animal or vegetable oils and fats;Crude animal or vegetable oils and fats;Refined oils and fats;Edible fats;Dairy products;Milk and cream;Butter;Cheese products;Assorted dairy products;Grain mill products, starches and starch products;Grain mill products;Starches and starch products;Animal feedstuffs;Prepared animal feeds for farm and other animals;Miscellaneous food products;Bread products, fresh pastry goods and cakes;Rusks and biscuits; preserved pastry goods and cakes;Sugar and related products;Cocoa; chocolate and sugar confectionery;Pasta products;Coffee, tea and related products;Condiments and seasonings;Special nutritional products;Miscellaneous food products n.e.c. and dried goods;Beverages;Distilled alcoholic beverages;Wines;Cider and other fruit wines;Non-distilled fermented beverages;Malt beer;Non-alcoholic beverages","03-Aug-2026 10:00","10-Aug-2026 11:00","1) All the Tenderer must follow the PPA-2006 and PPR-2025 Rules & Regulations. 2) The Following documents are to be submitted/ uploaded as per standard tender document (STD). (a) The minimum of years of general experience of the Tenderer in the supply of Goods and related services as Supplier shall be 01 (One) years. i.e. years counting backward from the date of publication of IFT in the e-GP System. (b) The minimum specific experience as supplier in supply of similar Goods at least 01(One) contract successfully completed within the last 10 (Ten) years, each with a value of at least Tk.36,000/-. Years counting backward from the date of publication of IFT in the e-GP System. The tenderer will submit copy of contract deeds along with experience certificate in the e-GP system. (c) The minimum amount of liquid assets i.e working capital or credit line(s), net of other contractual commitments shall be (form PG2-5) Tk.50,000/- . [Certificate must be issued between publication of IFT and submission date in the e-GP system. (d) The tenderer must submit e-TIN certificate in the e-GP system. (e) Up-to-date Valid Trade License as supplier. (f) Up-to-date Income Tax clearance certificate. (g) e-BIN (13 Digits) Registration Certificate. (h) Certificate of incorporation (in case of limited company). (i) Manufacturer authorization letter or contract deed with the importers/manufacturer (if the bidder is supplier) [When Applicable]. (j) All certificates must be attested by 1st class Govt. gazette officer.","RE-Tender-(3) Schedule KA Procurement of Dietary Articles Animal protein Under package -03 for the period of July, 2026 to December, 2026.","Lot wise","Package wise","Package wise","500","Payment through Bank","04-Feb-2027","04-Feb-2027","01","Schedule KA Procurement of Dietary Articles Animal protein Under package -03 for the period of July, 2026 to December, 2026.","Feni district Jail-2, Master Para, Feni","1500","11-Aug-2026","31-Dec-2026","MD KAMRUL ISLAM","Jail Super","Address : Feni district Jail-2, Master Para, Feni City : Feni Thana : Feni Sadar District : Feni - 3900 Country : Bangladesh","Feni district Jail-2, Master Para, Feni","Feni","Feni Sadar","Feni - 3900","02337-734246","","https://www.eprocure.gov.bd/resources/common/ViewTender.jsp?id=1311833"
"Ministry of Education","Secondary and Higher Education Division","Education Engineering Department","Office of the Executive Engineer, EED, Natore  District.","31","Natore","Goods","NCT","TENDER","Tender - Single Lot","37.07.0000.016.14.004.17-1463 Date :02.06.2026","227533","1311543","Open Tendering Method (OTM)","Development","Government","224016400","Fostering Opportunities of Science Education in Public Colleges","200 College Lift -02 SUPPLY, INSTALLATION, TESTING AND COMMISSIONING OF 01 NO. 6 STOPS 1000 KG CAPACITY PASSENGER LIFT WITH RELATED ACCESSORIES TO COLLEGE BUILDING AT GOL-E-AFROZ GOVT. COLLEGE, SINGRA UPAZILA, NATORE DISTRICT.","Machinery, equipment, appliances, apparatus and associated products; Electrical machinery, apparatus, equipment and consumables;Machinery for the production and use of mechanical power;Turbines and motors;Pumps and compressors;Taps, cocks, valves and similar appliances;Gears, gearing and driving elements;General-purpose machinery;Industrial or laboratory furnaces, incinerators and ovens;Lifting and handling equipment and parts;Cooling and ventilation equipment;Miscellaneous general-purpose machinery;Agricultural, horticultural and forestry machinery;Agricultural and forestry machinery for soil preparation or cultivation;Harvesting machinery;Spraying machinery for agriculture or horticulture;Self-loading or unloading trailers and semi-trailers for agriculture;Specialist agricultural or forestry machinery;Tractors;Parts of agricultural and forestry machinery;Machine tools;Machine tools operated by laser and machining centres;Lathes, boring and milling machine tools;Metal-working machine tools;Machine tools for working hard materials except metals;Pneumatic or motorised hand tools;Soldering, brazing and welding tools, surface tempering and hot-spraying machines and equipment;Parts and accessories of machine tools;Special-purpose machinery and parts;Machinery for metallurgy and associated parts;Machinery for mining, quarrying and construction;Machinery for food, beverage and tobacco processing and associated parts;Machinery for textile, apparel and leather production;Machinery for paper or paperboard production;Miscellaneous special-purpose machinery;Weapons, ammunition and associated parts;Motorised tanks and armoured fighting vehicles;Military weapons;Firearms;Ammunition;Parts of military weapons;Truncheons or night sticks;Domestic appliances;Electrical domestic appliances;Non-electric domestic appliances;Miscellaneous equipment;Transport related equipment;Workshop equipment;Construction equipment;Catering equipment;Emergency and security equipment;Technical equipment;Miscellaneous equipment n.e.c.;Electric motors, generators and transformers;Electric motors;Generators;Alternators;Cooling towers;Ballasts for discharge lamps or tubes;Parts of electric motors, generators and transformers;Transformers;Electricity distribution and control apparatus;Electrical apparatus for switching or protecting electrical circuits;Electrical circuit components;Parts of electricity distribution or control apparatus;Insulated wire and cable;Mains;Power distribution cables;Coaxial cable;Insulated cable accessories;Electric conductors for data and control purposes;Accumulators, primary cells and primary batteries;Primary cells;Primary batteries;Electric accumulators;Lighting equipment and electric lamps;Electric filament lamps;Lamps and light fittings;Parts of lamps and lighting equipment;Electrical equipment and apparatus;Electrical equipment for engines and vehicles;Sound or visual signalling apparatus;Magnets;Machines and apparatus with individual functions;Insulating fittings;Carbon electrodes;Electrical parts of machinery or apparatus;Electrical supplies and accessories;Electronic, electromechanical and electrotechnical supplies;Electronic equipment;Electromechanical equipment;Electrotechnical equipment","03-Aug-2026 10:00","17-Aug-2026 16:00","a) For each lift, the contractor must have at least 5 years of general experience in lift supply and installation works. b) Up to date trade license, tax clearance certificate, VAT & TIN certificate . c) Up to date ABC/BC License & Supervisory License issued from Electrical Licensing Board, Government of Bangladesh. d) Specific experience of successful completion in supply, installation, testing & commissioning of lift of minimum value 63.00 Lac Taka in a single agreement in any Govt. /semi govt./autonomous organization within last five years (from the date of IFT) for single lift [for Tenders where the package contains more than one (1) lift, this amount will be multiplied by the number of lift mentioned in the designated package]. Private/Private Organization work Experience Certificate is not Acceptable. f) Certificate of specific work experience obtained from organization other than EED should be authenticated by the Executive Engineer, EED after verified by respective organization. g) The minimum amount of liquid assets i.e working capital or credit line(s) of the tenderer shall be 60.00 Lac for single lift as per STD format of this tender. for Tenders where the package contains more than one (1) lift, this amount will be multiplied by the number of lift mentioned in the designated package h) Submit valid Agencyship certificate of the proposed band of lift Manufacturing Company. i) Submit valid document in reply of any other terms and conditions mentioned in TDS & PCC of this tender j) Submit valid Manufacturer's Authorization letter of the proposed band of lift Manufacturing Company. k) If Rate quote found Excessive Less or above than the estimated price in this regard decision of the TEC Committee will be considered final. N.B: Please read through the TDS & PCC and uploaded file in (Section-06)-Terms and condition, technical specification.","SUPPLY, INSTALLATION, TESTING AND COMMISSIONING OF 01 NO. 6 STOPS 1000 KG CAPACITY PASSENGER LIFT WITH RELATED ACCESSORIES TO COLLEGE BUILDING AT GOL-E-AFROZ GOVT. COLLEGE, SINGRA UPAZILA, NATORE DISTRICT.","Lot wise","Package wise","Package wise","2500","Payment through Bank","12-Feb-2027","12-Feb-2027","02","SUPPLY, INSTALLATION, TESTING AND COMMISSIONING OF 01 NO. 6 STOPS 1000 KG CAPACITY PASSENGER LIFT WITH RELATED ACCESSORIES TO COLLEGE BUILDING AT GOL-E-AFROZ GOVT. COLLEGE, SINGRA UPAZILA, NATORE DISTRICT.","SINGRA UPAZILLA OF NATORE DISTRICT","200000","01-Oct-2026","31-Mar-2027","Matoara Parvin","Executive Engineer","Address : Office of the Executive Engineer, Education Engineering Department ( EED), Natore  District. City : Natore Thana : Natore Sadar District : Natore - 6400 Country : Bangladesh","Office of the Executive Engineer, Education Engineering Department ( EED), Natore  District.","Natore","Natore Sadar","Natore - 6400","0741-63152","","https://www.eprocure.gov.bd/resources/common/ViewTender.jsp?id=1311543"
"Ministry of Education","Secondary and Higher Education Division","Education Engineering Department","Office of the Executive Engineer, EED, Natore  District.","31","Natore","Goods","NCT","TENDER","Tender - Single Lot","37.07.0000.016.14.004.17.1463, Date:02.06.26","227533","1311542","Open Tendering Method (OTM)","Development","Government","224016400","Fostering Opportunities of Science Education in Public Colleges","200 College Lift -01 SUPPLY, INSTALLATION, TESTING AND COMMISSIONING OF 01 NO. 6 STOPS 1000 KG CAPACITY PASSENGER LIFT WITH RELATED ACCESSORIES TO COLLEGE BUILDING AT ABDULPUR GOVT. COLLEGE, LALPUR UPAZILA, NATORE DISTRICT.","Electrical machinery, apparatus, equipment and consumables; Construction work;Electric motors, generators and transformers;Electric motors;Generators;Alternators;Cooling towers;Ballasts for discharge lamps or tubes;Parts of electric motors, generators and transformers;Transformers;Electricity distribution and control apparatus;Electrical apparatus for switching or protecting electrical circuits;Electrical circuit components;Parts of electricity distribution or control apparatus;Insulated wire and cable;Mains;Power distribution cables;Coaxial cable;Insulated cable accessories;Electric conductors for data and control purposes;Accumulators, primary cells and primary batteries;Primary cells;Primary batteries;Electric accumulators;Lighting equipment and electric lamps;Electric filament lamps;Lamps and light fittings;Parts of lamps and lighting equipment;Electrical equipment and apparatus;Electrical equipment for engines and vehicles;Sound or visual signalling apparatus;Magnets;Machines and apparatus with individual functions;Insulating fittings;Carbon electrodes;Electrical parts of machinery or apparatus;Electrical supplies and accessories;Electronic, electromechanical and electrotechnical supplies;Electronic equipment;Electromechanical equipment;Electrotechnical equipment;Site preparation work;Building demolition and wrecking work and earthmoving work;Test drilling and boring work;Works for complete or part construction and civil engineering work;Building construction work;Engineering works and construction works;Construction work for pipelines, communication and power lines, for highways, roads, airfields and railways; flatwork;Construction work for water projects;Construction works for plants, mining and manufacturing and for buildings relating to the oil and gas industry;Roof works and other special trade construction works;Building installation work;Electrical installation work;Insulation work;Plumbing and sanitary works;Fencing, railing and safety equipment installation work;Mechanical installations;Building completion work;Plastering work;Joinery and carpentry installation work;Floor and wall covering work;Painting and glazing work;Other building completion work;Hire of construction and civil engineering machinery and equipment with operator;Hire of cranes with operator;Hire of earthmoving equipment with operator","03-Aug-2026 10:00","17-Aug-2026 16:00","a) For each lift, the contractor must have at least 5 years of general experience in lift supply and installation works. b) Up to date trade license, tax clearance certificate, VAT & TIN certificate . c) Up to date ABC/BC License & Supervisory License issued from Electrical Licensing Board, Government of Bangladesh. d) Specific experience of successful completion in supply, installation, testing & commissioning of lift of minimum value 63.00 Lac Taka in a single agreement in any Govt. /semi govt./autonomous organization within last five years (from the date of IFT) for single lift [for Tenders where the package contains more than one (1) lift, this amount will be multiplied by the number of lift mentioned in the designated package]. Private/Private Organization work Experience Certificate is not Acceptable. f) Certificate of specific work experience obtained from organization other than EED should be authenticated by the Executive Engineer, EED after verified by respective organization. g) The minimum amount of liquid assets i.e working capital or credit line(s) of the tenderer shall be 60.00 Lac for single lift as per STD format of this tender. for Tenders where the package contains more than one (1) lift, this amount will be multiplied by the number of lift mentioned in the designated package h) Submit valid Agencyship certificate of the proposed band of lift Manufacturing Company. i) Submit valid document in reply of any other terms and conditions mentioned in TDS & PCC of this tender j) Submit valid Manufacturer's Authorization letter of the proposed band of lift Manufacturing Company. k) If Rate quote found Excessive Less or above than the estimated price in this regard decision of the TEC Committee will be considered final. N.B: Please read through the TDS & PCC and uploaded file in (Section-06)-Terms and condition, technical specification.","SUPPLY, INSTALLATION, TESTING AND COMMISSIONING OF 01 NO. 6 STOPS 1000 KG CAPACITY PASSENGER LIFT WITH RELATED ACCESSORIES TO COLLEGE BUILDING AT ABDULPUR GOVT. COLLEGE, LALPUR UPAZILA, NATORE DISTRICT.","Lot wise","Package wise","Package wise","2500","Payment through Bank","12-Feb-2027","12-Feb-2027","01","SUPPLY, INSTALLATION, TESTING AND COMMISSIONING OF 01 NO. 6 STOPS 1000 KG CAPACITY PASSENGER LIFT WITH RELATED ACCESSORIES TO COLLEGE BUILDING AT ABDULPUR GOVT. COLLEGE, LALPUR UPAZILA, NATORE DISTRICT.","LALPUR UPAZILA NATORE DISTRICT","200000","01-Oct-2026","31-Mar-2027","Matoara Parvin","Executive Engineer","Address : Office of the Executive Engineer, Education Engineering Department ( EED), Natore  District. City : Natore Thana : Natore Sadar District : Natore - 6400 Country : Bangladesh","Office of the Executive Engineer, Education Engineering Department ( EED), Natore  District.","Natore","Natore Sadar","Natore - 6400","0741-63152","","https://www.eprocure.gov.bd/resources/common/ViewTender.jsp?id=1311542"
"Ministry of Road Transport and Bridges","Road Transport and Highways Division","Roads & Highways Department (RHD)","Ferry Maintenance Division, Dhaka","ferrydivdha","Dhaka","Goods","NCT","TENDER","Tender - Single Lot","Memo No:35.01.0000.170.07.001.26-279,Date:20.07.20","227844","1313565","Open Tendering Method (OTM)","Revenue","Government","Not applicable","Not applicable","19/egp/FMD/2026-27 Supply of spare parts for Cooling System 200HP Doosan (hydromaster) Engine at different Ferry ghat under RHD, Ferry maintenance division, Dhaka during the financial year 2026-27.","Passenger transport services by water; Water transport services;Ferry transport services","03-Aug-2026 09:50","16-Aug-2026 16:00","All tenderers who have registered in e-GP system may participate in the tender provided that they fulfill the criteria as stated in Tender Document.","Supply of spare parts for Cooling System 200HP Doosan (hydromaster) Engine at different Ferry ghat under RHD, Ferry maintenance division, Dhaka during the financial year 2026-27.","Lot wise","Package wise","Package wise","1000","Payment through Bank","12-Jan-2027","12-Jan-2027","1","Supply of spare parts for Cooling System 200HP Doosan (hydromaster) Engine at different Ferry ghat under RHD, Ferry maintenance division, Dhaka during the financial year 2026-27.","RHD, Ferry Maintenance Sub-Division,Dhaka","32000","24-Aug-2026","14-Sep-2026","ISRAT JAHAN TAMANNA","Executive Engineer","Address : Ferry Maintenance Division,Sarak Bhaban,Tejgaon, Dhaka City : Dhaka Thana : Dhaka North City Corporation District : Dhaka - 1208 Country : Bangladesh","Ferry Maintenance Division,Sarak Bhaban,Tejgaon, Dhaka","Dhaka","Dhaka North City Corporation","Dhaka - 1208","02-8879378","","https://www.eprocure.gov.bd/resources/common/ViewTender.jsp?id=1313565"
"Ministry of Road Transport and Bridges","Road Transport and Highways Division","Roads & Highways Department (RHD)","Ferry Maintenance Division, Dhaka","ferrydivdha","Dhaka","Goods","NCT","TENDER","Tender - Single Lot","Memo No:35.01.0000.170.07.001.26-279,Date:20.07.20","227844","1313564","Open Tendering Method (OTM)","Revenue","Government","Not applicable","Not applicable","21/egp/FMD/2026-27 Supply of different spare parts with necessary related works of  Hydromaster propulsion unit attached with 375 HP Dossan Engine (Left Side) at Ferry No UT-01-043/2019 at Bisnondi Ferry ghat under RHD, Ferry Maintenance Division, Dhaka during the financial year 2026-27.","Passenger transport services by water; Water transport services;Ferry transport services","03-Aug-2026 09:45","16-Aug-2026 16:00","All tenderers who have registered in e-GP system may participate in the tender provided that they fulfill the criteria as stated in Tender Document.","Supply of different spare parts with necessary related works of Hydromaster propulsion unit attached with 375 HP Dossan Engine (Left Side) at Ferry No UT-01-043/2019 at Bisnondi Ferry ghat under RHD, Ferry Maintenance Division, Dhaka during the financial year 2026-27.","Lot wise","Package wise","Package wise","500","Payment through Bank","12-Jan-2027","12-Jan-2027","1","Supply of different spare parts with necessary related works of  Hydromaster propulsion unit attached with 375 HP Dossan Engine (Left Side) at Ferry No UT-01-043/2019 at Bisnondi Ferry ghat under RHD, Ferry Maintenance Division, Dhaka during the financial year 2026-27.","RHD, Ferry Maintenance Sub-Division,Dhaka","20500","24-Aug-2026","14-Sep-2026","ISRAT JAHAN TAMANNA","Executive Engineer","Address : Ferry Maintenance Division,Sarak Bhaban,Tejgaon, Dhaka City : Dhaka Thana : Dhaka North City Corporation District : Dhaka - 1208 Country : Bangladesh","Ferry Maintenance Division,Sarak Bhaban,Tejgaon, Dhaka","Dhaka","Dhaka North City Corporation","Dhaka - 1208","02-8879378","","https://www.eprocure.gov.bd/resources/common/ViewTender.jsp?id=1313564"
"Ministry of Road Transport and Bridges","Road Transport and Highways Division","Roads & Highways Department (RHD)","Ferry Maintenance Division, Dhaka","ferrydivdha","Dhaka","Goods","NCT","TENDER","Tender - Single Lot","Memo No:35.01.0000.170.07.001.26-279,Date:20.07.20","227844","1313563","Open Tendering Method (OTM)","Revenue","Government","Not applicable","Not applicable","14/egp/FMD/2026-27 Supply of Injectors with installation & Calibration 375HP Man Engine (left side) (Model: D2676LE441) for for Ferry No: -UT-01-065/2020 at Hajiganj-Nobiganj Ferry Ghat under RHD, Ferry Maintenance Division, Dhaka during the financial year 2026-27.","Passenger transport services by water; Water transport services;Ferry transport services","03-Aug-2026 09:30","16-Aug-2026 16:00","All tenderers who have registered in e-GP system may participate in the tender provided that they fulfill the criteria as stated in Tender Document.","Supply of Injectors with installation & Calibration 375HP Man Engine (left side) (Model: D2676LE441) for for Ferry No: -UT-01-065/2020 at Hajiganj-Nobiganj Ferry Ghat under RHD, Ferry Maintenance Division, Dhaka during the financial year 2026-27.","Lot wise","Package wise","Package wise","500","Payment through Bank","12-Jan-2027","12-Jan-2027","1","Supply of Injectors with installation & Calibration 375HP Man Engine (left side) (Model: D2676LE441) for for Ferry No: -UT-01-065/2020 at Hajiganj-Nobiganj Ferry Ghat under RHD, Ferry Maintenance Division, Dhaka during the financial year 2026-27.","RHD, Ferry Maintenance Sub-Division,Dhaka","20000","24-Aug-2026","15-Sep-2026","ISRAT JAHAN TAMANNA","Executive Engineer","Address : Ferry Maintenance Division,Sarak Bhaban,Tejgaon, Dhaka City : Dhaka Thana : Dhaka North City Corporation District : Dhaka - 1208 Country : Bangladesh","Ferry Maintenance Division,Sarak Bhaban,Tejgaon, Dhaka","Dhaka","Dhaka North City Corporation","Dhaka - 1208","02-8879378","","https://www.eprocure.gov.bd/resources/common/ViewTender.jsp?id=1313563"
"Ministry of Road Transport and Bridges","Road Transport and Highways Division","Roads & Highways Department (RHD)","Ferry Maintenance Division, Dhaka","ferrydivdha","Dhaka","Goods","NCT","TENDER","Tender - Single Lot","Memo No:35.01.0000.170.07.001.26-279,Date:20.07.20","227844","1313562","Open Tendering Method (OTM)","Revenue","Government","Not applicable","Not applicable","17/egp/FMD/2026-27 Supply of spare parts for gear box system 190kw Man (Schottle) engine at different ferry ghat under RHD, Ferry maintenance division, Dhaka during the financial year 2026-27.","Passenger transport services by water; Water transport services;Ferry transport services","03-Aug-2026 09:25","16-Aug-2026 16:00","All tenderers who have registered in e-GP system may participate in the tender provided that they fulfill the criteria as stated in Tender Document.","Supply of spare parts for gear box system 190kw Man (Schottle) engine at different ferry ghat under RHD, Ferry maintenance division, Dhaka during the financial year 2026-27.","Lot wise","Package wise","Package wise","1000","Payment through Bank","12-Jan-2027","12-Jan-2027","1","Supply of spare parts for gear box system 190kw Man (Schottle) engine at different ferry ghat under RHD, Ferry maintenance division, Dhaka during the financial year 2026-27.","RHD, Ferry Maintenance Sub-Division,Dhaka","28000","24-Aug-2026","14-Sep-2026","ISRAT JAHAN TAMANNA","Executive Engineer","Address : Ferry Maintenance Division,Sarak Bhaban,Tejgaon, Dhaka City : Dhaka Thana : Dhaka North City Corporation District : Dhaka - 1208 Country : Bangladesh","Ferry Maintenance Division,Sarak Bhaban,Tejgaon, Dhaka","Dhaka","Dhaka North City Corporation","Dhaka - 1208","02-8879378","","https://www.eprocure.gov.bd/resources/common/ViewTender.jsp?id=1313562"
"Ministry of Road Transport and Bridges","Road Transport and Highways Division","Roads & Highways Department (RHD)","Ferry Maintenance Division, Dhaka","ferrydivdha","Dhaka","Goods","NCT","TENDER","Tender - Single Lot","Memo No:35.01.0000.170.07.001.26-279,Date:20.07.20","227844","1313561","Open Tendering Method (OTM)","Revenue","Government","Not applicable","Not applicable","12/egp/FMD/2026-27 Supply of spare parts for hydraulic system 190kw Man (Schottle) engine at different ferry ghat under RHD, Ferry maintenance division, Dhaka during the financial year 2026-27.","Passenger transport services by water; Water transport services;Ferry transport services","03-Aug-2026 09:20","16-Aug-2026 16:00","All tenderers who have registered in e-GP system may participate in the tender provided that they fulfill the criteria as stated in Tender Document.","Supply of spare parts for hydraulic system 190kw Man (Schottle) engine at different ferry ghat under RHD, Ferry maintenance division, Dhaka during the financial year 2026-27.","Lot wise","Package wise","Package wise","1000","Payment through Bank","12-Jan-2027","12-Jan-2027","1","Supply of spare parts for hydraulic system 190kw Man (Schottle) engine at different ferry ghat under RHD, Ferry maintenance division, Dhaka during the financial year 2026-27.","RHD, Ferry Maintenance Sub-Division,Dhaka","30000","24-Aug-2026","14-Sep-2026","ISRAT JAHAN TAMANNA","Executive Engineer","Address : Ferry Maintenance Division,Sarak Bhaban,Tejgaon, Dhaka City : Dhaka Thana : Dhaka North City Corporation District : Dhaka - 1208 Country : Bangladesh","Ferry Maintenance Division,Sarak Bhaban,Tejgaon, Dhaka","Dhaka","Dhaka North City Corporation","Dhaka - 1208","02-8879378","","https://www.eprocure.gov.bd/resources/common/ViewTender.jsp?id=1313561"
"Ministry of Road Transport and Bridges","Road Transport and Highways Division","Roads & Highways Department (RHD)","Ferry Maintenance Division, Dhaka","ferrydivdha","Dhaka","Goods","NCT","TENDER","Tender - Single Lot","Memo No:35.01.0000.170.07.001.26-279,Date:20.07.20","227844","1313560","Open Tendering Method (OTM)","Revenue","Government","Not applicable","Not applicable","09/egp/FMD/2026-27 Supply of different switches for 453HP Caterpillar engine at different ferry ghat under RHD, ferry maintenance division, Dhaka during the financial year 2026-27.","Passenger transport services by water; Water transport services;Ferry transport services","03-Aug-2026 09:15","16-Aug-2026 16:00","All tenderers who have registered in e-GP system may participate in the tender provided that they fulfill the criteria as stated in Tender Document.","Supply of different switches for 453HP Caterpillar engine at different ferry ghat under RHD, ferry maintenance division, Dhaka during the financial year 2026-27.","Lot wise","Package wise","Package wise","500","Payment through Bank","12-Jan-2027","12-Jan-2027","1","Supply of different switches for 453HP Caterpillar engine at different ferry ghat under RHD, ferry maintenance division, Dhaka during the financial year 2026-27.","RHD, Ferry Maintenance Sub-Division,Dhaka","20000","24-Aug-2026","14-Sep-2026","ISRAT JAHAN TAMANNA","Executive Engineer","Address : Ferry Maintenance Division,Sarak Bhaban,Tejgaon, Dhaka City : Dhaka Thana : Dhaka North City Corporation District : Dhaka - 1208 Country : Bangladesh","Ferry Maintenance Division,Sarak Bhaban,Tejgaon, Dhaka","Dhaka","Dhaka North City Corporation","Dhaka - 1208","02-8879378","","https://www.eprocure.gov.bd/resources/common/ViewTender.jsp?id=1313560"
"Ministry of Road Transport and Bridges","Road Transport and Highways Division","Roads & Highways Department (RHD)","Ferry Maintenance Division, Dhaka","ferrydivdha","Dhaka","Goods","NCT","TENDER","Tender - Single Lot","Memo No:35.01.0000.170.07.001.26-279, Date:20.07.2","227844","1313559","Open Tendering Method (OTM)","Revenue","Government","Not applicable","Not applicable","07/egp/FMD/2026-27 Supply of Water pump & Steering Motor for 190kw Man (Schottel) Engine at different ferry ghat under RHD, Ferry maintenance division, Dhaka during the financial year 2026-27.","Passenger transport services by water; Water transport services; Ferry transport services;","03-Aug-2026 09:10","16-Aug-2026 16:00","All tenderers who have registered in e-GP system may participate in the tender provided that they fulfill the criteria as stated in Tender Document.","Supply of Water pump & Steering Motor for 190 kw Man (Schottel) Engine at different ferry ghat under RHD, Ferry maintenance division, Dhaka during the financial year 2026-27.","Lot wise","Package wise","Package wise","500","Payment through Bank","12-Jan-2027","12-Jan-2027","1","Supply of Water pump & Steering Motor for 190kw Man (Schottel) Engine at different ferry ghat under RHD, Ferry maintenance division, Dhaka during the financial year 2026-27.","RHD, Ferry Maintenance Sub-Division,Dhaka","20000","24-Aug-2026","15-Sep-2026","ISRAT JAHAN TAMANNA","Executive Engineer","Address : Ferry Maintenance Division,Sarak Bhaban,Tejgaon, Dhaka City : Dhaka Thana : Dhaka North City Corporation District : Dhaka - 1208 Country : Bangladesh","Ferry Maintenance Division,Sarak Bhaban,Tejgaon, Dhaka","Dhaka","Dhaka North City Corporation","Dhaka - 1208","02-8879378","","https://www.eprocure.gov.bd/resources/common/ViewTender.jsp?id=1313559"
"Ministry of Energy","Power and Mineral Resources","Dhaka Power Distribution Company Ltd. (DPDC)","Superintending Engineer, Grid Circle (South)","","Dhaka","Goods","NCT","TENDER","Tender - Single Lot","27.87.0000.000.130.17.0301.26.432","229259","1314387","Open Tendering Method (OTM)","Own Fund","Own Fund","Not applicable","Not applicable","G/SE-GRID-South/26-27/014 Supply of Switches, Contactors, MCBs, Auxiliary Relays etc. for different substations under Grid South-1, DPDC","Electricity distribution and control apparatus; Electrical machinery, apparatus, equipment and consumables; Electrical apparatus for switching or protecting electrical circuits; Electrical circuit components; Parts of electricity distribution or control apparatus;","03-Aug-2026 09:00","20-Aug-2026 13:30","(a) The minimum of years of general experience of the Tenderer in the supply of Goods and related services as Supplier shall be 01 (One) year. (b) The minimum specific experience as Supplier in supply of similar Goods of at least one (1) contract successfully completed within the last 05 (Five) years, with a value of at least Tk. 6,00,000.00 (Six Lakh) only. (c) The minimum amount of financial resources as liquid asset or working capital or credit line(s) or specific credit commitment or in any combination of them, of the Tenderers shall be Tk. 9,00,000.00 (Nine Lakh) only. (d) Valid Up-To-Date Trade License, TIN Certificate & VAT Registration Certificate shall be required. (e) Authorization Letter confirming the signatory (with NID) of the Tenderer from Organization.","Supply of Switches, Contactors, MCBs, Auxiliary Relays etc. for different substations under Grid South-1, DPDC","Lot wise","Package wise","Package wise","500","Payment through Bank","16-Dec-2026","16-Dec-2026","Single","Supply of Switches, Contactors, MCBs, Auxiliary Relays etc. for different substations under Grid South-1, DPDC","Office of the Superintending Engineer, Grid O and M Circle South, DPDC","29000","01-Sep-2026","01-Nov-2026","Tapon Kumar Mondal","Superintending Engineer","Address : Kamlapur Railway Colony GIS Substation Bhaban, Shahjahanpur, Dhaka-1217 City : Dhaka Thana : Dhaka South City Corporation District : Dhaka - 1217 Country : Bangladesh","Kamlapur Railway Colony GIS Substation Bhaban, Shahjahanpur, Dhaka-1217","Dhaka","Dhaka South City Corporation","Dhaka - 1217","02-48317691","","https://www.eprocure.gov.bd/resources/common/ViewTender.jsp?id=1314387"
"Ministry of Home Affairs","","Bangladesh Police","APBn 2, Muktagachha, Mymensingh","00055","Mymensingh","Goods","NCT","TENDER","Tender - Single Lot","Edible Oil-Admin/26-27/1st Quarter (Re-Tender)","224844","1314555","Open Tendering Method (OTM)","Revenue","Government","Not applicable","Not applicable","APBn-2/Oil /2026-2027 Supply work of BSTI approved edible oil (Soybean) for the 1st quarter of the force at 2 APBn Muktagacha, Mymensingh for the 2026-2027 financial year","Food products and beverages; Animal products, meat and meat products; Prepared and preserved fish; Fruit, vegetables and related products; Animal or vegetable oils and fats; Dairy products; Grain mill products, starches and starch products; Animal feedstuffs; Miscellaneous food products; Beverages;Meat;Animal wool, hides and skins;Meat products;Fish fillets, fish livers and roe;Frozen fish, fish fillets and other fish meat;Dried or salted fish; fish in brine; smoked fish;Canned or tinned fish and other prepared or preserved fish;Seafood;Potatoes and potato products;Fruit and vegetable juices;Fruit and vegetables;Crude animal or vegetable oils and fats;Refined oils and fats;Edible fats;Milk and cream;Butter;Cheese products;Assorted dairy products;Grain mill products;Starches and starch products;Prepared animal feeds for farm and other animals;Bread products, fresh pastry goods and cakes;Rusks and biscuits; preserved pastry goods and cakes;Sugar and related products;Cocoa; chocolate and sugar confectionery;Pasta products;Coffee, tea and related products;Condiments and seasonings;Special nutritional products;Miscellaneous food products n.e.c. and dried goods;Distilled alcoholic beverages;Wines;Cider and other fruit wines;Non-distilled fermented beverages;Malt beer;Non-alcoholic beverages","03-Aug-2026 09:00","09-Aug-2026 16:00","As Per Tender Data Sheet (TDS)","APBn-2/Oil /2026-2027 Supply work of BSTI approved edible oil (Soybean) for the 1st quarter of the force at 2 APBn Muktagacha, Mymensingh for the 2026-2027 financial year","Lot wise","Package wise","Package wise","1500","Payment through Bank","06-Dec-2026","06-Dec-2026","1","Supply work of BSTI approved edible oil (Soybean) for the 1st quarter of the force at 2 APBn Muktagacha, Mymensingh for the 2026-2027 financial year","Muktagacha","100000","13-Aug-2026","30-Sep-2026","Md Al Mamun","Commandant (Addl DIG)","Address : APBn 2, Muktagachha, Mymensingh City : Muktagachha Thana : Muktagacha District : Mymensingh - 2210 Country : Bangladesh","APBn 2, Muktagachha, Mymensingh","Muktagachha","Muktagacha","Mymensingh - 2210","02-996673092","","https://www.eprocure.gov.bd/resources/common/ViewTender.jsp?id=1314555"
"Ministry of Home Affairs","","Bangladesh Police","Supply Section, Admin Wing, RAB Forces Headquarters, Kurmitola, Dhaka","00206","Dhaka","Goods (Framework Agreement)","NCT","TENDER","Tender - Single Lot","HQ/Admin(Supply)/508/410,Date-02-08-2026","226495","1302485","Open Tendering Method (OTM)","Revenue","Government","Not applicable","Not applicable","G-13J/2026-2027 Procurement of Air Freshener, Wax, Polish Etc","Chemicals, chemical products and man-made fibres;Chemicals;Gases;Dyes and pigments;Basic inorganic chemicals;Basic organic chemicals;Fertilisers and nitrogen compounds;Plastics in primary forms;Synthetic rubber;Enzymes;Agro-chemical products;Pesticides;Insecticides;Herbicides;Plant-growth regulators;Disinfectants;Rodenticides;Fungicides;Paints, varnishes, printing ink and mastics;Paints;Varnishes;Ink;Mastics, fillers, putty;Solvents;Medicinal products;Medicinal products for the alimentary tract and metabolism;Medicinal products for the blood, blood-forming organs and the cardiovascular system;Medicinal products for dermatology and the musculo-skeletal system;Medicinal products for the genitourinary system and hormones;General anti-infectives for systemic use, vaccines, antineoplastic and immunodulating agents;Medicinal products for the nervous system and sensory organs;Medicinal products for the respiratory system;Various medicinal products;Glycerol, soaps, detergents, cleaning and polishing preparations, perfumes and toilet preparations;Glycerol;Perfumes and toiletries;Explosives and fine chemical products;Prepared explosives;Glues;Essential oils;Photographic chemicals;Unrecorded media;Specialised chemical products;Man-made fibres;Synthetic fibres;Artificial fibres;Various chemical products;Radiator fluids;Water-treatment chemicals;Anti-corrosion products","03-Aug-2026 09:00","17-Aug-2026 09:00","1.Copies of Valid Trade License. 2. Declaration Certificate of Providing goods as per Tender Schedule and Contract Agreement. 3. Bank Solvency Certificate (The Certificate should have Amount of Liquid Asset or working Capital or Credit Facility and it should be Issued within 3 months before Tender Dropping Date). 4.Income TAX Clearance Certificate. 5.Up to Date VAT Registration Certificate & TIN Certificate. 6.Non-Blacklisted and Non-Bankrupted Certificate. 7. Samples will be received until 2:00 PM on the day of Tender Opening.","Procurement of Air Freshener, Wax, Polish Etc","Lot wise","Package wise","Package wise","2500","Payment through Bank","11-Feb-2027","11-Feb-2027","1","Procurement of Air Freshener, Wax, Polish Etc","RAB HQ-Central Store","400000","18-Aug-2026","17-Nov-2026","JYOTIRMOY SAHA","Senior Assistant Director","Address : Supply Section, Admin Wing, RAB Forces Headquarters, Kurmitola, , Dhaka City : Dhaka Thana : Dhaka North City Corporation District : Dhaka - 1230 Country : Bangladesh","Supply Section, Admin Wing, RAB Forces Headquarters, Kurmitola, , Dhaka","Dhaka","Dhaka North City Corporation","Dhaka - 1230","02-48963110","","https://www.eprocure.gov.bd/resources/common/ViewTender.jsp?id=1302485"
"Ministry of Energy","Power and Mineral Resources","Titas Gas Transmission & Distribution PLC","Tendering and Enlistment Deptt.","","Dhaka","Works","NCT","TENDER","Tender - Single Lot","28.13.0000.000.296.03.0173.26","227209","1313120","Open Tendering Method (OTM)","Own Fund","Own Fund","Not applicable","Not applicable","28.13.0000.000.296.03.0173.26 Shifting of the existing gas pipeline of Titas gas from Elenga Bazar to the east of Jamuna Bridge under SASEC Road Link Project-2","Natural gas; Petroleum, natural gas, oil and associated products;","03-Aug-2026 09:00","16-Aug-2026 13:00","Gas pipeline contractors of Bangladesh having current & valid up-to-date enlistment certificate under Category 1.3/1.4 with Titas Gas Transmission & Distribution PLC and /or any other Company of Petrobangla.","Shifting of the existing 660 meter long 12 inch x 140 PSIG gas distribution pipeline and 732 meter long 6 inch x 140 PSIG gas distribution pipeline of Titas Gas Transmission and Distribution PLC from Elenga Bazar to the east of Jamuna Bridge under SASEC Road Link Project-2","Lot wise","Package wise","Package wise","2500","Payment through Bank","12-Jan-2027","12-Jan-2027","01","Shifting of the existing gas pipeline of Titas gas from Elenga Bazar to the east of Jamuna Bridge under SASEC Road Link Project-2","Elenga, Tangail","160000","10-Dec-2026","28-Mar-2028","Suranjit Kumar Dey","Deputy General Manager","Address : Titas Gas Bhaban.
105, Kazi Nazrul Islam Avenue.
Kawran Bazar C/A.
Dhaka-1215 City : Dhaka Thana : Dhaka North City Corporation District : Dhaka - 1215 Country : Bangladesh","","Dhaka","Dhaka North City Corporation","Dhaka - 1215","02-55012703","","https://www.eprocure.gov.bd/resources/common/ViewTender.jsp?id=1313120"
"Ministry of Home Affairs","","Bangladesh Police","Supply Section, Admin Wing, RAB Forces Headquarters, Kurmitola, Dhaka","00206","Dhaka","Goods (Framework Agreement)","NCT","TENDER","Tender - Single Lot","HQ/Admin(Supply)/508/404,Date-02-08-2026","226495","1302480","Open Tendering Method (OTM)","Revenue","Government","Not applicable","Not applicable","G-13H/2026-2027 Procurement of Umbrella, Bucket Etc","Manufactured goods, furniture, handicrafts, special-purpose products and associated consumables;Furniture;Seats, chairs and associated parts;Non-domestic furniture;Domestic furniture;Miscellaneous furniture and equipment;School furniture;Jewellery and related articles;Coins and medals;Articles of jewellery;Musical instruments and parts;Musical instruments;Parts and accessories of musical instruments;Sports goods and equipment;Outdoor sports equipment;Gymnasium equipment;Games and toys; fairground amusements;Dolls;Toys;Articles for funfair, table or parlour games;Miscellaneous manufactured and other goods;Laundry supplies;School slates or boards with writing or drawing surfaces;Artificial products;Apparatus and equipment designed for demonstrational purposes;Umbrellas and sunshades; walking sticks and seat sticks;Funeral supplies;Kitchen equipment, household items and catering supplies;Barracks supplies;Consumables and consumer goods;Consumables;Tax-free goods;Disposable goods;Handicraft and art supplies;Handicraft supplies;Art supplies;Special-purpose product;Police equipment;Recycled products;Security devices;Animal ear tags;Compost boxes;Tokens;Spray booths;Snow poles","03-Aug-2026 09:00","13-Aug-2026 09:00","1.Copies of valid trade license. 2. Declaration certificate of providing goods as per tender schedule and contract agreement. 3. Bank solvency certificate (The certificate should have amount of liquid asset or working capital or credit facility and it should be issued within 3 months before tender dropping date). 4.Income tax clearance certificate. 5.Up to date VAT registration certificate & TIN Certificate. 6. Manufacturer Authorization Letter. 7.Non-Blacklisted and Non-Bankrupted Certificate. 8. Samples will be received until 2:00 PM on the previous day of Tender Opening.","Procurement of Umbrella, Bucket Etc","Lot wise","Package wise","Package wise","1000","Payment through Bank","07-Feb-2027","07-Feb-2027","1","Procurement of Umbrella, Bucket Etc","RAB HQ-Central Store","50000","16-Aug-2026","15-Nov-2026","JYOTIRMOY SAHA","Senior Assistant Director","Address : Supply Section, Admin Wing, RAB Forces Headquarters, Kurmitola, , Dhaka City : Dhaka Thana : Dhaka North City Corporation District : Dhaka - 1230 Country : Bangladesh","Supply Section, Admin Wing, RAB Forces Headquarters, Kurmitola, , Dhaka","Dhaka","Dhaka North City Corporation","Dhaka - 1230","02-48963110","","https://www.eprocure.gov.bd/resources/common/ViewTender.jsp?id=1302480"
"Ministry of Home Affairs","","Bangladesh Police","Supply Section, Admin Wing, RAB Forces Headquarters, Kurmitola, Dhaka","00206","Dhaka","Goods (Framework Agreement)","NCT","TENDER","Tender - Single Lot","HQ/Admin(Supply)/508/409,Date-02-08-2026","226495","1302469","Open Tendering Method (OTM)","Revenue","Government","Not applicable","Not applicable","G-13A/2026-2027 Procurement of Pen, Pencil & Marker","Various types of pulp, paper and paper products;Pulp, paper and paperboard;Pulp;Paper and paperboard;Paper or paperboard articles;Corrugated paper or paperboard;Household and hospital paper articles;Paper stationery and other items;Wallpaper and other coverings;Cigarette paper and filter paper","03-Aug-2026 09:00","13-Aug-2026 09:00","1.Copies of valid trade license. 2. Declaration certificate of providing goods as per tender schedule and contract agreement. 3. Bank solvency certificate (The certificate should have amount of liquid asset or working capital or credit facility and it should be issued within 3 months before tender dropping date). 4.Income tax clearance certificate. 5.Up to date VAT registration certificate & TIN Certificate. 6. Manufacturer Authorization Letter. 7.Non-Blacklisted and Non-Bankrupted Certificate. 8. Samples will be received until 2:00 PM on the previous day of Tender Opening.","Procurement of Pen, Pencil & Marker","Lot wise","Package wise","Package wise","1500","Payment through Bank","07-Feb-2027","07-Feb-2027","1","Procurement of Pen, Pencil & Marker","RAB HQ-Central Store","65000","16-Aug-2026","15-Nov-2026","JYOTIRMOY SAHA","Senior Assistant Director","Address : Supply Section, Admin Wing, RAB Forces Headquarters, Kurmitola, , Dhaka City : Dhaka Thana : Dhaka North City Corporation District : Dhaka - 1230 Country : Bangladesh","Supply Section, Admin Wing, RAB Forces Headquarters, Kurmitola, , Dhaka","Dhaka","Dhaka North City Corporation","Dhaka - 1230","02-48963110","","https://www.eprocure.gov.bd/resources/common/ViewTender.jsp?id=1302469"
"Ministry of Home Affairs","","Bangladesh Police","APBn 6, Khagrachari","00058","Khagrachari","Goods","NCT","TENDER","Tender - Single Lot","Edible Oil-ADMIN/2026-2027/1st (RT)","227342","1314385","Open Tendering Method (OTM)","Revenue","Government","Not applicable","Not applicable","Edible Oil-ADMIN/2026-2027/1st Procurement of high-quality edible oil (soybean) supply work for 6 Armed Police Battalion, Mahalchhari, Khagrachhari.","Food products and beverages;Animal products, meat and meat products;Meat;Animal wool, hides and skins;Meat products;Prepared and preserved fish;Fish fillets, fish livers and roe;Frozen fish, fish fillets and other fish meat;Dried or salted fish; fish in brine; smoked fish;Canned or tinned fish and other prepared or preserved fish;Seafood;Fruit, vegetables and related products;Potatoes and potato products;Fruit and vegetable juices;Fruit and vegetables;Animal or vegetable oils and fats;Crude animal or vegetable oils and fats;Refined oils and fats;Edible fats;Dairy products;Milk and cream;Butter;Cheese products;Assorted dairy products;Grain mill products, starches and starch products;Grain mill products;Starches and starch products;Animal feedstuffs;Prepared animal feeds for farm and other animals;Miscellaneous food products;Bread products, fresh pastry goods and cakes;Rusks and biscuits; preserved pastry goods and cakes;Sugar and related products;Cocoa; chocolate and sugar confectionery;Pasta products;Coffee, tea and related products;Condiments and seasonings;Special nutritional products;Miscellaneous food products n.e.c. and dried goods;Beverages;Distilled alcoholic beverages;Wines;Cider and other fruit wines;Non-distilled fermented beverages;Malt beer;Non-alcoholic beverages","03-Aug-2026 09:00","10-Aug-2026 16:00","All e-GP enlisted tenderers who fulfil the following requirements As Per Tender Data Sheet (TDS) 1. All Bangladeshi citizens who have a valid, up-to-date trade license. 2. Up to date tax clearance certificate and E-TIN certificate. 3. The latest certified copy of the bank solvency certificate according to STD. 4. The tenderer must submit a bank statement for the last one year. 5. A certificate of ownership of the company. 6. Citizenship certificate and NID copy. 7. Similar work experience of at least 3 years and overal work experience of at least 5 years. 8. Authorization letter. 9. You must submit a certificate stating that you are not blacklisted.","Procurement of high-quality edible oil (soybean) supply work for 6 Armed Police Battalion, Mahalchhari, Khagrachhari.","Lot wise","Package wise","Package wise","1500","Payment through Bank","07-Dec-2026","07-Dec-2026","1","Procurement of high-quality edible oil (soybean) supply work for 6 Armed Police Battalion, Mahalchhari, Khagrachhari.","6 Armed Police Battalion, Mahalchhari, Khagrachhari","80000","17-Aug-2026","30-Sep-2026","Md Nazmul Islam","Commandant (Addl DIG)","Address : APBn 6, Mahalchari,Khagrachari. City : Khagrachari Thana : Mahalchari District : Khagrachari - 4400 Country : Bangladesh","APBn 6, Mahalchari,Khagrachari.","Khagrachari","Mahalchari","Khagrachari - 4400","02-333345475","","https://www.eprocure.gov.bd/resources/common/ViewTender.jsp?id=1314385"
"Ministry of Home Affairs","","Bangladesh Police","Supply Section, Admin Wing, RAB Forces Headquarters, Kurmitola, Dhaka","00206","Dhaka","Goods (Framework Agreement)","NCT","TENDER","Tender - Single Lot","HQ/Admin(Supply)/508/399,Date-02-08-2026","226495","1302470","Open Tendering Method (OTM)","Revenue","Government","Not applicable","Not applicable","G-13B/2026-2027 Procurement of Drawing Paper, Spiral Sheet, Registers Etc.","Various types of pulp, paper and paper products;Pulp, paper and paperboard;Pulp;Paper and paperboard;Paper or paperboard articles;Corrugated paper or paperboard;Household and hospital paper articles;Paper stationery and other items;Wallpaper and other coverings;Cigarette paper and filter paper","03-Aug-2026 09:00","13-Aug-2026 09:00","1.Copies of valid trade license. 2. Declaration certificate of providing goods as per tender schedule and contract agreement. 3. Bank solvency certificate (The certificate should have amount of liquid asset or working capital or credit facility and it should be issued within 3 months before tender dropping date). 4.Income tax clearance certificate. 5.Up to date VAT registration certificate & TIN Certificate. 6. Manufacturer Authorization Letter. 7.Non-Blacklisted and Non-Bankrupted Certificate. 8. Samples will be received until 2:00 PM on the previous day of Tender Opening.","Procurement of Drawing Paper, Spiral Sheet, Registers Etc.","Lot wise","Package wise","Package wise","2500","Payment through Bank","07-Feb-2027","07-Feb-2027","1","Procurement of Drawing Paper, Spiral Sheet, Registers Etc.","RAB HQ-Central Store","150000","16-Aug-2026","15-Nov-2026","JYOTIRMOY SAHA","Senior Assistant Director","Address : Supply Section, Admin Wing, RAB Forces Headquarters, Kurmitola, , Dhaka City : Dhaka Thana : Dhaka North City Corporation District : Dhaka - 1230 Country : Bangladesh","Supply Section, Admin Wing, RAB Forces Headquarters, Kurmitola, , Dhaka","Dhaka","Dhaka North City Corporation","Dhaka - 1230","02-48963110","","https://www.eprocure.gov.bd/resources/common/ViewTender.jsp?id=1302470"
"Ministry of Home Affairs","","Bangladesh Police","Supply Section, Admin Wing, RAB Forces Headquarters, Kurmitola, Dhaka","00206","Dhaka","Goods (Framework Agreement)","NCT","TENDER","Tender - Single Lot","HQ/Admin(Supply)/508/403,Date-02-08-2026","226495","1302479","Open Tendering Method (OTM)","Revenue","Government","Not applicable","Not applicable","G-13G/2026-2027 Procurement of Cookware, Tableware & Cutlery","Basic metals and associated products; Fabricated products and materials;Basic metals;Basic iron and steel;Steel alloy ingots;Carbon-steel products;Bars and rods;Railway-track construction materials;Slag, dross, ferrous waste and scrap;Tubes;Iron tubes and fittings;Steel tubes and fittings;Iron and steel products;Cold drawn products;Cold-rolled products;Folded products;Wire and miscellaneous products;Ferro-alloys;Precious metals and metals clad with precious metals;Precious metals;Metals clad with precious metals;Aluminium and aluminium products;Unwrought aluminium;Aluminium products;Waste and scrap of aluminium;Lead, zinc and tin products;Lead, zinc and tin;Semi-finished products of lead, zinc or tin;Waste and scrap of lead, zinc or tin;Copper products;Unwrought copper;Semi-finished products of copper;Waste and scrap of copper;Non-ferrous metal products;Unwrought nickel;Nickel products;Waste and scrap of nickel;Structural metal products;Metal structures and parts of structures;Builders joinery of metal;Metal tanks, reservoirs and containers; central-heating radiators and boilers;Metal tanks, reservoirs, containers and pressure vessels;Central-heating radiators and boilers and parts;Nuclear reactors and parts;Nuclear reactors;Parts of nuclear reactors;Cable, wire and related products;Wire products;Cable and related products;Miscellaneous fabricated metal products and related items;Metal articles for the bathroom and kitchen;Metal goods;Armour plating;Bearings;Mild steel;Props and mining struts;Cast-iron products;Miscellaneous fire-protection equipment;Cutlery, tools, locks, keys and hinges;Cutlery;Tools;Locks, keys and hinges;Fasteners, chain and springs;Fasteners;Chain;Springs;Construction materials and associated items;Construction materials;Road furniture;Sewer mains;Steel products related to construction materials;Oil country tubular goods;Pipeline, piping, pipes, casing, tubing and related items","03-Aug-2026 09:00","13-Aug-2026 09:00","1.Copies of valid trade license. 2. Declaration certificate of providing goods as per tender schedule and contract agreement. 3. Bank solvency certificate (The certificate should have amount of liquid asset or working capital or credit facility and it should be issued within 3 months before tender dropping date). 4.Income tax clearance certificate. 5.Up to date VAT registration certificate & TIN Certificate. 6. Manufacturer Authorization Letter. 7.Non-Blacklisted and Non-Bankrupted Certificate. 8. Samples will be received until 2:00 PM on the previous day of Tender Opening.","Procurement of Cookware, Tableware & Cutlery","Lot wise","Package wise","Package wise","2500","Payment through Bank","07-Feb-2027","07-Feb-2027","1","Procurement of Cookware, Tableware & Cutlery","RAB HQ-Central Store","170000","16-Aug-2026","15-Nov-2026","JYOTIRMOY SAHA","Senior Assistant Director","Address : Supply Section, Admin Wing, RAB Forces Headquarters, Kurmitola, , Dhaka City : Dhaka Thana : Dhaka North City Corporation District : Dhaka - 1230 Country : Bangladesh","Supply Section, Admin Wing, RAB Forces Headquarters, Kurmitola, , Dhaka","Dhaka","Dhaka North City Corporation","Dhaka - 1230","02-48963110","","https://www.eprocure.gov.bd/resources/common/ViewTender.jsp?id=1302479"
"Ministry of Home Affairs","","Bangladesh Police","Supply Section, Admin Wing, RAB Forces Headquarters, Kurmitola, Dhaka","00206","Dhaka","Goods (Framework Agreement)","NCT","TENDER","Tender - Single Lot","HQ/Admin(Supply)/508/402,Date-02-08-2026","226495","1302482","Open Tendering Method (OTM)","Revenue","Government","Not applicable","Not applicable","G-13i/2026-2027 Procurement of Tissue, Napkin, Bags Etc","Textiles and textile articles;Textile fabrics and related items;Woven fabrics;Woollen fabrics;Linen fabrics;Special fabrics;Knitted or crocheted fabrics;Cloth;Non-woven fabrics;Textile articles;Textile household articles;Made-up textile articles;Carpets, mats and rugs;Miscellaneous cordage, rope, twine and netting;Non-woven articles;Miscellaneous textile articles;Knitwear, hosiery and related articles;Textile yarn and thread;Natural textile fibres;Artificial textile fibres;Textile yarn and thread of natural fibres;Synthetic yarn or thread;Textile waste","03-Aug-2026 09:00","17-Aug-2026 09:00","1.Copies of valid trade license. 2. Declaration certificate of providing goods as per tender schedule and contract agreement. 3. Bank solvency certificate (The certificate should have amount of liquid asset or working capital or credit facility and it should be issued within 3 months before tender dropping date). 4.Income tax clearance certificate. 5.Up to date VAT registration certificate & TIN Certificate. 6. Manufacturer Authorization Letter. 7.Non-Blacklisted and Non-Bankrupted Certificate. 8. Samples will be received until 2:00 PM on the previous day of Tender Opening.","Procurement of Tissue, Napkin, Bags Etc","Lot wise","Package wise","Package wise","2500","Payment through Bank","11-Feb-2027","11-Feb-2027","1","Procurement of Tissue, Napkin, Bags Etc","RAB HQ-Central Store","250000","18-Aug-2026","17-Nov-2026","JYOTIRMOY SAHA","Senior Assistant Director","Address : Supply Section, Admin Wing, RAB Forces Headquarters, Kurmitola, , Dhaka City : Dhaka Thana : Dhaka North City Corporation District : Dhaka - 1230 Country : Bangladesh","Supply Section, Admin Wing, RAB Forces Headquarters, Kurmitola, , Dhaka","Dhaka","Dhaka North City Corporation","Dhaka - 1230","02-48963110","","https://www.eprocure.gov.bd/resources/common/ViewTender.jsp?id=1302482"
"Ministry of Home Affairs","","Prisons Directorate","Feni district Jail-2, Feni","","Feni","Goods","NCT","TENDER","Tender - Single Lot","58.04.3000.124.01.002.26- 3172 , Date: 02/08/2026","224964","1311845","Open Tendering Method (OTM)","Revenue","Government","Not applicable","Not applicable","JSFENI-Category-3 Sche-GA -Pakag-1 Schedule GA Procurement of Dietary Articles Various types of oils, spices, food ingredients and accessories Under package -01 for the period of July, 2026 to December, 2026.","Food products and beverages;Animal products, meat and meat products;Meat;Animal wool, hides and skins;Meat products;Prepared and preserved fish;Fish fillets, fish livers and roe;Frozen fish, fish fillets and other fish meat;Dried or salted fish; fish in brine; smoked fish;Canned or tinned fish and other prepared or preserved fish;Seafood;Fruit, vegetables and related products;Potatoes and potato products;Fruit and vegetable juices;Fruit and vegetables;Animal or vegetable oils and fats;Crude animal or vegetable oils and fats;Refined oils and fats;Edible fats;Dairy products;Milk and cream;Butter;Cheese products;Assorted dairy products;Grain mill products, starches and starch products;Grain mill products;Starches and starch products;Animal feedstuffs;Prepared animal feeds for farm and other animals;Miscellaneous food products;Bread products, fresh pastry goods and cakes;Rusks and biscuits; preserved pastry goods and cakes;Sugar and related products;Cocoa; chocolate and sugar confectionery;Pasta products;Coffee, tea and related products;Condiments and seasonings;Special nutritional products;Miscellaneous food products n.e.c. and dried goods;Beverages;Distilled alcoholic beverages;Wines;Cider and other fruit wines;Non-distilled fermented beverages;Malt beer;Non-alcoholic beverages","03-Aug-2026 09:00","10-Aug-2026 11:00","1) All the Tenderer must follow the PPA-2006 and PPR-2025 Rules & Regulations. 2) The Following documents are to be submitted/ uploaded as per standard tender document (STD). (a) The minimum of years of general experience of the Tenderer in the supply of Goods and related services as Supplier shall be 01 (One) years. i.e. years counting backward from the date of publication of IFT in the e-GP System. (b) The minimum specific experience as supplier in supply of similar Goods at least 01(One) contract successfully completed within the last 10 (Ten) years, each with a value of at least Tk.6,90,000/-. Years counting backward from the date of publication of IFT in the e-GP System. The tenderer will submit copy of contract deeds along with experience certificate in the e-GP system. (c) The minimum amount of liquid assets i.e working capital or credit line(s), net of other contractual commitments shall be (form PG2-5) Tk.10,75,000/- . [Certificate must be issued between publication of IFT and submission date in the e-GP system. (d) The tenderer must submit e-TIN certificate in the e-GP system. (e) Up-to-date Valid Trade License as supplier. (f) Up-to-date Income Tax clearance certificate. (g) e-BIN (13 Digits) Registration Certificate. (h) Certificate of incorporation (in case of limited company). (i) Manufacturer authorization letter or contract deed with the importers/manufacturer (if the bidder is supplier) [When Applicable]. (j) All certificates must be attested by 1st class Govt. gazette officer.","RE-Tender (3rd) Schedule GA Procurement of Dietary Articles Various types of oils, spices, food ingredients and accessories Under package -01 for the period of July, 2026 to December, 2026.","Lot wise","Package wise","Package wise","1000","Payment through Bank","04-Feb-2027","04-Feb-2027","01","Schedule GA Procurement of Dietary Articles Various types of oils, spices, food ingredients and accessories Under package -01 for the period of July, 2026 to December, 2026.","Feni district Jail-2, Master Para, Feni","26800","11-Aug-2026","31-Dec-2026","MD KAMRUL ISLAM","Jail Super","Address : Feni district Jail-2, Master Para, Feni City : Feni Thana : Feni Sadar District : Feni - 3900 Country : Bangladesh","Feni district Jail-2, Master Para, Feni","Feni","Feni Sadar","Feni - 3900","02337-734246","","https://www.eprocure.gov.bd/resources/common/ViewTender.jsp?id=1311845"
"Ministry of Home Affairs","","Bangladesh Police","Supply Section, Admin Wing, RAB Forces Headquarters, Kurmitola, Dhaka","00206","Dhaka","Goods (Framework Agreement)","NCT","TENDER","Tender - Single Lot","HQ/Admin(Supply)/508/401,Date-02-08-2026","226495","1302471","Open Tendering Method (OTM)","Revenue","Government","Not applicable","Not applicable","G-13C/2026-2027 Procurement of Office Items","Office and computing machinery, equipment and supplies;Office machinery, equipment and supplies except computers;Word-processing machines;Photocopying and printing equipment;Post-office equipment;Calculating and accounting machines;Typewriters;Parts and accessories of typewriters and calculating machines;Various office equipment and supplies;Computer equipment and supplies;Data-processing machines;Digital cartography equipment;Computer hardware;Software;Computer systems;Servers","03-Aug-2026 09:00","13-Aug-2026 09:00","1.Copies of valid trade license. 2. Declaration certificate of providing goods as per tender schedule and contract agreement. 3. Bank solvency certificate (The certificate should have amount of liquid asset or working capital or credit facility and it should be issued within 3 months before tender dropping date). 4.Income tax clearance certificate. 5.Up to date VAT registration certificate & TIN Certificate. 6. Manufacturer Authorization Letter. 7.Non-Blacklisted and Non-Bankrupted Certificate. 8. Samples will be received until 2:00 PM on the previous day of Tender Opening.","Procurement of Office Items","Lot wise","Package wise","Package wise","2500","Payment through Bank","07-Feb-2027","07-Feb-2027","1","Procurement of Office Items","RAB HQ-Central Store","150000","16-Aug-2026","15-Nov-2026","JYOTIRMOY SAHA","Senior Assistant Director","Address : Supply Section, Admin Wing, RAB Forces Headquarters, Kurmitola, , Dhaka City : Dhaka Thana : Dhaka North City Corporation District : Dhaka - 1230 Country : Bangladesh","Supply Section, Admin Wing, RAB Forces Headquarters, Kurmitola, , Dhaka","Dhaka","Dhaka North City Corporation","Dhaka - 1230","02-48963110","","https://www.eprocure.gov.bd/resources/common/ViewTender.jsp?id=1302471"
"Ministry of Home Affairs","","Bangladesh Police","Supply Section, Admin Wing, RAB Forces Headquarters, Kurmitola, Dhaka","00206","Dhaka","Goods (Framework Agreement)","NCT","TENDER","Tender - Single Lot","HQ/Admin(Supply)/508/408,Date-02-08-2026","226495","1302462","Open Tendering Method (OTM)","Revenue","Government","Not applicable","Not applicable","G-15N/2026-2027 Procurement of Utility Items (Gloves, Jersey Etc.)","Clothing and accessories;Occupational clothing, special workwear and accessories;Occupational clothing;Special workwear;Workwear accessories;Outerwear;Coats;Weatherproof clothing;Miscellaneous outerwear;Garments;Underwear;Shirts and nightwear;T-shirts;Special clothing and accessories;Special clothing;Clothing accessories;Hats and headgear;Fasteners;Leather clothes;Leather clothing accessories;Furs and articles of fur;Fur articles;Furs;Second-hand clothing","03-Aug-2026 09:00","13-Aug-2026 09:00","1.Copies of valid trade license. 2. Declaration certificate of providing goods as per tender schedule and contract agreement. 3. Bank solvency certificate (The certificate should have amount of liquid asset or working capital or credit facility and it should be issued within 3 months before tender dropping date). 4.Income tax clearance certificate. 5.Up to date VAT registration certificate & TIN Certificate. 6. Manufacturer Authorization Letter. 7.Non-Blacklisted and Non-Bankrupted Certificate. 8. Samples will be received until 2:00 PM on the previous day of Tender Opening.","Procurement of Utility Items (Gloves, Jersey Etc.)","Lot wise","Package wise","Package wise","1500","Payment through Bank","07-Feb-2027","07-Feb-2027","1","Procurement of Utility Items (Gloves, Jersey Etc.)","RAB HQ-Central Store","90000","16-Aug-2026","15-Nov-2026","JYOTIRMOY SAHA","Senior Assistant Director","Address : Supply Section, Admin Wing, RAB Forces Headquarters, Kurmitola, , Dhaka City : Dhaka Thana : Dhaka North City Corporation District : Dhaka - 1230 Country : Bangladesh","Supply Section, Admin Wing, RAB Forces Headquarters, Kurmitola, , Dhaka","Dhaka","Dhaka North City Corporation","Dhaka - 1230","02-48963110","","https://www.eprocure.gov.bd/resources/common/ViewTender.jsp?id=1302462"
"Ministry of Home Affairs","","Bangladesh Police","Supply Section, Admin Wing, RAB Forces Headquarters, Kurmitola, Dhaka","00206","Dhaka","Goods (Framework Agreement)","NCT","TENDER","Tender - Single Lot","HQ/Admin(Supply)/508/406,Date-02-08-2026","226495","1302451","Open Tendering Method (OTM)","Revenue","Government","Not applicable","Not applicable","G-15G/2026-2027 Procurement of Tunic, Mess Kit and Blazer","Textiles and textile articles;Textile fabrics and related items;Woven fabrics;Woollen fabrics;Linen fabrics;Special fabrics;Knitted or crocheted fabrics;Cloth;Non-woven fabrics;Textile articles;Textile household articles;Made-up textile articles;Carpets, mats and rugs;Miscellaneous cordage, rope, twine and netting;Non-woven articles;Miscellaneous textile articles;Knitwear, hosiery and related articles;Textile yarn and thread;Natural textile fibres;Artificial textile fibres;Textile yarn and thread of natural fibres;Synthetic yarn or thread;Textile waste","03-Aug-2026 09:00","13-Aug-2026 09:00","1.Copies of valid trade license. 2. Declaration certificate of providing goods as per tender schedule and contract agreement. 3. Bank solvency certificate (The certificate should have amount of liquid asset or working capital or credit facility and it should be issued within 3 months before tender dropping date). 4.Income tax clearance certificate. 5.Up to date VAT registration certificate & TIN Certificate. 6. Manufacturer Authorization Letter. 7.Non-Blacklisted and Non-Bankrupted Certificate. 8. Samples will be received until 2:00 PM on the previous day of Tender Opening.","Procurement of Tunic, Mess Kit and Blazer","Lot wise","Package wise","Package wise","2500","Payment through Bank","07-Feb-2027","07-Feb-2027","1","Procurement of Tunic, Mess Kit and Blazer","RAB HQ-Central Store","150000","16-Aug-2026","15-Nov-2026","JYOTIRMOY SAHA","Senior Assistant Director","Address : Supply Section, Admin Wing, RAB Forces Headquarters, Kurmitola, , Dhaka City : Dhaka Thana : Dhaka North City Corporation District : Dhaka - 1230 Country : Bangladesh","Supply Section, Admin Wing, RAB Forces Headquarters, Kurmitola, , Dhaka","Dhaka","Dhaka North City Corporation","Dhaka - 1230","02-48963110","","https://www.eprocure.gov.bd/resources/common/ViewTender.jsp?id=1302451"
"Ministry of Home Affairs","","Bangladesh Police","Supply Section, Admin Wing, RAB Forces Headquarters, Kurmitola, Dhaka","00206","Dhaka","Goods (Framework Agreement)","NCT","TENDER","Tender - Single Lot","HQ/Admin(Supply)/508/405,Date-02-08-2026","226495","1302461","Open Tendering Method (OTM)","Revenue","Government","Not applicable","Not applicable","G-15D/2026-2027 Procurement of Rank, Badge, Belt, Cap Etc.","Clothing and accessories;Occupational clothing, special workwear and accessories;Occupational clothing;Special workwear;Workwear accessories;Outerwear;Coats;Weatherproof clothing;Miscellaneous outerwear;Garments;Underwear;Shirts and nightwear;T-shirts;Special clothing and accessories;Special clothing;Clothing accessories;Hats and headgear;Fasteners;Leather clothes;Leather clothing accessories;Furs and articles of fur;Fur articles;Furs;Second-hand clothing","03-Aug-2026 09:00","17-Aug-2026 09:00","1.Copies of valid trade license. 2. Declaration certificate of providing goods as per tender schedule and contract agreement. 3. Bank solvency certificate (The certificate should have amount of liquid asset or working capital or credit facility and it should be issued within 3 months before tender dropping date). 4.Income tax clearance certificate. 5.Up to date VAT registration certificate & TIN Certificate. 6. Manufacturer Authorization Letter. 7.Non-Blacklisted and Non-Bankrupted Certificate. 8. Samples will be received until 2:00 PM on the previous day of Tender Opening.","Procurement of Rank, Badge, Belt, Cap Etc.","Lot wise","Package wise","Package wise","2500","Payment through Bank","11-Feb-2027","11-Feb-2027","1","Procurement of Rank, Badge, Belt, Cap Etc.","RAB HQ-Central Store","250000","18-Aug-2026","17-Nov-2026","JYOTIRMOY SAHA","Senior Assistant Director","Address : Supply Section, Admin Wing, RAB Forces Headquarters, Kurmitola, , Dhaka City : Dhaka Thana : Dhaka North City Corporation District : Dhaka - 1230 Country : Bangladesh","Supply Section, Admin Wing, RAB Forces Headquarters, Kurmitola, , Dhaka","Dhaka","Dhaka North City Corporation","Dhaka - 1230","02-48963110","","https://www.eprocure.gov.bd/resources/common/ViewTender.jsp?id=1302461"
"Ministry of Home Affairs","","Bangladesh Police","Supply Section, Admin Wing, RAB Forces Headquarters, Kurmitola, Dhaka","00206","Dhaka","Goods (Framework Agreement)","NCT","TENDER","Tender - Single Lot","HQ/Admin(Supply)/508/400,Date-02-08-2026","226495","1302468","Open Tendering Method (OTM)","Revenue","Government","Not applicable","Not applicable","G-13/2026-2027 Procurement of Paper","Various types of pulp, paper and paper products;Pulp, paper and paperboard;Pulp;Paper and paperboard;Paper or paperboard articles;Corrugated paper or paperboard;Household and hospital paper articles;Paper stationery and other items;Wallpaper and other coverings;Cigarette paper and filter paper","03-Aug-2026 09:00","17-Aug-2026 09:00","1.Copies of valid trade license. 2. Declaration certificate of providing goods as per tender schedule and contract agreement. 3. Bank solvency certificate (The certificate should have amount of liquid asset or working capital or credit facility and it should be issued within 3 months before tender dropping date). 4.Income tax clearance certificate. 5.Up to date VAT registration certificate & TIN Certificate. 6. Manufacturer Authorization Letter. 7.Non-Blacklisted and Non-Bankrupted Certificate. 8. Samples will be received until 2:00 PM on the previous day of Tender Opening.","Procurement of Paper","Lot wise","Package wise","Package wise","2500","Payment through Bank","11-Feb-2027","11-Feb-2027","1","Procurement of Paper","RAB HQ-Central Store","280000","18-Aug-2026","17-Nov-2026","JYOTIRMOY SAHA","Senior Assistant Director","Address : Supply Section, Admin Wing, RAB Forces Headquarters, Kurmitola, , Dhaka City : Dhaka Thana : Dhaka North City Corporation District : Dhaka - 1230 Country : Bangladesh","Supply Section, Admin Wing, RAB Forces Headquarters, Kurmitola, , Dhaka","Dhaka","Dhaka North City Corporation","Dhaka - 1230","02-48963110","","https://www.eprocure.gov.bd/resources/common/ViewTender.jsp?id=1302468"
"Ministry of Home Affairs","","Bangladesh Police","Supply Section, Admin Wing, RAB Forces Headquarters, Kurmitola, Dhaka","00206","Dhaka","Goods (Framework Agreement)","NCT","TENDER","Tender - Single Lot","HQ/Admin(Supply)/508/407,Date-02-08-2026","226495","1302456","Open Tendering Method (OTM)","Revenue","Government","Not applicable","Not applicable","G-15M/2026-2027 Procurement of Utility Items (Ground Sheet, Gum Boot Etc.)","Clothing and accessories;Occupational clothing, special workwear and accessories;Occupational clothing;Special workwear;Workwear accessories;Outerwear;Coats;Weatherproof clothing;Miscellaneous outerwear;Garments;Underwear;Shirts and nightwear;T-shirts;Special clothing and accessories;Special clothing;Clothing accessories;Hats and headgear;Fasteners;Leather clothes;Leather clothing accessories;Furs and articles of fur;Fur articles;Furs;Second-hand clothing","03-Aug-2026 09:00","13-Aug-2026 09:00","1.Copies of valid trade license. 2. Declaration certificate of providing goods as per tender schedule and contract agreement. 3. Bank solvency certificate (The certificate should have amount of liquid asset or working capital or credit facility and it should be issued within 3 months before tender dropping date). 4.Income tax clearance certificate. 5.Up to date VAT registration certificate & TIN Certificate. 6. Manufacturer Authorization Letter. 7.Non-Blacklisted and Non-Bankrupted Certificate. 8. Samples will be received until 2:00 PM on the previous day of Tender Opening.","Procurement of Utility Items (Ground Sheet, Gum Boot Etc.)","Lot wise","Package wise","Package wise","2500","Payment through Bank","07-Feb-2027","07-Feb-2027","1","Procurement of Utility Items (Ground Sheet, Gum Boot Etc.)","RAB HQ-Central Store","200000","16-Aug-2026","15-Nov-2026","JYOTIRMOY SAHA","Senior Assistant Director","Address : Supply Section, Admin Wing, RAB Forces Headquarters, Kurmitola, , Dhaka City : Dhaka Thana : Dhaka North City Corporation District : Dhaka - 1230 Country : Bangladesh","Supply Section, Admin Wing, RAB Forces Headquarters, Kurmitola, , Dhaka","Dhaka","Dhaka North City Corporation","Dhaka - 1230","02-48963110","","https://www.eprocure.gov.bd/resources/common/ViewTender.jsp?id=1302456"
