Ministry,Division,Organization,Procuring Entity Name,Procuring Entity Code,Procuring Entity District,Procurement Nature,Procurement Type,Event Type,Invitation for ,Invitation Reference No.,App ID,Tender/Proposal ID,Procurement Method ,Budget Type,Source of Funds,Project Code,Project Name,Tender/Proposal Package No. and Description,Category,Scheduled Tender/Proposal Publication Date and Time,Tender/Proposal Document last selling / downloading Date and Time,Eligibility of Tenderer,Brief Description of Works,Evaluation Type,Document Available,Document Fees,Tender/Proposal Document Price (In BDT) ,Mode of Payment,Tender/Proposal Security Valid Up to,Tender/Proposal Valid Up to,Lot No.,Identification of Lot,Location,Tender/Proposal security(Amount in BDT),Tentative Start Date,Tentative Completion Date,Name of Official Inviting Tender/Proposal,Designation of Official Inviting Tender/Proposal,Address of Official Inviting Tender/Proposal,Address,City,Thana,District,Phone No,Estimated Cost,Tender Link
Ministry of Health and Family Welfare,Health Services Division,Directorate General of Health Services (DGHS),Chittagong Medical College Hospital,,Chattogram,Goods,NCT,TENDER,Tender - Single Lot,Cmch/e-GP/2026-2027/Reagent/Package-02,227486,1314496,Open Tendering Method (OTM),Revenue,Government,Not applicable,Not applicable,Cmch/e-Gp/2026-2027/Reagent. Procurement of Machine Readable Reagent of Auto Haematology Biocell-86 or Equivalent for the fiscal year 2026-2027,"Medical and laboratory devices, optical and precision devices, watches and clocks, pharmaceuticals and related medical consumables;Medical devices;Imaging equipment for medical, dental and veterinary use;Functional exploration;Dentistry;Medical non-chemical consumables and haematological consumables;Therapy;Operating techniques;Anaesthesia and resuscitation;Functional support;Miscellaneous medical devices;Instruments and appliances for measuring, checking, testing and navigating;Navigational, meteorological, geological and geophysical instruments;Remote-control equipment;Precision balances, instruments for drawing, calculating and measuring length;Instruments for measuring quantities;Instruments for checking physical characteristics;Checking and testing apparatus;Regulating and controlling instruments and apparatus;Non-medical equipment based on the use of radiations;Industrial process control equipment;Optical instruments;Spectacles and lenses;Polarising material;Astronomical and optical instruments;Liquid crystal devices;Photographic equipment;Horological instruments;Watches and clocks",02-Aug-2026 23:50,12-Aug-2026 14:00,As Per TDS & PCC,Procurement of Machine Readable Reagent of Auto Haematology Biocell-86 or Equivalent for the fiscal year 2026-2027,Lot wise,Package wise,Package wise,1500,Payment through Bank,07-Feb-2027,07-Feb-2027,Single Lot,Procurement of Machine Readable Reagent of Auto Haematology Biocell-86 or Equivalent for the fiscal year 2026-2027,Chittagong Medical College Hospital,140000,01-Oct-2026,30-Nov-2026,Mohammad Taslim Uddin,Director,"Address : K.B. Fazlul Kader Road, Panchlaish, Chittagong City : Chittagong Thana : Chattogram City Corporation District : Chattogram - 4203 Country : Bangladesh","K.B. Fazlul Kader Road, Panchlaish, Chittagong",Chittagong,Chattogram City Corporation,Chattogram - 4203,031-31630179,Not Found,https://www.eprocure.gov.bd/resources/common/ViewTender.jsp?id=1314496
Ministry of Health and Family Welfare,Health Services Division,Directorate General of Health Services (DGHS),Chittagong Medical College Hospital,,Chattogram,Goods,NCT,TENDER,Tender - Single Lot,Cmch/e-GP/2026-2027/Reagent/Package-1,227486,1314495,Open Tendering Method (OTM),Revenue,Government,Not applicable,Not applicable,Cmch/e-Gp/2026-2027/Reagent Procurement of Machine Readable Reagent of Sysmex (XN-550)/1000) Automated Hematology Analyzer or Equivalent for the fiscal year 2026-2027,"Medical and laboratory devices, optical and precision devices, watches and clocks, pharmaceuticals and related medical consumables;Medical devices;Imaging equipment for medical, dental and veterinary use;Functional exploration;Dentistry;Medical non-chemical consumables and haematological consumables;Therapy;Operating techniques;Anaesthesia and resuscitation;Functional support;Miscellaneous medical devices;Instruments and appliances for measuring, checking, testing and navigating;Navigational, meteorological, geological and geophysical instruments;Remote-control equipment;Precision balances, instruments for drawing, calculating and measuring length;Instruments for measuring quantities;Instruments for checking physical characteristics;Checking and testing apparatus;Regulating and controlling instruments and apparatus;Non-medical equipment based on the use of radiations;Industrial process control equipment;Optical instruments;Spectacles and lenses;Polarising material;Astronomical and optical instruments;Liquid crystal devices;Photographic equipment;Horological instruments;Watches and clocks",02-Aug-2026 23:50,12-Aug-2026 14:00,As Per TDS & PCC,Procurement of Machine Readable Reagent of Sysmex (XN-550)/1000) Automated Hematology Analyzer or Equivalent for the fiscal year 2026-2027,Lot wise,Package wise,Package wise,2500,Payment through Bank,07-Feb-2027,07-Feb-2027,Single Lot,Procurement of Machine Readable Reagent of Sysmex (XN-550)/1000) Automated Hematology Analyzer or Equivalent for the fiscal year 2026-2027,Chittagong Medical College Hospital,204000,01-Oct-2026,30-Nov-2026,Mohammad Taslim Uddin,Director,"Address : K.B. Fazlul Kader Road, Panchlaish, Chittagong City : Chittagong Thana : Chattogram City Corporation District : Chattogram - 4203 Country : Bangladesh","K.B. Fazlul Kader Road, Panchlaish, Chittagong",Chittagong,Chattogram City Corporation,Chattogram - 4203,031-31630179,Not Found,https://www.eprocure.gov.bd/resources/common/ViewTender.jsp?id=1314495
Ministry of Health and Family Welfare,Health Services Division,Directorate General of Health Services (DGHS),Chittagong Medical College Hospital,,Chattogram,Goods,NCT,TENDER,Tender - Single Lot,CMCH/E-TENDER/2026-2027/Gauze,227486,1310649,Open Tendering Method (OTM),Revenue,Government,Not applicable,Not applicable,"Cmch/egp/2026-2027/ Gauze Cotton and Others Procurement of Gauze, Cotton & Others for the fiscal year 2026-2027",Miscellaneous services;Washing and dry-cleaning services;Laundry-collection services;Textile-cleaning services;Fur-products cleaning services;Colouring services;Pressing services;Dyeing services;Hairdressing and beauty treatment services;Hairdressing services;Beauty treatment services;Physical well-being services;Turkish bath services;Spa services;Massage services;Accommodation and office services;Accommodation services;Civic-amenity services;Car-park management services;Marine services;Aquatic marine services;Port management services;Diving services;Funeral and related services;Funeral services;Miscellaneous services n.e.c.;Decommissioning services;Relocation services;Tailoring services;Upholstering services;Locksmith services;Clearing and Forwarding Agent;Service Provider (Others),02-Aug-2026 23:50,16-Aug-2026 14:00,As Per TDS & PCC,"Procurement of Gauze, Cotton & Others for the fiscal year 2026-2027",Lot wise,Package wise,Package wise,2500,Payment through Bank,11-Feb-2027,11-Feb-2027,Single Lot,"Procurement of Gauze, Cotton & Others for the fiscal year 2026-2027",Chittagong Medical College Hospita,512000,01-Oct-2026,30-Nov-2026,Mohammad Taslim Uddin,Director,"Address : K.B. Fazlul Kader Road, Panchlaish, Chittagong City : Chittagong Thana : Chattogram City Corporation District : Chattogram - 4203 Country : Bangladesh","K.B. Fazlul Kader Road, Panchlaish, Chittagong",Chittagong,Chattogram City Corporation,Chattogram - 4203,031-31630179,Not Found,https://www.eprocure.gov.bd/resources/common/ViewTender.jsp?id=1310649
Ministry of Education,Secondary and Higher Education Division,Khulna University,Office of The Planning and Development,,Khulna,Goods,NCT,TENDER,Tender - Single Lot,KU/PD-458/2026-1,218885,1311095,Open Tendering Method (OTM),Revenue,Government,Not applicable,Not applicable,GR14-KU/PD-458/2026 Procurement of AI Software Subscription for the CSE Disciplin,"Office and computing machinery, equipment and supplies; Software programming and consultancy services; Computer and related services;Office machinery, equipment and supplies except computers;Word-processing machines;Photocopying and printing equipment;Post-office equipment;Calculating and accounting machines;Typewriters;Parts and accessories of typewriters and calculating machines;Various office equipment and supplies;Computer equipment and supplies;Data-processing machines;Digital cartography equipment;Computer hardware;Software;Computer systems;Servers;Programming services of packaged software products;Systems and technical consultancy services;Custom software development services;Systems analysis and programming services;System maintenance and support services;Software-related services",02-Aug-2026 23:00,12-Aug-2026 9:00,"The tenderer shall have the following qualifying and other eligibility criteria stated in the TDS & PCC. a)The minimum general experience of the tenderer in the supply of goods and related services shall be a minimum 01 years. b)The minimum specific experience of the tenderer in the supply of similar goods under at least 1 (one) contract with a value of at least Tk. 5 lac at any Government/ Semi-Government/ Autonomous body/Renowned private organization successfully completed in a financial year within the last 5 years. c)The minimum amount of liquid assets i.e working capital or credit line(s) of the tenderer shall be Tk. 8 lac. (format in standard tender document should be followed) d)Up-to-date Trade License, Income Tax Clearance Certificate, VAT Registration Certificate. e)The supplier shall carry out the configuration of all necessary items. f)Khulna University authority reserves the right to disqualify any tenderer due to intentional rate quoting/front loading. N.B: Tenderers are advised to submit only the documents requested , as additional or unsolicited submissions may delay the evaluation process.",Procurement of AI Software Subscription for the CSE Discipline (Re),Lot wise,Package wise,Package wise,500,Payment through Bank,07-Jan-2027,07-Jan-2027,1,Procurement of AI Software Subscription for the CSE Disciplin,Khulna Unviersity,10000,19-Aug-2026,18-Nov-2026,Kazi Saiful Islam,Director,"Address : Office of The Planning and Development, KU City : Khulna Thana : Dumuria District : Khulna - 9208 Country : Bangladesh","Office of The Planning and Development, KU",Khulna,Dumuria,Khulna - 9208,0247-7734148,"1000000.00,OTM",https://www.eprocure.gov.bd/resources/common/ViewTender.jsp?id=1311095
Ministry of Education,Secondary and Higher Education Division,Gazipur Agricultural University,"Office of The Project Director - ""Infrastructural Development of Gazipur Agricultural University Project""",,Gazipur,Physical Services,NCT,PPS,,,223850,1313945,Open Tendering Method (OTM),Development,Government,224418200,Infrastructural Development of Gazipur Agricultural University,egp/IDGAU/2025-26/SD-2 Hiring Vehicle for the Project Office at GAU,Land transport services and transport via pipeline services;Land transport services;Passenger land transport services.;Land freight transport services;Pipeline transport services;Transport by pipeline of petroleum products;Transport by pipeline of natural gas,,12-Aug-2026 16:00,All national tenderers/consultants/transport service providers,Providing car transport services for the office of the project director.,Package wise,,Package wise,2500,Payment through Bank,07-Jan-2027,07-Jan-2027,,,Gazipur Agricultural University,,20-Aug-2026,28-Sep-2028,MD. ABDUL BASET MIA,Project Director,"Address : Gazipur Agricultual University, Gazipur 1706 City : Gazipur Thana : Gazipur City Corporation District : Gazipur - 1706 Country : Bangladesh","Gazipur Agricultual University, Gazipur 1706",Gazipur,Gazipur City Corporation,Gazipur - 1706,09666-342545,"5200000.00,OTM",https://www.eprocure.gov.bd/resources/common/ViewTender.jsp?id=1313945
Ministry of Education,Secondary and Higher Education Division,Education Engineering Department,"Office of the Executive Engineer, EED,Bogra, District.",29,Bogura,Works,NCT,TENDER,Tender - Single Lot,"eed/desk-1/7354,       Date 26/07/2026",228910,1314412,Open Tendering Method (OTM),Revenue,Government,1250301-120001602-3258108,Repair/Renovation of Non-Govt. Educational Institutions,"eed/bog/p-2624 Vertical Extension of the Academic Building  (FY.2024-25) at Shahid Zia Degree College, Gabtoli Upazila, Bogura Dristrict.(RMS ID # 1053393)","Construction work;Site preparation work;Building demolition and wrecking work and earthmoving work;Test drilling and boring work;Works for complete or part construction and civil engineering work;Building construction work;Engineering works and construction works;Construction work for pipelines, communication and power lines, for highways, roads, airfields and railways; flatwork;Construction work for water projects;Construction works for plants, mining and manufacturing and for buildings relating to the oil and gas industry;Roof works and other special trade construction works;Building installation work;Electrical installation work;Insulation work;Plumbing and sanitary works;Fencing, railing and safety equipment installation work;Mechanical installations;Building completion work;Plastering work;Joinery and carpentry installation work;Floor and wall covering work;Painting and glazing work;Other building completion work;Hire of construction and civil engineering machinery and equipment with operator;Hire of cranes with operator;Hire of earthmoving equipment with operator",02-Aug-2026 21:10,19-Aug-2026 16:00,"a) Up-to-date Valid trade license, Vat registration Certificate, Income tax Clearance Certificate. d) The minimum amount of liquid assets or working capital or credit facilities of the Tenderer shall be Tk. 6000000.00 (Sixty Lakhs) (If the liquid assets is a bank statement then the amount in the bank statement should remain till the next working day.) e) Having expirience in Successful completion of at least One (01) No similar nature work (Building work) amounting Tk. 5000000.00 (Fifty Lakhs) within the last Five (05) years, years counting backward from the date of publication of IFT in the newspaper. f) The required average annual construction turnover shall be greater than Tk. 5000000.00 (Fifty Lakhs) over the last Five (05) years. Total = Tk.5000000.00 x 5 = Tk. 25000000.00 (Two Crore Fifty Lakhs). g) The minimum Tender Capacity shall be 7000000.00 (Seventy Lakhs) g) Work done bill will be paid in accordence with fund availablity. h) Other criteria are stated in TDS & PCC","Vertical Extension of the Academic Building (FY.2024-25) at Shahid Zia Degree College, Gabtoli Upazila, Bogura Dristrict.(RMS ID # 1053393)",Lot wise,Package wise,Package wise,2500,Payment through Bank,15-Jan-2027,15-Jan-2027,1,"Vertical Extension of the Academic Building  (FY.2024-25) at Shahid Zia Degree College, Gabtoli Upazila, Bogura Dristrict.(RMS ID # 1053393)","Gabtali, Bogura",250000,22-Oct-2026,21-Oct-2027,Md. Anwer Hossain,Executive Engineer,"Address : District Education Bhaban, Bagra. City : Bogra Thana : Bogura Sadar District : Bogura - 5800 Country : Bangladesh","District Education Bhaban, Bagra.",Bogra,Bogura Sadar,Bogura - 5800,051-65939,Not Found,https://www.eprocure.gov.bd/resources/common/ViewTender.jsp?id=1314412
Ministry of Education,Secondary and Higher Education Division,Education Engineering Department,"Office of the Executive Engineer, EED,Bogra, District.",29,Bogura,Works,NCT,TENDER,Tender - Single Lot,"37.07.0000.014.20.101.24-7314(1),  Date 07-07-2026",228910,1314411,Open Tendering Method (OTM),Revenue,Government,1250301-120001602-3258108,Repair/Renovation of Non-Govt. Educational Institutions,"eed/bog/p-2622 Vertical Extension (2nd, 3rd, and 4th Floors)  of the Existing Building Including Repair and Renovation Works (FY.2024-25) at Betgary Mir Shaha Alm Girls' High School, Shibganj Upazila, Bogura Dristrict.(RMS ID # 1053385)","Construction work;Site preparation work;Building demolition and wrecking work and earthmoving work;Test drilling and boring work;Works for complete or part construction and civil engineering work;Building construction work;Engineering works and construction works;Construction work for pipelines, communication and power lines, for highways, roads, airfields and railways; flatwork;Construction work for water projects;Construction works for plants, mining and manufacturing and for buildings relating to the oil and gas industry;Roof works and other special trade construction works;Building installation work;Electrical installation work;Insulation work;Plumbing and sanitary works;Fencing, railing and safety equipment installation work;Mechanical installations;Building completion work;Plastering work;Joinery and carpentry installation work;Floor and wall covering work;Painting and glazing work;Other building completion work;Hire of construction and civil engineering machinery and equipment with operator;Hire of cranes with operator;Hire of earthmoving equipment with operator",02-Aug-2026 21:00,19-Aug-2026 16:00,"a) Up-to-date Valid trade license, Vat registration Certificate, NID, Tax return slip and Income tax Clearance Certificate. d) The minimum amount of liquid assets or working capital or credit facilities of the Tenderer shall be Tk. 12000000.00 (One hundred Twenty Lakhs) (If the liquid assets is a bank statement then the amount in the bank statement should remain till the next working day.) e) Having experience in Successful completion of at least One (01) No similar nature work (Building work) amounting Tk. 12000000.00 (One hundred Twenty Lakhs) within the last Five (05) years, years counting backward from the date of publication of IFT in the newspaper. f) The required average annual construction turnover shall be greater than Tk. 12000000.00 (One hundred Twenty Lakhs) over the last Five (05) years. Total = Tk.12000000.00 x 5 = Tk. 60000000.00 (Six Crore). g) The minimum Tender Capacity shall be 15000000.00 (One hundred Fifty Lakhs) g) Work done bill will be paid in accordence with fund availablity. h) Other criteria are stated in TDS & PCC","Vertical Extension (2nd, 3rd, and 4th Floors) of the Existing Building Including Repair and Renovation Works (FY.2024-25) at Betgary Mir Shaha Alm Girls' High School, Shibganj Upazila, Bogura Dristrict.(RMS ID # 1053385)",Lot wise,Package wise,Package wise,4000,Payment through Bank,15-Jan-2027,15-Jan-2027,1,"Vertical Extension (2nd, 3rd, and 4th Floors)  of the Existing Building Including Repair and Renovation Works (FY.2024-25) at Betgary Mir Shaha Alm Girls' High School, Shibganj Upazila, Bogura Dristrict.(RMS ID # 1053385)","Shibganj, Bogura",600000,22-Oct-2026,21-Oct-2027,Md. Anwer Hossain,Executive Engineer,"Address : District Education Bhaban, Bagra. City : Bogra Thana : Bogura Sadar District : Bogura - 5800 Country : Bangladesh","District Education Bhaban, Bagra.",Bogra,Bogura Sadar,Bogura - 5800,051-65939,Not Found,https://www.eprocure.gov.bd/resources/common/ViewTender.jsp?id=1314411
Ministry of Local Government,Rural Development and Co-operatives,Gazipur City Corporation,Widening of main connecting road in various zone including construction drain & footpath at Gazipur city corporation. (1st Revision),,Gazipur,Works,NCT,TENDER,Tender - Single Lot,46.19.0000.018.07.001.23-481; Date:02.08.2026,227696,1314110,Open Tendering Method (OTM),Development,"Government, Own fund",GCC-3828,Widening of main connecting road in various zone including construction drain & footpath at Gazipur city corporation,GCC-Zone-07-RD-10B (1) (R-10:A) Improvement of BC/RCC Road from Zorun Lokku Market to Konabari Bus Stand. Ch:1+000-2+010  (2) (D-10:B) Construction of RCC Drain from Zorun Lokku Market to Konabari Bus Stand. Ch:1+000-2+010,"Construction work;Site preparation work;Building demolition and wrecking work and earthmoving work;Test drilling and boring work;Works for complete or part construction and civil engineering work;Building construction work;Engineering works and construction works;Construction work for pipelines, communication and power lines, for highways, roads, airfields and railways; flatwork;Construction work for water projects;Construction works for plants, mining and manufacturing and for buildings relating to the oil and gas industry;Roof works and other special trade construction works;Building installation work;Electrical installation work;Insulation work;Plumbing and sanitary works;Fencing, railing and safety equipment installation work;Mechanical installations;Building completion work;Plastering work;Joinery and carpentry installation work;Floor and wall covering work;Painting and glazing work;Other building completion work;Hire of construction and civil engineering machinery and equipment with operator;Hire of cranes with operator;Hire of earthmoving equipment with operator",02-Aug-2026 20:45,01-Sep-2026 11:00,"13.1 (a)The minimum number of years of general experience of the Tenderer in the construction works as Prime Contractor or Subcontractor or Management Contractor shall be 5 (Five) years. (Only Payment Completion Certificates for construction works, issued by relevant Procuring Entity(ies) will be considered as general experience) 13.1 (b)The minimum specific experience as a Prime Contractor or Subcontractor or Management Contractor in construction works of at least 1 (one) number of contract of similar nature (RCC Road & RCC Drain/RCC Pipe Drain in same contract), complexity and methods/construction technology successfully completed within the last 5 (Five) years, with a value of BDT 13,85,00,000.00 14.1 (b) the average annual construction turnover under the public sector as specified in the TDS during the period specified in the TDS; The required average annual construction turnover shall be greater than BDT 21,35,00,000.00 over the last 5 (Five) years. (Only Payment received Certificates for construction works, issued by relevant Procuring Entity(ies) will be considered as construction turnover) 14.1 (c) availability of minimum financial resources in any form or combination of forms of liquid assets or credit line(s) or working capital, net of other contractual commitments of the amount as specified in the TDS; and The minimum amount of liquid assets or working capital or credit facilities of the Tenderer shall be BDT 4,26,00,000.00 14.1 (d) The minimum capacity shall be: Tk-13,28,00,000.00",GCC-Zone-07-RD-10B (1) (R-10:A) Improvement of BC/RCC Road from Zorun Lokku Market to Konabari Bus Stand. Ch:1+000-2+010 (2) (D-10:B) Construction of RCC Drain from Zorun Lokku Market to Konabari Bus Stand. Ch:1+000-2+010,Lot wise,Package wise,Package wise,5000,Payment through Bank,26-Feb-2027,26-Feb-2027,Single,"(1) (R-10:A) Improvement of RCC Road from Zorun Lokku Market to Konabari Bus Stand. Ch:1+000-2+010 
(2) (D-10:B) Construction of RCC Drain from Zorun Lokku Market to Konabari Bus Stand. Ch:1+000-2+010",Zone-07,4334000,29-Oct-2026,30-Nov-2027,MD. LEHAZ UDDIN,superintending Engineer,"Address : Nagar Bhabon, Gazipur city corporation. City : Gazipur city corporation Thana : Gazipur Sadar District : Gazipur - 1700 Country : Bangladesh","Nagar Bhabon, Gazipur city corporation.",Gazipur city corporation,Gazipur Sadar,Gazipur - 1700,02-49273205,Not Found,https://www.eprocure.gov.bd/resources/common/ViewTender.jsp?id=1314110
Ministry of Local Government,Rural Development and Co-operatives,Department of Public Health Engineering (DPHE),"Office of the Executive Engineer,DPHE, Manikgonj",,Manikganj,Works,NCT,TENDER,Tender - Single Lot,223686,223686,1309033,Open Tendering Method (OTM),Development,Government,224415000,Rural Sanitation Project.,WDTPL-12 Construction of Improve Latrine (Twin pit Latrine) at Sadar upazila in Manikganj District under Rural Sanitation Project FY 2025-26,"Construction work;Site preparation work;Building demolition and wrecking work and earthmoving work;Test drilling and boring work;Works for complete or part construction and civil engineering work;Building construction work;Engineering works and construction works;Construction work for pipelines, communication and power lines, for highways, roads, airfields and railways; flatwork;Construction work for water projects;Construction works for plants, mining and manufacturing and for buildings relating to the oil and gas industry;Roof works and other special trade construction works;Building installation work;Electrical installation work;Insulation work;Plumbing and sanitary works;Fencing, railing and safety equipment installation work;Mechanical installations;Building completion work;Plastering work;Joinery and carpentry installation work;Floor and wall covering work;Painting and glazing work;Other building completion work;Hire of construction and civil engineering machinery and equipment with operator;Hire of cranes with operator;Hire of earthmoving equipment with operator",02-Aug-2026 20:30,23-Aug-2026 16:00,As per TDS.,WDTPL-12 Construction of 850 nos Improve Latrine (Twin pit Latrine) at Sadar upazila in Manikganj District under Rural Sanitation Project FY 2025-26,Lot wise,Package wise,Package wise,4000,Payment through Bank,19-Jan-2027,19-Jan-2027,1,Construction of Improve Latrine (Twin pit Latrine) at Sadar upazila in Manikganj District under Rural Sanitation Project FY 2025-26,Manikganj Sadar,1500000,25-Oct-2026,30-Mar-2028,Gazi Fatima Ferdous,Executive Engineer,"Address : Office of the Executive Engineer,DPHE, Manikgonj City : Manikganj Thana : Manikganj District : Manikganj - 1800 Country : Bangladesh","Office of the Executive Engineer,DPHE, Manikgonj",Manikganj,Manikganj,Manikganj - 1800,02-7710398,"54200000.00,OTM",https://www.eprocure.gov.bd/resources/common/ViewTender.jsp?id=1309033
Ministry of Local Government,Rural Development and Co-operatives,Department of Public Health Engineering (DPHE),"Office of the Executive Engineer,DPHE, Manikgonj",,Manikganj,Works,NCT,TENDER,Tender - Single Lot,223686,223686,1309203,Open Tendering Method (OTM),Development,Government,224415000,Rural Sanitation Project.,"WDTPL-15 Construction of Improve Latrine (Twin pit Latrine) at Singair upazila in Manikganj District under Rural Sanitation Project, FY 2025-26.","Construction work;Site preparation work;Building demolition and wrecking work and earthmoving work;Test drilling and boring work;Works for complete or part construction and civil engineering work;Building construction work;Engineering works and construction works;Construction work for pipelines, communication and power lines, for highways, roads, airfields and railways; flatwork;Construction work for water projects;Construction works for plants, mining and manufacturing and for buildings relating to the oil and gas industry;Roof works and other special trade construction works;Building installation work;Electrical installation work;Insulation work;Plumbing and sanitary works;Fencing, railing and safety equipment installation work;Mechanical installations;Building completion work;Plastering work;Joinery and carpentry installation work;Floor and wall covering work;Painting and glazing work;Other building completion work;Hire of construction and civil engineering machinery and equipment with operator;Hire of cranes with operator;Hire of earthmoving equipment with operator",02-Aug-2026 20:30,23-Aug-2026 16:00,As per TDS.,"WDTPL-15 Construction of 935 nos Improve Latrine (Twin pit Latrine) at Singair upazila in Manikganj District under Rural Sanitation Project, FY 2025-26.",Lot wise,Package wise,Package wise,4000,Payment through Bank,19-Jan-2027,19-Jan-2027,1,"Construction of Improve Latrine (Twin pit Latrine) at Singair upazila in Manikganj District under Rural Sanitation Project, FY 2025-26.","Singair,manikganj",1700000,25-Oct-2026,30-Mar-2028,Gazi Fatima Ferdous,Executive Engineer,"Address : Office of the Executive Engineer,DPHE, Manikgonj City : Manikganj Thana : Manikganj District : Manikganj - 1800 Country : Bangladesh","Office of the Executive Engineer,DPHE, Manikgonj",Manikganj,Manikganj,Manikganj - 1800,02-7710398,"59700000.00,OTM",https://www.eprocure.gov.bd/resources/common/ViewTender.jsp?id=1309203
Ministry of Local Government,Rural Development and Co-operatives,Department of Public Health Engineering (DPHE),"Office of the Executive Engineer, DPHE,Mymensingh",,Mymensingh,Works,NCT,TENDER,Tender - Single Lot,"e-GP/26-27/08, Date-30/07/26",228067,1313784,Open Tendering Method (OTM),Development,Government,224303400,Project for Safe Water Supply Throughout the Country.,PSWSC-5202/3 Installation of 115 nos Deep Tube Well (100x38mm) with 1.0 HP capacity Submersible Pump at Haluaghat Upazila in Mymensingh District under Project for Safe Water Supply Through Out The Country.,Drinking water; Natural water; Plumbing and sanitary works; Water distribution and related services; Public utilities;Water distribution;Operation of a water-purification plant;Operation of water supplies,02-Aug-2026 20:05,16-Aug-2026 15:30,As per TDS.,Installation of 115 nos Deep Tube Well (100x38mm) with 1.0 HP capacity Submersible Pump at Haluaghat Upazila in Mymensingh District under Project for Safe Water Supply Through Out The Country.,Lot wise,Package wise,Package wise,2500,Payment through Bank,12-Jan-2027,12-Jan-2027,1,Installation of 115 nos Deep Tube Well (100x38mm) with 1.0 HP capacity Submersible Pump at Haluaghat Upazila in Mymensingh District under Project for Safe Water Supply Through Out The Country.,Haluaghat Upazila,510000,01-Nov-2026,30-Jun-2027,Mohammad Samiul Hoque,Executive Engineer,"Address : Office of the Executive Engineer, DPHE,Mymensingh City : Mymensingh Thana : Mymensingh Sadar District : Mymensingh - 2200 Country : Bangladesh","Office of the Executive Engineer, DPHE,Mymensingh",Mymensingh,Mymensingh Sadar,Mymensingh - 2200,09-167636,Not Found,https://www.eprocure.gov.bd/resources/common/ViewTender.jsp?id=1313784
Ministry of Road Transport and Bridges,Road Transport and Highways Division,Roads & Highways Department (RHD),"Workshop Division, Rajshahi",,Rajshahi,Works,NCT,TENDER,Tender - Single Lot,01/WDRAJ/2026-2027,228884,1313144,Open Tendering Method (OTM),Revenue,Government,Not applicable,Not applicable,"01/WDRAJ/2026-2027 Repair and denting painting works of  Dhaka Metro-MA-02-1780 (Nissan Pickup) owned by Road Division, Rajshahi  with replacement of necessary spare parts under Workshop Division, Rajshahi during the fiscal year 2026-2027.","Motor vehicles, trailers and vehicle parts;Motor vehicles;Passenger cars;Motor vehicles for the transport of 10 or more persons;Motor vehicles for the transport of goods;Heavy-duty motor vehicles;Vehicle bodies, trailers or semi-trailers;Vehicle bodies;Trailers, semi-trailers and mobile containers;Parts and accessories for vehicles and their engines;Engines and engine parts;Mechanical spare parts except engines and engine parts;Test benches;Vehicle conversion kits;Seat belts;Spare parts for goods vehicles;Spare parts for vans;Spare parts for cars;Tractor accessories;Motorcycles, bicycles and sidecars;Motorcycles;Motor scooters;Cycles with auxiliary motors;Bicycles",02-Aug-2026 20:00,12-Aug-2026 16:00,SEE TDS,"Repair and denting painting works of Dhaka Metro-MA-02-1780 (Nissan Pickup) owned by Road Division, Rajshahi with replacement of necessary spare parts under Workshop Division, Rajshahi during the fiscal year 2026-2027.",Lot wise,Package wise,Package wise,500,Payment through Bank,09-Dec-2026,09-Dec-2026,1,"Repair and denting painting works of  Dhaka Metro-MA-02-1780 (Nissan Pickup) owned by Road Division, Rajshahi  with replacement of necessary spare parts under Workshop Division, Rajshahi during the fiscal year 2026-2027.",Workshop Sub Division Rajshahi,16400,20-Aug-2026,06-Sep-2026,A.K.M. Monzur Morshed,Executive Engineer,"Address : Workshop Division, Rajshahi City : Rajshahi Thana : Rajshahi City Corporation District : Rajshahi - 1000 Country : Bangladesh","Workshop Division, Rajshahi",Rajshahi,Rajshahi City Corporation,Rajshahi - 1000,02-8879378,,https://www.eprocure.gov.bd/resources/common/ViewTender.jsp?id=1313144
Ministry of Road Transport and Bridges,Road Transport and Highways Division,Roads & Highways Department (RHD),"Workshop Division, Rajshahi",,Rajshahi,Works,NCT,TENDER,Tender - Single Lot,02/WDRAJ/2026-2027,228884,1313145,Open Tendering Method (OTM),Revenue,Government,Not applicable,Not applicable,"02/WDRAJ/2026-2027 Repair and denting painting works of Dhaka Metro-CHA-6981 (Mitsubishi Microbus) owned by Road Division, Rajshahi  with replacement of necessary spare parts under Workshop Division, Rajshahi during the fiscal year 2026-2027.","Motor vehicles, trailers and vehicle parts;Motor vehicles;Passenger cars;Motor vehicles for the transport of 10 or more persons;Motor vehicles for the transport of goods;Heavy-duty motor vehicles;Vehicle bodies, trailers or semi-trailers;Vehicle bodies;Trailers, semi-trailers and mobile containers;Parts and accessories for vehicles and their engines;Engines and engine parts;Mechanical spare parts except engines and engine parts;Test benches;Vehicle conversion kits;Seat belts;Spare parts for goods vehicles;Spare parts for vans;Spare parts for cars;Tractor accessories;Motorcycles, bicycles and sidecars;Motorcycles;Motor scooters;Cycles with auxiliary motors;Bicycles",02-Aug-2026 20:00,12-Aug-2026 16:00,SEE TDS,"Repair and denting painting works of Dhaka Metro-CHA-6981 (Mitsubishi Microbus) owned by Road Division, Rajshahi with replacement of necessary spare parts under Workshop Division, Rajshahi during the fiscal year 2026-2027.",Lot wise,Package wise,Package wise,500,Payment through Bank,09-Dec-2026,09-Dec-2026,1,"Repair and denting painting works of Dhaka Metro-CHA-6981 (Mitsubishi Microbus) owned by Road Division, Rajshahi  with replacement of necessary spare parts under Workshop Division, Rajshahi during the fiscal year 2026-2027.",Workshop Sub Division Rajshahi,16600,20-Aug-2026,06-Sep-2026,A.K.M. Monzur Morshed,Executive Engineer,"Address : Workshop Division, Rajshahi City : Rajshahi Thana : Rajshahi City Corporation District : Rajshahi - 1000 Country : Bangladesh","Workshop Division, Rajshahi",Rajshahi,Rajshahi City Corporation,Rajshahi - 1000,02-8879378,,https://www.eprocure.gov.bd/resources/common/ViewTender.jsp?id=1313145
Ministry of Industries,,Bangladesh Chemical Industries Corporation (BCIC),Ghorashal Polash Fertilizer PLC (Commercial),,Norshingdi,Goods,NCT,TENDER,Tender - Single Lot,36.01.6863.627.000.07.31.04.2026-27,228091,1311807,Open Tendering Method (OTM),Own Fund,Own Fund,Not applicable,Not applicable,36.01.6863.627.000.07.31.04.2026-27 Procurement of  10 Items Spares for Vibration & Speed Measurement,"Electrical machinery, apparatus, equipment and consumables;Electric motors, generators and transformers;Electric motors;Generators;Alternators;Cooling towers;Ballasts for discharge lamps or tubes;Parts of electric motors, generators and transformers;Transformers;Electricity distribution and control apparatus;Electrical apparatus for switching or protecting electrical circuits;Electrical circuit components;Parts of electricity distribution or control apparatus;Insulated wire and cable;Mains;Power distribution cables;Coaxial cable;Insulated cable accessories;Electric conductors for data and control purposes;Accumulators, primary cells and primary batteries;Primary cells;Primary batteries;Electric accumulators;Lighting equipment and electric lamps;Electric filament lamps;Lamps and light fittings;Parts of lamps and lighting equipment;Electrical equipment and apparatus;Electrical equipment for engines and vehicles;Sound or visual signalling apparatus;Magnets;Machines and apparatus with individual functions;Insulating fittings;Carbon electrodes;Electrical parts of machinery or apparatus;Electrical supplies and accessories;Electronic, electromechanical and electrotechnical supplies;Electronic equipment;Electromechanical equipment;Electrotechnical equipment",02-Aug-2026 20:00,17-Aug-2026 11:00,"Manufacturer’s name, model no., Brand name and country of origin / Manufacturing Country must be clearly mentioned in the offer. Country of Origin (COO) Certificate issued from Chamber of commerce must be submitted along with goods for all items. Model/Brand/ Manufacturing Country must be marked on the body/Name Plate of goods as per manufacturer standard. Necessary Catalogue must be supplied with the offer in English language. The tenderer must submit a confirmation certificate for item no. 04 to 09 from manufacturer/ Manufacturer’s subsidiary Company/Authorized Distributor of Manufacturer/Authorized Channel Partner of Manufacturer confirming that the offered items must meet the design specification and are new, unused, in good condition and will fit the existing system without any modification at the time of material delivery. Buyer reserves the right to check and verify the confirmation certificate. Manufacturer test certificate (if any)/Calibration certificate (if any) of the goods & Instruction/Operation Maintenance manual must be supplied along with goods. One year warranty after confirmation of quality certificate from GPFPLC.",Procurement of 10 Items Spares for Vibration & Speed Measurement,Lot wise,Package wise,Package wise,1500,Payment through Bank,12-Jan-2027,12-Jan-2027,1,Procurement of  10 Items Spares for Vibration & Speed Measurement,"GPFPLC STORE , POLASH, NOARSINDI",75000,30-Aug-2026,31-Dec-2026,Mohammad Atiqur Rahman Khan,General Manager(Comm),"Address : Ghorashal Polash Fertilizer PLC
Polash, Norshingdi. City : Polash, Ghorashal. Thana : Palash District : Norshingdi - 1611 Country : Bangladesh",,"Polash, Ghorashal.",Palash,Norshingdi - 1611,02-9466391,,https://www.eprocure.gov.bd/resources/common/ViewTender.jsp?id=1311807
Ministry of Road Transport and Bridges,Road Transport and Highways Division,Roads & Highways Department (RHD),"Workshop Division, Rajshahi",,Rajshahi,Works,NCT,TENDER,Tender - Single Lot,06/WDRAJ/2026-2027,228884,1313150,Open Tendering Method (OTM),Revenue,Government,Not applicable,Not applicable,"06/WDRAJ/2026-2027 Repair and denting painting works of Dhaka Metro-THA-11-1681 (Mitsubishi pickup) owned by Road Division, Gopalganj with replacement of necessary spare parts under Workshop Division, Rajshahi during the fiscal year 2026-2027.","Motor vehicles, trailers and vehicle parts;Motor vehicles;Passenger cars;Motor vehicles for the transport of 10 or more persons;Motor vehicles for the transport of goods;Heavy-duty motor vehicles;Vehicle bodies, trailers or semi-trailers;Vehicle bodies;Trailers, semi-trailers and mobile containers;Parts and accessories for vehicles and their engines;Engines and engine parts;Mechanical spare parts except engines and engine parts;Test benches;Vehicle conversion kits;Seat belts;Spare parts for goods vehicles;Spare parts for vans;Spare parts for cars;Tractor accessories;Motorcycles, bicycles and sidecars;Motorcycles;Motor scooters;Cycles with auxiliary motors;Bicycles",02-Aug-2026 20:00,12-Aug-2026 16:00,SEE TDS,"Repair and denting painting works of Dhaka Metro-THA-11-1681 (Mitsubishi pickup) owned by Road Division, Gopalganj with replacement of necessary spare parts under Workshop Division, Rajshahi during the fiscal year 2026-2027.",Lot wise,Package wise,Package wise,500,Payment through Bank,09-Dec-2026,09-Dec-2026,1,"Repair and denting painting works of Dhaka Metro-THA-11-1681 (Mitsubishi pickup) owned by Road Division, Gopalganj with replacement of necessary spare parts under Workshop Division, Rajshahi during the fiscal year 2026-2027.",Workshop Sub Division Rajshahi,16300,20-Aug-2026,06-Sep-2026,A.K.M. Monzur Morshed,Executive Engineer,"Address : Workshop Division, Rajshahi City : Rajshahi Thana : Rajshahi City Corporation District : Rajshahi - 1000 Country : Bangladesh","Workshop Division, Rajshahi",Rajshahi,Rajshahi City Corporation,Rajshahi - 1000,02-8879378,,https://www.eprocure.gov.bd/resources/common/ViewTender.jsp?id=1313150
Ministry of Road Transport and Bridges,Road Transport and Highways Division,Roads & Highways Department (RHD),"Workshop Division, Rajshahi",,Rajshahi,Works,NCT,TENDER,Tender - Single Lot,10/WDRAJ/2026-2027,228884,1313154,Open Tendering Method (OTM),Revenue,Government,Not applicable,Not applicable,"10/WDRAJ/2026-2027 Repair and denting painting works of Eicher Truck No.-01 owned by Road Division, Rajshahi with replacement of necessary spare parts under Workshop Division, Rajshahi during the fiscal year 2026-2027.","Motor vehicles, trailers and vehicle parts;Motor vehicles;Passenger cars;Motor vehicles for the transport of 10 or more persons;Motor vehicles for the transport of goods;Heavy-duty motor vehicles;Vehicle bodies, trailers or semi-trailers;Vehicle bodies;Trailers, semi-trailers and mobile containers;Parts and accessories for vehicles and their engines;Engines and engine parts;Mechanical spare parts except engines and engine parts;Test benches;Vehicle conversion kits;Seat belts;Spare parts for goods vehicles;Spare parts for vans;Spare parts for cars;Tractor accessories;Motorcycles, bicycles and sidecars;Motorcycles;Motor scooters;Cycles with auxiliary motors;Bicycles",02-Aug-2026 20:00,12-Aug-2026 16:00,SEE TDS,"Repair and denting painting works of Eicher Truck No.-01 owned by Road Division, Rajshahi with replacement of necessary spare parts under Workshop Division, Rajshahi during the fiscal year 2026-2027.",Lot wise,Package wise,Package wise,500,Payment through Bank,09-Dec-2026,09-Dec-2026,1,"Repair and denting painting works of Eicher Truck No.-01 owned by Road Division, Rajshahi with replacement of necessary spare parts under Workshop Division, Rajshahi during the fiscal year 2026-2027.",Workshop Sub Division Rajshahi,16200,20-Aug-2026,06-Sep-2026,A.K.M. Monzur Morshed,Executive Engineer,"Address : Workshop Division, Rajshahi City : Rajshahi Thana : Rajshahi City Corporation District : Rajshahi - 1000 Country : Bangladesh","Workshop Division, Rajshahi",Rajshahi,Rajshahi City Corporation,Rajshahi - 1000,02-8879378,,https://www.eprocure.gov.bd/resources/common/ViewTender.jsp?id=1313154
Ministry of Road Transport and Bridges,Road Transport and Highways Division,Roads & Highways Department (RHD),"Workshop Division, Rajshahi",,Rajshahi,Works,NCT,TENDER,Tender - Single Lot,08/WDRAJ/2026-2027,228884,1313152,Open Tendering Method (OTM),Revenue,Government,Not applicable,Not applicable,"08/WDRAJ/2026-2027 Repair and denting painting works of J.M Roller No.-10 owned by Road Division, Rajshahi with replacement of necessary spare parts under Workshop Division, Rajshahi during the fiscal year 2026-2027.","Motor vehicles, trailers and vehicle parts;Motor vehicles;Passenger cars;Motor vehicles for the transport of 10 or more persons;Motor vehicles for the transport of goods;Heavy-duty motor vehicles;Vehicle bodies, trailers or semi-trailers;Vehicle bodies;Trailers, semi-trailers and mobile containers;Parts and accessories for vehicles and their engines;Engines and engine parts;Mechanical spare parts except engines and engine parts;Test benches;Vehicle conversion kits;Seat belts;Spare parts for goods vehicles;Spare parts for vans;Spare parts for cars;Tractor accessories;Motorcycles, bicycles and sidecars;Motorcycles;Motor scooters;Cycles with auxiliary motors;Bicycles",02-Aug-2026 20:00,12-Aug-2026 16:00,SEE TDS,"Repair and denting painting works of J.M Roller No.-10 owned by Road Division, Rajshahi with replacement of necessary spare parts under Workshop Division, Rajshahi during the fiscal year 2026-2027.",Lot wise,Package wise,Package wise,500,Payment through Bank,09-Dec-2026,09-Dec-2026,1,"Repair and denting painting works of J.M Roller No.-10 owned by Road Division, Rajshahi with replacement of necessary spare parts under Workshop Division, Rajshahi during the fiscal year 2026-2027.",Workshop Sub Division Rajshahi,16700,20-Aug-2026,06-Sep-2026,A.K.M. Monzur Morshed,Executive Engineer,"Address : Workshop Division, Rajshahi City : Rajshahi Thana : Rajshahi City Corporation District : Rajshahi - 1000 Country : Bangladesh","Workshop Division, Rajshahi",Rajshahi,Rajshahi City Corporation,Rajshahi - 1000,02-8879378,,https://www.eprocure.gov.bd/resources/common/ViewTender.jsp?id=1313152
Ministry of Road Transport and Bridges,Road Transport and Highways Division,Roads & Highways Department (RHD),"Workshop Division, Rajshahi",,Rajshahi,Works,NCT,TENDER,Tender - Single Lot,09/WDRAJ/2026-2027,228884,1313153,Open Tendering Method (OTM),Revenue,Government,Not applicable,Not applicable,"09/WDRAJ/2026-2027 Repair and denting painting works of J.M Roller No.-12 owned by Road Division, Rajshahi with replacement of necessary spare parts under Workshop Division, Rajshahi during the fiscal year 2026-2027.","Motor vehicles, trailers and vehicle parts;Motor vehicles;Passenger cars;Motor vehicles for the transport of 10 or more persons;Motor vehicles for the transport of goods;Heavy-duty motor vehicles;Vehicle bodies, trailers or semi-trailers;Vehicle bodies;Trailers, semi-trailers and mobile containers;Parts and accessories for vehicles and their engines;Engines and engine parts;Mechanical spare parts except engines and engine parts;Test benches;Vehicle conversion kits;Seat belts;Spare parts for goods vehicles;Spare parts for vans;Spare parts for cars;Tractor accessories;Motorcycles, bicycles and sidecars;Motorcycles;Motor scooters;Cycles with auxiliary motors;Bicycles",02-Aug-2026 20:00,12-Aug-2026 16:00,SEE TDS,"Repair and denting painting works of J.M Roller No.-12 owned by Road Division, Rajshahi with replacement of necessary spare parts under Workshop Division, Rajshahi during the fiscal year 2026-2027.",Lot wise,Package wise,Package wise,500,Payment through Bank,09-Dec-2026,09-Dec-2026,1,"Repair and denting painting works of J.M Roller No.-12 owned by Road Division, Rajshahi with replacement of necessary spare parts under Workshop Division, Rajshahi during the fiscal year 2026-2027.",Workshop Sub Division Rajshahi,16400,20-Aug-2026,06-Sep-2026,A.K.M. Monzur Morshed,Executive Engineer,"Address : Workshop Division, Rajshahi City : Rajshahi Thana : Rajshahi City Corporation District : Rajshahi - 1000 Country : Bangladesh","Workshop Division, Rajshahi",Rajshahi,Rajshahi City Corporation,Rajshahi - 1000,02-8879378,,https://www.eprocure.gov.bd/resources/common/ViewTender.jsp?id=1313153
Ministry of Road Transport and Bridges,Road Transport and Highways Division,Roads & Highways Department (RHD),"Workshop Division, Rajshahi",,Rajshahi,Goods,NCT,TENDER,Tender - Single Lot,07/WDRAJ/2026-2027,228884,1313151,Open Tendering Method (OTM),Revenue,Government,Not applicable,Not applicable,"07/WDRAJ/2026-2027 Supplying of spare parts for Nissan Pickup, Mitsubishi Pickup, Toyota Hilux Pickup (As per sample of the parts assembled with the vehicle) used by different Road Division under Workshop Division, Rajshahi during the year 2026-27.","Motor vehicles, trailers and vehicle parts;Motor vehicles;Passenger cars;Motor vehicles for the transport of 10 or more persons;Motor vehicles for the transport of goods;Heavy-duty motor vehicles;Vehicle bodies, trailers or semi-trailers;Vehicle bodies;Trailers, semi-trailers and mobile containers;Parts and accessories for vehicles and their engines;Engines and engine parts;Mechanical spare parts except engines and engine parts;Test benches;Vehicle conversion kits;Seat belts;Spare parts for goods vehicles;Spare parts for vans;Spare parts for cars;Tractor accessories;Motorcycles, bicycles and sidecars;Motorcycles;Motor scooters;Cycles with auxiliary motors;Bicycles",02-Aug-2026 20:00,12-Aug-2026 16:00,SEE TDS,"Supplying of spare parts for Nissan Pickup, Mitsubishi Pickup, Toyota Hilux Pickup (As per sample of the parts assembled with the vehicle) used by different Road Division under Workshop Division, Rajshahi during the year 2026-27.",Lot wise,Package wise,Package wise,500,Payment through Bank,09-Dec-2026,09-Dec-2026,1,"Supplying of spare parts for Nissan Pickup, Mitsubishi Pickup, Toyota Hilux Pickup (As per sample of the parts assembled with the vehicle) used by different Road Division under Workshop Division, Rajshahi during the year 2026-27.",Workshop Sub Division Rajshahi,11500,20-Aug-2026,01-Sep-2026,A.K.M. Monzur Morshed,Executive Engineer,"Address : Workshop Division, Rajshahi City : Rajshahi Thana : Rajshahi City Corporation District : Rajshahi - 1000 Country : Bangladesh","Workshop Division, Rajshahi",Rajshahi,Rajshahi City Corporation,Rajshahi - 1000,02-8879378,,https://www.eprocure.gov.bd/resources/common/ViewTender.jsp?id=1313151
Ministry of Road Transport and Bridges,Road Transport and Highways Division,Roads & Highways Department (RHD),"Workshop Division, Rajshahi",,Rajshahi,Works,NCT,TENDER,Tender - Single Lot,05/WDRAJ/2026-2027,228884,1313149,Open Tendering Method (OTM),Revenue,Government,Not applicable,Not applicable,"05/WDRAJ/2026-2027 Repair and denting painting works of Dhaka Metro-GHA-02-631(Pajero Jeep Model-4D56 ) owned by Road Division, Satkhira with replacement of necessary spare parts under Workshop Division, Rajshahi during the fiscal year 2026-2027.","Motor vehicles, trailers and vehicle parts;Motor vehicles;Passenger cars;Motor vehicles for the transport of 10 or more persons;Motor vehicles for the transport of goods;Heavy-duty motor vehicles;Vehicle bodies, trailers or semi-trailers;Vehicle bodies;Trailers, semi-trailers and mobile containers;Parts and accessories for vehicles and their engines;Engines and engine parts;Mechanical spare parts except engines and engine parts;Test benches;Vehicle conversion kits;Seat belts;Spare parts for goods vehicles;Spare parts for vans;Spare parts for cars;Tractor accessories;Motorcycles, bicycles and sidecars;Motorcycles;Motor scooters;Cycles with auxiliary motors;Bicycles",02-Aug-2026 20:00,12-Aug-2026 16:00,SEE TDS,"Repair and denting painting works of Dhaka Metro-GHA-02-631(Pajero Jeep Model-4D56 ) owned by Road Division, Satkhira with replacement of necessary spare parts under Workshop Division, Rajshahi during the fiscal year 2026-2027.",Lot wise,Package wise,Package wise,500,Payment through Bank,09-Dec-2026,09-Dec-2026,1,"Repair and denting painting works of Dhaka Metro-GHA-02-631(Pajero Jeep Model-4D56 ) owned by Road Division, Satkhira with replacement of necessary spare parts under Workshop Division, Rajshahi during the fiscal year 2026-2027.",Workshop Sub Division Rajshahi,17000,20-Aug-2026,06-Sep-2026,A.K.M. Monzur Morshed,Executive Engineer,"Address : Workshop Division, Rajshahi City : Rajshahi Thana : Rajshahi City Corporation District : Rajshahi - 1000 Country : Bangladesh","Workshop Division, Rajshahi",Rajshahi,Rajshahi City Corporation,Rajshahi - 1000,02-8879378,,https://www.eprocure.gov.bd/resources/common/ViewTender.jsp?id=1313149
Ministry of Road Transport and Bridges,Road Transport and Highways Division,Roads & Highways Department (RHD),"Workshop Division, Rajshahi",,Rajshahi,Works,NCT,TENDER,Tender - Single Lot,12/WDRAJ/2026-2027,228884,1313156,Open Tendering Method (OTM),Revenue,Government,Not applicable,Not applicable,"12/WDRAJ/2026-2027 Repair and denting painting works of J.M Roller No.-03 owned by Road Division, Natore with replacement of necessary spare parts under Workshop Division, Rajshahi during the fiscal year 2026-2027.","Motor vehicles, trailers and vehicle parts;Motor vehicles;Passenger cars;Motor vehicles for the transport of 10 or more persons;Motor vehicles for the transport of goods;Heavy-duty motor vehicles;Vehicle bodies, trailers or semi-trailers;Vehicle bodies;Trailers, semi-trailers and mobile containers;Parts and accessories for vehicles and their engines;Engines and engine parts;Mechanical spare parts except engines and engine parts;Test benches;Vehicle conversion kits;Seat belts;Spare parts for goods vehicles;Spare parts for vans;Spare parts for cars;Tractor accessories;Motorcycles, bicycles and sidecars;Motorcycles;Motor scooters;Cycles with auxiliary motors;Bicycles",02-Aug-2026 20:00,12-Aug-2026 16:00,SEE TDS,"Repair and denting painting works of J.M Roller No.-03 owned by Road Division, Natore with replacement of necessary spare parts under Workshop Division, Rajshahi during the fiscal year 2026-2027.",Lot wise,Package wise,Package wise,500,Payment through Bank,09-Dec-2026,09-Dec-2026,1,"Repair and denting painting works of J.M Roller No.-03 owned by Road Division, Natore with replacement of necessary spare parts under Workshop Division, Rajshahi during the fiscal year 2026-2027.",Workshop Sub Division Rajshahi,16900,20-Aug-2026,06-Sep-2026,A.K.M. Monzur Morshed,Executive Engineer,"Address : Workshop Division, Rajshahi City : Rajshahi Thana : Rajshahi City Corporation District : Rajshahi - 1000 Country : Bangladesh","Workshop Division, Rajshahi",Rajshahi,Rajshahi City Corporation,Rajshahi - 1000,02-8879378,,https://www.eprocure.gov.bd/resources/common/ViewTender.jsp?id=1313156
Ministry of Road Transport and Bridges,Road Transport and Highways Division,Roads & Highways Department (RHD),"Workshop Division, Rajshahi",,Rajshahi,Works,NCT,TENDER,Tender - Single Lot,04/WDRAJ/2026-2027,228884,1313147,Open Tendering Method (OTM),Revenue,Government,Not applicable,Not applicable,"04/WDRAJ/2026-2027 Repair and denting painting works of Dhaka Metro-THA-11-3262 (Toyota Hilux Pickup ) owned by Road Division, Chapainawabganj with replacement of necessary spare parts under Workshop Division, Rajshahi during the fiscal year 2026-2027.","Motor vehicles, trailers and vehicle parts;Motor vehicles;Passenger cars;Motor vehicles for the transport of 10 or more persons;Motor vehicles for the transport of goods;Heavy-duty motor vehicles;Vehicle bodies, trailers or semi-trailers;Vehicle bodies;Trailers, semi-trailers and mobile containers;Parts and accessories for vehicles and their engines;Engines and engine parts;Mechanical spare parts except engines and engine parts;Test benches;Vehicle conversion kits;Seat belts;Spare parts for goods vehicles;Spare parts for vans;Spare parts for cars;Tractor accessories;Motorcycles, bicycles and sidecars;Motorcycles;Motor scooters;Cycles with auxiliary motors;Bicycles",02-Aug-2026 20:00,12-Aug-2026 16:00,SEE TDS,"Repair and denting painting works of Dhaka Metro-THA-11-3262 (Toyota Hilux Pickup ) owned by Road Division, Chapainawabganj with replacement of necessary spare parts under Workshop Division, Rajshahi during the fiscal year 2026-2027.",Lot wise,Package wise,Package wise,500,Payment through Bank,09-Dec-2026,09-Dec-2026,1,"Repair and denting painting works of Dhaka Metro-THA-11-3262 (Toyota Hilux Pickup ) owned by Road Division, Chapainawabganj with replacement of necessary spare parts under Workshop Division, Rajshahi during the fiscal year 2026-2027.",Workshop Sub Division Rajshahi,16400,20-Aug-2026,06-Sep-2026,A.K.M. Monzur Morshed,Executive Engineer,"Address : Workshop Division, Rajshahi City : Rajshahi Thana : Rajshahi City Corporation District : Rajshahi - 1000 Country : Bangladesh","Workshop Division, Rajshahi",Rajshahi,Rajshahi City Corporation,Rajshahi - 1000,02-8879378,,https://www.eprocure.gov.bd/resources/common/ViewTender.jsp?id=1313147
Ministry of Road Transport and Bridges,Road Transport and Highways Division,Roads & Highways Department (RHD),"Workshop Division, Rajshahi",,Rajshahi,Works,NCT,TENDER,Tender - Single Lot,03/WDRAJ/2026-2027,228884,1313146,Open Tendering Method (OTM),Revenue,Government,Not applicable,Not applicable,"03/WDRAJ/2026-2027 Repair and denting painting works of Dhaka Metro-GHA-13-5442 (Mitsubishi Pajero Jeep) owned by Road Division, Natore with replacement of necessary spare parts under Workshop Division, Rajshahi during the fiscal year 22026-2027.","Motor vehicles, trailers and vehicle parts;Motor vehicles;Passenger cars;Motor vehicles for the transport of 10 or more persons;Motor vehicles for the transport of goods;Heavy-duty motor vehicles;Vehicle bodies, trailers or semi-trailers;Vehicle bodies;Trailers, semi-trailers and mobile containers;Parts and accessories for vehicles and their engines;Engines and engine parts;Mechanical spare parts except engines and engine parts;Test benches;Vehicle conversion kits;Seat belts;Spare parts for goods vehicles;Spare parts for vans;Spare parts for cars;Tractor accessories;Motorcycles, bicycles and sidecars;Motorcycles;Motor scooters;Cycles with auxiliary motors;Bicycles",02-Aug-2026 20:00,12-Aug-2026 16:00,SEE TDS,"Repair and denting painting works of Dhaka Metro-GHA-13-5442 (Mitsubishi Pajero Jeep) owned by Road Division, Natore with replacement of necessary spare parts under Workshop Division, Rajshahi during the fiscal year 22026-2027.",Lot wise,Package wise,Package wise,500,Payment through Bank,09-Dec-2026,09-Dec-2026,1,"Repair and denting painting works of Dhaka Metro-GHA-13-5442 (Mitsubishi Pajero Jeep) owned by Road Division, Natore with replacement of necessary spare parts under Workshop Division, Rajshahi during the fiscal year 22026-2027.",Workshop Sub Division Rajshahi,17100,20-Aug-2026,06-Sep-2026,A.K.M. Monzur Morshed,Executive Engineer,"Address : Workshop Division, Rajshahi City : Rajshahi Thana : Rajshahi City Corporation District : Rajshahi - 1000 Country : Bangladesh","Workshop Division, Rajshahi",Rajshahi,Rajshahi City Corporation,Rajshahi - 1000,02-8879378,,https://www.eprocure.gov.bd/resources/common/ViewTender.jsp?id=1313146
Ministry of Road Transport and Bridges,Road Transport and Highways Division,Roads & Highways Department (RHD),"Workshop Division, Rajshahi",,Rajshahi,Works,NCT,TENDER,Tender - Single Lot,11/WDRAJ/2026-2027,228884,1313155,Open Tendering Method (OTM),Revenue,Government,Not applicable,Not applicable,"11/WDRAJ/2026-2027 Repair and denting painting works of Ashok leyland Truck No.-01 owned by Road Division, Rajshahi with replacement of necessary spare parts under Workshop Division, Rajshahi during the fiscal year 2026-2027.","Motor vehicles, trailers and vehicle parts;Motor vehicles;Passenger cars;Motor vehicles for the transport of 10 or more persons;Motor vehicles for the transport of goods;Heavy-duty motor vehicles;Vehicle bodies, trailers or semi-trailers;Vehicle bodies;Trailers, semi-trailers and mobile containers;Parts and accessories for vehicles and their engines;Engines and engine parts;Mechanical spare parts except engines and engine parts;Test benches;Vehicle conversion kits;Seat belts;Spare parts for goods vehicles;Spare parts for vans;Spare parts for cars;Tractor accessories;Motorcycles, bicycles and sidecars;Motorcycles;Motor scooters;Cycles with auxiliary motors;Bicycles",02-Aug-2026 20:00,12-Aug-2026 16:00,SEE TDS,"Repair and denting painting works of Ashok leyland Truck No.-01 owned by Road Division, Rajshahi with replacement of necessary spare parts under Workshop Division, Rajshahi during the fiscal year 2026-2027",Lot wise,Package wise,Package wise,500,Payment through Bank,09-Dec-2026,09-Dec-2026,1,"Repair and denting painting works of Ashok leyland Truck No.-01 owned by Road Division, Rajshahi with replacement of necessary spare parts under Workshop Division, Rajshahi during the fiscal year 2026-2027.",Workshop Sub Division Rajshahi,16500,20-Aug-2026,06-Sep-2026,A.K.M. Monzur Morshed,Executive Engineer,"Address : Workshop Division, Rajshahi City : Rajshahi Thana : Rajshahi City Corporation District : Rajshahi - 1000 Country : Bangladesh","Workshop Division, Rajshahi",Rajshahi,Rajshahi City Corporation,Rajshahi - 1000,02-8879378,,https://www.eprocure.gov.bd/resources/common/ViewTender.jsp?id=1313155
Ministry of Road Transport and Bridges,Road Transport and Highways Division,Roads & Highways Department (RHD),"Workshop Division, Rajshahi",,Rajshahi,Works,NCT,TENDER,Tender - Single Lot,21/WDRAJ/2026-2027,228884,1313165,Open Tendering Method (OTM),Revenue,Government,Not applicable,Not applicable,"21/WDRAJ/2026-2027 Repair and denting painting works of Eicher Truck No.-02 owned by Road Division, Bagerhat with replacement of necessary spare parts under Workshop Division, Rajshahi during the fiscal year 2026-2027.","Motor vehicles, trailers and vehicle parts;Motor vehicles;Passenger cars;Motor vehicles for the transport of 10 or more persons;Motor vehicles for the transport of goods;Heavy-duty motor vehicles;Vehicle bodies, trailers or semi-trailers;Vehicle bodies;Trailers, semi-trailers and mobile containers;Parts and accessories for vehicles and their engines;Engines and engine parts;Mechanical spare parts except engines and engine parts;Test benches;Vehicle conversion kits;Seat belts;Spare parts for goods vehicles;Spare parts for vans;Spare parts for cars;Tractor accessories;Motorcycles, bicycles and sidecars;Motorcycles;Motor scooters;Cycles with auxiliary motors;Bicycles",02-Aug-2026 20:00,12-Aug-2026 20:00,SEE TDS,"Repair and denting painting works of Eicher Truck No.-02 owned by Road Division, Bagerhat with replacement of necessary spare parts under Workshop Division, Rajshahi during the fiscal year 2026-2027.",Lot wise,Package wise,Package wise,500,Payment through Bank,09-Dec-2026,09-Dec-2026,1,"Repair and denting painting works of Eicher Truck No.-02 owned by Road Division, Bagerhat with replacement of necessary spare parts under Workshop Division, Rajshahi during the fiscal year 2026-2027.",Workshop Sub Division Rajshahi,18100,20-Aug-2026,06-Sep-2026,A.K.M. Monzur Morshed,Executive Engineer,"Address : Workshop Division, Rajshahi City : Rajshahi Thana : Rajshahi City Corporation District : Rajshahi - 1000 Country : Bangladesh","Workshop Division, Rajshahi",Rajshahi,Rajshahi City Corporation,Rajshahi - 1000,02-8879378,,https://www.eprocure.gov.bd/resources/common/ViewTender.jsp?id=1313165
Ministry of Road Transport and Bridges,Road Transport and Highways Division,Roads & Highways Department (RHD),"Workshop Division, Rajshahi",,Rajshahi,Works,NCT,TENDER,Tender - Single Lot,17/WDRAJ/2026-2027,228884,1313161,Open Tendering Method (OTM),Revenue,Government,Not applicable,Not applicable,"17/WDRAJ/2026-2027 Repair and denting painting works of Isuzu Water Tanker owned by Road Division, Sirajganj with replacement of necessary spare parts under Workshop Division, Rajshahi during the fiscal year 2026-2027.","Motor vehicles, trailers and vehicle parts;Motor vehicles;Passenger cars;Motor vehicles for the transport of 10 or more persons;Motor vehicles for the transport of goods;Heavy-duty motor vehicles;Vehicle bodies, trailers or semi-trailers;Vehicle bodies;Trailers, semi-trailers and mobile containers;Parts and accessories for vehicles and their engines;Engines and engine parts;Mechanical spare parts except engines and engine parts;Test benches;Vehicle conversion kits;Seat belts;Spare parts for goods vehicles;Spare parts for vans;Spare parts for cars;Tractor accessories;Motorcycles, bicycles and sidecars;Motorcycles;Motor scooters;Cycles with auxiliary motors;Bicycles",02-Aug-2026 20:00,12-Aug-2026 16:00,SEE TDS,"Repair and denting painting works of Isuzu Water Tanker owned by Road Division, Sirajganj with replacement of necessary spare parts under Workshop Division, Rajshahi during the fiscal year 2026-2027.",Lot wise,Package wise,Package wise,500,Payment through Bank,09-Dec-2026,09-Dec-2026,1,"Repair and denting painting works of Isuzu Water Tanker owned by Road Division, Sirajganj with replacement of necessary spare parts under Workshop Division, Rajshahi during the fiscal year 2026-2027.",Workshop Sub Division Rajshahi,19000,20-Aug-2026,06-Sep-2026,A.K.M. Monzur Morshed,Executive Engineer,"Address : Workshop Division, Rajshahi City : Rajshahi Thana : Rajshahi City Corporation District : Rajshahi - 1000 Country : Bangladesh","Workshop Division, Rajshahi",Rajshahi,Rajshahi City Corporation,Rajshahi - 1000,02-8879378,,https://www.eprocure.gov.bd/resources/common/ViewTender.jsp?id=1313161
Ministry of Road Transport and Bridges,Road Transport and Highways Division,Roads & Highways Department (RHD),"Workshop Division, Rajshahi",,Rajshahi,Works,NCT,TENDER,Tender - Single Lot,18/WDRAJ/2026-2027,228884,1313162,Open Tendering Method (OTM),Revenue,Government,Not applicable,Not applicable,"18/WDRAJ/2026-2027 Repair and denting painting works of Soil Compactor owned by Road Division, Jenaidah with replacement of necessary spare parts under Workshop Division, Rajshahi during the fiscal year 2026-2027.","Motor vehicles, trailers and vehicle parts;Motor vehicles;Passenger cars;Motor vehicles for the transport of 10 or more persons;Motor vehicles for the transport of goods;Heavy-duty motor vehicles;Vehicle bodies, trailers or semi-trailers;Vehicle bodies;Trailers, semi-trailers and mobile containers;Parts and accessories for vehicles and their engines;Engines and engine parts;Mechanical spare parts except engines and engine parts;Test benches;Vehicle conversion kits;Seat belts;Spare parts for goods vehicles;Spare parts for vans;Spare parts for cars;Tractor accessories;Motorcycles, bicycles and sidecars;Motorcycles;Motor scooters;Cycles with auxiliary motors;Bicycles",02-Aug-2026 20:00,12-Aug-2026 16:00,SEE TDS,"Repair and denting painting works of Soil Compactor owned by Road Division, Jenaidah with replacement of necessary spare parts under Workshop Division, Rajshahi during the fiscal year 2026-2027.",Lot wise,Package wise,Package wise,500,Payment through Bank,09-Dec-2026,09-Dec-2026,1,"Repair and denting painting works of Soil Compactor owned by Road Division, Jenaidah with replacement of necessary spare parts under Workshop Division, Rajshahi during the fiscal year 2026-2027.",Workshop Sub Division Rajshahi,20500,20-Aug-2026,06-Sep-2026,A.K.M. Monzur Morshed,Executive Engineer,"Address : Workshop Division, Rajshahi City : Rajshahi Thana : Rajshahi City Corporation District : Rajshahi - 1000 Country : Bangladesh","Workshop Division, Rajshahi",Rajshahi,Rajshahi City Corporation,Rajshahi - 1000,02-8879378,,https://www.eprocure.gov.bd/resources/common/ViewTender.jsp?id=1313162
Ministry of Road Transport and Bridges,Road Transport and Highways Division,Roads & Highways Department (RHD),"Workshop Division, Rajshahi",,Rajshahi,Works,NCT,TENDER,Tender - Single Lot,20/WDRAJ/2026-2027,228884,1313164,Open Tendering Method (OTM),Revenue,Government,Not applicable,Not applicable,"20/WDRAJ/2026-2027 Repair and denting painting works of J.M Roller No.-25 owned by Road Division, Jashore with replacement of necessary spare parts under Workshop Division, Rajshahi during the fiscal year 2026-2027.","Motor vehicles, trailers and vehicle parts;Motor vehicles;Passenger cars;Motor vehicles for the transport of 10 or more persons;Motor vehicles for the transport of goods;Heavy-duty motor vehicles;Vehicle bodies, trailers or semi-trailers;Vehicle bodies;Trailers, semi-trailers and mobile containers;Parts and accessories for vehicles and their engines;Engines and engine parts;Mechanical spare parts except engines and engine parts;Test benches;Vehicle conversion kits;Seat belts;Spare parts for goods vehicles;Spare parts for vans;Spare parts for cars;Tractor accessories;Motorcycles, bicycles and sidecars;Motorcycles;Motor scooters;Cycles with auxiliary motors;Bicycles",02-Aug-2026 20:00,12-Aug-2026 16:00,SEE TDS,"Repair and denting painting works of J.M Roller No.-25 owned by Road Division, Jashore with replacement of necessary spare parts under Workshop Division, Rajshahi during the fiscal year 2026-2027.",Lot wise,Package wise,Package wise,500,Payment through Bank,09-Dec-2026,09-Dec-2026,1,"Repair and denting painting works of J.M Roller No.-25 owned by Road Division, Jashore with replacement of necessary spare parts under Workshop Division, Rajshahi during the fiscal year 2026-2027.",Workshop Sub Division Rajshahi,18100,20-Aug-2026,06-Sep-2026,A.K.M. Monzur Morshed,Executive Engineer,"Address : Workshop Division, Rajshahi City : Rajshahi Thana : Rajshahi City Corporation District : Rajshahi - 1000 Country : Bangladesh","Workshop Division, Rajshahi",Rajshahi,Rajshahi City Corporation,Rajshahi - 1000,02-8879378,,https://www.eprocure.gov.bd/resources/common/ViewTender.jsp?id=1313164
Ministry of Road Transport and Bridges,Road Transport and Highways Division,Roads & Highways Department (RHD),"Workshop Division, Rajshahi",,Rajshahi,Works,NCT,TENDER,Tender - Single Lot,15/WDRAJ/2026-2027,228884,1313160,Open Tendering Method (OTM),Revenue,Government,Not applicable,Not applicable,"15/WDRAJ/2026-2027 Repair and denting painting works of J.M Roller No.-03 owned by Road Division, Chapainawabganj with replacement of necessary spare parts under Workshop Division, Rajshahi during the fiscal year 2026-2027.","Motor vehicles, trailers and vehicle parts;Motor vehicles;Passenger cars;Motor vehicles for the transport of 10 or more persons;Motor vehicles for the transport of goods;Heavy-duty motor vehicles;Vehicle bodies, trailers or semi-trailers;Vehicle bodies;Trailers, semi-trailers and mobile containers;Parts and accessories for vehicles and their engines;Engines and engine parts;Mechanical spare parts except engines and engine parts;Test benches;Vehicle conversion kits;Seat belts;Spare parts for goods vehicles;Spare parts for vans;Spare parts for cars;Tractor accessories;Motorcycles, bicycles and sidecars;Motorcycles;Motor scooters;Cycles with auxiliary motors;Bicycles",02-Aug-2026 20:00,12-Aug-2026 16:00,SEE TDS,"Repair and denting painting works of J.M Roller No.-03 owned by Road Division, Chapainawabganj with replacement of necessary spare parts under Workshop Division, Rajshahi during the fiscal year 2026-2027.",Lot wise,Package wise,Package wise,500,Payment through Bank,09-Dec-2026,09-Dec-2026,1,"Repair and denting painting works of J.M Roller No.-03 owned by Road Division, Chapainawabganj with replacement of necessary spare parts under Workshop Division, Rajshahi during the fiscal year 2026-2027.",Workshop Sub Division Rajshahi,16600,20-Aug-2026,06-Sep-2026,A.K.M. Monzur Morshed,Executive Engineer,"Address : Workshop Division, Rajshahi City : Rajshahi Thana : Rajshahi City Corporation District : Rajshahi - 1000 Country : Bangladesh","Workshop Division, Rajshahi",Rajshahi,Rajshahi City Corporation,Rajshahi - 1000,02-8879378,,https://www.eprocure.gov.bd/resources/common/ViewTender.jsp?id=1313160
Ministry of Road Transport and Bridges,Road Transport and Highways Division,Roads & Highways Department (RHD),"Workshop Division, Rajshahi",,Rajshahi,Works,NCT,TENDER,Tender - Single Lot,16/WDRAJ/2026-2027,228884,1313159,Open Tendering Method (OTM),Revenue,Government,Not applicable,Not applicable,"16/WDRAJ/2026-2027 Repair and denting painting works of J.M Roller No.-03 owned by Road Division, Sirajganj with replacement of necessary spare parts under Workshop Division, Rajshahi during the fiscal year 2026-2027.","Motor vehicles, trailers and vehicle parts;Motor vehicles;Passenger cars;Motor vehicles for the transport of 10 or more persons;Motor vehicles for the transport of goods;Heavy-duty motor vehicles;Vehicle bodies, trailers or semi-trailers;Vehicle bodies;Trailers, semi-trailers and mobile containers;Parts and accessories for vehicles and their engines;Engines and engine parts;Mechanical spare parts except engines and engine parts;Test benches;Vehicle conversion kits;Seat belts;Spare parts for goods vehicles;Spare parts for vans;Spare parts for cars;Tractor accessories;Motorcycles, bicycles and sidecars;Motorcycles;Motor scooters;Cycles with auxiliary motors;Bicycles",02-Aug-2026 20:00,12-Aug-2026 16:00,SEE TDS,"Repair and denting painting works of J.M Roller No.-03 owned by Road Division, Sirajganj with replacement of necessary spare parts under Workshop Division, Rajshahi during the fiscal year 2026-2027.",Lot wise,Package wise,Package wise,500,Payment through Bank,09-Dec-2026,09-Dec-2026,1,"Repair and denting painting works of J.M Roller No.-03 owned by Road Division, Sirajganj with replacement of necessary spare parts under Workshop Division, Rajshahi during the fiscal year 2026-2027.",Workshop Sub Division Rajshahi,17700,20-Aug-2026,06-Sep-2026,A.K.M. Monzur Morshed,Executive Engineer,"Address : Workshop Division, Rajshahi City : Rajshahi Thana : Rajshahi City Corporation District : Rajshahi - 1000 Country : Bangladesh","Workshop Division, Rajshahi",Rajshahi,Rajshahi City Corporation,Rajshahi - 1000,02-8879378,,https://www.eprocure.gov.bd/resources/common/ViewTender.jsp?id=1313159
Ministry of Road Transport and Bridges,Road Transport and Highways Division,Roads & Highways Department (RHD),"Workshop Division, Rajshahi",,Rajshahi,Works,NCT,TENDER,Tender - Single Lot,19/WDRAJ/2026-2027,228884,1313163,Open Tendering Method (OTM),Revenue,Government,Not applicable,Not applicable,"19/WDRAJ/2026-2027 Repair and denting painting works of Eicher Truck No.-01 owned by Road Division, Jenaidah with replacement of necessary spare parts under Workshop Division, Rajshahi during the fiscal year 2026-2027.","Motor vehicles, trailers and vehicle parts;Motor vehicles;Passenger cars;Motor vehicles for the transport of 10 or more persons;Motor vehicles for the transport of goods;Heavy-duty motor vehicles;Vehicle bodies, trailers or semi-trailers;Vehicle bodies;Trailers, semi-trailers and mobile containers;Parts and accessories for vehicles and their engines;Engines and engine parts;Mechanical spare parts except engines and engine parts;Test benches;Vehicle conversion kits;Seat belts;Spare parts for goods vehicles;Spare parts for vans;Spare parts for cars;Tractor accessories;Motorcycles, bicycles and sidecars;Motorcycles;Motor scooters;Cycles with auxiliary motors;Bicycles",02-Aug-2026 20:00,12-Aug-2026 16:00,SEE TDS,"Repair and denting painting works of Eicher Truck No.-01 owned by Road Division, Jenaidah with replacement of necessary spare parts under Workshop Division, Rajshahi during the fiscal year 2026-2027.",Lot wise,Package wise,Package wise,500,Payment through Bank,09-Dec-2026,09-Dec-2026,1,"Repair and denting painting works of Eicher Truck No.-01 owned by Road Division, Jenaidah with replacement of necessary spare parts under Workshop Division, Rajshahi during the fiscal year 2026-2027.",Workshop Sub Division Rajshahi,17600,20-Aug-2026,06-Sep-2026,A.K.M. Monzur Morshed,Executive Engineer,"Address : Workshop Division, Rajshahi City : Rajshahi Thana : Rajshahi City Corporation District : Rajshahi - 1000 Country : Bangladesh","Workshop Division, Rajshahi",Rajshahi,Rajshahi City Corporation,Rajshahi - 1000,02-8879378,,https://www.eprocure.gov.bd/resources/common/ViewTender.jsp?id=1313163
Ministry of Road Transport and Bridges,Road Transport and Highways Division,Roads & Highways Department (RHD),"Workshop Division, Rajshahi",,Rajshahi,Works,NCT,TENDER,Tender - Single Lot,13/WDRAJ/2026-2027,228884,1313157,Open Tendering Method (OTM),Revenue,Government,Not applicable,Not applicable,"13/WDRAJ/2026-2027 Repair and denting painting works of Payloader No.-01 owned by Road Division, Natore with replacement of necessary spare parts under Workshop Division, Rajshahi during the fiscal year 2026-2027.","Motor vehicles, trailers and vehicle parts;Motor vehicles;Passenger cars;Motor vehicles for the transport of 10 or more persons;Motor vehicles for the transport of goods;Heavy-duty motor vehicles;Vehicle bodies, trailers or semi-trailers;Vehicle bodies;Trailers, semi-trailers and mobile containers;Parts and accessories for vehicles and their engines;Engines and engine parts;Mechanical spare parts except engines and engine parts;Test benches;Vehicle conversion kits;Seat belts;Spare parts for goods vehicles;Spare parts for vans;Spare parts for cars;Tractor accessories;Motorcycles, bicycles and sidecars;Motorcycles;Motor scooters;Cycles with auxiliary motors;Bicycles",02-Aug-2026 20:00,12-Aug-2026 16:00,SEE TDS,"Repair and denting painting works of Payloader No.-01 owned by Road Division, Natore with replacement of necessary spare parts under Workshop Division, Rajshahi during the fiscal year 2026-2027.",Lot wise,Package wise,Package wise,500,Payment through Bank,09-Dec-2026,09-Dec-2026,1,"Repair and denting painting works of Payloader No.-01 owned by Road Division, Natore with replacement of necessary spare parts under Workshop Division, Rajshahi during the fiscal year 2026-2027.",Workshop Sub Division Rajshahi,20600,20-Aug-2026,06-Sep-2026,A.K.M. Monzur Morshed,Executive Engineer,"Address : Workshop Division, Rajshahi City : Rajshahi Thana : Rajshahi City Corporation District : Rajshahi - 1000 Country : Bangladesh","Workshop Division, Rajshahi",Rajshahi,Rajshahi City Corporation,Rajshahi - 1000,02-8879378,,https://www.eprocure.gov.bd/resources/common/ViewTender.jsp?id=1313157
Ministry of Road Transport and Bridges,Road Transport and Highways Division,Roads & Highways Department (RHD),"Workshop Division, Rajshahi",,Rajshahi,Works,NCT,TENDER,Tender - Single Lot,14/WDRAJ/2026-2027,228884,1313158,Open Tendering Method (OTM),Revenue,Government,Not applicable,Not applicable,"14/WDRAJ/2026-2027 Repair and denting painting works of China Roller No.-02 owned by Road Division, Chapainawabganj with replacement of necessary spare parts under Workshop Division, Rajshahi during the fiscal year 2026-2027.","Motor vehicles, trailers and vehicle parts;Motor vehicles;Passenger cars;Motor vehicles for the transport of 10 or more persons;Motor vehicles for the transport of goods;Heavy-duty motor vehicles;Vehicle bodies, trailers or semi-trailers;Vehicle bodies;Trailers, semi-trailers and mobile containers;Parts and accessories for vehicles and their engines;Engines and engine parts;Mechanical spare parts except engines and engine parts;Test benches;Vehicle conversion kits;Seat belts;Spare parts for goods vehicles;Spare parts for vans;Spare parts for cars;Tractor accessories;Motorcycles, bicycles and sidecars;Motorcycles;Motor scooters;Cycles with auxiliary motors;Bicycles",02-Aug-2026 20:00,12-Aug-2026 16:00,SEE TDS,"Repair and denting painting works of China Roller No.-02 owned by Road Division, Chapainawabganj with replacement of necessary spare parts under Workshop Division, Rajshahi during the fiscal year 2026-2027.",Lot wise,Package wise,Package wise,500,Payment through Bank,09-Dec-2026,09-Dec-2026,1,"Repair and denting painting works of China Roller No.-02 owned by Road Division, Chapainawabganj with replacement of necessary spare parts under Workshop Division, Rajshahi during the fiscal year 2026-2027.",Workshop Sub Division Rajshahi,18300,20-Aug-2026,06-Sep-2026,A.K.M. Monzur Morshed,Executive Engineer,"Address : Workshop Division, Rajshahi City : Rajshahi Thana : Rajshahi City Corporation District : Rajshahi - 1000 Country : Bangladesh","Workshop Division, Rajshahi",Rajshahi,Rajshahi City Corporation,Rajshahi - 1000,02-8879378,,https://www.eprocure.gov.bd/resources/common/ViewTender.jsp?id=1313158
Ministry of Road Transport and Bridges,Road Transport and Highways Division,Roads & Highways Department (RHD),"Workshop Division, Rajshahi",,Rajshahi,Works,NCT,TENDER,Tender - Single Lot,22/WDRAJ/2026-2027,228884,1313166,Open Tendering Method (OTM),Revenue,Government,Not applicable,Not applicable,"22/WDRAJ/2026-2027 Repair and denting painting works of China Roller No.-02 owned by Road Division, Gopalganj with replacement of necessary spare parts under Workshop Division, Rajshahi during the fiscal year 2026-2027.","Motor vehicles, trailers and vehicle parts;Motor vehicles;Passenger cars;Motor vehicles for the transport of 10 or more persons;Motor vehicles for the transport of goods;Heavy-duty motor vehicles;Vehicle bodies, trailers or semi-trailers;Vehicle bodies;Trailers, semi-trailers and mobile containers;Parts and accessories for vehicles and their engines;Engines and engine parts;Mechanical spare parts except engines and engine parts;Test benches;Vehicle conversion kits;Seat belts;Spare parts for goods vehicles;Spare parts for vans;Spare parts for cars;Tractor accessories;Motorcycles, bicycles and sidecars;Motorcycles;Motor scooters;Cycles with auxiliary motors;Bicycles",02-Aug-2026 20:00,12-Aug-2026 16:00,SEE TDS,"Repair and denting painting works of China Roller No.-02 owned by Road Division, Gopalganj with replacement of necessary spare parts under Workshop Division, Rajshahi during the fiscal year 2026-2027.",Lot wise,Package wise,Package wise,500,Payment through Bank,09-Dec-2026,09-Dec-2026,1,"Repair and denting painting works of China Roller No.-02 owned by Road Division, Gopalganj with replacement of necessary spare parts under Workshop Division, Rajshahi during the fiscal year 2026-2027.",Workshop Sub Division Rajshahi,18300,20-Aug-2026,06-Sep-2026,A.K.M. Monzur Morshed,Executive Engineer,"Address : Workshop Division, Rajshahi City : Rajshahi Thana : Rajshahi City Corporation District : Rajshahi - 1000 Country : Bangladesh","Workshop Division, Rajshahi",Rajshahi,Rajshahi City Corporation,Rajshahi - 1000,02-8879378,,https://www.eprocure.gov.bd/resources/common/ViewTender.jsp?id=1313166
Ministry of Health and Family Welfare,Health Services Division,Directorate General of Health Services (DGHS),"Taherpur Upazila Health Complex, Sunamganj",,Sunamganj,Goods,NCT,TENDER,Tender - Single Lot,UHC/TAHER/SUNAM/TENDER/2026-2027/430,227004,1313588,Open Tendering Method (OTM),Revenue,Government,Not applicable,Not applicable,"UHC/Taher/Sunam/e-Tender/2026-27/Gr-01 Procurement of Non-EDCL Medicine for the F.Y. 2026-27 at Upazila Health Complex, Taherpur Sunamganj.","Medical and laboratory devices, optical and precision devices, watches and clocks, pharmaceuticals and related medical consumables;Medical devices;Imaging equipment for medical, dental and veterinary use;Functional exploration;Dentistry;Medical non-chemical consumables and haematological consumables;Therapy;Operating techniques;Anaesthesia and resuscitation;Functional support;Miscellaneous medical devices;Instruments and appliances for measuring, checking, testing and navigating;Navigational, meteorological, geological and geophysical instruments;Remote-control equipment;Precision balances, instruments for drawing, calculating and measuring length;Instruments for measuring quantities;Instruments for checking physical characteristics;Checking and testing apparatus;Regulating and controlling instruments and apparatus;Non-medical equipment based on the use of radiations;Industrial process control equipment;Optical instruments;Spectacles and lenses;Polarising material;Astronomical and optical instruments;Liquid crystal devices;Photographic equipment;Horological instruments;Watches and clocks",02-Aug-2026 20:00,18-Aug-2026 12:00,As per TDS & PCC,"Procurement of Non-EDCL Medicine for the F.Y. 2026-27 at Upazila Health Complex, Taherpur Sunamganj.",Lot wise,Package wise,Package wise,1500,Payment through Bank,12-Feb-2027,12-Feb-2027,1,"Procurement of Non-EDCL Medicine for the F.Y. 2026-27 at Upazila Health Complex, Taherpur Sunamganj.",Upazila Health ComplexTaherpur Sunamganj,70000,01-Sep-2026,30-Jun-2027,Nasad Ahmed,UH&FPO,"Address : Taherpur Upazila Health Complex, Sunamganj City : Taherpur Thana : Tahirpur District : Sunamganj - 3200 Country : Bangladesh","Taherpur Upazila Health Complex, Sunamganj",Taherpur,Tahirpur,Sunamganj - 3200,0173-0324748,,https://www.eprocure.gov.bd/resources/common/ViewTender.jsp?id=1313588
Ministry of Health and Family Welfare,Health Services Division,Directorate General of Health Services (DGHS),"Taherpur Upazila Health Complex, Sunamganj",,Sunamganj,Goods,NCT,TENDER,Tender - Single Lot,UHC/TAHER/SUNAM/TENDER/2026-2027/430,227004,1313589,Open Tendering Method (OTM),Revenue,Government,Not applicable,Not applicable,"UHC/Taher/Sunam/e-Tender/2026-27/Gr-02 Procurement of Surgical Instruments for the F.Y. 2026-27 at Upazila Health Complex, Taherpur Sunamganj.","Medical and laboratory devices, optical and precision devices, watches and clocks, pharmaceuticals and related medical consumables;Medical devices;Imaging equipment for medical, dental and veterinary use;Functional exploration;Dentistry;Medical non-chemical consumables and haematological consumables;Therapy;Operating techniques;Anaesthesia and resuscitation;Functional support;Miscellaneous medical devices;Instruments and appliances for measuring, checking, testing and navigating;Navigational, meteorological, geological and geophysical instruments;Remote-control equipment;Precision balances, instruments for drawing, calculating and measuring length;Instruments for measuring quantities;Instruments for checking physical characteristics;Checking and testing apparatus;Regulating and controlling instruments and apparatus;Non-medical equipment based on the use of radiations;Industrial process control equipment;Optical instruments;Spectacles and lenses;Polarising material;Astronomical and optical instruments;Liquid crystal devices;Photographic equipment;Horological instruments;Watches and clocks",02-Aug-2026 20:00,18-Aug-2026 12:00,As per TDS & PCC,"Procurement of Surgical Instruments for the F.Y. 2026-27 at Upazila Health Complex, Taherpur Sunamganj.",Lot wise,Package wise,Package wise,1000,Payment through Bank,13-Jan-2027,13-Jan-2027,1,"Procurement of Surgical Instruments for the F.Y. 2026-27 at Upazila Health Complex, Taherpur Sunamganj.",Upazila Health ComplexTaherpur Sunamganj,40000,01-Sep-2026,30-Jun-2027,Nasad Ahmed,UH&FPO,"Address : Taherpur Upazila Health Complex, Sunamganj City : Taherpur Thana : Tahirpur District : Sunamganj - 3200 Country : Bangladesh","Taherpur Upazila Health Complex, Sunamganj",Taherpur,Tahirpur,Sunamganj - 3200,0173-0324748,,https://www.eprocure.gov.bd/resources/common/ViewTender.jsp?id=1313589
Ministry of Road Transport and Bridges,Road Transport and Highways Division,Roads & Highways Department (RHD),"Workshop Division, Rajshahi",,Rajshahi,Goods,NCT,TENDER,Tender - Single Lot,25/WDRAJ/2026-2027,228884,1313169,Open Tendering Method (OTM),Revenue,Government,Not applicable,Not applicable,"25/WDRAJ/2026-2027 Supplying of spare parts for China Rollaer (As per sample of the parts assembled with the Roller) used by different Road Division under Workshop Division, Rajshahi during the fiscal year 2026-2027.","Motor vehicles, trailers and vehicle parts;Motor vehicles;Passenger cars;Motor vehicles for the transport of 10 or more persons;Motor vehicles for the transport of goods;Heavy-duty motor vehicles;Vehicle bodies, trailers or semi-trailers;Vehicle bodies;Trailers, semi-trailers and mobile containers;Parts and accessories for vehicles and their engines;Engines and engine parts;Mechanical spare parts except engines and engine parts;Test benches;Vehicle conversion kits;Seat belts;Spare parts for goods vehicles;Spare parts for vans;Spare parts for cars;Tractor accessories;Motorcycles, bicycles and sidecars;Motorcycles;Motor scooters;Cycles with auxiliary motors;Bicycles",02-Aug-2026 20:00,12-Aug-2026 16:00,See TDS,"Supplying of spare parts for China Roller (As per sample of the parts assembled with the Roller) used by different Road Division under Workshop Division, Rajshahi during the fiscal year 2026-2027.",Lot wise,Package wise,Package wise,500,Payment through Bank,09-Dec-2026,09-Dec-2026,1,"Supplying of spare parts for China Rollaer (As per sample of the parts assembled with the Roller) used by different Road Division under Workshop Division, Rajshahi during the fiscal year 2026-2027.",Workshop Sub Division Rajshahi,11500,20-Aug-2026,30-Aug-2026,A.K.M. Monzur Morshed,Executive Engineer,"Address : Workshop Division, Rajshahi City : Rajshahi Thana : Rajshahi City Corporation District : Rajshahi - 1000 Country : Bangladesh","Workshop Division, Rajshahi",Rajshahi,Rajshahi City Corporation,Rajshahi - 1000,02-8879378,,https://www.eprocure.gov.bd/resources/common/ViewTender.jsp?id=1313169
Ministry of Health and Family Welfare,Health Services Division,Directorate General of Health Services (DGHS),"Taherpur Upazila Health Complex, Sunamganj",,Sunamganj,Goods,NCT,TENDER,Tender - Single Lot,UHC/TAHER/SUNAM/TENDER/2026-2027/430,227004,1313592,Open Tendering Method (OTM),Revenue,Government,Not applicable,Not applicable,"UHC/Taher/Sunam/e-Tender/2026-27/Gr-05 Procurement of Chemical Re-Agent for the F.Y. 2026-27 at Upazila Health Complex, Taherpur Sunamganj.","Chemicals, chemical products and man-made fibres;Chemicals;Gases;Dyes and pigments;Basic inorganic chemicals;Basic organic chemicals;Fertilisers and nitrogen compounds;Plastics in primary forms;Synthetic rubber;Enzymes;Agro-chemical products;Pesticides;Insecticides;Herbicides;Plant-growth regulators;Disinfectants;Rodenticides;Fungicides;Paints, varnishes, printing ink and mastics;Paints;Varnishes;Ink;Mastics, fillers, putty;Solvents;Medicinal products;Medicinal products for the alimentary tract and metabolism;Medicinal products for the blood, blood-forming organs and the cardiovascular system;Medicinal products for dermatology and the musculo-skeletal system;Medicinal products for the genitourinary system and hormones;General anti-infectives for systemic use, vaccines, antineoplastic and immunodulating agents;Medicinal products for the nervous system and sensory organs;Medicinal products for the respiratory system;Various medicinal products;Glycerol, soaps, detergents, cleaning and polishing preparations, perfumes and toilet preparations;Glycerol;Perfumes and toiletries;Explosives and fine chemical products;Prepared explosives;Glues;Essential oils;Photographic chemicals;Unrecorded media;Specialised chemical products;Man-made fibres;Synthetic fibres;Artificial fibres;Various chemical products;Radiator fluids;Water-treatment chemicals;Anti-corrosion products",02-Aug-2026 20:00,18-Aug-2026 12:00,As per TDS & PCC,"Procurement of Chemical Re-Agent for the F.Y. 2026-27 at Upazila Health Complex, Taherpur Sunamganj.",Lot wise,Package wise,Package wise,500,Payment through Bank,13-Jan-2027,13-Jan-2027,1,"Procurement of Chemical Re-Agent for the F.Y. 2026-27 at Upazila Health Complex, Taherpur Sunamganj.",Upazila Health ComplexTaherpur Sunamganj,9000,01-Sep-2026,30-Jun-2027,Nasad Ahmed,UH&FPO,"Address : Taherpur Upazila Health Complex, Sunamganj City : Taherpur Thana : Tahirpur District : Sunamganj - 3200 Country : Bangladesh","Taherpur Upazila Health Complex, Sunamganj",Taherpur,Tahirpur,Sunamganj - 3200,0173-0324748,,https://www.eprocure.gov.bd/resources/common/ViewTender.jsp?id=1313592
Ministry of Health and Family Welfare,Health Services Division,Directorate General of Health Services (DGHS),"Taherpur Upazila Health Complex, Sunamganj",,Sunamganj,Goods,NCT,TENDER,Tender - Single Lot,UHC/TAHER/SUNAM/TENDER/2026-2027/430,227004,1313591,Open Tendering Method (OTM),Revenue,Government,Not applicable,Not applicable,"UHC/Taher/Sunam/e-Tender/2026-27/Gr-04 Procurement of Linen for the F.Y. 2026-27 at Upazila Health Complex, Taherpur Sunamganj.","Clothing and accessories; Fabricated products and materials;Occupational clothing, special workwear and accessories;Occupational clothing;Special workwear;Workwear accessories;Outerwear;Coats;Weatherproof clothing;Miscellaneous outerwear;Garments;Underwear;Shirts and nightwear;T-shirts;Special clothing and accessories;Special clothing;Clothing accessories;Hats and headgear;Fasteners;Leather clothes;Leather clothing accessories;Furs and articles of fur;Fur articles;Furs;Second-hand clothing;Structural metal products;Metal structures and parts of structures;Builders joinery of metal;Metal tanks, reservoirs and containers; central-heating radiators and boilers;Metal tanks, reservoirs, containers and pressure vessels;Central-heating radiators and boilers and parts;Nuclear reactors and parts;Nuclear reactors;Parts of nuclear reactors;Cable, wire and related products;Wire products;Cable and related products;Miscellaneous fabricated metal products and related items;Metal articles for the bathroom and kitchen;Metal goods;Armour plating;Bearings;Mild steel;Props and mining struts;Cast-iron products;Miscellaneous fire-protection equipment;Cutlery, tools, locks, keys and hinges;Cutlery;Tools;Locks, keys and hinges;Fasteners, chain and springs;Fasteners;Chain;Springs;Construction materials and associated items;Construction materials;Road furniture;Sewer mains;Steel products related to construction materials;Oil country tubular goods;Pipeline, piping, pipes, casing, tubing and related items",02-Aug-2026 20:00,18-Aug-2026 12:00,As per TDS & PCC,"Procurement of Linen for the F.Y. 2026-27 at Upazila Health Complex, Taherpur Sunamganj.",Lot wise,Package wise,Package wise,500,Payment through Bank,13-Jan-2027,13-Jan-2027,1,"Procurement of Linen for the F.Y. 2026-27 at Upazila Health Complex, Taherpur Sunamganj.",Upazila Health ComplexTaherpur Sunamganj,20000,01-Sep-2026,30-Jun-2027,Nasad Ahmed,UH&FPO,"Address : Taherpur Upazila Health Complex, Sunamganj City : Taherpur Thana : Tahirpur District : Sunamganj - 3200 Country : Bangladesh","Taherpur Upazila Health Complex, Sunamganj",Taherpur,Tahirpur,Sunamganj - 3200,0173-0324748,,https://www.eprocure.gov.bd/resources/common/ViewTender.jsp?id=1313591
Ministry of Health and Family Welfare,Health Services Division,Directorate General of Health Services (DGHS),"Taherpur Upazila Health Complex, Sunamganj",,Sunamganj,Goods,NCT,TENDER,Tender - Single Lot,UHC/TAHER/SUNAM/TENDER/2026-2027/430,227004,1313593,Open Tendering Method (OTM),Revenue,Government,Not applicable,Not applicable,"UHC/Taher/Sunam/e-Tender/2026-27/Gr-06 Procurement of Furniture for the F.Y. 2026-27 at Upazila Health Complex, Taherpur Sunamganj.","Wood, wood products, cork products, basketware and wickerwork; Manufactured goods, furniture, handicrafts, special-purpose products and associated consumables;Sawn wood;Railway sleepers;Mining timber;Prepared softwood;Hardwood;Parquet;Prepared or treated wooden products;Sawdust;Wooden sheets and veneers;Wooden boards and panels;Densified wood;Builders wood joinery and carpentry;Builders wood joinery;Builders wood carpentry;Prefabricated wooden buildings;Wooden containers, pallets, boxes and other containers;Wooden containers;Wooden pallets;Articles of wood and cork;Products of wood and related articles;Articles of cork, basketware and wickerwork;Furniture;Seats, chairs and associated parts;Non-domestic furniture;Domestic furniture;Miscellaneous furniture and equipment;School furniture;Jewellery and related articles;Coins and medals;Articles of jewellery;Musical instruments and parts;Musical instruments;Parts and accessories of musical instruments;Sports goods and equipment;Outdoor sports equipment;Gymnasium equipment;Games and toys; fairground amusements;Dolls;Toys;Articles for funfair, table or parlour games;Miscellaneous manufactured and other goods;Laundry supplies;School slates or boards with writing or drawing surfaces;Artificial products;Apparatus and equipment designed for demonstrational purposes;Umbrellas and sunshades; walking sticks and seat sticks;Funeral supplies;Kitchen equipment, household items and catering supplies;Barracks supplies;Consumables and consumer goods;Consumables;Tax-free goods;Disposable goods;Handicraft and art supplies;Handicraft supplies;Art supplies;Special-purpose product;Police equipment;Recycled products;Security devices;Animal ear tags;Compost boxes;Tokens;Spray booths;Snow poles",02-Aug-2026 20:00,18-Aug-2026 12:00,As per TDS & PCC,"Procurement of Furniture for the F.Y. 2026-27 at Upazila Health Complex, Taherpur Sunamganj.",Lot wise,Package wise,Package wise,500,Payment through Bank,13-Jan-2027,13-Jan-2027,1,"Procurement of Furniture for the F.Y. 2026-27 at Upazila Health Complex, Taherpur Sunamganj.",Upazila Health ComplexTaherpur Sunamganj,9000,01-Sep-2026,30-Jun-2027,Nasad Ahmed,UH&FPO,"Address : Taherpur Upazila Health Complex, Sunamganj City : Taherpur Thana : Tahirpur District : Sunamganj - 3200 Country : Bangladesh","Taherpur Upazila Health Complex, Sunamganj",Taherpur,Tahirpur,Sunamganj - 3200,0173-0324748,,https://www.eprocure.gov.bd/resources/common/ViewTender.jsp?id=1313593
Ministry of Road Transport and Bridges,Road Transport and Highways Division,Roads & Highways Department (RHD),"Workshop Division, Rajshahi",,Rajshahi,Works,NCT,TENDER,Tender - Single Lot,23/WDRAJ/2026-2027,228884,1313167,Open Tendering Method (OTM),Revenue,Government,Not applicable,Not applicable,"23/WDRAJ/2026-2027 Repair and denting painting works of Road Marshal Roller  owned by Road Division, Madaripur with replacement of necessary spare parts under Workshop Division, Rajshahi during the fiscal year 2026-2027.","Motor vehicles, trailers and vehicle parts;Motor vehicles;Passenger cars;Motor vehicles for the transport of 10 or more persons;Motor vehicles for the transport of goods;Heavy-duty motor vehicles;Vehicle bodies, trailers or semi-trailers;Vehicle bodies;Trailers, semi-trailers and mobile containers;Parts and accessories for vehicles and their engines;Engines and engine parts;Mechanical spare parts except engines and engine parts;Test benches;Vehicle conversion kits;Seat belts;Spare parts for goods vehicles;Spare parts for vans;Spare parts for cars;Tractor accessories;Motorcycles, bicycles and sidecars;Motorcycles;Motor scooters;Cycles with auxiliary motors;Bicycles",02-Aug-2026 20:00,12-Aug-2026 16:00,SEE TDS,"Repair and denting painting works of Road Marshal Roller owned by Road Division, Madaripur with replacement of necessary spare parts under Workshop Division, Rajshahi during the fiscal year 2026-2027.",Lot wise,Package wise,Package wise,500,Payment through Bank,09-Dec-2026,09-Dec-2026,1,"Repair and denting painting works of Road Marshal Roller  owned by Road Division, Madaripur with replacement of necessary spare parts under Workshop Division, Rajshahi during the fiscal year 2026-2027.",Workshop Sub Division Rajshahi,16800,20-Aug-2026,06-Sep-2026,A.K.M. Monzur Morshed,Executive Engineer,"Address : Workshop Division, Rajshahi City : Rajshahi Thana : Rajshahi City Corporation District : Rajshahi - 1000 Country : Bangladesh","Workshop Division, Rajshahi",Rajshahi,Rajshahi City Corporation,Rajshahi - 1000,02-8879378,,https://www.eprocure.gov.bd/resources/common/ViewTender.jsp?id=1313167
Ministry of Road Transport and Bridges,Road Transport and Highways Division,Roads & Highways Department (RHD),"Workshop Division, Rajshahi",,Rajshahi,Goods,NCT,TENDER,Tender - Single Lot,24/WDRAJ/2026-2027,228884,1313168,Open Tendering Method (OTM),Revenue,Government,Not applicable,Not applicable,"24/WDRAJ/2026-2027 Supplying of spare parts for J.M Roller (As per sample of the parts assembled with the Roller) used by different Road Division under Workshop Division, Rajshahi during the fiscal year 2026-2027.","Motor vehicles, trailers and vehicle parts;Motor vehicles;Passenger cars;Motor vehicles for the transport of 10 or more persons;Motor vehicles for the transport of goods;Heavy-duty motor vehicles;Vehicle bodies, trailers or semi-trailers;Vehicle bodies;Trailers, semi-trailers and mobile containers;Parts and accessories for vehicles and their engines;Engines and engine parts;Mechanical spare parts except engines and engine parts;Test benches;Vehicle conversion kits;Seat belts;Spare parts for goods vehicles;Spare parts for vans;Spare parts for cars;Tractor accessories;Motorcycles, bicycles and sidecars;Motorcycles;Motor scooters;Cycles with auxiliary motors;Bicycles",02-Aug-2026 20:00,12-Aug-2026 16:00,SEE TDS,"Supplying of spare parts for J.M Roller (As per sample of the parts assembled with the Roller) used by different Road Division under Workshop Division, Rajshahi during the fiscal year 2026-2027.",Lot wise,Package wise,Package wise,500,Payment through Bank,09-Dec-2026,09-Dec-2026,1,"Supplying of spare parts for J.M Roller (As per sample of the parts assembled with the Roller) used by different Road Division under Workshop Division, Rajshahi during the fiscal year 2026-2027.",Workshop Sub Division Rajshahi,11600,20-Aug-2026,30-Aug-2026,A.K.M. Monzur Morshed,Executive Engineer,"Address : Workshop Division, Rajshahi City : Rajshahi Thana : Rajshahi City Corporation District : Rajshahi - 1000 Country : Bangladesh","Workshop Division, Rajshahi",Rajshahi,Rajshahi City Corporation,Rajshahi - 1000,02-8879378,,https://www.eprocure.gov.bd/resources/common/ViewTender.jsp?id=1313168
Ministry of Local Government,Rural Development and Co-operatives,Department of Public Health Engineering (DPHE),"Office of the Executive Engineer, DPHE,Mymensingh",,Mymensingh,Works,NCT,TENDER,Tender - Single Lot,"e-GP/26-27/01, Date-30/07/26",228067,1313775,Open Tendering Method (OTM),Development,Government,224303400,Project for Safe Water Supply Throughout the Country.,PSWSC-5201 Installation of 88 nos Shallow Tube Well (100x38mm) with 1.0 HP capacity Submersible Pump at Mymensingh Sadar Upazila in Mymensingh District under Project for Safe Water Supply Through Out The Country.,Drinking water; Natural water; Plumbing and sanitary works; Water distribution and related services; Public utilities; Water distribution; Operation of a water-purification plant; Operation of water supplies;,02-Aug-2026 20:00,16-Aug-2026 15:30,As per TDS.,Installation of 88 nos Shallow Tube Well (100x38mm) with 1.0 HP capacity Submersible Pump at Mymensingh Sadar Upazila in Mymensingh District under Project for Safe Water Supply Through Out The Country.,Lot wise,Package wise,Package wise,2500,Payment through Bank,12-Jan-2027,12-Jan-2027,1,Installation of 88 nos Shallow Tube Well (100x38mm) with 1.0 HP capacity Submersible Pump at Mymensingh Sadar Upazila in Mymensingh District under Project for Safe Water Supply Through Out The Country.,Mymensingh Sadar Upazila,295000,01-Nov-2026,30-Jun-2027,Mohammad Samiul Hoque,Executive Engineer,"Address : Office of the Executive Engineer, DPHE,Mymensingh City : Mymensingh Thana : Mymensingh Sadar District : Mymensingh - 2200 Country : Bangladesh","Office of the Executive Engineer, DPHE,Mymensingh",Mymensingh,Mymensingh Sadar,Mymensingh - 2200,09-167636,,https://www.eprocure.gov.bd/resources/common/ViewTender.jsp?id=1313775
Ministry of Health and Family Welfare,Health Services Division,Directorate General of Health Services (DGHS),"Taherpur Upazila Health Complex, Sunamganj",,Sunamganj,Goods,NCT,TENDER,Tender - Single Lot,UHC/TAHER/SUNAM/TENDER/2026-2027/430,227004,1313590,Open Tendering Method (OTM),Revenue,Government,Not applicable,Not applicable,"UHC/Taher/Sunam/e-Tender/2026-27/Gr-03 Procurement of Gauze Bandage & Cotton for the F.Y. 2026-27 at Upazila Health Complex, Taherpur Sunamganj.","Textiles and textile articles; Leather, leather products and footwear; Rubber, plastic and film products;Textile fabrics and related items;Woven fabrics;Woollen fabrics;Linen fabrics;Special fabrics;Knitted or crocheted fabrics;Cloth;Non-woven fabrics;Textile articles;Textile household articles;Made-up textile articles;Carpets, mats and rugs;Miscellaneous cordage, rope, twine and netting;Non-woven articles;Miscellaneous textile articles;Knitwear, hosiery and related articles;Textile yarn and thread;Natural textile fibres;Artificial textile fibres;Textile yarn and thread of natural fibres;Synthetic yarn or thread;Textile waste;Leather;Chamois leather;Leather of bovine or equine animals;Leather of sheep, goats or pigs;Leather of other animals, composite leather and other leather;Leather waste;Leather articles, luggage and saddlery;Saddlery;Luggage;Watch straps;Leather articles used in machinery or mechanical appliances;Footwear;Footwear other than sports and protective footwear;Sports footwear;Protective footwear;Parts of footwear;Rubber products;Tyres and related products;Unvulcanised and vulcanised rubber articles;Rubberised textile fabrics;Reclaimed rubber;Rubber waste products;Medical articles of rubber;Articles of hard rubber;Plastic products;Plastic plates, sheets, tubes and profiles;Packaging products of plastics;Builders ware of plastic;Miscellaneous plastic products;Magnetic cards;Sound recordings;Resins;Film products;Radiology film;Cinematographic film;Video films",02-Aug-2026 20:00,18-Aug-2026 12:00,As per TDS & PCC,"Procurement of Gauze Bandage & Cotton for the F.Y. 2026-27 at Upazila Health Complex, Taherpur Sunamganj.",Lot wise,Package wise,Package wise,500,Payment through Bank,13-Jan-2027,13-Jan-2027,1,"Procurement of Gauze Bandage & Cotton for the F.Y. 2026-27 at Upazila Health Complex, Taherpur Sunamganj.",Upazila Health ComplexTaherpur Sunamganj,20000,01-Sep-2026,30-Jun-2027,Nasad Ahmed,UH&FPO,"Address : Taherpur Upazila Health Complex, Sunamganj City : Taherpur Thana : Tahirpur District : Sunamganj - 3200 Country : Bangladesh","Taherpur Upazila Health Complex, Sunamganj",Taherpur,Tahirpur,Sunamganj - 3200,0173-0324748,,https://www.eprocure.gov.bd/resources/common/ViewTender.jsp?id=1313590
Ministry of Local Government,Rural Development and Co-operatives,Department of Public Health Engineering (DPHE),"Office of the Executive Engineer, DPHE,Mymensingh",,Mymensingh,Works,NCT,TENDER,Tender - Single Lot,"e-GP/26-27/04, Date-30/07/26",228067,1313779,Open Tendering Method (OTM),Development,Government,224303400,Project for Safe Water Supply Throughout the Country.,PSWSC-5201/3 Installation of 96 nos Shallow Tube Well (100x38mm) with 1.0 HP capacity Submersible Pump at Trishal Upazila in Mymensingh District under Project for Safe Water Supply Through Out The Country.,Drinking water; Natural water; Plumbing and sanitary works; Water distribution and related services; Public utilities;Water distribution;Operation of a water-purification plant;Operation of water supplies,02-Aug-2026 20:00,16-Aug-2026 15:30,As per TDS.,Installation of 96 nos Shallow Tube Well (100x38mm) with 1.0 HP capacity Submersible Pump at Trishal Upazila in Mymensingh District under Project for Safe Water Supply Through Out The Country.,Lot wise,Package wise,Package wise,2500,Payment through Bank,12-Jan-2027,12-Jan-2027,1,Installation of 96 nos Shallow Tube Well (100x38mm) with 1.0 HP capacity Submersible Pump at Trishal Upazila in Mymensingh District under Project for Safe Water Supply Through Out The Country.,Trishal Upazila,340000,01-Nov-2026,30-Jun-2027,Mohammad Samiul Hoque,Executive Engineer,"Address : Office of the Executive Engineer, DPHE,Mymensingh City : Mymensingh Thana : Mymensingh Sadar District : Mymensingh - 2200 Country : Bangladesh","Office of the Executive Engineer, DPHE,Mymensingh",Mymensingh,Mymensingh Sadar,Mymensingh - 2200,09-167636,,https://www.eprocure.gov.bd/resources/common/ViewTender.jsp?id=1313779
Ministry of Local Government,Rural Development and Co-operatives,Department of Public Health Engineering (DPHE),"Office of the Executive Engineer, DPHE,Mymensingh",,Mymensingh,Works,NCT,TENDER,Tender - Single Lot,"e-GP/26-27/02, Date-30/07/26",228067,1313776,Open Tendering Method (OTM),Development,Government,224303400,Project for Safe Water Supply Throughout the Country.,PSWSC-5201/1 Installation of 80 nos Shallow Tube Well (100x38mm) with 1.0 HP capacity Submersible Pump at Muktagacha Upazila in Mymensingh District under Project for Safe Water Supply Through Out The Country.,Drinking water; Natural water; Plumbing and sanitary works; Water distribution and related services; Public utilities; Water distribution; Operation of a water-purification plant; Operation of water supplies;,02-Aug-2026 20:00,16-Aug-2026 15:30,As per TDS.,Installation of 80 nos Shallow Tube Well (100x38mm) with 1.0 HP capacity Submersible Pump at Muktagacha Upazila in Mymensingh District under Project for Safe Water Supply Through Out The Country.,Lot wise,Package wise,Package wise,2500,Payment through Bank,12-Jan-2027,12-Jan-2027,1,Installation of 80 nos Shallow Tube Well (100x38mm) with 1.0 HP capacity Submersible Pump at Muktagacha Upazila in Mymensingh District under Project for Safe Water Supply Through Out The Country.,Muktagacha Upazila,270000,01-Nov-2026,30-Jun-2027,Mohammad Samiul Hoque,Executive Engineer,"Address : Office of the Executive Engineer, DPHE,Mymensingh City : Mymensingh Thana : Mymensingh Sadar District : Mymensingh - 2200 Country : Bangladesh","Office of the Executive Engineer, DPHE,Mymensingh",Mymensingh,Mymensingh Sadar,Mymensingh - 2200,09-167636,,https://www.eprocure.gov.bd/resources/common/ViewTender.jsp?id=1313776
Ministry of Local Government,Rural Development and Co-operatives,Department of Public Health Engineering (DPHE),"Office of the Executive Engineer, DPHE,Mymensingh",,Mymensingh,Works,NCT,TENDER,Tender - Single Lot,"e-GP/26-27/09, Date-30/07/26",228067,1313787,Open Tendering Method (OTM),Development,Government,224303400,Project for Safe Water Supply Throughout the Country.,PSWSC-5203 Installation of 80 nos Deep Tube Well (100x38mm) with 1.0 HP capacity Submersible Pump at Fulpur Upazila in Mymensingh District under Project for Safe Water Supply Through Out The Country.,Drinking water; Natural water; Plumbing and sanitary works; Water distribution and related services; Public utilities;Water distribution;Operation of a water-purification plant;Operation of water supplies,02-Aug-2026 20:00,16-Aug-2026 15:30,As per TDS.,Installation of 80 nos Deep Tube Well (100x38mm) with 1.0 HP capacity Submersible Pump at Fulpur Upazila in Mymensingh District under Project for Safe Water Supply Through Out The Country.,Lot wise,Package wise,Package wise,2500,Payment through Bank,12-Jan-2027,12-Jan-2027,1,Installation of 80 nos Deep Tube Well (100x38mm) with 1.0 HP capacity Submersible Pump at Fulpur Upazila in Mymensingh District under Project for Safe Water Supply Through Out The Country.,Fulpur Upazila,310000,01-Nov-2026,30-Jun-2027,Mohammad Samiul Hoque,Executive Engineer,"Address : Office of the Executive Engineer, DPHE,Mymensingh City : Mymensingh Thana : Mymensingh Sadar District : Mymensingh - 2200 Country : Bangladesh","Office of the Executive Engineer, DPHE,Mymensingh",Mymensingh,Mymensingh Sadar,Mymensingh - 2200,09-167636,,https://www.eprocure.gov.bd/resources/common/ViewTender.jsp?id=1313787
Ministry of Local Government,Rural Development and Co-operatives,Department of Public Health Engineering (DPHE),"Office of the Executive Engineer, DPHE,Mymensingh",,Mymensingh,Works,NCT,TENDER,Tender - Single Lot,"e-GP/26-27/10, Date-30/07/26",228067,1313791,Open Tendering Method (OTM),Development,Government,224303400,Project for Safe Water Supply Throughout the Country.,PSWSC-5203/1 Installation of 80 nos (32 Nos Shallow & 48 Nos Deep) Tube Well (100x38mm) with 1.0 HP capacity Submersible Pump at Gouripur Upazila in Mymensingh District under Project for Safe Water Supply Through Out The Country.,Drinking water; Natural water; Plumbing and sanitary works; Water distribution and related services; Public utilities;Water distribution;Operation of a water-purification plant;Operation of water supplies,02-Aug-2026 20:00,16-Aug-2026 15:30,As per TDS.,Installation of 80 nos (32 Nos Shallow & 48 Nos Deep) Tube Well (100x38mm) with 1.0 HP capacity Submersible Pump at Gouripur Upazila in Mymensingh District under Project for Safe Water Supply Through Out The Country.,Lot wise,Package wise,Package wise,2500,Payment through Bank,12-Jan-2027,12-Jan-2027,1,Installation of 80 nos (32 Nos Shallow & 48 Nos Deep) Tube Well (100x38mm) with 1.0 HP capacity Submersible Pump at Gouripur Upazila in Mymensingh District under Project for Safe Water Supply Through Out The Country.,Gouripur Upazila,300000,01-Nov-2026,30-Jun-2027,Mohammad Samiul Hoque,Executive Engineer,"Address : Office of the Executive Engineer, DPHE,Mymensingh City : Mymensingh Thana : Mymensingh Sadar District : Mymensingh - 2200 Country : Bangladesh","Office of the Executive Engineer, DPHE,Mymensingh",Mymensingh,Mymensingh Sadar,Mymensingh - 2200,09-167636,,https://www.eprocure.gov.bd/resources/common/ViewTender.jsp?id=1313791
Ministry of Local Government,Rural Development and Co-operatives,Department of Public Health Engineering (DPHE),"Office of the Executive Engineer, DPHE,Mymensingh",,Mymensingh,Works,NCT,TENDER,Tender - Single Lot,"e-GP/26-27/07, Date-30/07/26",228067,1313783,Open Tendering Method (OTM),Development,Government,224303400,Project for Safe Water Supply Throughout the Country.,PSWSC-5202/2 Installation of 64 nos Shallow Tube Well (100x38mm) with 1.0 HP capacity Submersible Pump at Gafargaon South Upazila in Mymensingh District under Project for Safe Water Supply Through Out The Country.,Drinking water; Natural water; Plumbing and sanitary works; Water distribution and related services; Public utilities;Water distribution;Operation of a water-purification plant;Operation of water supplies,02-Aug-2026 20:00,16-Aug-2026 15:30,As per TDS.,Installation of 64 nos Shallow Tube Well (100x38mm) with 1.0 HP capacity Submersible Pump at Gafargaon South Upazila in Mymensingh District under Project for Safe Water Supply Through Out The Country.,Lot wise,Package wise,Package wise,2500,Payment through Bank,12-Jan-2027,12-Jan-2027,1,Installation of 64 nos Shallow Tube Well (100x38mm) with 1.0 HP capacity Submersible Pump at Gafargaon South Upazila in Mymensingh District under Project for Safe Water Supply Through Out The Country.,Gafargaon South Upazila,210000,01-Nov-2026,30-Jun-2027,Mohammad Samiul Hoque,Executive Engineer,"Address : Office of the Executive Engineer, DPHE,Mymensingh City : Mymensingh Thana : Mymensingh Sadar District : Mymensingh - 2200 Country : Bangladesh","Office of the Executive Engineer, DPHE,Mymensingh",Mymensingh,Mymensingh Sadar,Mymensingh - 2200,09-167636,,https://www.eprocure.gov.bd/resources/common/ViewTender.jsp?id=1313783
Ministry of Local Government,Rural Development and Co-operatives,Department of Public Health Engineering (DPHE),"Office of the Executive Engineer, DPHE,Mymensingh",,Mymensingh,Works,NCT,TENDER,Tender - Single Lot,"e-GP/26-27/12, Date-30/07/26",228067,1313794,Open Tendering Method (OTM),Development,Government,224303400,Project for Safe Water Supply Throughout the Country.,PSWSC-5203/3 Installation of 104 nos Deep Tube Well (100x38mm) with 1.0 HP capacity Submersible Pump at Nandail Upazila in Mymensingh District under Project for Safe Water Supply Through Out The Country.,Drinking water; Natural water; Plumbing and sanitary works; Water distribution and related services; Public utilities;Water distribution;Operation of a water-purification plant;Operation of water supplies,02-Aug-2026 20:00,16-Aug-2026 15:30,As per TDS.,Installation of 104 nos Deep Tube Well (100x38mm) with 1.0 HP capacity Submersible Pump at Nandail Upazila in Mymensingh District under Project for Safe Water Supply Through Out The Country.,Lot wise,Package wise,Package wise,2500,Payment through Bank,12-Jan-2027,12-Jan-2027,1,Installation of 104 nos Deep Tube Well (100x38mm) with 1.0 HP capacity Submersible Pump at Nandail Upazila in Mymensingh District under Project for Safe Water Supply Through Out The Country.,Nandail Upazila,460000,01-Nov-2026,30-Jun-2027,Mohammad Samiul Hoque,Executive Engineer,"Address : Office of the Executive Engineer, DPHE,Mymensingh City : Mymensingh Thana : Mymensingh Sadar District : Mymensingh - 2200 Country : Bangladesh","Office of the Executive Engineer, DPHE,Mymensingh",Mymensingh,Mymensingh Sadar,Mymensingh - 2200,09-167636,,https://www.eprocure.gov.bd/resources/common/ViewTender.jsp?id=1313794
Ministry of Local Government,Rural Development and Co-operatives,Department of Public Health Engineering (DPHE),"Office of the Executive Engineer, DPHE,Mymensingh",,Mymensingh,Works,NCT,TENDER,Tender - Single Lot,"e-GP/26-27/05, Date-30/07/26",228067,1313781,Open Tendering Method (OTM),Development,Government,224303400,Project for Safe Water Supply Throughout the Country.,PSWSC-5202 Installation of 88 nos Shallow Tube Well (100x38mm) with 1.0 HP capacity Submersible Pump at Bhaluka Upazila in Mymensingh District under Project for Safe Water Supply Through Out The Country.,Drinking water; Natural water; Plumbing and sanitary works; Water distribution and related services; Public utilities;Water distribution;Operation of a water-purification plant;Operation of water supplies,02-Aug-2026 20:00,16-Aug-2026 15:30,As per TDS.,Installation of 88 nos Shallow Tube Well (100x38mm) with 1.0 HP capacity Submersible Pump at Bhaluka Upazila in Mymensingh District under Project for Safe Water Supply Through Out The Country.,Lot wise,Package wise,Package wise,2500,Payment through Bank,12-Jan-2027,12-Jan-2027,1,Installation of 88 nos Shallow Tube Well (100x38mm) with 1.0 HP capacity Submersible Pump at Bhaluka Upazila in Mymensingh District under Project for Safe Water Supply Through Out The Country.,Bhaluka Upazila,310000,01-Nov-2026,30-Jun-2027,Mohammad Samiul Hoque,Executive Engineer,"Address : Office of the Executive Engineer, DPHE,Mymensingh City : Mymensingh Thana : Mymensingh Sadar District : Mymensingh - 2200 Country : Bangladesh","Office of the Executive Engineer, DPHE,Mymensingh",Mymensingh,Mymensingh Sadar,Mymensingh - 2200,09-167636,,https://www.eprocure.gov.bd/resources/common/ViewTender.jsp?id=1313781
Ministry of Local Government,Rural Development and Co-operatives,Department of Public Health Engineering (DPHE),"Office of the Executive Engineer, DPHE,Mymensingh",,Mymensingh,Works,NCT,TENDER,Tender - Single Lot,"e-GP/26-27/06, Date-30/07/26",228067,1313782,Open Tendering Method (OTM),Development,Government,224303400,Project for Safe Water Supply Throughout the Country.,PSWSC-5202/1 Installation of 56 nos Shallow Tube Well (100x38mm) with 1.0 HP capacity Submersible Pump at Gafargaon Upazila in Mymensingh District under Project for Safe Water Supply Through Out The Country.,Drinking water; Natural water; Plumbing and sanitary works; Water distribution and related services; Public utilities;Water distribution;Operation of a water-purification plant;Operation of water supplies,02-Aug-2026 20:00,16-Aug-2026 15:30,As per TDS.,Installation of 56 nos Shallow Tube Well (100x38mm) with 1.0 HP capacity Submersible Pump at Gafargaon Upazila in Mymensingh District under Project for Safe Water Supply Through Out The Country.,Lot wise,Package wise,Package wise,2500,Payment through Bank,12-Jan-2027,12-Jan-2027,1,Installation of 56 nos Shallow Tube Well (100x38mm) with 1.0 HP capacity Submersible Pump at Gafargaon Upazila in Mymensingh District under Project for Safe Water Supply Through Out The Country.,Gafargaon Upazila,190000,01-Nov-2026,30-Jun-2027,Mohammad Samiul Hoque,Executive Engineer,"Address : Office of the Executive Engineer, DPHE,Mymensingh City : Mymensingh Thana : Mymensingh Sadar District : Mymensingh - 2200 Country : Bangladesh","Office of the Executive Engineer, DPHE,Mymensingh",Mymensingh,Mymensingh Sadar,Mymensingh - 2200,09-167636,,https://www.eprocure.gov.bd/resources/common/ViewTender.jsp?id=1313782
Ministry of Local Government,Rural Development and Co-operatives,Department of Public Health Engineering (DPHE),"Office of the Executive Engineer, DPHE,Mymensingh",,Mymensingh,Works,NCT,TENDER,Tender - Single Lot,"e-GP/26-27/03, Date-30/07/26",228067,1313778,Open Tendering Method (OTM),Development,Government,224303400,Project for Safe Water Supply Throughout the Country.,PSWSC-5201/2 Installation of 104 nos Shallow Tube Well (100x38mm) with 1.0 HP capacity Submersible Pump at Fulbaria Upazila in Mymensingh District under Project for Safe Water Supply Through Out The Country.,Drinking water; Natural water; Plumbing and sanitary works; Water distribution and related services; Public utilities;Water distribution;Operation of a water-purification plant;Operation of water supplies,02-Aug-2026 20:00,16-Aug-2026 15:30,As per TDS.,Installation of 104 nos Shallow Tube Well (100x38mm) with 1.0 HP capacity Submersible Pump at Fulbaria Upazila in Mymensingh District under Project for Safe Water Supply Through Out The Country.,Lot wise,Package wise,Package wise,2500,Payment through Bank,12-Jan-2027,12-Jan-2027,1,Installation of 104 nos Shallow Tube Well (100x38mm) with 1.0 HP capacity Submersible Pump at Fulbaria Upazila in Mymensingh District under Project for Safe Water Supply Through Out The Country.,Fulbaria Upazila,350000,01-Nov-2026,30-Jun-2027,Mohammad Samiul Hoque,Executive Engineer,"Address : Office of the Executive Engineer, DPHE,Mymensingh City : Mymensingh Thana : Mymensingh Sadar District : Mymensingh - 2200 Country : Bangladesh","Office of the Executive Engineer, DPHE,Mymensingh",Mymensingh,Mymensingh Sadar,Mymensingh - 2200,09-167636,,https://www.eprocure.gov.bd/resources/common/ViewTender.jsp?id=1313778
Ministry of Local Government,Rural Development and Co-operatives,Department of Public Health Engineering (DPHE),"Office of the Executive Engineer, DPHE,Mymensingh",,Mymensingh,Works,NCT,TENDER,Tender - Single Lot,"e-GP/26-27/11, Date-30/07/26",228067,1313793,Open Tendering Method (OTM),Development,Government,224303400,Project for Safe Water Supply Throughout the Country.,PSWSC-5203/2 Installation of 88 nos Deep Tube Well (100x38mm) with 1.0 HP capacity Submersible Pump at Ishwarganj Upazila in Mymensingh District under Project for Safe Water Supply Through Out The Country.,Drinking water; Natural water; Plumbing and sanitary works; Water distribution and related services; Public utilities;Water distribution;Operation of a water-purification plant;Operation of water supplies,02-Aug-2026 20:00,16-Aug-2026 15:30,As per TDS.,Installation of 88 nos Deep Tube Well (100x38mm) with 1.0 HP capacity Submersible Pump at Ishwarganj Upazila in Mymensingh District under Project for Safe Water Supply Through Out The Country.,Lot wise,Package wise,Package wise,2500,Payment through Bank,12-Jan-2027,12-Jan-2027,1,Installation of 88 nos Deep Tube Well (100x38mm) with 1.0 HP capacity Submersible Pump at Ishwarganj Upazila in Mymensingh District under Project for Safe Water Supply Through Out The Country.,Ishwarganj Upazila,335000,01-Nov-2026,30-Jun-2027,Mohammad Samiul Hoque,Executive Engineer,"Address : Office of the Executive Engineer, DPHE,Mymensingh City : Mymensingh Thana : Mymensingh Sadar District : Mymensingh - 2200 Country : Bangladesh","Office of the Executive Engineer, DPHE,Mymensingh",Mymensingh,Mymensingh Sadar,Mymensingh - 2200,09-167636,,https://www.eprocure.gov.bd/resources/common/ViewTender.jsp?id=1313793
Ministry of Local Government,Rural Development and Co-operatives,Department of Public Health Engineering (DPHE),"Office of the Executive Engineer, DPHE,Mymensingh",,Mymensingh,Works,NCT,TENDER,Tender - Single Lot,"e-GP/26-27/14, Date-30/07/26",228067,1313796,Open Tendering Method (OTM),Development,Government,224303400,Project for Safe Water Supply Throughout the Country.,PSWSC-5204/1 Installation of 56 nos Shallow Tube Well (100x38mm) with 1.0 HP capacity Submersible Pump at Dhobaura Upazila in Mymensingh District under Project for Safe Water Supply Through Out The Country.,Drinking water; Natural water; Plumbing and sanitary works; Water distribution and related services; Public utilities;Water distribution;Operation of a water-purification plant;Operation of water supplies,02-Aug-2026 20:00,16-Aug-2026 15:30,As per TDS.,Installation of 56 nos Shallow Tube Well (100x38mm) with 1.0 HP capacity Submersible Pump at Dhobaura Upazila in Mymensingh District under Project for Safe Water Supply Through Out The Country.,Lot wise,Package wise,Package wise,2500,Payment through Bank,12-Jan-2027,12-Jan-2027,1,Installation of 56 nos Shallow Tube Well (100x38mm) with 1.0 HP capacity Submersible Pump at Dhobaura Upazila in Mymensingh District under Project for Safe Water Supply Through Out The Country.,Dhobaura Upazila,200000,01-Nov-2026,30-Jun-2027,Mohammad Samiul Hoque,Executive Engineer,"Address : Office of the Executive Engineer, DPHE,Mymensingh City : Mymensingh Thana : Mymensingh Sadar District : Mymensingh - 2200 Country : Bangladesh","Office of the Executive Engineer, DPHE,Mymensingh",Mymensingh,Mymensingh Sadar,Mymensingh - 2200,09-167636,,https://www.eprocure.gov.bd/resources/common/ViewTender.jsp?id=1313796
Ministry of Local Government,Rural Development and Co-operatives,Department of Public Health Engineering (DPHE),"Office of the Executive Engineer, DPHE,Mymensingh",,Mymensingh,Works,NCT,TENDER,Tender - Single Lot,"e-GP/26-27/13, Date-30/07/26",228067,1313795,Open Tendering Method (OTM),Development,Government,224303400,Project for Safe Water Supply Throughout the Country.,PSWSC-5204 Installation of 80 nos (32 Nos Shallow & 48 Nos Deep) Tube Well (100x38mm) with 1.0 HP capacity Submersible Pump at Tarakanda Upazila in Mymensingh District under Project for Safe Water Supply Through Out The Country.,Drinking water; Natural water; Plumbing and sanitary works; Water distribution and related services; Public utilities;Water distribution;Operation of a water-purification plant;Operation of water supplies,02-Aug-2026 20:00,16-Aug-2026 15:30,As per TDS.,Installation of 80 nos (32 Nos Shallow & 48 Nos Deep) Tube Well (100x38mm) with 1.0 HP capacity Submersible Pump at Tarakanda Upazila in Mymensingh District under Project for Safe Water Supply Through Out The Country.,Lot wise,Package wise,Package wise,2500,Payment through Bank,12-Jan-2027,12-Jan-2027,1,Installation of 80 nos (32 Nos Shallow & 48 Nos Deep) Tube Well (100x38mm) with 1.0 HP capacity Submersible Pump at Tarakanda Upazila in Mymensingh District under Project for Safe Water Supply Through Out The Country.,Tarakanda Upazila,300000,01-Nov-2026,30-Jun-2027,Mohammad Samiul Hoque,Executive Engineer,"Address : Office of the Executive Engineer, DPHE,Mymensingh City : Mymensingh Thana : Mymensingh Sadar District : Mymensingh - 2200 Country : Bangladesh","Office of the Executive Engineer, DPHE,Mymensingh",Mymensingh,Mymensingh Sadar,Mymensingh - 2200,09-167636,,https://www.eprocure.gov.bd/resources/common/ViewTender.jsp?id=1313795
Ministry of Housing and Public Works,,Public Works Department (PWD),"PWD EM Division-2, Dhaka",,Dhaka,Works,NCT,TENDER,Tender - Single Lot,EMDK2/APP_REV-60/2026-2027,225283,1314571,Open Tendering Method (OTM),Revenue,Government,Not applicable,Not applicable,"EMDK2/APP_REV-60/2026-2027 Construction of one Basement & 12 storied office Building with Multi-Purpose Hall at DMP Headquarters, Dhaka (Sub-head: Supply, Installation, testing and commissioning Split type Air cooler for 5th, 6th, 7th and 8th floor of DMP 12 storied office building with Multipurpose Hall at DMP headquarters Dhaka.","Cooling and ventilation equipment; General-purpose machinery; Machine tools; Machine tools operated by laser and machining centres; Lathes, boring and milling machine tools; Metal-working machine tools; Machine tools for working hard materials except metals; Pneumatic or motorised hand tools; Soldering, brazing and welding tools, surface tempering and hot-spraying machines and equipment; Parts and accessories of machine tools; Domestic appliances; Machinery, equipment, appliances, apparatus and associated products; Electrical domestic appliances; Non-electric domestic appliances; Repair and maintenance services for pumps, valves, taps and metal containers and machinery; Repair and maintenance services of pumps, valves, taps and metal containers; Repair and maintenance services of machinery; Repair and maintenance services of central heating; Repair and maintenance services of building installations; Repair and maintenance services of cooler groups;",02-Aug-2026 19:00,17-Aug-2026 12:00,"This invitation for tender is open to all eligible/ Bona fide Tenderers: a) Up to date valid Trade license b) Valid TIN & VAT registration Certificate c) Up to date valid Income Tax clearance certificate d) The minimum number of years of general experience of the Tenderer in the construction works as Prime Contractor or Subcontractor or Management Contractor shall be 05 (Five) years. e) The minimum specific experience as a Prime Contractor or Subcontractor or Management Contractor in construction works under public sector of at least 01 contract of Air Conditioning System successfully completed within the last 05 years, with a value of at least Tk. 150.00 Lac f) The required average annual construction turnover under public sector shall be greater than Tk 220.00 Lac over the last 05 financial years and Minimum Tender Capacity shall be 150.00 Lac. g) The minimum amount of financial resources as liquid asset or working capital or credit line(s) or specific credit commitment in the form of Letter of Credit Commitment for Bank’s undertaking for Line of Credit (Form e-PW2A-8) Only without alteration or in any combination of them, of the Tenderers shall be Tk 120.00 Lac. h) Up to date valid ABC category Contractor & Electrical Supervisory license i) Met all other required qualifications, special terms & conditions of the tender as mentioned in the ITT, GCC, PCC, Tender data sheet (TDS) & Tender documents.","Construction of one Basement & 12 storied office Building with Multi-Purpose Hall at DMP Headquarters, Dhaka (Sub-head: Supply, Installation, testing and commissioning Split type Air cooler for 5th, 6th, 7th and 8th floor of DMP 12 storied office building with Multipurpose Hall at DMP headquarters Dhaka.",Lot wise,Package wise,Package wise,4000,Payment through Bank,11-Feb-2027,11-Feb-2027,1,"Construction of one Basement & 12 storied office Building with Multi-Purpose Hall at DMP Headquarters, Dhaka (Sub-head: Supply, Installation, testing and commissioning Split type Air cooler for 5th, 6th, 7th and 8th floor of DMP 12 storied office building with Multipurpose Hall at DMP headquarters Dhaka.",DMP headquarters Dhaka,550000,24-Sep-2026,23-Mar-2027,KAZI MASHFIQ AHMED,Executive Engineer,"Address : 1st Floor, PWD Office Building, Tejgaon I/A, Dhaka-1208 City : Dhaka Thana : Dhaka North City Corporation District : Dhaka - 1000 Country : Bangladesh","1st Floor, PWD Office Building, Tejgaon I/A, Dhaka-1208",Dhaka,Dhaka North City Corporation,Dhaka - 1000,02-55030114,,https://www.eprocure.gov.bd/resources/common/ViewTender.jsp?id=1314571
Ministry of Housing and Public Works,,Public Works Department (PWD),"PWD EM Division-2, Dhaka",,Dhaka,Works,NCT,TENDER,Tender - Single Lot,EMDK2/APP_REV-63/2026-2027,225283,1314574,Open Tendering Method (OTM),Revenue,Government,Not applicable,Not applicable,"EMDK2/APP_REV-63/2026-2027 Construction of One Basement & 12-storied office building with Multi-Purpose Hall at DMP Headquarters, Dhaka (Sub-Head: Supply, Installation, Testing and Commissioning 1600 KVA Sub-Station and related accessories of DMP 12 Storied Office Building with Multipurpose Hall at DPM Head Quarters, Dhaka)","Machinery for the production and use of mechanical power; Machinery, equipment, appliances, apparatus and associated products; Turbines and motors; Pumps and compressors; Taps, cocks, valves and similar appliances; Gears, gearing and driving elements; Electric motors, generators and transformers; Electronic, electromechanical and electrotechnical supplies; Electrical machinery, apparatus, equipment and consumables; Electronic equipment; Electromechanical equipment; Electrotechnical equipment; Repair and maintenance services for pumps, valves, taps and metal containers and machinery; Repair and maintenance services of electrical and mechanical building installations; Repair and maintenance services of building installations; Installation services of electrical and mechanical equipment; Installation services of equipment for measuring, checking, testing and navigating; Installation services;Electric motors;Generators;Alternators;Cooling towers;Ballasts for discharge lamps or tubes;Parts of electric motors, generators and transformers;Transformers;Repair and maintenance services of pumps, valves, taps and metal containers;Repair and maintenance services of machinery",02-Aug-2026 19:00,17-Aug-2026 12:00,"This invitation for tender is open to all eligible/ Bona fide Tenderers: a) Up to date valid Trade license b) Valid TIN & VAT registration Certificate c) Up to date valid Income Tax clearance certificate d) The minimum number of years of general experience of the Tenderer in the construction works as Prime Contractor or Subcontractor or Management Contractor shall be 05 (Five) years. e) The minimum specific experience as a Prime Contractor or Subcontractor or Management Contractor in construction works under public sector of at least 01 contract of Sub-Station and related accessories successfully completed within the last 05 years, with a value of at least Tk. 210.00 Lac f) The required average annual construction turnover under public sector shall be greater than Tk 320.00 Lac over the last 05 financial years and Minimum Tender Capacity shall be 220.00 Lac. g) The minimum amount of financial resources as liquid asset or working capital or credit line(s) or specific credit commitment in the form of Letter of Credit Commitment for Bank’s undertaking for Line of Credit (Form e-PW2A-8) Only without alteration or in any combination of them, of the Tenderers shall be Tk 170.00 Lac. h) Up to date valid ABC category Contractor & Electrical Supervisory license i) Met all other required qualifications, special terms & conditions of the tender as mentioned in the ITT, GCC, PCC, Tender data sheet (TDS) & Tender documents.","Construction of One Basement & 12-storied office building with Multi-Purpose Hall at DMP Headquarters, Dhaka (Sub-Head: Supply, Installation, Testing and Commissioning 1600 KVA Sub-Station and related accessories of DMP 12 Storied Office Building with Multipurpose Hall at DPM Head Quarters, Dhaka)",Lot wise,Package wise,Package wise,4000,Payment through Bank,11-Feb-2027,11-Feb-2027,1,"Construction of One Basement & 12-storied office building with Multi-Purpose Hall at DMP Headquarters, Dhaka (Sub-Head: Supply, Installation, Testing and Commissioning 1600 KVA Sub-Station and related accessories of DMP 12 Storied Office Building with Multipurpose Hall at DPM Head Quarters, Dhaka)",DMP headquarters Dhaka,800000,24-Sep-2026,23-Mar-2027,KAZI MASHFIQ AHMED,Executive Engineer,"Address : 1st Floor, PWD Office Building, Tejgaon I/A, Dhaka-1208 City : Dhaka Thana : Dhaka North City Corporation District : Dhaka - 1000 Country : Bangladesh","1st Floor, PWD Office Building, Tejgaon I/A, Dhaka-1208",Dhaka,Dhaka North City Corporation,Dhaka - 1000,02-55030114,,https://www.eprocure.gov.bd/resources/common/ViewTender.jsp?id=1314574
Ministry of Housing and Public Works,,Public Works Department (PWD),"PWD EM Division-2, Dhaka",,Dhaka,Works,NCT,TENDER,Tender - Single Lot,EMDK2/APP_REV-61/2026-2027,225283,1314572,Open Tendering Method (OTM),Revenue,Government,Not applicable,Not applicable,"EMDK2/APP_REV-61/2026-2027 Construction of one Basement & 12 storied office Building with Multi-Purpose Hall at DMP Headquarters, Dhaka (Sub-head: Supply, Installation, testing and commissioning Split type Air cooler for 9th, 10th and 11th floor of DMP 12 storied office building with Multipurpose Hall at DMP headquarters Dhaka.","Cooling and ventilation equipment; General-purpose machinery; Machine tools; Repair and maintenance services for pumps, valves, taps and metal containers and machinery; Repair, maintenance and installation services; Repair and maintenance services of central heating; Repair and maintenance services of cooler groups; Repair and maintenance services of building installations; Installation services of electrical and mechanical equipment; Installation services of equipment for measuring, checking, testing and navigating; Installation services; Installation services of machinery and equipment;Machine tools operated by laser and machining centres;Lathes, boring and milling machine tools;Metal-working machine tools;Machine tools for working hard materials except metals;Pneumatic or motorised hand tools;Soldering, brazing and welding tools, surface tempering and hot-spraying machines and equipment;Parts and accessories of machine tools;Repair and maintenance services of pumps, valves, taps and metal containers;Repair and maintenance services of machinery",02-Aug-2026 19:00,17-Aug-2026 12:00,"This invitation for tender is open to all eligible/ Bona fide Tenderers: a) Up to date valid Trade license b) Valid TIN & VAT registration Certificate c) Up to date valid Income Tax clearance certificate d) The minimum number of years of general experience of the Tenderer in the construction works as Prime Contractor or Subcontractor or Management Contractor shall be 05 (Five) years. e) The minimum specific experience as a Prime Contractor or Subcontractor or Management Contractor in construction works under public sector of at least 01 contract of Air Conditioning System successfully completed within the last 05 years, with a value of at least Tk. 170.00 Lac f) The required average annual construction turnover under public sector shall be greater than Tk 250.00 Lac over the last 05 financial years and Minimum Tender Capacity shall be 180.00 Lac. g) The minimum amount of financial resources as liquid asset or working capital or credit line(s) or specific credit commitment in the form of Letter of Credit Commitment for Bank’s undertaking for Line of Credit (Form e-PW2A-8) Only without alteration or in any combination of them, of the Tenderers shall be Tk 140.00 Lac. h) Up to date valid ABC category Contractor & Electrical Supervisory license i) Met all other required qualifications, special terms & conditions of the tender as mentioned in the ITT, GCC, PCC, Tender data sheet (TDS) & Tender documents.","Construction of one Basement & 12 storied office Building with Multi-Purpose Hall at DMP Headquarters, Dhaka (Sub-head: Supply, Installation, testing and commissioning Split type Air cooler for 9th, 10th and 11th floor of DMP 12 storied office building with Multipurpose Hall at DMP headquarters Dhaka.",Lot wise,Package wise,Package wise,4000,Payment through Bank,11-Feb-2027,11-Feb-2027,1,"Construction of one Basement & 12 storied office Building with Multi-Purpose Hall at DMP Headquarters, Dhaka (Sub-head: Supply, Installation, testing and commissioning Split type Air cooler for 9th, 10th and 11th floor of DMP 12 storied office building with Multipurpose Hall at DMP headquarters Dhaka.",DMP headquarters Dhaka,650000,24-Sep-2026,23-Mar-2027,KAZI MASHFIQ AHMED,Executive Engineer,"Address : 1st Floor, PWD Office Building, Tejgaon I/A, Dhaka-1208 City : Dhaka Thana : Dhaka North City Corporation District : Dhaka - 1000 Country : Bangladesh","1st Floor, PWD Office Building, Tejgaon I/A, Dhaka-1208",Dhaka,Dhaka North City Corporation,Dhaka - 1000,02-55030114,,https://www.eprocure.gov.bd/resources/common/ViewTender.jsp?id=1314572
Ministry of Housing and Public Works,,Public Works Department (PWD),"PWD EM Division-2, Dhaka",,Dhaka,Works,NCT,TENDER,Tender - Single Lot,EMDK2/APP_REV-62/2026-2027,225283,1314573,Open Tendering Method (OTM),Revenue,Government,Not applicable,Not applicable,"EMDK2/APP_REV-62/2026-2027 Construction of one Basement & 12 storied office Building with Multi-Purpose Hall at DMP Headquarters, Dhaka (Sub-head: Supply, Installation, testing and commissioning Split type Air cooler for Ground, 1st, 2nd, 3rd and 4th floor of DMP 12 storied office building with Multipurpose Hall at DMP headquarters Dhaka.","Cooling and ventilation equipment; General-purpose machinery; Machine tools; Domestic appliances; Machinery, equipment, appliances, apparatus and associated products; Repair and maintenance services for pumps, valves, taps and metal containers and machinery; Repair and maintenance services of cooler groups; Repair and maintenance services of building installations; Installation services of electrical and mechanical equipment; Installation services of equipment for measuring, checking, testing and navigating; Installation services; Installation services of machinery and equipment;Machine tools operated by laser and machining centres;Lathes, boring and milling machine tools;Metal-working machine tools;Machine tools for working hard materials except metals;Pneumatic or motorised hand tools;Soldering, brazing and welding tools, surface tempering and hot-spraying machines and equipment;Parts and accessories of machine tools;Electrical domestic appliances;Non-electric domestic appliances;Repair and maintenance services of pumps, valves, taps and metal containers;Repair and maintenance services of machinery",02-Aug-2026 19:00,17-Aug-2026 12:00,"This invitation for tender is open to all eligible/ Bona fide Tenderers: a) Up to date valid Trade license b) Valid TIN & VAT registration Certificate c) Up to date valid Income Tax clearance certificate d) The minimum number of years of general experience of the Tenderer in the construction works as Prime Contractor or Subcontractor or Management Contractor shall be 05 (Five) years. e) The minimum specific experience as a Prime Contractor or Subcontractor or Management Contractor in construction works under public sector of at least 01 contract of Air Conditioning System successfully completed within the last 05 years, with a value of at least Tk. 170.00 Lac f) The required average annual construction turnover under public sector shall be greater than Tk 250.00 Lac over the last 05 financial years and Minimum Tender Capacity shall be 180.00 Lac. g) The minimum amount of financial resources as liquid asset or working capital or credit line(s) or specific credit commitment in the form of Letter of Credit Commitment for Bank’s undertaking for Line of Credit (Form e-PW2A-8) Only without alteration or in any combination of them, of the Tenderers shall be Tk 140.00 Lac. h) Up to date valid ABC category Contractor & Electrical Supervisory license i) Met all other required qualifications, special terms & conditions of the tender as mentioned in the ITT, GCC, PCC, Tender data sheet (TDS) & Tender documents.","Construction of one Basement & 12 storied office Building with Multi-Purpose Hall at DMP Headquarters, Dhaka (Sub-head: Supply, Installation, testing and commissioning Split type Air cooler for Ground, 1st, 2nd, 3rd and 4th floor of DMP 12 storied office building with Multipurpose Hall at DMP headquarters Dhaka.",Lot wise,Package wise,Package wise,4000,Payment through Bank,11-Feb-2027,11-Feb-2027,1,"Construction of one Basement & 12 storied office Building with Multi-Purpose Hall at DMP Headquarters, Dhaka (Sub-head: Supply, Installation, testing and commissioning Split type Air cooler for Ground, 1st, 2nd, 3rd and 4th floor of DMP 12 storied office building with Multipurpose Hall at DMP headquarters Dhaka.",DMP headquarters Dhaka,650000,24-Sep-2026,23-Mar-2027,KAZI MASHFIQ AHMED,Executive Engineer,"Address : 1st Floor, PWD Office Building, Tejgaon I/A, Dhaka-1208 City : Dhaka Thana : Dhaka North City Corporation District : Dhaka - 1000 Country : Bangladesh","1st Floor, PWD Office Building, Tejgaon I/A, Dhaka-1208",Dhaka,Dhaka North City Corporation,Dhaka - 1000,02-55030114,,https://www.eprocure.gov.bd/resources/common/ViewTender.jsp?id=1314573
Ministry of Health and Family Welfare,Health Services Division,Directorate General of Health Services (DGHS),Golapganj Upazila Health Complex,,Sylhet,Goods,NCT,TENDER,Tender - Single Lot,UHC/Golap/MSR/2026-27/675,226966,1312352,Open Tendering Method (OTM),Revenue,Government,Not applicable,Not applicable,"UHC/Golap/APP/2026-27/GR-06 Procurement of Furniture for the FY 2026-2027 at Upazila Health Complex Golapganj, Sylhet.","Wood, wood products, cork products, basketware and wickerwork; Manufactured goods, furniture, handicrafts, special-purpose products and associated consumables;Sawn wood;Railway sleepers;Mining timber;Prepared softwood;Hardwood;Parquet;Prepared or treated wooden products;Sawdust;Wooden sheets and veneers;Wooden boards and panels;Densified wood;Builders wood joinery and carpentry;Builders wood joinery;Builders wood carpentry;Prefabricated wooden buildings;Wooden containers, pallets, boxes and other containers;Wooden containers;Wooden pallets;Articles of wood and cork;Products of wood and related articles;Articles of cork, basketware and wickerwork;Furniture;Seats, chairs and associated parts;Non-domestic furniture;Domestic furniture;Miscellaneous furniture and equipment;School furniture;Jewellery and related articles;Coins and medals;Articles of jewellery;Musical instruments and parts;Musical instruments;Parts and accessories of musical instruments;Sports goods and equipment;Outdoor sports equipment;Gymnasium equipment;Games and toys; fairground amusements;Dolls;Toys;Articles for funfair, table or parlour games;Miscellaneous manufactured and other goods;Laundry supplies;School slates or boards with writing or drawing surfaces;Artificial products;Apparatus and equipment designed for demonstrational purposes;Umbrellas and sunshades; walking sticks and seat sticks;Funeral supplies;Kitchen equipment, household items and catering supplies;Barracks supplies;Consumables and consumer goods;Consumables;Tax-free goods;Disposable goods;Handicraft and art supplies;Handicraft supplies;Art supplies;Special-purpose product;Police equipment;Recycled products;Security devices;Animal ear tags;Compost boxes;Tokens;Spray booths;Snow poles",02-Aug-2026 18:00,13-Aug-2026 12:00,As per TDS & PCC,"Procurement of Furniture for the FY 2026-2027 at Upazila Health Complex Golapganj, Sylhet.",Lot wise,Package wise,Package wise,500,Payment through Bank,07-Feb-2027,07-Feb-2027,1,"Procurement of Furniture for the FY 2026-2027 at Upazila Health Complex Golapganj, Sylhet.",Upazila Health Complex Golapganj Sylhet,14000,16-Aug-2026,29-Jul-2027,DR SUDASHAN SEN,UH&FPO,"Address : Golapganj Upazila Health Complex, Dharabo, Golapganj City : Golapganj Thana : Golapganj District : Sylhet - 3160 Country : Bangladesh","Golapganj Upazila Health Complex, Dharabo, Golapganj",Golapganj,Golapganj,Sylhet - 3160,08227-56028,,https://www.eprocure.gov.bd/resources/common/ViewTender.jsp?id=1312352
Ministry of Health and Family Welfare,Health Services Division,Directorate General of Health Services (DGHS),Golapganj Upazila Health Complex,,Sylhet,Goods,NCT,TENDER,Tender - Single Lot,UHC/Golap/MSR/2026-27/675,226966,1312349,Open Tendering Method (OTM),Revenue,Government,Not applicable,Not applicable,"UHC/Golap/APP/2026-27/GR-01 Procurement of Non-EDCL Medicine for the FY 2026-27 at Upazila Health Complex Golapganj, Sylhet.","Medical and laboratory devices, optical and precision devices, watches and clocks, pharmaceuticals and related medical consumables;Medical devices;Imaging equipment for medical, dental and veterinary use;Functional exploration;Dentistry;Medical non-chemical consumables and haematological consumables;Therapy;Operating techniques;Anaesthesia and resuscitation;Functional support;Miscellaneous medical devices;Instruments and appliances for measuring, checking, testing and navigating;Navigational, meteorological, geological and geophysical instruments;Remote-control equipment;Precision balances, instruments for drawing, calculating and measuring length;Instruments for measuring quantities;Instruments for checking physical characteristics;Checking and testing apparatus;Regulating and controlling instruments and apparatus;Non-medical equipment based on the use of radiations;Industrial process control equipment;Optical instruments;Spectacles and lenses;Polarising material;Astronomical and optical instruments;Liquid crystal devices;Photographic equipment;Horological instruments;Watches and clocks",02-Aug-2026 18:00,13-Aug-2026 12:00,As per TDS & PCC,"Procurement of Non-EDCL Medicine for the FY 2026-27 at Upazila Health Complex Golapganj, Sylhet.",Lot wise,Package wise,Package wise,2500,Payment through Bank,07-Feb-2027,07-Feb-2027,1,"Procurement of Non-EDCL Medicine for the FY 2026-27 at Upazila Health Complex Golapganj, Sylhet.",Upazila Health Complex Golapganj Sylhet,250000,16-Aug-2026,29-Jul-2027,DR SUDASHAN SEN,UH&FPO,"Address : Golapganj Upazila Health Complex, Dharabo, Golapganj City : Golapganj Thana : Golapganj District : Sylhet - 3160 Country : Bangladesh","Golapganj Upazila Health Complex, Dharabo, Golapganj",Golapganj,Golapganj,Sylhet - 3160,08227-56028,,https://www.eprocure.gov.bd/resources/common/ViewTender.jsp?id=1312349
Ministry of Health and Family Welfare,Health Services Division,Directorate General of Health Services (DGHS),Golapganj Upazila Health Complex,,Sylhet,Goods,NCT,TENDER,Tender - Single Lot,UHC/Golap/MSR/2026-27/675,226966,1312351,Open Tendering Method (OTM),Revenue,Government,Not applicable,Not applicable,"UHC/Golap/APP/2026-27/GR-04 Procurement of Linen for the FY 2026-2027 at Upazila Health Complex Golapganj, Sylhet.","Clothing and accessories; Fabricated products and materials;Occupational clothing, special workwear and accessories;Occupational clothing;Special workwear;Workwear accessories;Outerwear;Coats;Weatherproof clothing;Miscellaneous outerwear;Garments;Underwear;Shirts and nightwear;T-shirts;Special clothing and accessories;Special clothing;Clothing accessories;Hats and headgear;Fasteners;Leather clothes;Leather clothing accessories;Furs and articles of fur;Fur articles;Furs;Second-hand clothing;Structural metal products;Metal structures and parts of structures;Builders joinery of metal;Metal tanks, reservoirs and containers; central-heating radiators and boilers;Metal tanks, reservoirs, containers and pressure vessels;Central-heating radiators and boilers and parts;Nuclear reactors and parts;Nuclear reactors;Parts of nuclear reactors;Cable, wire and related products;Wire products;Cable and related products;Miscellaneous fabricated metal products and related items;Metal articles for the bathroom and kitchen;Metal goods;Armour plating;Bearings;Mild steel;Props and mining struts;Cast-iron products;Miscellaneous fire-protection equipment;Cutlery, tools, locks, keys and hinges;Cutlery;Tools;Locks, keys and hinges;Fasteners, chain and springs;Fasteners;Chain;Springs;Construction materials and associated items;Construction materials;Road furniture;Sewer mains;Steel products related to construction materials;Oil country tubular goods;Pipeline, piping, pipes, casing, tubing and related items",02-Aug-2026 18:00,13-Aug-2026 12:00,As per TDS & PCC,"Procurement of Linen for the FY 2026-2027 at Upazila Health Complex Golapganj, Sylhet.",Lot wise,Package wise,Package wise,500,Payment through Bank,07-Feb-2027,07-Feb-2027,1,"Procurement of Linen for the FY 2026-2027 at Upazila Health Complex Golapganj, Sylhet.",Upazila Health Complex Golapganj Sylhet,10000,16-Aug-2026,29-Jul-2027,DR SUDASHAN SEN,UH&FPO,"Address : Golapganj Upazila Health Complex, Dharabo, Golapganj City : Golapganj Thana : Golapganj District : Sylhet - 3160 Country : Bangladesh","Golapganj Upazila Health Complex, Dharabo, Golapganj",Golapganj,Golapganj,Sylhet - 3160,08227-56028,,https://www.eprocure.gov.bd/resources/common/ViewTender.jsp?id=1312351
Ministry of Health and Family Welfare,Health Services Division,Directorate General of Health Services (DGHS),Golapganj Upazila Health Complex,,Sylhet,Goods,NCT,TENDER,Tender - Single Lot,UHC/Golap/MSR/2026-27/675,226966,1312350,Open Tendering Method (OTM),Revenue,Government,Not applicable,Not applicable,"UHC/Golap/APP/2026-27/GR-02 Procurement of Medical Instruments for the FY 2026-2027 at Upazila Health Complex Golapganj, Sylhet.","Medical and laboratory devices, optical and precision devices, watches and clocks, pharmaceuticals and related medical consumables;Medical devices;Imaging equipment for medical, dental and veterinary use;Functional exploration;Dentistry;Medical non-chemical consumables and haematological consumables;Therapy;Operating techniques;Anaesthesia and resuscitation;Functional support;Miscellaneous medical devices;Instruments and appliances for measuring, checking, testing and navigating;Navigational, meteorological, geological and geophysical instruments;Remote-control equipment;Precision balances, instruments for drawing, calculating and measuring length;Instruments for measuring quantities;Instruments for checking physical characteristics;Checking and testing apparatus;Regulating and controlling instruments and apparatus;Non-medical equipment based on the use of radiations;Industrial process control equipment;Optical instruments;Spectacles and lenses;Polarising material;Astronomical and optical instruments;Liquid crystal devices;Photographic equipment;Horological instruments;Watches and clocks",02-Aug-2026 18:00,13-Aug-2026 12:00,As per TDS & PCC,"Procurement of Medical Instruments for the FY 2026-2027 at Upazila Health Complex Golapganj, Sylhet.",Lot wise,Package wise,Package wise,1000,Payment through Bank,07-Feb-2027,07-Feb-2027,1,"Procurement of Medical Instruments for the FY 2026-2027 at Upazila Health Complex Golapganj, Sylhet.",Upazila Health Complex Golapganj Sylhet,70000,16-Aug-2026,29-Jul-2027,DR SUDASHAN SEN,UH&FPO,"Address : Golapganj Upazila Health Complex, Dharabo, Golapganj City : Golapganj Thana : Golapganj District : Sylhet - 3160 Country : Bangladesh","Golapganj Upazila Health Complex, Dharabo, Golapganj",Golapganj,Golapganj,Sylhet - 3160,08227-56028,,https://www.eprocure.gov.bd/resources/common/ViewTender.jsp?id=1312350
Ministry of Health and Family Welfare,Health Services Division,Directorate General of Health Services (DGHS),Dakshin Surma Upazila Health Complex,,Sylhet,Goods,NCT,TENDER,Tender - Single Lot,UHC/Dakshin Surma/MSR/2026-27/525,226982,1312499,Open Tendering Method (OTM),Revenue,Government,Not applicable,Not applicable,"UHC/Daksin/e-Tender2026-27/GR-04 Procurement of Linen for the FY 2026-2027 at Dakshin Surma Upazila Health Complex, Sylhet.","Clothing and accessories; Fabricated products and materials;Occupational clothing, special workwear and accessories;Occupational clothing;Special workwear;Workwear accessories;Outerwear;Coats;Weatherproof clothing;Miscellaneous outerwear;Garments;Underwear;Shirts and nightwear;T-shirts;Special clothing and accessories;Special clothing;Clothing accessories;Hats and headgear;Fasteners;Leather clothes;Leather clothing accessories;Furs and articles of fur;Fur articles;Furs;Second-hand clothing;Structural metal products;Metal structures and parts of structures;Builders joinery of metal;Metal tanks, reservoirs and containers; central-heating radiators and boilers;Metal tanks, reservoirs, containers and pressure vessels;Central-heating radiators and boilers and parts;Nuclear reactors and parts;Nuclear reactors;Parts of nuclear reactors;Cable, wire and related products;Wire products;Cable and related products;Miscellaneous fabricated metal products and related items;Metal articles for the bathroom and kitchen;Metal goods;Armour plating;Bearings;Mild steel;Props and mining struts;Cast-iron products;Miscellaneous fire-protection equipment;Cutlery, tools, locks, keys and hinges;Cutlery;Tools;Locks, keys and hinges;Fasteners, chain and springs;Fasteners;Chain;Springs;Construction materials and associated items;Construction materials;Road furniture;Sewer mains;Steel products related to construction materials;Oil country tubular goods;Pipeline, piping, pipes, casing, tubing and related items",02-Aug-2026 18:00,18-Aug-2026 12:00,As Per TDS & PCC,"Procurement of Linen for the FY 2026-2027 at Dakshin Surma Upazila Health Complex, Sylhet.",Lot wise,Package wise,Package wise,500,Payment through Bank,12-Feb-2027,12-Feb-2027,1,"Procurement of Linen for the FY 2026-2027 at Dakshin Surma Upazila Health Complex, Sylhet.",Dakshin Surma Upazila Health Complex Sylhet,25000,20-Aug-2026,29-Jul-2027,MD. SALAHUDDIN MIA,UH&FPO,"Address : Noikhai, Dakshin Surma, Sylhet City : Moglabazar Thana : Dakshin Surma District : Sylhet - 3110 Country : Bangladesh","Noikhai, Dakshin Surma, Sylhet",Moglabazar,Dakshin Surma,Sylhet - 3110,0821-719730,,https://www.eprocure.gov.bd/resources/common/ViewTender.jsp?id=1312499
Ministry of Health and Family Welfare,Health Services Division,Directorate General of Health Services (DGHS),Dakshin Surma Upazila Health Complex,,Sylhet,Goods,NCT,TENDER,Tender - Single Lot,UHC/Dakshin Surma/MSR/2026-27/525,226982,1312498,Open Tendering Method (OTM),Revenue,Government,Not applicable,Not applicable,"UHC/Daksin/e-Tender2026-27/GR-03 Procurement of Gauge Bandage & Cotton for the FY 2026-2027 at Dakshin Surma Upazila Health Complex, Sylhet.","Textiles and textile articles; Leather, leather products and footwear; Rubber, plastic and film products;Textile fabrics and related items;Woven fabrics;Woollen fabrics;Linen fabrics;Special fabrics;Knitted or crocheted fabrics;Cloth;Non-woven fabrics;Textile articles;Textile household articles;Made-up textile articles;Carpets, mats and rugs;Miscellaneous cordage, rope, twine and netting;Non-woven articles;Miscellaneous textile articles;Knitwear, hosiery and related articles;Textile yarn and thread;Natural textile fibres;Artificial textile fibres;Textile yarn and thread of natural fibres;Synthetic yarn or thread;Textile waste;Leather;Chamois leather;Leather of bovine or equine animals;Leather of sheep, goats or pigs;Leather of other animals, composite leather and other leather;Leather waste;Leather articles, luggage and saddlery;Saddlery;Luggage;Watch straps;Leather articles used in machinery or mechanical appliances;Footwear;Footwear other than sports and protective footwear;Sports footwear;Protective footwear;Parts of footwear;Rubber products;Tyres and related products;Unvulcanised and vulcanised rubber articles;Rubberised textile fabrics;Reclaimed rubber;Rubber waste products;Medical articles of rubber;Articles of hard rubber;Plastic products;Plastic plates, sheets, tubes and profiles;Packaging products of plastics;Builders ware of plastic;Miscellaneous plastic products;Magnetic cards;Sound recordings;Resins;Film products;Radiology film;Cinematographic film;Video films",02-Aug-2026 18:00,18-Aug-2026 12:00,As Per TDS & PCC,"Procurement of Gauge Bandage & Cotton for the FY 2026-2027 at Dakshin Surma Upazila Health Complex, Sylhet.",Lot wise,Package wise,Package wise,500,Payment through Bank,12-Feb-2027,12-Feb-2027,1,"Procurement of Gauge Bandage & Cotton for the FY 2026-2027 at Dakshin Surma Upazila Health Complex, Sylhet.",Dakshin Surma Upazila Health Complex Sylhet,25000,20-Aug-2026,29-Jul-2027,MD. SALAHUDDIN MIA,UH&FPO,"Address : Noikhai, Dakshin Surma, Sylhet City : Moglabazar Thana : Dakshin Surma District : Sylhet - 3110 Country : Bangladesh","Noikhai, Dakshin Surma, Sylhet",Moglabazar,Dakshin Surma,Sylhet - 3110,0821-719730,,https://www.eprocure.gov.bd/resources/common/ViewTender.jsp?id=1312498
Ministry of Health and Family Welfare,Health Services Division,Directorate General of Health Services (DGHS),Dakshin Surma Upazila Health Complex,,Sylhet,Goods,NCT,TENDER,Tender - Single Lot,UHC/Dakshin Surma/MSR/2026-27/525,226982,1312496,Open Tendering Method (OTM),Revenue,Government,Not applicable,Not applicable,"UHC/Daksin/e-Tender/2026-27/GR-01 Procurement of Non-EDCL Medicine for the FY 2026-2027 at Dakshin Surma Upazila Health Complex, Sylhet.","Medical and laboratory devices, optical and precision devices, watches and clocks, pharmaceuticals and related medical consumables;Medical devices;Imaging equipment for medical, dental and veterinary use;Functional exploration;Dentistry;Medical non-chemical consumables and haematological consumables;Therapy;Operating techniques;Anaesthesia and resuscitation;Functional support;Miscellaneous medical devices;Instruments and appliances for measuring, checking, testing and navigating;Navigational, meteorological, geological and geophysical instruments;Remote-control equipment;Precision balances, instruments for drawing, calculating and measuring length;Instruments for measuring quantities;Instruments for checking physical characteristics;Checking and testing apparatus;Regulating and controlling instruments and apparatus;Non-medical equipment based on the use of radiations;Industrial process control equipment;Optical instruments;Spectacles and lenses;Polarising material;Astronomical and optical instruments;Liquid crystal devices;Photographic equipment;Horological instruments;Watches and clocks",02-Aug-2026 18:00,18-Aug-2026 12:00,As Per TDS & PCC,"Procurement of Non-EDCL Medicine for the FY 2026-2027 at Dakshin Surma Upazila Health Complex, Sylhet.",Lot wise,Package wise,Package wise,1500,Payment through Bank,12-Feb-2027,12-Feb-2027,1,"Procurement of Non-EDCL Medicine for the FY 2026-2027 at Dakshin Surma Upazila Health Complex, Sylhet.",Dakshin Surma Upazila Health Complex Sylhet,100000,20-Aug-2026,29-Jul-2027,MD. SALAHUDDIN MIA,UH&FPO,"Address : Noikhai, Dakshin Surma, Sylhet City : Moglabazar Thana : Dakshin Surma District : Sylhet - 3110 Country : Bangladesh","Noikhai, Dakshin Surma, Sylhet",Moglabazar,Dakshin Surma,Sylhet - 3110,0821-719730,,https://www.eprocure.gov.bd/resources/common/ViewTender.jsp?id=1312496
Ministry of Health and Family Welfare,Health Services Division,Directorate General of Health Services (DGHS),Dakshin Surma Upazila Health Complex,,Sylhet,Goods,NCT,TENDER,Tender - Single Lot,UHC/Dakshin Surma/MSR/2026-27/525,226982,1312497,Open Tendering Method (OTM),Revenue,Government,Not applicable,Not applicable,"UHC/Daksin/e-Tender/2026-27/GR-02 Procurement of Medical Equipment for the FY 2026-2027 at Dakshin Surma Upazila Health Complex, Sylhet.","Medical and laboratory devices, optical and precision devices, watches and clocks, pharmaceuticals and related medical consumables;Medical devices;Imaging equipment for medical, dental and veterinary use;Functional exploration;Dentistry;Medical non-chemical consumables and haematological consumables;Therapy;Operating techniques;Anaesthesia and resuscitation;Functional support;Miscellaneous medical devices;Instruments and appliances for measuring, checking, testing and navigating;Navigational, meteorological, geological and geophysical instruments;Remote-control equipment;Precision balances, instruments for drawing, calculating and measuring length;Instruments for measuring quantities;Instruments for checking physical characteristics;Checking and testing apparatus;Regulating and controlling instruments and apparatus;Non-medical equipment based on the use of radiations;Industrial process control equipment;Optical instruments;Spectacles and lenses;Polarising material;Astronomical and optical instruments;Liquid crystal devices;Photographic equipment;Horological instruments;Watches and clocks",02-Aug-2026 18:00,18-Aug-2026 12:00,As Per TDS & PCC,"Procurement of Medical Equipment for the FY 2026-2027 at Dakshin Surma Upazila Health Complex, Sylhet.",Lot wise,Package wise,Package wise,1000,Payment through Bank,12-Feb-2027,12-Feb-2027,1,"Procurement of Medical Equipment for the FY 2026-2027 at Dakshin Surma Upazila Health Complex, Sylhet.",Dakshin Surma Upazila Health Complex Sylhet,50000,20-Aug-2026,29-Jul-2027,MD. SALAHUDDIN MIA,UH&FPO,"Address : Noikhai, Dakshin Surma, Sylhet City : Moglabazar Thana : Dakshin Surma District : Sylhet - 3110 Country : Bangladesh","Noikhai, Dakshin Surma, Sylhet",Moglabazar,Dakshin Surma,Sylhet - 3110,0821-719730,,https://www.eprocure.gov.bd/resources/common/ViewTender.jsp?id=1312497
Ministry of Health and Family Welfare,Health Services Division,Directorate General of Health Services (DGHS),Golapganj Upazila Health Complex,,Sylhet,Goods,NCT,TENDER,Tender - Single Lot,UHC/Golap/MSR/2026-27/675,226966,1312353,Open Tendering Method (OTM),Revenue,Government,Not applicable,Not applicable,"UHC/Golap/APP/2026-27/GR-05 Procurement of Chemical Re-Agent for the FY 2026-2027 at Upazila Health Complex Golapganj, Sylhet.","Chemicals, chemical products and man-made fibres;Chemicals;Gases;Dyes and pigments;Basic inorganic chemicals;Basic organic chemicals;Fertilisers and nitrogen compounds;Plastics in primary forms;Synthetic rubber;Enzymes;Agro-chemical products;Pesticides;Insecticides;Herbicides;Plant-growth regulators;Disinfectants;Rodenticides;Fungicides;Paints, varnishes, printing ink and mastics;Paints;Varnishes;Ink;Mastics, fillers, putty;Solvents;Medicinal products;Medicinal products for the alimentary tract and metabolism;Medicinal products for the blood, blood-forming organs and the cardiovascular system;Medicinal products for dermatology and the musculo-skeletal system;Medicinal products for the genitourinary system and hormones;General anti-infectives for systemic use, vaccines, antineoplastic and immunodulating agents;Medicinal products for the nervous system and sensory organs;Medicinal products for the respiratory system;Various medicinal products;Glycerol, soaps, detergents, cleaning and polishing preparations, perfumes and toilet preparations;Glycerol;Perfumes and toiletries;Explosives and fine chemical products;Prepared explosives;Glues;Essential oils;Photographic chemicals;Unrecorded media;Specialised chemical products;Man-made fibres;Synthetic fibres;Artificial fibres;Various chemical products;Radiator fluids;Water-treatment chemicals;Anti-corrosion products",02-Aug-2026 18:00,13-Aug-2026 12:00,As per TDS & PCC,"Procurement of Chemical Re-Agent for the FY 2026-2027 at Upazila Health Complex Golapganj, Sylhet.",Lot wise,Package wise,Package wise,500,Payment through Bank,07-Feb-2027,07-Feb-2027,1,"Procurement of Chemical Re-Agent for the FY 2026-2027 at Upazila Health Complex Golapganj, Sylhet.",Upazila Health Complex Golapganj Sylhet,14000,16-Aug-2026,29-Jul-2027,DR SUDASHAN SEN,UH&FPO,"Address : Golapganj Upazila Health Complex, Dharabo, Golapganj City : Golapganj Thana : Golapganj District : Sylhet - 3160 Country : Bangladesh","Golapganj Upazila Health Complex, Dharabo, Golapganj",Golapganj,Golapganj,Sylhet - 3160,08227-56028,,https://www.eprocure.gov.bd/resources/common/ViewTender.jsp?id=1312353
Ministry of Road Transport and Bridges,Road Transport and Highways Division,Roads & Highways Department (RHD),Khulna Road Division,khuRD0001,Khulna,Works,NCT,TENDER,Tender - Single Lot,01/e-GP/OTM/Culvert/KRD/2026-2027,229024,1313973,Open Tendering Method (OTM),Revenue,Government,Not applicable,Not applicable,"01/e-GP/OTM/Culvert/KRD/2026-2027 Construction of Single Vent Straight 1 x 6.00m. (Clear) length & 4.00m. (Clear) Height R.C.C Box Culvertat Ch. 24+250m (Barasat Talukdar khal) on Digholia (Raligate)-Arua-Gazirhat-Terokhada Road (Z-7040) Road under Road Division, Khulna during the year 2025-2026.","Construction work;Site preparation work;Building demolition and wrecking work and earthmoving work;Test drilling and boring work;Works for complete or part construction and civil engineering work;Building construction work;Engineering works and construction works;Construction work for pipelines, communication and power lines, for highways, roads, airfields and railways; flatwork;Construction work for water projects;Construction works for plants, mining and manufacturing and for buildings relating to the oil and gas industry;Roof works and other special trade construction works;Building installation work;Electrical installation work;Insulation work;Plumbing and sanitary works;Fencing, railing and safety equipment installation work;Mechanical installations;Building completion work;Plastering work;Joinery and carpentry installation work;Floor and wall covering work;Painting and glazing work;Other building completion work;Hire of construction and civil engineering machinery and equipment with operator;Hire of cranes with operator;Hire of earthmoving equipment with operator",02-Aug-2026 18:00,17-Aug-2026 17:00,"The Tenders who are enlisted with e-GP system portal, can submit the tender through online. • The Tenders shal have: 1. The minimum number of years of general experience of the Tenderer in the construction works as Prime Contractor shal be 3 (Three) years. 2.The minimum specific experience as a Contractor in a single contract having minimum value of Tk. 1.00 Crore (One Point Zero Zero ) only successfuly completed within the last 20 (Twenty) years. 3.The required average annual construction turnover shal be greater than Tk. 1.65 Crore (One point Sixty Five) Crore over the last 5 (Five) years. 4. The minimum amount of liquid assets or working capital or credit facilities of the Tenderer shal be Tk 1.00 Crore (One Point Zero Zero)Crore only. 5. The minimum amount of Tender Capacity shal be Tk. 1.24 Crore (One point Two Four) Crore only.","Construction of Single Vent Straight 1 x 6.00m. (Clear) length & 4.00m. (Clear) Height R.C.C Box Culvertat Ch. 24+250m (Barasat Talukdar khal) on Digholia (Raligate)-Arua-Gazirhat-Terokhada Road (Z-7040) Road under Road Division, Khulna during the year 2025-2026.",Lot wise,Package wise,Package wise,2500,Payment through Bank,12-Feb-2027,12-Feb-2027,Single Lot.,"Construction of Single Vent Straight 1 x 6.00m. (Clear) length & 4.00m. (Clear) Height R.C.C Box Culvertat Ch. 24+250m (Barasat Talukdar khal) on Digholia (Raligate)-Arua-Gazirhat-Terokhada Road (Z-7040) Road under Road Division, Khulna during the year 2025-2026.",As Per Identification of Lot,495000,01-Oct-2026,30-Jun-2027,Md Tanimul Hoque,Executive Engineer,"Address : Khulna Road Division, Sarak Bhaban, Khulna City : Khulna Thana : Khulna City Corporation District : Khulna - 0000 Country : Bangladesh","Khulna Road Division, Sarak Bhaban, Khulna",Khulna,Khulna City Corporation,Khulna - 0000,041-720678,,https://www.eprocure.gov.bd/resources/common/ViewTender.jsp?id=1313973
Ministry of Health and Family Welfare,Health Services Division,Directorate General of Health Services (DGHS),Dakshin Surma Upazila Health Complex,,Sylhet,Goods,NCT,TENDER,Tender - Single Lot,UHC/Dakshin Surma/MSR/2026-27/525,226982,1312501,Open Tendering Method (OTM),Revenue,Government,Not applicable,Not applicable,"UHC/Daksin/e-Tender2026-27/GR-06 Procurement of Furniture for the FY 2026-2027 at Dakshin Surma Upazila Health Complex, Sylhet.","Wood, wood products, cork products, basketware and wickerwork; Manufactured goods, furniture, handicrafts, special-purpose products and associated consumables;Sawn wood;Railway sleepers;Mining timber;Prepared softwood;Hardwood;Parquet;Prepared or treated wooden products;Sawdust;Wooden sheets and veneers;Wooden boards and panels;Densified wood;Builders wood joinery and carpentry;Builders wood joinery;Builders wood carpentry;Prefabricated wooden buildings;Wooden containers, pallets, boxes and other containers;Wooden containers;Wooden pallets;Articles of wood and cork;Products of wood and related articles;Articles of cork, basketware and wickerwork;Furniture;Seats, chairs and associated parts;Non-domestic furniture;Domestic furniture;Miscellaneous furniture and equipment;School furniture;Jewellery and related articles;Coins and medals;Articles of jewellery;Musical instruments and parts;Musical instruments;Parts and accessories of musical instruments;Sports goods and equipment;Outdoor sports equipment;Gymnasium equipment;Games and toys; fairground amusements;Dolls;Toys;Articles for funfair, table or parlour games;Miscellaneous manufactured and other goods;Laundry supplies;School slates or boards with writing or drawing surfaces;Artificial products;Apparatus and equipment designed for demonstrational purposes;Umbrellas and sunshades; walking sticks and seat sticks;Funeral supplies;Kitchen equipment, household items and catering supplies;Barracks supplies;Consumables and consumer goods;Consumables;Tax-free goods;Disposable goods;Handicraft and art supplies;Handicraft supplies;Art supplies;Special-purpose product;Police equipment;Recycled products;Security devices;Animal ear tags;Compost boxes;Tokens;Spray booths;Snow poles",02-Aug-2026 18:00,18-Aug-2026 12:00,As Per TDS & PCC,"Procurement of Furniture for the FY 2026-2027 at Dakshin Surma Upazila Health Complex, Sylhet.",Lot wise,Package wise,Package wise,500,Payment through Bank,12-Feb-2027,12-Feb-2027,1,"Procurement of Furniture for the FY 2026-2027 at Dakshin Surma Upazila Health Complex, Sylhet.",Dakshin Surma Upazila Health Complex Sylhet,10000,20-Aug-2026,29-Jul-2027,MD. SALAHUDDIN MIA,UH&FPO,"Address : Noikhai, Dakshin Surma, Sylhet City : Moglabazar Thana : Dakshin Surma District : Sylhet - 3110 Country : Bangladesh","Noikhai, Dakshin Surma, Sylhet",Moglabazar,Dakshin Surma,Sylhet - 3110,0821-719730,,https://www.eprocure.gov.bd/resources/common/ViewTender.jsp?id=1312501
Ministry of Health and Family Welfare,Health Services Division,Directorate General of Health Services (DGHS),Dakshin Surma Upazila Health Complex,,Sylhet,Goods,NCT,TENDER,Tender - Single Lot,UHC/Dakshin Surma/MSR/2026-27/525,226982,1312500,Open Tendering Method (OTM),Revenue,Government,Not applicable,Not applicable,"UHC/Daksin/e-Tender2026-27/GR-05 Procurement of Chemical Re-Agent for the FY 2026-2027 at Dakshin Surma Upazila Health Complex, Sylhet.","Chemicals, chemical products and man-made fibres;Chemicals;Gases;Dyes and pigments;Basic inorganic chemicals;Basic organic chemicals;Fertilisers and nitrogen compounds;Plastics in primary forms;Synthetic rubber;Enzymes;Agro-chemical products;Pesticides;Insecticides;Herbicides;Plant-growth regulators;Disinfectants;Rodenticides;Fungicides;Paints, varnishes, printing ink and mastics;Paints;Varnishes;Ink;Mastics, fillers, putty;Solvents;Medicinal products;Medicinal products for the alimentary tract and metabolism;Medicinal products for the blood, blood-forming organs and the cardiovascular system;Medicinal products for dermatology and the musculo-skeletal system;Medicinal products for the genitourinary system and hormones;General anti-infectives for systemic use, vaccines, antineoplastic and immunodulating agents;Medicinal products for the nervous system and sensory organs;Medicinal products for the respiratory system;Various medicinal products;Glycerol, soaps, detergents, cleaning and polishing preparations, perfumes and toilet preparations;Glycerol;Perfumes and toiletries;Explosives and fine chemical products;Prepared explosives;Glues;Essential oils;Photographic chemicals;Unrecorded media;Specialised chemical products;Man-made fibres;Synthetic fibres;Artificial fibres;Various chemical products;Radiator fluids;Water-treatment chemicals;Anti-corrosion products",02-Aug-2026 18:00,18-Aug-2026 12:00,As Per TDS & PCC,"Procurement of Chemical Re-Agent for the FY 2026-2027 at Dakshin Surma Upazila Health Complex, Sylhet.",Lot wise,Package wise,Package wise,500,Payment through Bank,12-Feb-2027,12-Feb-2027,1,"Procurement of Chemical Re-Agent for the FY 2026-2027 at Dakshin Surma Upazila Health Complex, Sylhet.",Dakshin Surma Upazila Health Complex Sylhet,10000,20-Aug-2026,29-Jul-2027,MD. SALAHUDDIN MIA,UH&FPO,"Address : Noikhai, Dakshin Surma, Sylhet City : Moglabazar Thana : Dakshin Surma District : Sylhet - 3110 Country : Bangladesh","Noikhai, Dakshin Surma, Sylhet",Moglabazar,Dakshin Surma,Sylhet - 3110,0821-719730,,https://www.eprocure.gov.bd/resources/common/ViewTender.jsp?id=1312500
Ministry of Health and Family Welfare,Health Services Division,Directorate General of Health Services (DGHS),Golapganj Upazila Health Complex,,Sylhet,Goods,NCT,TENDER,Tender - Single Lot,UHC/Golap/MSR/2026-27/675,226966,1312354,Open Tendering Method (OTM),Revenue,Government,Not applicable,Not applicable,"UHC/Golap/APP/2026-27/GR-03 Procurement of Gauze Bandage & Cotton for the FY 2026-2027 at Upazila Health Complex Golapganj, Sylhet.","Textiles and textile articles; Leather, leather products and footwear; Rubber, plastic and film products;Textile fabrics and related items;Woven fabrics;Woollen fabrics;Linen fabrics;Special fabrics;Knitted or crocheted fabrics;Cloth;Non-woven fabrics;Textile articles;Textile household articles;Made-up textile articles;Carpets, mats and rugs;Miscellaneous cordage, rope, twine and netting;Non-woven articles;Miscellaneous textile articles;Knitwear, hosiery and related articles;Textile yarn and thread;Natural textile fibres;Artificial textile fibres;Textile yarn and thread of natural fibres;Synthetic yarn or thread;Textile waste;Leather;Chamois leather;Leather of bovine or equine animals;Leather of sheep, goats or pigs;Leather of other animals, composite leather and other leather;Leather waste;Leather articles, luggage and saddlery;Saddlery;Luggage;Watch straps;Leather articles used in machinery or mechanical appliances;Footwear;Footwear other than sports and protective footwear;Sports footwear;Protective footwear;Parts of footwear;Rubber products;Tyres and related products;Unvulcanised and vulcanised rubber articles;Rubberised textile fabrics;Reclaimed rubber;Rubber waste products;Medical articles of rubber;Articles of hard rubber;Plastic products;Plastic plates, sheets, tubes and profiles;Packaging products of plastics;Builders ware of plastic;Miscellaneous plastic products;Magnetic cards;Sound recordings;Resins;Film products;Radiology film;Cinematographic film;Video films",02-Aug-2026 18:00,13-Aug-2026 12:00,As per TDS & PCC,"Procurement of Gauze Bandage & Cotton for the FY 2026-2027 at Upazila Health Complex Golapganj, Sylhet.",Lot wise,Package wise,Package wise,500,Payment through Bank,07-Feb-2027,07-Feb-2027,1,"Procurement of Gauze Bandage & Cotton for the FY 2026-2027 at Upazila Health Complex Golapganj, Sylhet.",Upazila Health Complex Golapganj Sylhet,14000,16-Aug-2026,29-Jul-2027,DR SUDASHAN SEN,UH&FPO,"Address : Golapganj Upazila Health Complex, Dharabo, Golapganj City : Golapganj Thana : Golapganj District : Sylhet - 3160 Country : Bangladesh","Golapganj Upazila Health Complex, Dharabo, Golapganj",Golapganj,Golapganj,Sylhet - 3160,08227-56028,,https://www.eprocure.gov.bd/resources/common/ViewTender.jsp?id=1312354
Ministry of Energy,Power and Mineral Resources,Power Grid Bangladesh PLC,"Grid Maintenance Division, Rangamati",,Chattogram,Works,NCT,TENDER,Tender - Single Lot,"27.21.0000.000.785.18.0001.26.551,Date: 02.08.2026",229017,1314679,Open Tendering Method (OTM),Own Fund,Own Fund,Not applicable,Not applicable,"Rang_04_2026-27 Yearly basis Right of Way work for Chandraghona-Rangamati-Khagrachori 132kV Transmission Line under GMD, Rangamati, Power Grid",Electrical parts of machinery or apparatus; Electrical equipment and apparatus; Electricity; Specialised cleaning services; Cleaning services; Miscellaneous cleaning services; Environmental services; Environmental and ecological services;,02-Aug-2026 17:40,23-Aug-2026 14:00,"The minimum number of years of general experience of the Tenderer in the construction works as Prime Contractor shall be 03 (Three) years; years counting backward from the date of publication of IFT in the newspaper. The minimum specific experience as a Prime Contractor in construction works under public sector (like Power Grid/ DESCO/DPDC/BPDB or any other Government Electricity Company etc) of at least 01 contract(s) of Repair, Installation, Testing and Commissioning work/cutting and clearing jungle and undergrowth at tower bases and access roads to each tower (hilly area)/RoW of transmission line of 132 kV or higher capacity transmission line successfully completed within the last 10 years, each with a value of at least Tk. 03 lakh. Years counting backward from the date of publication of IFT in the newspaper. Others in TDS","Yearly basis Right of Way work for Chandraghona-Rangamati-Khagrachori 132kV Transmission Line under GMD, Rangamati, Power Grid",Lot wise,Package wise,Package wise,500,Payment through Bank,18-Jan-2027,18-Jan-2027,1,"Yearly basis Right of Way work for Chandraghona-Rangamati-Khagrachori 132kV Transmission Line under GMD, Rangamati, Power Grid",Chandraghona Rangamati Khagrachori 132 kV Line,11000,01-Oct-2026,30-Sep-2027,Subir Kanti Nath,Executive Engineer,"Address : Office of the Executive Engineer, GMD, Rangamati, Golam Mostafa Colony (WAPDA Colony), Rashid Bari, Madunaghat. City : Hathazari Thana : Hathazari District : Chattogram - 4337 Country : Bangladesh","Office of the Executive Engineer, GMD, Rangamati, Golam Mostafa Colony (WAPDA Colony), Rashid Bari, Madunaghat.",Hathazari,Hathazari,Chattogram - 4337,01-731097904,,https://www.eprocure.gov.bd/resources/common/ViewTender.jsp?id=1314679
Ministry of Home Affairs,,Bangladesh Police,"Highway Police, Khulna Region, Khulna",,Khulna,Goods (Framework Agreement),NCT,TENDER,Tender - Single Lot,Package no-1/Cleaning and Washing/26-27,229102,1313829,Open Tendering Method (OTM),Revenue,Government,Not applicable,Not applicable,Package no-1/Cleaning and Washing/26-27 Supplt Cleaning and washing items at Highway Police Khulna Region Khulna,"Chemicals, chemical products and man-made fibres; Architectural, engineering, construction, legal, accounting and other professional services; Sewage- and refuse-disposal services, sanitation and environmental services; Miscellaneous services;Chemicals;Gases;Dyes and pigments;Basic inorganic chemicals;Basic organic chemicals;Fertilisers and nitrogen compounds;Plastics in primary forms;Synthetic rubber;Enzymes;Agro-chemical products;Pesticides;Insecticides;Herbicides;Plant-growth regulators;Disinfectants;Rodenticides;Fungicides;Paints, varnishes, printing ink and mastics;Paints;Varnishes;Ink;Mastics, fillers, putty;Solvents;Medicinal products;Medicinal products for the alimentary tract and metabolism;Medicinal products for the blood, blood-forming organs and the cardiovascular system;Medicinal products for dermatology and the musculo-skeletal system;Medicinal products for the genitourinary system and hormones;General anti-infectives for systemic use, vaccines, antineoplastic and immunodulating agents;Medicinal products for the nervous system and sensory organs;Medicinal products for the respiratory system;Various medicinal products;Glycerol, soaps, detergents, cleaning and polishing preparations, perfumes and toilet preparations;Glycerol;Perfumes and toiletries;Explosives and fine chemical products;Prepared explosives;Glues;Essential oils;Photographic chemicals;Unrecorded media;Specialised chemical products;Man-made fibres;Synthetic fibres;Artificial fibres;Various chemical products;Radiator fluids;Water-treatment chemicals;Anti-corrosion products;Legal, accounting, auditing, business, management and related services;Legal services;Accounting, auditing and fiscal services;Market research, public-opinion polling and related services;Business and management consultancy and related services;Management holdings services;Architectural, engineering, construction and related technical consultancy services;Technical consultancy services;Architectural and related services;Engineering services;Integrated engineering services;Urban planning and landscape architectural services;Construction-related services;Engineering-related scientific and technical services;Testing, inspection, analysis, monitoring and control services;Technical testing and analysis services;Monitoring and control services;Advertising and marketing services;Advertising services;Marketing services;Labour recruitment and provision of personnel services.;Placement services of personnel.;Supply services of personnel.;Recruitment services.;Personnel services except placement and supply services;Investigation and security services;Security services;Investigation services;Cleaning services;Accommodation cleaning services;Industrial cleaning services;Specialised cleaning services;Miscellaneous cleaning services;Office cleaning services;School cleaning services;Miscellaneous business and business-related services;Photographic and ancillary services;Packaging and related services;Secretarial and related services;Specialty design services;Collection agency services;Exhibition, fair and congress organisation services;Miscellaneous business-related services;Sewage and refuse collection and disposal services;Sewage services;Refuse services;Cleaning and sanitation services in urban or rural areas, and related services;Street-cleaning services;Gully-cleaning services;Asbestos removal services;Deleading services;Disinfecting and exterminating services in urban or rural areas;Beach cleaning services;Environmental and ecological services;Environmental services;Ecological services;Washing and dry-cleaning services;Laundry-collection services;Textile-cleaning services;Fur-products cleaning services;Colouring services;Pressing services;Dyeing services;Hairdressing and beauty treatment services;Hairdressing services;Beauty treatment services;Physical well-being services;Turkish bath services;Spa services;Massage services;Accommodation and office services;Accommodation services;Civic-amenity services;Car-park management services;Marine services;Aquatic marine services;Port management services;Diving services;Funeral and related services;Funeral services;Miscellaneous services n.e.c.;Decommissioning services;Relocation services;Tailoring services;Upholstering services;Locksmith services;Clearing and Forwarding Agent;Service Provider (Others)",02-Aug-2026 17:00,16-Aug-2026 12:00,As Specified TDS & PCC,Supply Cleaning and washing items at Highway Police Khulna Region Khulna,Lot wise,Package wise,Package wise,1000,Payment through Bank,12-Dec-2026,12-Dec-2026,Pakage no-1/26-27,Supplt Cleaning and washing items at Highway Police Khulna Region Khulna,Highway Police Khulna Region Khuna,60000,01-Sep-2026,30-Jun-2027,MOHAMMAD ZAKARIA,SP,"Address : Highway Police, Khulna Region, Khulna City : Khulna Thana : Khulna City Corporation District : Khulna - 9000 Country : Bangladesh","Highway Police, Khulna Region, Khulna",Khulna,Khulna City Corporation,Khulna - 9000,02-00122,,https://www.eprocure.gov.bd/resources/common/ViewTender.jsp?id=1313829
Ministry of Education,Secondary and Higher Education Division,Education Engineering Department,"Office of the Executive Engineer, EED, Nilphamari District.",55,Nilphamari,Goods,NCT,TENDER,Tender - Single Lot,"37.07.0000.000.016.14.0012.24.13,Dt:-12/03/2025",206075,1314008,Open Tendering Method (OTM),Development,Government,224016400,Fostering Opportunities of Science Education in Public Colleges,"FOSEP/GEN/04 Supply, Installation, Testing & Commissioning of 60-KVA Diesel Generator for Girls hostel at Chilahati Govt College, Under Domar Upazila, Nilphamari District.","Manufactured goods, furniture, handicrafts, special-purpose products and associated consumables;Furniture;Seats, chairs and associated parts;Non-domestic furniture;Domestic furniture;Miscellaneous furniture and equipment;School furniture;Jewellery and related articles;Coins and medals;Articles of jewellery;Musical instruments and parts;Musical instruments;Parts and accessories of musical instruments;Sports goods and equipment;Outdoor sports equipment;Gymnasium equipment;Games and toys; fairground amusements;Dolls;Toys;Articles for funfair, table or parlour games;Miscellaneous manufactured and other goods;Laundry supplies;School slates or boards with writing or drawing surfaces;Artificial products;Apparatus and equipment designed for demonstrational purposes;Umbrellas and sunshades; walking sticks and seat sticks;Funeral supplies;Kitchen equipment, household items and catering supplies;Barracks supplies;Consumables and consumer goods;Consumables;Tax-free goods;Disposable goods;Handicraft and art supplies;Handicraft supplies;Art supplies;Special-purpose product;Police equipment;Recycled products;Security devices;Animal ear tags;Compost boxes;Tokens;Spray booths;Snow poles",02-Aug-2026 17:00,16-Aug-2026 16:00,"The Tenderer shall have: 1. Tenderers who failed to start/failed to complete the awarded work within stipulated time in EED without any reasonable cause are not eligible to participate according to Prime Minister Gazette. a) General experience of Five (05)years. b) Valid trade license (FY 2026-27). c) Valid tax clearance certificate Income Tax Assessment Year shall be 2025-2026. d) Valid VAT & TIN certificate . e) Up to date ABC License & Supervisory License issued from Electrical Licensing Board, Government of Bangladesh. f) A satisfactory completion of supply & installation of Generator (60KVA) (Goods) of at least Tk. 15.00 Lakh (Fifteen Lakh) under a single contract as a similar works within last 05 (Five) years under any Govt./Semi Govt./Autonomous Body of Bangladesh where the package contains more than one (1) Generator. (Completion Certificate Must be submitted) Otherwise tenderer will non-responsive. g) The minimum amount of Liquid Assets i.e working capital or credit facilities of the tenderer shall be BDT. 20.00 (Twenty Lakh only). Formate Follow as per ePG2 STDs. h) Valid Manufacture/s Authorization letter for the proposed Generator. i) Valid Agencyship certificate for the proposed Generator. j) Certificate of specific work experience obtained from organization other than EED/PWD should be authenticated by Asstt. Engineer (EED) of Concerned District. k) Authorization letter of the tenderer. (Mentioning tender ID & works name in official Letter Pad l) Submit valid document in reply of any other terms and conditions mentioned in ITT, GCC, TDS & PCC of this tender.","Supply, Installation, Testing & Commissioning of 60-KVA Diesel Generator for Girls hostel at Chilahati Govt College, Under Domar Upazila, Nilphamari District.",Lot wise,Package wise,Package wise,1000,Payment through Bank,12-Jan-2027,12-Jan-2027,1,"Supply, Installation, Testing & Commissioning of 60-KVA Diesel Generator for Girls hostel at Chilahati Govt College, Under Domar Upazila, Nilphamari District.","Domar Upazila, Nilphamari District",60000,01-Oct-2026,30-Mar-2027,Md Hajerul Islam,Executive Engineer,"Address : Office of the Executive Engineer, EED, Nilphamari District. City : Nilphamari Thana : Nilphamari Sadar District : Nilphamari - 5300 Country : Bangladesh","Office of the Executive Engineer, EED, Nilphamari District.",Nilphamari,Nilphamari Sadar,Nilphamari - 5300,0551-61114,,https://www.eprocure.gov.bd/resources/common/ViewTender.jsp?id=1314008
Prime Minister's Office,,Bangladesh Export Processing Zones Authority (BEPZA),"Office of Superintending Engineer, UEPZ",,Nilphamari,Works,NCT,TENDER,Tender - Single Lot,03.06.7364.325.14.110.26,214661,1310505,Open Tendering Method (OTM),Own Fund,Own Fund,Not applicable,Not applicable,RW 26-27/10 Repair and maintenance of fire service building at Uttara EPZ.,"Repair and maintenance services for pumps, valves, taps and metal containers and machinery; Repair, maintenance and installation services; Repair and maintenance services of building installations; Water distribution; Water distribution and related services; Operation of water supplies; Electricity distribution; Electricity distribution and related services;Repair and maintenance services of pumps, valves, taps and metal containers;Repair and maintenance services of machinery;Repair and maintenance services of electrical and mechanical building installations;Repair and maintenance services of central heating;Repair and maintenance services of cooler groups;Repair and maintenance services of escalators;Lift-maintenance services",02-Aug-2026 17:00,12-Aug-2026 16:00,"The Invitation for Tender is open to all eligible Tenderers who satisfy the followings: a) Tenderer must have successful completion experience of at least 01 (one) similar nature of work/Repair and maintenance of building work in a single contract amounting not less than Tk. 21.00 lac during last 03 (three) years in Govt./Semi-Govt./autonomous bodies. b) The required minimum average annual construction turnover is Tk 35.00 lac (best 03 years of last 05 years will be considered). All works completion certificates must be enclosed with the tender. c) The required minimum liquid Assets i.e working capital/line of credit facilities is Tk. 25.00 lac in the specified format of PPR. d) The minimum capacity shall be: 12.00 lac e) Black listed/debarred bidders from any Govt./Semi-Govt. Autonomous organizations will be treated as ineligible to participate in the Tender (f) Up-to-date trade license, Income Tax clearance certificate, VAT registration certificate. (g) Audit report on the financial standing such as profit & loss statements and audited balance sheet for the past 03 year. h) BC-Electrical Supervisory License from Bangladesh Electrical Licensing Board. (j) other required conditions and documents of the tenderer are shown in Tender Data Sheet (TDS) of tender documents must be fulfilled. (j) All other criteria will be taken according to the Public Procurement Act-2006, PPR-2025 and its amendment. k) Any false, forged, fabricated and miss leading documents furnished by Tenderer shall result in rejection of the Tender. l) In case of any confusion arises due to printing mistakes or other reason the Public Procurement Rules-2025 will be governed.",Repair and maintenance of fire service building at Uttara EPZ.,Lot wise,Package wise,Package wise,1500,Payment through Bank,08-Jan-2027,08-Jan-2027,1,Repair and maintenance of fire service building at Uttara EPZ.,Uttara EPZ,113000,15-Sep-2026,15-Dec-2026,Md. Anowarul Kabir,Senior Executive Engineer (C),"Address : Shongalshi, Nilphamari City : Nilphamari Thana : Nilphamari Sadar District : Nilphamari - 5300 Country : Bangladesh","Shongalshi, Nilphamari",Nilphamari,Nilphamari Sadar,Nilphamari - 5300,02-589960307,,https://www.eprocure.gov.bd/resources/common/ViewTender.jsp?id=1310505
Ministry of Industries,,Bangladesh Chemical Industries Corporation (BCIC),Ghorashal Polash Fertilizer PLC (Commercial),,Norshingdi,Goods,NCT,TENDER,Tender - Single Lot,36.01.6863.627.000.07.31.201.2026-27,214592,1307890,Open Tendering Method (OTM),Own Fund,Own Fund,Not applicable,Not applicable,36.01.6863.627.000.07.31.201.2026-27 Procurement of 07 Types Field Device Spares,"Electrical machinery, apparatus, equipment and consumables;Electric motors, generators and transformers;Electric motors;Generators;Alternators;Cooling towers;Ballasts for discharge lamps or tubes;Parts of electric motors, generators and transformers;Transformers;Electricity distribution and control apparatus;Electrical apparatus for switching or protecting electrical circuits;Electrical circuit components;Parts of electricity distribution or control apparatus;Insulated wire and cable;Mains;Power distribution cables;Coaxial cable;Insulated cable accessories;Electric conductors for data and control purposes;Accumulators, primary cells and primary batteries;Primary cells;Primary batteries;Electric accumulators;Lighting equipment and electric lamps;Electric filament lamps;Lamps and light fittings;Parts of lamps and lighting equipment;Electrical equipment and apparatus;Electrical equipment for engines and vehicles;Sound or visual signalling apparatus;Magnets;Machines and apparatus with individual functions;Insulating fittings;Carbon electrodes;Electrical parts of machinery or apparatus;Electrical supplies and accessories;Electronic, electromechanical and electrotechnical supplies;Electronic equipment;Electromechanical equipment;Electrotechnical equipment",02-Aug-2026 17:00,17-Aug-2026 11:00,"01. Manufacturer’s Name, Model number, Brand name and Country of Origin must be mentioned in the offer. 02. Country of Origin (COO) Certificate must be submitted along with the goods. 03. The tenderer must submit a goods delivery confirmation letter from the goods Manufacturer/ Manufacturer’s nominated Overseas Export House/Trading House/Distributor/Channel Partner stating that the supplied product is new, unused and good condition at the time of material delivery. 04. Model/Part Number, Brand and COO must be marked on the body of goods (As standard label). 05. Necessary catalogue must be supplied with the offer in English language. 06. All supplied items must be fully complied as per GPFPLC technical specification and must match (Without any modification) with GPFPLC existing system. 07. Instruction/Operation & Maintenance manual must be supplied in English language along with goods. 08. Minimum one year warranty after confirmation of quality certificate (QC).",Procurement of 07 Types Field Device Spares,Lot wise,Package wise,Package wise,500,Payment through Bank,12-Jan-2027,12-Jan-2027,1,Procurement of 07 Types Field Device Spares,"GPFPLC Polash, Narsingdi",25000,30-Aug-2026,31-Dec-2026,Mohammad Atiqur Rahman Khan,General Manager(Comm),"Address : Ghorashal Polash Fertilizer PLC
Polash, Norshingdi. City : Polash, Ghorashal. Thana : Palash District : Norshingdi - 1611 Country : Bangladesh",,"Polash, Ghorashal.",Palash,Norshingdi - 1611,02-9466391,,https://www.eprocure.gov.bd/resources/common/ViewTender.jsp?id=1307890
Ministry of Education,Secondary and Higher Education Division,Education Engineering Department,"Office of the Executive Engineer, EED, Nilphamari District.",55,Nilphamari,Goods,NCT,TENDER,Tender - Single Lot,"37.07.0000.016.14.004.17.1463, Dt:-02/06/2026",228349,1314006,Open Tendering Method (OTM),Development,Government,224016400,Fostering Opportunities of Science Education in Public Colleges,"FOSEP/LIFT/01 Supply, Installation, Testing and Commissioning of 01 (One) No. 6 Stops 1000KG Capacity Passenger Lift With Related Accessories at Nilphamari Government Women College, Sadar, Nilphamari.","Manufactured goods, furniture, handicrafts, special-purpose products and associated consumables;Furniture;Seats, chairs and associated parts;Non-domestic furniture;Domestic furniture;Miscellaneous furniture and equipment;School furniture;Jewellery and related articles;Coins and medals;Articles of jewellery;Musical instruments and parts;Musical instruments;Parts and accessories of musical instruments;Sports goods and equipment;Outdoor sports equipment;Gymnasium equipment;Games and toys; fairground amusements;Dolls;Toys;Articles for funfair, table or parlour games;Miscellaneous manufactured and other goods;Laundry supplies;School slates or boards with writing or drawing surfaces;Artificial products;Apparatus and equipment designed for demonstrational purposes;Umbrellas and sunshades; walking sticks and seat sticks;Funeral supplies;Kitchen equipment, household items and catering supplies;Barracks supplies;Consumables and consumer goods;Consumables;Tax-free goods;Disposable goods;Handicraft and art supplies;Handicraft supplies;Art supplies;Special-purpose product;Police equipment;Recycled products;Security devices;Animal ear tags;Compost boxes;Tokens;Spray booths;Snow poles",02-Aug-2026 17:00,16-Aug-2026 16:00,"1. Tenderers who failed to start/failed to complete the awarded work within stipulated time in EED without any reasonable cause are not eligible to participate according to Prime Minister Gazette. 2. Terms & Condition as per Section No.06 2. Technical Specifications and Compliance of Goods and related services (Forme-PG3-5) as per Section No.06 3. Valid Trade License (Up to date) 4. Valid tax clearance certificate (Up to date) 5. Valid VAT & TIN certificate. 6. Up to dated ABC/BC License & Supervisory License issued from Electrical Licensing Board, Government of Bangladesh. 7. Certificate of specific work experience obtained from organization other than EED should be authenticated by the Executive Engineer of EED after varified by respective organization. 8. Submit Valid manufacturer’s authorization letter for the proposed brand of lift Manufacturing Company. 9. Submit Valid Agency ship certificate of the proposed brand of lift Manufacturing Company. 10. Submitted valid document in reply of any others terms and conditions mentioned in TDS & PCC of this Tender. 11. If the proposed Lift brand by the bidder which is other than the brand mentioned the tender documents, if is the not acceptable by TEC Committee during the evaluation will be considered non-responsive, in this regard decision of the TEC Committee will be considered final. 12. If Rate quote found Excessive Less or above than the estimated price in this regard decision of the TEC Committee will be considered final. 13. Tenderer must submit Authorization Letter. (Mention Tender Id & Works Name in Farm Pad)","Supply, Installation, Testing and Commissioning of 01 (One) No. 6 Stops 1000KG Capacity Passenger Lift With Related Accessories at Nilphamari Government Women College, Sadar, Nilphamari.",Lot wise,Package wise,Package wise,2500,Payment through Bank,12-Jan-2027,12-Jan-2027,1,"Supply, Installation, Testing and Commissioning of 01 (One) No. 6 Stops 1000KG Capacity Passenger Lift With Related Accessories at Nilphamari Government Women College, Sadar, Nilphamari.","Sadar Upazila, Nilphamari District",200000,01-Sep-2026,28-Feb-2027,Md Hajerul Islam,Executive Engineer,"Address : Office of the Executive Engineer, EED, Nilphamari District. City : Nilphamari Thana : Nilphamari Sadar District : Nilphamari - 5300 Country : Bangladesh","Office of the Executive Engineer, EED, Nilphamari District.",Nilphamari,Nilphamari Sadar,Nilphamari - 5300,0551-61114,,https://www.eprocure.gov.bd/resources/common/ViewTender.jsp?id=1314006
Ministry of Energy,Power and Mineral Resources,Power Grid Bangladesh PLC,"Grid Maintenance Division, Rangamati",,Chattogram,Works,NCT,TENDER,Tender - Single Lot,"27.21.0000.000.785.18.0001.26.550,Date: 02.08.2026",229017,1314660,Open Tendering Method (OTM),Own Fund,Own Fund,Not applicable,Not applicable,"Rang_03_2026-27 Yearly basis Right of Way work for Madunaghat-Hathazari 132KV Transmission Line, New Madunaghat-Old Madunaghat 230KV Line and Madunaghat-Shikalbaha 132kV Transmission Line under GMD,Rangamati, Power Grid",Electrical parts of machinery or apparatus; Electrical equipment and apparatus; Electricity; Specialised cleaning services; Cleaning services; Miscellaneous cleaning services; Environmental services; Environmental and ecological services;,02-Aug-2026 16:30,23-Aug-2026 14:00,"The minimum specific experience as a Prime Contractor in construction works under public sector (like Power Grid/ DESCO/DPDC/BPDB or any other Government Electricity Company etc) of at least 01 contract(s) of Repair, Installation, Testing and Commissioning work/cutting and clearing jungle and undergrowth at tower bases and access roads to each tower (hilly area)/RoW of transmission line of 132 kV or higher capacity transmission line successfully completed within the last 10 years, each with a value of at least Tk. 03 lakh. Years counting backward from the date of publication of IFT in the newspaper. The minimum number of years of general experience of the Tenderer in the construction works as Prime Contractor shall be 03 (Three) years; years counting backward from the date of publication of IFT in the newspaper. and Others Criteria are described in TDS.","Yearly basis Right of Way work for Madunaghat-Hathazari 132KV Transmission Line, New Madunaghat-Old Madunaghat 230KV Line and Madunaghat-Shikalbaha 132kV Transmission Line under GMD,Rangamati, Power Grid",Lot wise,Package wise,Package wise,500,Payment through Bank,18-Jan-2027,18-Jan-2027,1,"Yearly basis Right of Way work for Madunaghat-Hathazari 132KV Transmission Line, New Madunaghat-Old Madunaghat 230KV Line and Madunaghat-Shikalbaha 132kV Transmission Line under GMD,Rangamati, Power Grid",Hathazari Madunaghat New Madunaghat Shikalbaha 132 and 230 kV Line,11000,01-Oct-2026,30-Sep-2027,Subir Kanti Nath,Executive Engineer,"Address : Office of the Executive Engineer, GMD, Rangamati, Golam Mostafa Colony (WAPDA Colony), Rashid Bari, Madunaghat. City : Hathazari Thana : Hathazari District : Chattogram - 4337 Country : Bangladesh","Office of the Executive Engineer, GMD, Rangamati, Golam Mostafa Colony (WAPDA Colony), Rashid Bari, Madunaghat.",Hathazari,Hathazari,Chattogram - 4337,01-731097904,,https://www.eprocure.gov.bd/resources/common/ViewTender.jsp?id=1314660
Prime Minister's Office,,Bangladesh Export Processing Zones Authority (BEPZA),"Executive Engineer (Civil), MEPZ",,Bagerhat,Goods (Framework Agreement),NCT,TENDER,Tender - Single Lot,03.06.0158.371.33.227.2026,220685,1312806,Open Tendering Method (OTM),Own Fund,Own Fund,Not applicable,Not applicable,"MRW/2025-26/03 Purchase of construction materials, sanitary fittings & related services in Mongla EPZ.(Framework Contract)",Building construction work; Works for complete or part construction and civil engineering work; Engineering works and construction works; Construction work for water projects; Works for complete or part construction and civil engineering work; Roof works and other special trade construction works; Building completion work; Construction work; Plastering work; Joinery and carpentry installation work; Floor and wall covering work; Painting and glazing work; Other building completion work; Water distribution;,02-Aug-2026 16:15,12-Aug-2026 16:00,"The invitation for tender is open to all eligible tenderers who satisfy the following: 1. Tenderer/Civil contractors/Construction firms who have a minimum of 05 (Five) years of general experience in civil work. 2. The Tenderer must have successful completion experience certificate of at least 01 (one) completed similar/ supply & related service of buildings and construction material under a One-Year framework contract within  the last five (05) years in any Government, Semi-Government or Autonomous Body, with a contract value of not less than Tk 17.00 lakh. The work completion certificates shall have to be issued by the officer not below the rank and   status of an Executive Engineer or equivalent officer of concerned Department/ Organization. 3. The required minimum liquid asset I.e. working capital or credit line(s) is Tk. 24.00 (Twenty-four) Lakhs. 4. Black listed/ debarred bidders from any Govt./Semi-Govt./Autonomous organization will be treated as ineligible to participate inthe Tender. 5. Up-to-date trade license, Income Tax clearance certificate, VAT registration certificate. 6. Other required conditions and documents of the tenderer are shown in the Tender Data Sheet (TDS) of tender documents mustbe fulfilled. 7.All other criterion will be taken according to the Public Procurement Act-2006, PPR-2025 and its amendment.","Purchase of construction materials, sanitary fittings & related services in Mongla EPZ.(Framework Contract)",Lot wise,Package wise,Package wise,1500,Payment through Bank,08-Jan-2027,08-Jan-2027,1,"Purchase of construction materials, sanitary fittings & related services in Mongla EPZ.(Framework Contract)","Mongla, EPZ, Mongla Bagerhat",85000,20-Sep-2026,19-Sep-2027,Monirul Islam,Executive Engineer(C),"Address : Mongla Export Processing Zone(MEPZ)
Mongla, Bagerhat City : Mongla Thana : Mongla District : Bagerhat - 9300 Country : Bangladesh",,Mongla,Mongla,Bagerhat - 9300,02-47886149,,https://www.eprocure.gov.bd/resources/common/ViewTender.jsp?id=1312806
Ministry of Local Government,Rural Development and Co-operatives,Dhaka Water Supply and Sewerage Authority (DWASA),"Office of the EE, Procurement Division-1, Dhaka WASA",,Dhaka,Goods (Framework Agreement),NCT,TENDER,Tender - Single Lot,46.113.427.00.00.018.2026/e-T04,227375,1310150,Open Tendering Method (OTM),Own Fund,Own Fund,Not applicable,Not applicable,APP_26-27_N2/1 Procurement of 2000 M.Ton Liquid Chlorine Gas for Dhaka WASA (Lot-2),Water-treatment chemicals; Various chemical products;,02-Aug-2026 16:15,23-Aug-2026 15:00,"As per TDS, PCC & technical specification.",Procurement of 2000 M.Ton Liquid Chlorine Gas for Dhaka WASA (Lot-2),Lot wise,Package wise,Package wise,4000,Payment through Bank,18-Jan-2027,18-Jan-2027,1,Procurement of 2000 M.Ton Liquid Chlorine Gas for Dhaka WASA (Lot-2),Water Treatment Plant,1300000,01-Sep-2026,31-Jan-2027,Md. Lemon Mia,Executive Engineer,"Address : 4th floor, WASA Bhaban, 
98, kazi Nazrul Islam Avenue City : Dhaka Thana : Dhaka North City Corporation District : Dhaka - 1215 Country : Bangladesh",,Dhaka,Dhaka North City Corporation,Dhaka - 1215,02-9138923,,https://www.eprocure.gov.bd/resources/common/ViewTender.jsp?id=1310150
Ministry of Local Government,Rural Development and Co-operatives,Dhaka Water Supply and Sewerage Authority (DWASA),"Office of the EE, Procurement Division-1, Dhaka WASA",,Dhaka,Goods (Framework Agreement),NCT,TENDER,Tender - Single Lot,46.113.427.00.00.016.2026/e-T06,227375,1310152,Open Tendering Method (OTM),Own Fund,Own Fund,Not applicable,Not applicable,APP_ 26-27 Procurement of Tyre for different divisions/offices of Dhaka WASA,Tyres and related products; Rubber products;,02-Aug-2026 16:15,23-Aug-2026 15:00,"As per TDS, PCC & Technical Specification.",Procurement of Tyre for different divisions/offices of Dhaka WASA,Lot wise,Package wise,Package wise,4000,Payment through Bank,18-Jan-2027,18-Jan-2027,1,Procurement of Tyre for different divisions/offices of Dhaka WASA,Central Store of DWASA or any other olace instructed by PE,600000,31-Aug-2026,31-Jan-2027,Md. Lemon Mia,Executive Engineer,"Address : 4th floor, WASA Bhaban, 
98, kazi Nazrul Islam Avenue City : Dhaka Thana : Dhaka North City Corporation District : Dhaka - 1215 Country : Bangladesh",,Dhaka,Dhaka North City Corporation,Dhaka - 1215,02-9138923,,https://www.eprocure.gov.bd/resources/common/ViewTender.jsp?id=1310152
Ministry of Local Government,Rural Development and Co-operatives,Dhaka Water Supply and Sewerage Authority (DWASA),"Office of the EE, Procurement Division-1, Dhaka WASA",,Dhaka,Goods (Framework Agreement),NCT,TENDER,Tender - Single Lot,46.113.427.00.00.019.2026/e-T05,227375,1310151,Open Tendering Method (OTM),Own Fund,Own Fund,Not applicable,Not applicable,APP_26-27 Procurement of battery for different divisions/offices of Dhaka WASA,"Primary batteries; Accumulators, primary cells and primary batteries;",02-Aug-2026 16:15,23-Aug-2026 15:00,"As per TDS, PCC & technical specification.",Procurement of battery for different divisions/offices of Dhaka WASA,Lot wise,Package wise,Package wise,2500,Payment through Bank,18-Jan-2027,18-Jan-2027,1,Procurement of battery for different divisions/offices of Dhaka WASA,Dwasa Central store or any other place instructed by PE,400000,31-Aug-2026,31-Jan-2027,Md. Lemon Mia,Executive Engineer,"Address : 4th floor, WASA Bhaban, 
98, kazi Nazrul Islam Avenue City : Dhaka Thana : Dhaka North City Corporation District : Dhaka - 1215 Country : Bangladesh",,Dhaka,Dhaka North City Corporation,Dhaka - 1215,02-9138923,,https://www.eprocure.gov.bd/resources/common/ViewTender.jsp?id=1310151
Ministry of Industries,,Bangladesh Chemical Industries Corporation (BCIC),TSP Complex Ltd.(Commercial),,Chattogram,Goods,NCT,TENDER,Tender - Single Lot,36.07.1565.673.07.418.26/Caustic -18/25-26/21,227828,1309535,Open Tendering Method (OTM),Own Fund,Own Fund,Not applicable,Not applicable,"36.07.1565.673.07.418.26/Caustic -18/25-26/21 Caustic soda (flakes), Aluminium sulphate (alum)","Chemicals, chemical products and man-made fibres;Chemicals;Gases;Dyes and pigments;Basic inorganic chemicals;Basic organic chemicals;Fertilisers and nitrogen compounds;Plastics in primary forms;Synthetic rubber;Enzymes;Agro-chemical products;Pesticides;Insecticides;Herbicides;Plant-growth regulators;Disinfectants;Rodenticides;Fungicides;Paints, varnishes, printing ink and mastics;Paints;Varnishes;Ink;Mastics, fillers, putty;Solvents;Medicinal products;Medicinal products for the alimentary tract and metabolism;Medicinal products for the blood, blood-forming organs and the cardiovascular system;Medicinal products for dermatology and the musculo-skeletal system;Medicinal products for the genitourinary system and hormones;General anti-infectives for systemic use, vaccines, antineoplastic and immunodulating agents;Medicinal products for the nervous system and sensory organs;Medicinal products for the respiratory system;Various medicinal products;Glycerol, soaps, detergents, cleaning and polishing preparations, perfumes and toilet preparations;Glycerol;Perfumes and toiletries;Explosives and fine chemical products;Prepared explosives;Glues;Essential oils;Photographic chemicals;Unrecorded media;Specialised chemical products;Man-made fibres;Synthetic fibres;Artificial fibres;Various chemical products;Radiator fluids;Water-treatment chemicals;Anti-corrosion products",02-Aug-2026 16:00,17-Aug-2026 16:00,"1. Tenderer must submit up to date Trade License, VAT Registration Certificate, TIN & Bank Solvency Certificate. 2. Price quotation should contain unit price of Caustic soda (flakes) and Aluminium sulphate (alum). 3. Tender Evaluation will be made on Total lowest price basis. 4. Supplied items are must be tested in the laboratory of TSPCL & the result must meet the requirements/specication of TSPCL and thus accepted the ordered materials. 5. Detailed as per TDS.",Caustic soda (Flakes) and Aluminium sulphate (Alum),Lot wise,Package wise,Package wise,2500,Payment through Bank,13-Jan-2027,13-Jan-2027,SINGLE,"Caustic soda (flakes), Aluminium sulphate (alum)",TSPCL STORE,170000,19-Aug-2026,17-Dec-2026,Md. Abdul Momin Sarker,General Manager(Comm),"Address : General Manager (Commercial), North Patenga, Chattogram-4204. City : Chattogram Thana : Chattogram City Corporation District : Chattogram - 4204 Country : Bangladesh","General Manager (Commercial), North Patenga, Chattogram-4204.",Chattogram,Chattogram City Corporation,Chattogram - 4204,031-2500545,,https://www.eprocure.gov.bd/resources/common/ViewTender.jsp?id=1309535
Ministry of Industries,,Bangladesh Chemical Industries Corporation (BCIC),TSP Complex Ltd.(Commercial),,Chattogram,Goods,NCT,TENDER,Tender - Single Lot,36.01.1565.673.07.426.26(STN-01)/26-27/22,227828,1311243,Open Tendering Method (OTM),Own Fund,Own Fund,Not applicable,Not applicable,36.01.1565.673.07.426.26/STN-01/26-27/22 Stationery Goods,"Various types of printed matter and articles for printing;Printed books, brochures and leaflets;Printed books;Publications;Directories;Leaflets;Brochures;Booklets;Newspapers, journals, periodicals and magazines;Newspapers;Postcards, greeting cards and other printed matter;Postcards;Greeting cards;Stamps, cheque forms, banknotes, stock certificates, trade advertising material, catalogues and manuals;Stamps;Stamp-impressed paper;Banknotes;Cheque forms;Security-type printed matter;Trade-advertising material, commercial catalogues and manuals;Manuals;Printing plates or cylinders or other media for use in printing;Offset plates;Dry-etching equipment;Paper or paperboard registers, account books, binders, forms and other articles of printed stationery;Paper or paperboard registers;Forms;Exercise books;Albums for samples;Binders and related accessories;Printed stationery except forms;Miscellaneous printed matter;Car-tax discs;Driving licences;ID cards;Permits;Entrance cards;Bespoke printed matter;Tickets",02-Aug-2026 16:00,17-Aug-2026 16:00,"1. Tenderer must submit up to date Trade License, VAT Registration Certificate, TIN & Bank Solvency Certificate. 2. Price quotation should contain unit price of all item. 3. Tender Evaluation will be made on Total lowest price basis. 4. Bidder is liable to approve sample by the Concerned Committee of TSPCL before supply. 5. Detailed as per TDS.",Procurement of 62 item stationery goods.,Lot wise,Package wise,Package wise,1000,Payment through Bank,13-Jan-2027,13-Jan-2027,1,Stationery Goods,"Store, TSPCL, North Patenga, Chattogram",30000,19-Aug-2026,17-Dec-2026,Md. Abdul Momin Sarker,General Manager(Comm),"Address : General Manager (Commercial), North Patenga, Chattogram-4204. City : Chattogram Thana : Chattogram City Corporation District : Chattogram - 4204 Country : Bangladesh","General Manager (Commercial), North Patenga, Chattogram-4204.",Chattogram,Chattogram City Corporation,Chattogram - 4204,031-2500545,,https://www.eprocure.gov.bd/resources/common/ViewTender.jsp?id=1311243
Ministry of Industries,,Bangladesh Chemical Industries Corporation (BCIC),TSP Complex Ltd.(Commercial),,Chattogram,Goods,NCT,TENDER,Tender - Single Lot,36.01.1565.673.07.427.26/Printing-01/26-27/24,227828,1309931,Open Tendering Method (OTM),Own Fund,Own Fund,Not applicable,Not applicable,36.01.1565.673.07.427.26/printing-01/25-26/24 31 items printing goods,"Various types of printed matter and articles for printing; Printing, publishing and related services;Printed books, brochures and leaflets;Printed books;Publications;Directories;Leaflets;Brochures;Booklets;Newspapers, journals, periodicals and magazines;Newspapers;Postcards, greeting cards and other printed matter;Postcards;Greeting cards;Stamps, cheque forms, banknotes, stock certificates, trade advertising material, catalogues and manuals;Stamps;Stamp-impressed paper;Banknotes;Cheque forms;Security-type printed matter;Trade-advertising material, commercial catalogues and manuals;Manuals;Printing plates or cylinders or other media for use in printing;Offset plates;Dry-etching equipment;Paper or paperboard registers, account books, binders, forms and other articles of printed stationery;Paper or paperboard registers;Forms;Exercise books;Albums for samples;Binders and related accessories;Printed stationery except forms;Miscellaneous printed matter;Car-tax discs;Driving licences;ID cards;Permits;Entrance cards;Bespoke printed matter;Tickets;Printing services;Printing services for books;Printing services for stationery;Printing services for security printed matter;Printing services for forms;Printing services for tickets;Printing services for calendars;Printing services for timetables;Newspaper printing services;Printing services for posters;Services related to printing;Print finishing services;Composition services;Printing and delivery services;Printing and distribution services;Publishing services;Bookbinding and finishing services;Subscription services",02-Aug-2026 16:00,17-Aug-2026 16:00,"1. Tenderer must submit up to date Trade License, VAT Registration Certificate, TIN & Bank Solvency Certificate. 2. Price quotation should contain unit price of all item. 3. Tender Evaluation will be made on Total lowest price basis. 4. Bidder is liable to approve sample by the Concerned Committee of TSPCL before supply. 6. Detailed as per TDS.",Procurement of 31 item printing goods,Lot wise,Package wise,Package wise,500,Payment through Bank,14-Dec-2026,14-Dec-2026,1,single lot,"Store, TSPCL, North Patenga, Chattogram",14500,19-Aug-2026,17-Dec-2026,Md. Abdul Momin Sarker,General Manager(Comm),"Address : General Manager (Commercial), North Patenga, Chattogram-4204. City : Chattogram Thana : Chattogram City Corporation District : Chattogram - 4204 Country : Bangladesh","General Manager (Commercial), North Patenga, Chattogram-4204.",Chattogram,Chattogram City Corporation,Chattogram - 4204,031-2500545,,https://www.eprocure.gov.bd/resources/common/ViewTender.jsp?id=1309931
Ministry of Health and Family Welfare,Health Services Division,Directorate General of Health Services (DGHS),"Khadimpara 31 bed Hospital, Sylhet",,Sylhet,Goods (Framework Agreement),NCT,TENDER,Tender - Single Lot,KHS/Re-Tender/2026-27/334,226987,1314608,Open Tendering Method (OTM),Revenue,Government,Not applicable,Not applicable,"KHS/e-Tender/2026-27/GR-7 Procurement of Diet for the FY 2026-27 at Khadimpara 31 bed Hospital, Sylhet.","Fish, fishing products and other by-products of the fishing industry; Food products and beverages; Collected and purified water;Fish;Live fish;Fish, fresh or chilled;Fish meat;Crustaceans;Fresh crustaceans;Oysters;Shellfish;Aquatic invertebrates;Aquatic products;Corals or similar products;Natural sponges;Seaweeds;By-products of the fishing industry;Fish meal;Animal products, meat and meat products;Meat;Animal wool, hides and skins;Meat products;Prepared and preserved fish;Fish fillets, fish livers and roe;Frozen fish, fish fillets and other fish meat;Dried or salted fish; fish in brine; smoked fish;Canned or tinned fish and other prepared or preserved fish;Seafood;Fruit, vegetables and related products;Potatoes and potato products;Fruit and vegetable juices;Fruit and vegetables;Animal or vegetable oils and fats;Crude animal or vegetable oils and fats;Refined oils and fats;Edible fats;Dairy products;Milk and cream;Butter;Cheese products;Assorted dairy products;Grain mill products, starches and starch products;Grain mill products;Starches and starch products;Animal feedstuffs;Prepared animal feeds for farm and other animals;Miscellaneous food products;Bread products, fresh pastry goods and cakes;Rusks and biscuits; preserved pastry goods and cakes;Sugar and related products;Cocoa; chocolate and sugar confectionery;Pasta products;Coffee, tea and related products;Condiments and seasonings;Special nutritional products;Miscellaneous food products n.e.c. and dried goods;Beverages;Distilled alcoholic beverages;Wines;Cider and other fruit wines;Non-distilled fermented beverages;Malt beer;Non-alcoholic beverages;Natural water;Drinking water;Non-drinking water",02-Aug-2026 16:00,10-Aug-2026 12:00,As Per TDS & PCC,"Procurement of Diet for the FY 2026-27 at Khadimpara 31 bed Hospital, Sylhet.",Lot wise,Package wise,Package wise,1000,Payment through Bank,05-Jan-2027,05-Jan-2027,1,"Procurement of Diet for the FY 2026-27 at Khadimpara 31 bed Hospital, Sylhet.",Khadimpara 31 bed Hospital Sylhet,30000,13-Aug-2026,29-Jul-2027,Md. Tariqul Islam,Superintendent,"Address : Khadimpara 31 bed Hospital, Sylhet Sadar, Sylhet City : Sylhet Thana : Sylhet Sadar District : Sylhet - 3100 Country : Bangladesh","Khadimpara 31 bed Hospital, Sylhet Sadar, Sylhet",Sylhet,Sylhet Sadar,Sylhet - 3100,02-996642718,,https://www.eprocure.gov.bd/resources/common/ViewTender.jsp?id=1314608
Ministry of Industries,,Bangladesh Chemical Industries Corporation (BCIC),Ghorashal Polash Fertilizer PLC (Commercial),,Norshingdi,Goods,NCT,TENDER,Tender - Single Lot,36.01.6863.627.000.07.31.104.2026-27,228091,1314269,Open Tendering Method (OTM),Own Fund,Own Fund,Not applicable,Not applicable,36.01.6863.627.000.07.31.104.2025-26 Procurement of 01 No. Panel AC,"Electrical machinery, apparatus, equipment and consumables;Electric motors, generators and transformers;Electric motors;Generators;Alternators;Cooling towers;Ballasts for discharge lamps or tubes;Parts of electric motors, generators and transformers;Transformers;Electricity distribution and control apparatus;Electrical apparatus for switching or protecting electrical circuits;Electrical circuit components;Parts of electricity distribution or control apparatus;Insulated wire and cable;Mains;Power distribution cables;Coaxial cable;Insulated cable accessories;Electric conductors for data and control purposes;Accumulators, primary cells and primary batteries;Primary cells;Primary batteries;Electric accumulators;Lighting equipment and electric lamps;Electric filament lamps;Lamps and light fittings;Parts of lamps and lighting equipment;Electrical equipment and apparatus;Electrical equipment for engines and vehicles;Sound or visual signalling apparatus;Magnets;Machines and apparatus with individual functions;Insulating fittings;Carbon electrodes;Electrical parts of machinery or apparatus;Electrical supplies and accessories;Electronic, electromechanical and electrotechnical supplies;Electronic equipment;Electromechanical equipment;Electrotechnical equipment",02-Aug-2026 16:00,17-Aug-2026 11:00,"01. The offered model should an exact replacement of the existing unit both in terms of dimensions & specifications. 02. In the offer the bidder must mention one-year warranty/guarantee period and supply the certificate along with the item. 03. The bidder must submit a color-printed or original catalogue of the item along with the technical Offer. 04. The bidder must submit the manufacturer’s authorization certificate in favor of the principal and their agent. 05. Detailed technical specification with brand and model name and country of origin must be mentioned by the bidder. 06. The bidder must submit manufacturer’s test certificate, country of origin certificate, bill of lading/ air waybill & bill of entry along with the delivery of the goods. 07. Goods delivery confirmation Certificate from Manufacturer/Chanel Partner/Authorized Distributor must be supplied at the time of material delivery. 08. Country of origin: Japan/Germany/Italy/France.",Procurement of 01 No. Panel AC,Lot wise,Package wise,Package wise,1000,Payment through Bank,12-Jan-2027,12-Jan-2027,1,Procurement of 01 No. Panel AC,"GPFPLC Polash, Narsingdi",30000,30-Aug-2026,31-Dec-2026,Mohammad Atiqur Rahman Khan,General Manager(Comm),"Address : Ghorashal Polash Fertilizer PLC
Polash, Norshingdi. City : Polash, Ghorashal. Thana : Palash District : Norshingdi - 1611 Country : Bangladesh",,"Polash, Ghorashal.",Palash,Norshingdi - 1611,02-9466391,,https://www.eprocure.gov.bd/resources/common/ViewTender.jsp?id=1314269
Ministry of Health and Family Welfare,Health Services Division,Directorate General of Health Services (DGHS),"Khadimpara 31 bed Hospital, Sylhet",,Sylhet,Goods (Framework Agreement),NCT,TENDER,Tender - Single Lot,KHS/Re-Tender/2026-27/334,226987,1314607,Open Tendering Method (OTM),Revenue,Government,Not applicable,Not applicable,"KHS/e-Tender/2026-27/GR-8 Procurement of Linen Washing for the FY 2026-27 at Khadimpara 31 bed Hospital, Sylhet.",Miscellaneous services;Washing and dry-cleaning services;Laundry-collection services;Textile-cleaning services;Fur-products cleaning services;Colouring services;Pressing services;Dyeing services;Hairdressing and beauty treatment services;Hairdressing services;Beauty treatment services;Physical well-being services;Turkish bath services;Spa services;Massage services;Accommodation and office services;Accommodation services;Civic-amenity services;Car-park management services;Marine services;Aquatic marine services;Port management services;Diving services;Funeral and related services;Funeral services;Miscellaneous services n.e.c.;Decommissioning services;Relocation services;Tailoring services;Upholstering services;Locksmith services;Clearing and Forwarding Agent;Service Provider (Others),02-Aug-2026 16:00,10-Aug-2026 12:00,As Per TDS & PCC,"Procurement of Linen Washing for the FY 2026-27 at Khadimpara 31 bed Hospital, Sylhet.",Lot wise,Package wise,Package wise,1000,Payment through Bank,05-Jan-2027,05-Jan-2027,1,"Procurement of Linen Washing for the FY 2026-27 at Khadimpara 31 bed Hospital, Sylhet.",Khadimpara 31 bed Hospital Sylhet,30000,13-Aug-2026,29-Jul-2027,Md. Tariqul Islam,Superintendent,"Address : Khadimpara 31 bed Hospital, Sylhet Sadar, Sylhet City : Sylhet Thana : Sylhet Sadar District : Sylhet - 3100 Country : Bangladesh","Khadimpara 31 bed Hospital, Sylhet Sadar, Sylhet",Sylhet,Sylhet Sadar,Sylhet - 3100,02-996642718,,https://www.eprocure.gov.bd/resources/common/ViewTender.jsp?id=1314607
Ministry of Industries,,Bangladesh Chemical Industries Corporation (BCIC),TSP Complex Ltd.(Commercial),,Chattogram,Goods,NCT,TENDER,Tender - Single Lot,36.01.1565.673.07.425.26/I & S-01/26-27/14,227828,1310291,Open Tendering Method (OTM),Own Fund,Own Fund,Not applicable,Not applicable,"01.1565.673.07.425.26/I and S-01/26-27-26/14 MS Plate, MS Angle, MS Channel etc.","Metal ores; Iron ores; Non-ferrous metal ores; Miscellaneous ores; Basic metals and associated products; Basic metals; Tubes; Iron and steel products; Precious metals and metals clad with precious metals; Aluminium and aluminium products; Lead, zinc and tin products; Copper products; Non-ferrous metal products;Copper ores;Nickel ores;Aluminium ores;Precious-metal ores;Lead ores;Zinc ores;Tin ores;Basic iron and steel;Steel alloy ingots;Carbon-steel products;Bars and rods;Railway-track construction materials;Slag, dross, ferrous waste and scrap;Iron tubes and fittings;Steel tubes and fittings;Cold drawn products;Cold-rolled products;Folded products;Wire and miscellaneous products;Ferro-alloys;Precious metals;Metals clad with precious metals;Unwrought aluminium;Aluminium products;Waste and scrap of aluminium;Lead, zinc and tin;Semi-finished products of lead, zinc or tin;Waste and scrap of lead, zinc or tin;Unwrought copper;Semi-finished products of copper;Waste and scrap of copper;Unwrought nickel;Nickel products;Waste and scrap of nickel",02-Aug-2026 16:00,17-Aug-2026 16:00,"1. Tenderer must submit up to date Trade License, VAT Registration Certificate, TIN & Bank Solvency Certificate. 2. Price quotation should contain unit price of  MS Plate, MS H-Beam, MS Angle, MS Channel & MS Expanded Metal. 3. Tender Evaluation will be made on Total lowest price basis. 4. Detailed as per TDS.","Procurment of MS Plate, MS H-Beam, MS Angle, MS Channel & MS Expanded Metal.",Lot wise,Package wise,Package wise,2500,Payment through Bank,13-Jan-2027,13-Jan-2027,Single Lot,"MS Plate, MS Angle, MS Channel etc.","Store,TSPCL,North Patenga,Chattogram",145000,19-Aug-2026,17-Dec-2026,Md. Abdul Momin Sarker,General Manager(Comm),"Address : General Manager (Commercial), North Patenga, Chattogram-4204. City : Chattogram Thana : Chattogram City Corporation District : Chattogram - 4204 Country : Bangladesh","General Manager (Commercial), North Patenga, Chattogram-4204.",Chattogram,Chattogram City Corporation,Chattogram - 4204,031-2500545,,https://www.eprocure.gov.bd/resources/common/ViewTender.jsp?id=1310291
Ministry of Education,Secondary and Higher Education Division,Education Engineering Department,"Office of the Executive Engineer, EED,Kishoreganj, District.",9,Kishoreganj,Works,NCT,TENDER,Tender - Single Lot,EED/Desk-5/670-11/11/2025,218631,1305567,Open Tendering Method (OTM),Development,Government,0,Capacity Building for Existing 64 Technical School & College(TSC),"64_TSC-LD-04 Land Development Works at  Bhairab Technical School & College, Bhairab, Kishoreganj.","Construction work;Site preparation work;Building demolition and wrecking work and earthmoving work;Test drilling and boring work;Works for complete or part construction and civil engineering work;Building construction work;Engineering works and construction works;Construction work for pipelines, communication and power lines, for highways, roads, airfields and railways; flatwork;Construction work for water projects;Construction works for plants, mining and manufacturing and for buildings relating to the oil and gas industry;Roof works and other special trade construction works;Building installation work;Electrical installation work;Insulation work;Plumbing and sanitary works;Fencing, railing and safety equipment installation work;Mechanical installations;Building completion work;Plastering work;Joinery and carpentry installation work;Floor and wall covering work;Painting and glazing work;Other building completion work;Hire of construction and civil engineering machinery and equipment with operator;Hire of cranes with operator;Hire of earthmoving equipment with operator",02-Aug-2026 16:00,17-Aug-2026 16:00,As per ITT and TDS 1. Bill will be paid based on fund availability 2. Please Quote the rate considering the materials price fluctuation to ensure the quality of the works,"Land Development Works at Bhairab Technical School & College, Bhairab, Kishoreganj.",Lot wise,Package wise,Package wise,1000,Payment through Bank,13-Jan-2027,13-Jan-2027,1,"Land Development Works at  Bhairab Technical School & College, Bhairab, Kishoreganj.","Bhairab, Kishoreganj",25000,15-Sep-2026,30-Mar-2027,ARIFUL ISLAM KHAN,Executive Engineer,Address : District Education  Bhaban< Kishorgonj. City : Kishoreganj Thana : Kishoreganj Sadar District : Kishoreganj - 2300 Country : Bangladesh,District Education  Bhaban< Kishorgonj.,Kishoreganj,Kishoreganj Sadar,Kishoreganj - 2300,0941-61786,,https://www.eprocure.gov.bd/resources/common/ViewTender.jsp?id=1305567
Ministry of Health and Family Welfare,Health Services Division,Directorate General of Health Services (DGHS),"Khadimpara 31 bed Hospital, Sylhet",,Sylhet,Goods (Framework Agreement),NCT,TENDER,Tender - Single Lot,KHS/e-Tender/2026-27/334,226987,1314605,Open Tendering Method (OTM),Revenue,Government,Not applicable,Not applicable,"KHS/e-Tender/2026-27/GR-9 Procurement of Stationery & Others for the FY 2026-27 at Khadimpara 31 bed Hospital, Sylhet.","Leather, leather products and footwear; Rubber, plastic and film products; Radio, television, communication, telecommunication and related equipment and apparatus;Leather;Chamois leather;Leather of bovine or equine animals;Leather of sheep, goats or pigs;Leather of other animals, composite leather and other leather;Leather waste;Leather articles, luggage and saddlery;Saddlery;Luggage;Watch straps;Leather articles used in machinery or mechanical appliances;Footwear;Footwear other than sports and protective footwear;Sports footwear;Protective footwear;Parts of footwear;Rubber products;Tyres and related products;Unvulcanised and vulcanised rubber articles;Rubberised textile fabrics;Reclaimed rubber;Rubber waste products;Medical articles of rubber;Articles of hard rubber;Plastic products;Plastic plates, sheets, tubes and profiles;Packaging products of plastics;Builders ware of plastic;Miscellaneous plastic products;Magnetic cards;Sound recordings;Resins;Film products;Radiology film;Cinematographic film;Video films;Electronic valves, tubes and electronic components;Electrical capacitors;Electrical resistors;Printed circuits;Valves and tubes;Semiconductors;Electronic integrated circuits and microassemblies;Parts of electronic assemblies;Modules;Transmission apparatus for radiotelephony, radiotelegraphy, radio broadcasting and television;Broadcasting equipment;Television transmission apparatus without reception apparatus;Radio transmission apparatus with reception apparatus;Television cameras;Mobile telephones;Data-transmission equipment;Digital transmission apparatus;Television and radio receivers, and sound or video recording or reproducing apparatus;Radio broadcast receivers;Television and audio-visual equipment;Apparatus for sound, video-recording and reproduction;Microphones and loudspeakers;Parts of sound and video equipment;Intercom equipment;Networks;Local area network;Network equipment;Wide area network;Telemetry and terminal equipment;Telecommunications equipment and supplies;Wireless telecommunications system;Telecommunications cable and equipment;Satellite-related communications equipment;Switchboards;Telephone equipment;Fibre-optic materials;Communications equipment;Data equipment",02-Aug-2026 16:00,10-Aug-2026 12:00,As Per TDS & PCC,"Procurement of Stationery & Others for the FY 2026-27 at Khadimpara 31 bed Hospital, Sylhet.",Lot wise,Package wise,Package wise,1000,Payment through Bank,05-Jan-2027,05-Jan-2027,1,"Procurement of Stationery & Others for the FY 2026-27 at Khadimpara 31 bed Hospital, Sylhet.",Khadimpara 31 bed Hospital Sylhet,30000,11-Aug-2026,29-Jul-2027,Md. Tariqul Islam,Superintendent,"Address : Khadimpara 31 bed Hospital, Sylhet Sadar, Sylhet City : Sylhet Thana : Sylhet Sadar District : Sylhet - 3100 Country : Bangladesh","Khadimpara 31 bed Hospital, Sylhet Sadar, Sylhet",Sylhet,Sylhet Sadar,Sylhet - 3100,02-996642718,,https://www.eprocure.gov.bd/resources/common/ViewTender.jsp?id=1314605
Ministry of Education,Secondary and Higher Education Division,Education Engineering Department,"Office of the Executive Engineer, EED,Kishoreganj, District.",9,Kishoreganj,Works,NCT,TENDER,Tender - Single Lot,EED/Desk-5/884-19/04/2026,218631,1305568,Open Tendering Method (OTM),Development,Government,0,Capacity Building for Existing 64 Technical School & College(TSC),"64_TSC-LD-05 Land Development Works at  Kishorganj Technical School & College, Sadar, Kishorganj.","Construction work;Site preparation work;Building demolition and wrecking work and earthmoving work;Test drilling and boring work;Works for complete or part construction and civil engineering work;Building construction work;Engineering works and construction works;Construction work for pipelines, communication and power lines, for highways, roads, airfields and railways; flatwork;Construction work for water projects;Construction works for plants, mining and manufacturing and for buildings relating to the oil and gas industry;Roof works and other special trade construction works;Building installation work;Electrical installation work;Insulation work;Plumbing and sanitary works;Fencing, railing and safety equipment installation work;Mechanical installations;Building completion work;Plastering work;Joinery and carpentry installation work;Floor and wall covering work;Painting and glazing work;Other building completion work;Hire of construction and civil engineering machinery and equipment with operator;Hire of cranes with operator;Hire of earthmoving equipment with operator",02-Aug-2026 16:00,17-Aug-2026 16:00,As per ITT and TDS 1. Bill will be paid based on fund availability 2. Please Quote the rate considering the materials price fluctuation to ensure the quality of the works,"Land Development Works at Kishorganj Technical School & College, Sadar, Kishorganj",Lot wise,Package wise,Package wise,2500,Payment through Bank,13-Jan-2027,13-Jan-2027,1,"Land Development Works at  Kishorganj Technical School & College, Sadar, Kishorganj.","Sadar,Kishoregonj",150000,15-Sep-2026,30-Mar-2027,ARIFUL ISLAM KHAN,Executive Engineer,Address : District Education  Bhaban< Kishorgonj. City : Kishoreganj Thana : Kishoreganj Sadar District : Kishoreganj - 2300 Country : Bangladesh,District Education  Bhaban< Kishorgonj.,Kishoreganj,Kishoreganj Sadar,Kishoreganj - 2300,0941-61786,,https://www.eprocure.gov.bd/resources/common/ViewTender.jsp?id=1305568
Ministry of Education,Secondary and Higher Education Division,Education Engineering Department,"Office of the Executive Engineer, EED,Kishoreganj, District.",9,Kishoreganj,Works,NCT,TENDER,Tender - Single Lot,EED/Desk-5/805-05/01/2026,218631,1305566,Open Tendering Method (OTM),Development,Government,0,Capacity Building for Existing 64 Technical School & College(TSC),"64_TSC-Road-03 Construction of Internal RCC Road at Kishorganj Technical School & College, Sadar, Kishorganj.","Construction work;Site preparation work;Building demolition and wrecking work and earthmoving work;Test drilling and boring work;Works for complete or part construction and civil engineering work;Building construction work;Engineering works and construction works;Construction work for pipelines, communication and power lines, for highways, roads, airfields and railways; flatwork;Construction work for water projects;Construction works for plants, mining and manufacturing and for buildings relating to the oil and gas industry;Roof works and other special trade construction works;Building installation work;Electrical installation work;Insulation work;Plumbing and sanitary works;Fencing, railing and safety equipment installation work;Mechanical installations;Building completion work;Plastering work;Joinery and carpentry installation work;Floor and wall covering work;Painting and glazing work;Other building completion work;Hire of construction and civil engineering machinery and equipment with operator;Hire of cranes with operator;Hire of earthmoving equipment with operator",02-Aug-2026 16:00,17-Aug-2026 16:00,As per ITT and TDS 1. Bill will be paid based on fund availability. 2. Please Quote the rate considering the materials price fluctuation to ensure the quality of the works.,"Construction of Internal RCC Road at Kishorganj Technical School & College, Sadar, Kishorganj.",Lot wise,Package wise,Package wise,1000,Payment through Bank,13-Jan-2027,13-Jan-2027,1,"Construction of Internal RCC Road at Kishorganj Technical School & College, Sadar, Kishorganj.","Sadar,Kishoregonj",40000,15-Sep-2026,30-Mar-2027,ARIFUL ISLAM KHAN,Executive Engineer,Address : District Education  Bhaban< Kishorgonj. City : Kishoreganj Thana : Kishoreganj Sadar District : Kishoreganj - 2300 Country : Bangladesh,District Education  Bhaban< Kishorgonj.,Kishoreganj,Kishoreganj Sadar,Kishoreganj - 2300,0941-61786,,https://www.eprocure.gov.bd/resources/common/ViewTender.jsp?id=1305566
Ministry of Energy,Power and Mineral Resources,Power Grid Bangladesh PLC,"Grid Maintenance Division, Rangamati",,Chattogram,Works,NCT,TENDER,Tender - Single Lot,"27.21.0000.000.785.18.0001.26.549,Date: 02.08.2026",229017,1314634,Open Tendering Method (OTM),Own Fund,Own Fund,Not applicable,Not applicable,"Rang_02_2026-27 Yearly basis Work on cutting and clearing jungle and undergrowth at tower bases and access roads to each tower (hilly area, Chandraghona SS Portion) of Chandraghona-Kaptai, Kaptai-Hathazari and Chandraghona-Madunaghat 132kV transmission lines under GMD, Rangamati, Power Grid","Electrical parts of machinery or apparatus; Electrical equipment and apparatus; Electrical supplies and accessories; Electricity; Electricity, gas, nuclear energy and fuels, steam, hot water and other sources of energy; Specialised cleaning services; Miscellaneous cleaning services; Cleaning services; Environmental services;",02-Aug-2026 15:45,23-Aug-2026 14:00,"The minimum number of years of general experience of the Tenderer in the construction works as Prime Contractor shall be 03 (Three) years; years counting backward from the date of publication of IFT in the newspaper. The minimum specific experience as a Prime Contractor in construction works under public sector (like Power Grid/ DESCO/DPDC/BPDB or any other Government Electricity Company etc) of at least 01 contract(s) of Repair, Installation, Testing and Commissioning work/cutting and clearing jungle and undergrowth at tower bases and access roads to each tower (hilly area) of 132 kV or higher capacity transmission line successfully completed within the last 10 years, each with a value of at least Tk. 01 lakh. Years counting backward from the date of publication of IFT in the newspaper. and Others Criteria are described in TDS.","Yearly basis Work on cutting and clearing jungle and undergrowth at tower bases and access roads to each tower (hilly area, Chandraghona SS Portion) of Chandraghona-Kaptai, Kaptai-Hathazari and Chandraghona-Madunaghat 132kV transmission lines under GMD, Rangamati, Power Grid",Lot wise,Package wise,Package wise,500,Payment through Bank,18-Jan-2027,18-Jan-2027,1,"Yearly basis Work on cutting and clearing jungle and undergrowth at tower bases and access roads to each tower (hilly area, Chandraghona SS Portion) of Chandraghona-Kaptai, Kaptai-Hathazari and Chandraghona-Madunaghat 132kV transmission lines under GMD, Rangamati, Power Grid",Madunaghat Chandraghona Kaptai Hathazari 132 kV line,7000,01-Oct-2026,30-Sep-2027,Subir Kanti Nath,Executive Engineer,"Address : Office of the Executive Engineer, GMD, Rangamati, Golam Mostafa Colony (WAPDA Colony), Rashid Bari, Madunaghat. City : Hathazari Thana : Hathazari District : Chattogram - 4337 Country : Bangladesh","Office of the Executive Engineer, GMD, Rangamati, Golam Mostafa Colony (WAPDA Colony), Rashid Bari, Madunaghat.",Hathazari,Hathazari,Chattogram - 4337,01-731097904,,https://www.eprocure.gov.bd/resources/common/ViewTender.jsp?id=1314634
Ministry of Energy,Power and Mineral Resources,Eastern Refinery PLC.,Materials,pur101,Chattogram,Goods,NCT,TENDER,Tender - Single Lot,ER/LT-26/2026,227331,1313264,Open Tendering Method (OTM),Own Fund,Own Fund,Not applicable,Not applicable,e-Tender: 0446TP26 Procurement of Tyre with Tube,"Motor vehicles, trailers and vehicle parts; Motor vehicles; Vehicle bodies, trailers or semi-trailers; Parts and accessories for vehicles and their engines; Motorcycles, bicycles and sidecars;Passenger cars;Motor vehicles for the transport of 10 or more persons;Motor vehicles for the transport of goods;Heavy-duty motor vehicles;Vehicle bodies;Trailers, semi-trailers and mobile containers;Engines and engine parts;Mechanical spare parts except engines and engine parts;Test benches;Vehicle conversion kits;Seat belts;Spare parts for goods vehicles;Spare parts for vans;Spare parts for cars;Tractor accessories;Motorcycles;Motor scooters;Cycles with auxiliary motors;Bicycles",02-Aug-2026 15:30,16-Aug-2026 10:37,As Per TDS,Procurement of Tyre with Tube,Lot wise,Package wise,Package wise,500,Payment through Bank,12-Dec-2026,12-Dec-2026,1,Procurement of Tyre with Tube,"Eastern Refinery PLC, North Patenga, Chattogram",5000,06-Sep-2026,05-Oct-2026,MOHAMMAD TAZUL ISLAM,GM (Commercial),"Address : Eastern Refinery Training Complex, North Patenga, Chittagong City : Chittagong Thana : Chattogram City Corporation District : Chattogram - 4204 Country : Bangladesh","Eastern Refinery Training Complex, North Patenga, Chittagong",Chittagong,Chattogram City Corporation,Chattogram - 4204,00880-31-2501261,,https://www.eprocure.gov.bd/resources/common/ViewTender.jsp?id=1313264
Ministry of Water Resources,,Bangladesh Water Development Board (BWDB),Panchgarh WD Division,,Panchagarh,Works,NCT,TENDER,Tender - Single Lot,"42.01.7700.000.190.14.0006.25-1220, Date: 02-08-20",228438,1313777,Open Tendering Method (OTM),Revenue,Government,Not applicable,Not applicable,"PAN/NDR/2026-27/Pathraj-01 Re-excavation of Pathraj River from KM 1.070 to KM 8.310 = 7.240 KM in Upazilla: Boda, District: Panchagarh under Panchagarh WD Division, BWDB, Panchagarh in FY 2026-2027.","Works for complete or part construction and civil engineering work; Construction work;Building construction work;Engineering works and construction works;Construction work for pipelines, communication and power lines, for highways, roads, airfields and railways; flatwork;Construction work for water projects;Construction works for plants, mining and manufacturing and for buildings relating to the oil and gas industry;Roof works and other special trade construction works",02-Aug-2026 15:30,18-Aug-2026 13:00,"Any individual(s) firms who fulfill the qualification(s) criteria stipulated in the Tender Data Sheet (TDS) & other condition of the tender documents. The Tenderers are requested to read carefully the instructions in section-2 (TDS); section-4 (PCC) & Section-7 (General Specifications) & strictly follow the instructions. Special Instructions: Payment shall be made subject to budget allocation & availability of fund, but the work must be continued, and proportionate progress must be achieved. Work certificate, which is issued by the PE (Procuring Entity) and executed by the public fund, will only be considered as a qualification criteria. The work may be totally dropped, decreased or increased. No claim or extra rate will be entertained for cancellation of the tender or issuance of work order with decreased quantity of work. The Tenderers will visit and examine the Site with his own responsibility and expenses and obtain all information that may be necessary for preparing the Tender and entering into a Contract for performance of the works. Latest Govt. circular on procurement of works will be applicable. Before and after the execution of work videos and pictures have to be taken by the contractor on his own and submitted to the PE, which represent the actual situation of work. Uploaded BWDB specification & Taskforce Guidelines must be followed by the contractor. The tenderer has to arrange land or other establishment on his own for execution of work. Test fee for the required tests (As per the direction of the engineer in charge) conducted during/after the work to be paid by the contractor.","Re-excavation of Pathraj River from KM 1.070 to KM 8.310 = 7.240 KM in Upazilla: Boda, District: Panchagarh under Panchagarh WD Division, BWDB, Panchagarh in FY 2026-2027 (Package No. PAN/NDR/2026-27/Pathraj-01)",Lot wise,Package wise,Package wise,4000,Payment through Bank,13-Jan-2027,13-Jan-2027,PAN/NDR/2026-27/Pathraj-01,"Re-excavation of Pathraj River from KM 1.070 to KM 8.310 = 7.240 KM in Upazilla: Boda, District: Panchagarh under Panchagarh WD Division, BWDB, Panchagarh in FY 2026-2027.","Boda, Panchgarh",800000,01-Oct-2026,30-Mar-2028,Ashutosh Barman,Executive Engineer,Address : Panchgarh City : Panchgarh Thana : Panchagarh Sadar District : Panchagarh - 5000 Country : Bangladesh,Panchgarh,Panchgarh,Panchagarh Sadar,Panchagarh - 5000,0568-61393,,https://www.eprocure.gov.bd/resources/common/ViewTender.jsp?id=1313777
Ministry of Energy,Power and Mineral Resources,North-West Power Generation Company Limited,Sirajganj 225 MW Combined Cycle Power Plant (Unit-2),,Sirajganj,Goods,NCT,TENDER,Tender - Single Lot,27.28.8878.000.206.07.0001.26.172,227884,1309508,Open Tendering Method (OTM),Own Fund,Own Fund,Not applicable,Not applicable,NWG-SPL 26-27 MMD 01 Supply of carbon molecular sieves for nitrogen generator.,"Coal, lignite, peat and other coal-related products; Petroleum, natural gas, oil and associated products; Mining, quarrying and other associated products; Petroleum products and fuels; Chemicals, chemical products and man-made fibres; Non-metallic mineral products; Fabricated products and materials; Machinery, equipment, appliances, apparatus and associated products; Electrical machinery, apparatus, equipment and consumables;Coal and coal-based fuels;Coal;Coal-based fuels;Lignite and peat;Lignite;Peat;Coal-related products;Coal oil;Coke products;Petroleum (crude);Natural gas;Oil and associated products;Bituminous or oil shale;Stone construction materials;Stone for construction;Limestone, gypsum and chalk;Slate;Sand and clay;Gravel, sand, crushed stone and aggregates;Clay and kaolin;Chemical and fertiliser minerals;Fertiliser minerals;Chemical minerals;Salt and pure sodium chloride;Rock salt;Sea salt;Evaporated salt and pure sodium chloride;Road salt;Salt in brine;Related mining and quarrying products;Bitumen and asphalt;Precious and semi-precious stones; pumice stone; emery; natural abrasives; other minerals and precious metals;Refined petroleum products;Light and medium oils and derivate products;Heavy oils and derivate products;Petroleum oils and preparations;Petroleum gases and other gaseous hydrocarbons, except natural gas;Propane and butane;Miscellaneous petroleum products;Petroleum jelly and waxes;Petroleum residues;Chemicals;Gases;Dyes and pigments;Basic inorganic chemicals;Basic organic chemicals;Fertilisers and nitrogen compounds;Plastics in primary forms;Synthetic rubber;Enzymes;Agro-chemical products;Pesticides;Insecticides;Herbicides;Plant-growth regulators;Disinfectants;Rodenticides;Fungicides;Paints, varnishes, printing ink and mastics;Paints;Varnishes;Ink;Mastics, fillers, putty;Solvents;Medicinal products;Medicinal products for the alimentary tract and metabolism;Medicinal products for the blood, blood-forming organs and the cardiovascular system;Medicinal products for dermatology and the musculo-skeletal system;Medicinal products for the genitourinary system and hormones;General anti-infectives for systemic use, vaccines, antineoplastic and immunodulating agents;Medicinal products for the nervous system and sensory organs;Medicinal products for the respiratory system;Various medicinal products;Glycerol, soaps, detergents, cleaning and polishing preparations, perfumes and toilet preparations;Glycerol;Perfumes and toiletries;Explosives and fine chemical products;Prepared explosives;Glues;Essential oils;Photographic chemicals;Unrecorded media;Specialised chemical products;Man-made fibres;Synthetic fibres;Artificial fibres;Various chemical products;Radiator fluids;Water-treatment chemicals;Anti-corrosion products;Glass and glass products;Glass;Flat glass;Hollow-glass articles;Fibreglass;Processed glassware;Non-refractory ceramic goods and refractory ceramic products;Ceramic household articles;Ceramic insulators and insulating fittings;Technical ceramic wares;Miscellaneous ceramic articles;Refractory ceramic goods;Miscellaneous non-metallic mineral products;Abrasive products;Structural metal products;Metal structures and parts of structures;Builders joinery of metal;Metal tanks, reservoirs and containers; central-heating radiators and boilers;Metal tanks, reservoirs, containers and pressure vessels;Central-heating radiators and boilers and parts;Nuclear reactors and parts;Nuclear reactors;Parts of nuclear reactors;Cable, wire and related products;Wire products;Cable and related products;Miscellaneous fabricated metal products and related items;Metal articles for the bathroom and kitchen;Metal goods;Armour plating;Bearings;Mild steel;Props and mining struts;Cast-iron products;Miscellaneous fire-protection equipment;Cutlery, tools, locks, keys and hinges;Cutlery;Tools;Locks, keys and hinges;Fasteners, chain and springs;Fasteners;Chain;Springs;Construction materials and associated items;Construction materials;Road furniture;Sewer mains;Steel products related to construction materials;Oil country tubular goods;Pipeline, piping, pipes, casing, tubing and related items;Machinery for the production and use of mechanical power;Turbines and motors;Pumps and compressors;Taps, cocks, valves and similar appliances;Gears, gearing and driving elements;General-purpose machinery;Industrial or laboratory furnaces, incinerators and ovens;Lifting and handling equipment and parts;Cooling and ventilation equipment;Miscellaneous general-purpose machinery;Agricultural, horticultural and forestry machinery;Agricultural and forestry machinery for soil preparation or cultivation;Harvesting machinery;Spraying machinery for agriculture or horticulture;Self-loading or unloading trailers and semi-trailers for agriculture;Specialist agricultural or forestry machinery;Tractors;Parts of agricultural and forestry machinery;Machine tools;Machine tools operated by laser and machining centres;Lathes, boring and milling machine tools;Metal-working machine tools;Machine tools for working hard materials except metals;Pneumatic or motorised hand tools;Soldering, brazing and welding tools, surface tempering and hot-spraying machines and equipment;Parts and accessories of machine tools;Special-purpose machinery and parts;Machinery for metallurgy and associated parts;Machinery for mining, quarrying and construction;Machinery for food, beverage and tobacco processing and associated parts;Machinery for textile, apparel and leather production;Machinery for paper or paperboard production;Miscellaneous special-purpose machinery;Weapons, ammunition and associated parts;Motorised tanks and armoured fighting vehicles;Military weapons;Firearms;Ammunition;Parts of military weapons;Truncheons or night sticks;Domestic appliances;Electrical domestic appliances;Non-electric domestic appliances;Miscellaneous equipment;Transport related equipment;Workshop equipment;Construction equipment;Catering equipment;Emergency and security equipment;Technical equipment;Miscellaneous equipment n.e.c.;Electric motors, generators and transformers;Electric motors;Generators;Alternators;Cooling towers;Ballasts for discharge lamps or tubes;Parts of electric motors, generators and transformers;Transformers;Electricity distribution and control apparatus;Electrical apparatus for switching or protecting electrical circuits;Electrical circuit components;Parts of electricity distribution or control apparatus;Insulated wire and cable;Mains;Power distribution cables;Coaxial cable;Insulated cable accessories;Electric conductors for data and control purposes;Accumulators, primary cells and primary batteries;Primary cells;Primary batteries;Electric accumulators;Lighting equipment and electric lamps;Electric filament lamps;Lamps and light fittings;Parts of lamps and lighting equipment;Electrical equipment and apparatus;Electrical equipment for engines and vehicles;Sound or visual signalling apparatus;Magnets;Machines and apparatus with individual functions;Insulating fittings;Carbon electrodes;Electrical parts of machinery or apparatus;Electrical supplies and accessories;Electronic, electromechanical and electrotechnical supplies;Electronic equipment;Electromechanical equipment;Electrotechnical equipment",02-Aug-2026 15:30,24-Aug-2026 15:00,"(a) The minimum of years of general experience of the Tenderer in the supply of Goods and related services as Supplier shall be 02 (Two) years. (b) The minimum specific experience as Supplier in supply of spares and consumables (to any Power plant or any Govt./Semi-govt/Autonomous organization) at least one (1) contract successfully completed within the last 03 (Three) years, with a value of at least Tk. 7,00,000.00 (Taka Seven Lakh), which shall be supported by the End-User Certificate in the Letter Head Pad of Purchaser duly signed and sealed with contact details mentioning Contract Value, Type of Supply, Date of Supply. [Years will be counted backward from the date of publication of IFT in the e-GP System]. (c) The minimum amount of financial resources as specific credit commitment of the Tenderers shall be Tk. 10,00,000.00 (Taka Ten Lakh). To substantiate the financial criteria (hereinafter defined by the line of credit), Tenderer’s Bank shall use the unconditional specific credit commitment letter issued in the format as specified in Form e-PG2-7 furnished in Section 5: Tender and contract forms without alteration. Submission of the credit facility in any other form or absence of any information indicated in prescribed form may be grounds for rejection of the Tender.",Supply of carbon molecular sieves for nitrogen generator,Lot wise,Package wise,Package wise,1500,Payment through Bank,21-Dec-2026,21-Dec-2026,1,Supply of carbon molecular sieves for nitrogen generator.,"Store, Sirajganj 225 MW CCPP ,Unit-2,Soydabad, sirajganj sadar, sirajganj",30000,01-Sep-2026,03-Mar-2027,Md. Abu Zafar Siddique,Superintending Engineer,"Address : Soydabad, Sirajganj City : Sirajganj Thana : Sirajganj Sadar District : Sirajganj - 6700 Country : Bangladesh","Soydabad, Sirajganj",Sirajganj,Sirajganj Sadar,Sirajganj - 6700,02-9145291,,https://www.eprocure.gov.bd/resources/common/ViewTender.jsp?id=1309508
Ministry of Civil Aviation & Tourism,,Civil Aviation Authority of Bangladesh,"Office of the Executive Engineer, EM Division-4",,Dhaka,Goods,NCT,TENDER,Tender - Single Lot,30.31.0000.000.401.31.0328.26.1257,225270,1311549,Open Tendering Method (OTM),Revenue,Government,Not applicable,Not applicable,"Code No-3258134/ WR-09/ jashore Airport O &M of E/M works at Jashore airport During the year 2025-2026 (S.H: Procurment of Taxiway light fitting, Lamp, Transformer, Kit,glass dome i/c Other E/M equipment at R/W lighting system at Jashore Airport ).Head of accounts: Revenue Expenditure, Accounts Code No 3258134(3001), WR-09.","Electrical machinery, apparatus, equipment and consumables;Electric motors, generators and transformers;Electric motors;Generators;Alternators;Cooling towers;Ballasts for discharge lamps or tubes;Parts of electric motors, generators and transformers;Transformers;Electricity distribution and control apparatus;Electrical apparatus for switching or protecting electrical circuits;Electrical circuit components;Parts of electricity distribution or control apparatus;Insulated wire and cable;Mains;Power distribution cables;Coaxial cable;Insulated cable accessories;Electric conductors for data and control purposes;Accumulators, primary cells and primary batteries;Primary cells;Primary batteries;Electric accumulators;Lighting equipment and electric lamps;Electric filament lamps;Lamps and light fittings;Parts of lamps and lighting equipment;Electrical equipment and apparatus;Electrical equipment for engines and vehicles;Sound or visual signalling apparatus;Magnets;Machines and apparatus with individual functions;Insulating fittings;Carbon electrodes;Electrical parts of machinery or apparatus;Electrical supplies and accessories;Electronic, electromechanical and electrotechnical supplies;Electronic equipment;Electromechanical equipment;Electrotechnical equipment",02-Aug-2026 15:00,12-Aug-2026 16:00,As Per tender Notice,"O &M of E/M works at Jashore airport During the year 2025-2026 (S.H: Procurment of Taxiway light fitting, Lamp, Transformer, Kit,glass dome i/c Other E/M equipment at R/W lighting system at Jashore Airport ).Head of accounts: Revenue Expenditure, Accounts Code No 3258134(3001), WR-09.",Lot wise,Package wise,Package wise,1500,Payment through Bank,08-Jan-2027,08-Jan-2027,1,"O &M of E/M works at Jashore airport During the year 2025-2026 (S.H: Procurment of Taxiway light fitting, Lamp, Transformer, Kit,glass dome i/c Other E/M equipment at R/W lighting system at Jashore Airport ).Head of accounts: Revenue Expenditure, Accounts Code No 3258134(3001), WR-09.",Jashore Airport,110000,31-Aug-2026,28-Feb-2027,Jahangir Arif,Executive Engineer (EM),"Address : Civil Aviation Authority of Bangladesh, Headquarters, Kurmitola, Dhaka-1229. City : Dhaka Thana : Dhaka North City Corporation District : Dhaka - 1229 Country : Bangladesh","Civil Aviation Authority of Bangladesh, Headquarters, Kurmitola, Dhaka-1229.",Dhaka,Dhaka North City Corporation,Dhaka - 1229,02-48962327,,https://www.eprocure.gov.bd/resources/common/ViewTender.jsp?id=1311549
Ministry of Civil Aviation & Tourism,,Civil Aviation Authority of Bangladesh,"Office of the Executive Engineer, EM Division-4",,Dhaka,Works,NCT,TENDER,Tender - Single Lot,30.31.0000.000.401.14.0142.26.1255,225269,1311737,Open Tendering Method (OTM),Own Fund,Own Fund,Not applicable,Not applicable,Code No-100/jashore Airport/ Providing & Laying of optical fiber cable (Control cable)  i/c others related work from CCR to Control Tower  at jashore airport. Head of Accounts: 100.,"Electrical machinery, apparatus, equipment and consumables;Electric motors, generators and transformers;Electric motors;Generators;Alternators;Cooling towers;Ballasts for discharge lamps or tubes;Parts of electric motors, generators and transformers;Transformers;Electricity distribution and control apparatus;Electrical apparatus for switching or protecting electrical circuits;Electrical circuit components;Parts of electricity distribution or control apparatus;Insulated wire and cable;Mains;Power distribution cables;Coaxial cable;Insulated cable accessories;Electric conductors for data and control purposes;Accumulators, primary cells and primary batteries;Primary cells;Primary batteries;Electric accumulators;Lighting equipment and electric lamps;Electric filament lamps;Lamps and light fittings;Parts of lamps and lighting equipment;Electrical equipment and apparatus;Electrical equipment for engines and vehicles;Sound or visual signalling apparatus;Magnets;Machines and apparatus with individual functions;Insulating fittings;Carbon electrodes;Electrical parts of machinery or apparatus;Electrical supplies and accessories;Electronic, electromechanical and electrotechnical supplies;Electronic equipment;Electromechanical equipment;Electrotechnical equipment",02-Aug-2026 15:00,12-Aug-2026 16:00,As per tender notice,Providing & Laying of optical fiber cable (Control cable) i/c others related work from CCR to Control Tower at jashore airport. Head of Accounts: 100.,Lot wise,Package wise,Package wise,1500,Payment through Bank,08-Jan-2027,08-Jan-2027,1,Providing & Laying of optical fiber cable (Control cable)  i/c others related work from CCR to Control Tower  at jashore airport. Head of Accounts: 100.,Jashore Airport,80000,31-Aug-2026,30-Sep-2026,Jahangir Arif,Executive Engineer (EM),"Address : Civil Aviation Authority of Bangladesh, Headquarters, Kurmitola, Dhaka-1229. City : Dhaka Thana : Dhaka North City Corporation District : Dhaka - 1229 Country : Bangladesh","Civil Aviation Authority of Bangladesh, Headquarters, Kurmitola, Dhaka-1229.",Dhaka,Dhaka North City Corporation,Dhaka - 1229,02-48962327,,https://www.eprocure.gov.bd/resources/common/ViewTender.jsp?id=1311737
Ministry of Civil Aviation & Tourism,,Civil Aviation Authority of Bangladesh,"Office of the Executive Engineer, EM Division-4",,Dhaka,Works,NCT,TENDER,Tender - Single Lot,30.31.0000.000.401.14.0122.26.1249,225269,1310360,Open Tendering Method (OTM),Own Fund,Own Fund,Not applicable,Not applicable,"Code No-100 /  jashore Airport Providing & Fitting/fixing of  light fittings, power cable, switch socket  i/c other related  works for newly constructed two storied  building (public vehicle shed) at jashore airport. Account  Code No-100.","Electrical machinery, apparatus, equipment and consumables;Electric motors, generators and transformers;Electric motors;Generators;Alternators;Cooling towers;Ballasts for discharge lamps or tubes;Parts of electric motors, generators and transformers;Transformers;Electricity distribution and control apparatus;Electrical apparatus for switching or protecting electrical circuits;Electrical circuit components;Parts of electricity distribution or control apparatus;Insulated wire and cable;Mains;Power distribution cables;Coaxial cable;Insulated cable accessories;Electric conductors for data and control purposes;Accumulators, primary cells and primary batteries;Primary cells;Primary batteries;Electric accumulators;Lighting equipment and electric lamps;Electric filament lamps;Lamps and light fittings;Parts of lamps and lighting equipment;Electrical equipment and apparatus;Electrical equipment for engines and vehicles;Sound or visual signalling apparatus;Magnets;Machines and apparatus with individual functions;Insulating fittings;Carbon electrodes;Electrical parts of machinery or apparatus;Electrical supplies and accessories;Electronic, electromechanical and electrotechnical supplies;Electronic equipment;Electromechanical equipment;Electrotechnical equipment",02-Aug-2026 15:00,12-Aug-2026 16:00,As Per Tender Notice,"Providing & Fitting/fixing of light fittings, power cable, switch socket i/c other related works for newly constructed two storied building (public vehicle shed) at jashore airport. Account Code No-100.",Lot wise,Package wise,Package wise,1000,Payment through Bank,08-Jan-2027,08-Jan-2027,1,"Providing & Fitting/fixing of  light fittings, power cable, switch socket  i/c other related  works for newly constructed two storied  building (public vehicle shed) at jashore airport. Account  Code No-100.",Jashore Airport,60000,30-Aug-2026,30-Sep-2026,Jahangir Arif,Executive Engineer (EM),"Address : Civil Aviation Authority of Bangladesh, Headquarters, Kurmitola, Dhaka-1229. City : Dhaka Thana : Dhaka North City Corporation District : Dhaka - 1229 Country : Bangladesh","Civil Aviation Authority of Bangladesh, Headquarters, Kurmitola, Dhaka-1229.",Dhaka,Dhaka North City Corporation,Dhaka - 1229,02-48962327,,https://www.eprocure.gov.bd/resources/common/ViewTender.jsp?id=1310360
Ministry of Energy,Power and Mineral Resources,Jamuna Oil Company Limited,Operations Department,,Chattogram,Goods,NCT,TENDER,Tender - Single Lot,AGMP/E-GP/02/26-27,215369,1309202,Open Tendering Method (OTM),Own Fund,Own Fund,Not applicable,Not applicable,JOCL/E-GP/24/25-26 Supply of Engine Oil Additives,Refined petroleum products; Petroleum products and fuels; Light and medium oils and derivate products; Heavy oils and derivate products; Petroleum oils and preparations;,02-Aug-2026 15:00,12-Aug-2026 10:00,"1. The minimum of years of general experience of the Tenderer in the supply of Goods and related services as Supplier shall be 10 years. 2. The minimum specific experience as Supplier in supply of similar Goods or POL handling product of at least one (1) contract successfully completed within the last 10 years, with a value of at least Tk. 25 Lakh. 3. The minimum amount of financial resources as liquid asset or working capital or credit line(s) or specific credit commitment or in any combination of them, of the Tenderers shall be Tk 35 Lakh. 5. The tenderer must submit a Manufacturers Authorization/Agencyship/Dealership certificate. 6. The additive package shall be compatible with Group I, Group II, and Group III base oils.",Supply of Engine Oil Additives,Lot wise,Package wise,Package wise,1500,Payment through Bank,08-Dec-2026,08-Dec-2026,Single Lot,Supply of Engine Oil Additives,"Jamuna Oil PLC, Agrabad, Chattogram",100000,01-Sep-2026,30-Nov-2026,Md. Jashim Uddin,DGM (Operations),"Address : Jamuna Oil Company Ltd.
Jamuna Bhaban
Agrabad C/A,
Chittagong. City : Chittagong Thana : Chattogram City Corporation District : Chattogram - 4100 Country : Bangladesh",,Chittagong,Chattogram City Corporation,Chattogram - 4100,031-715280,,https://www.eprocure.gov.bd/resources/common/ViewTender.jsp?id=1309202
Ministry of Civil Aviation & Tourism,,Civil Aviation Authority of Bangladesh,"Office of the Executive Engineer, Civil Division-3",,Dhaka,Works,NCT,TENDER,Tender - Single Lot,30.31.0000.000.401.31.0179.25.836; Date: 01/06/202,228421,1311241,Open Tendering Method (OTM),Revenue,Government,Not applicable,Not applicable,"RM-1/SPD/2026-27 Repair and Maintenance of Saidpur Airport during the year 2024-2025 (S:H: Repair and Maintenance of Old Civil, E/M store, over head water reservoir tank with other allied works )","Construction work;Site preparation work;Building demolition and wrecking work and earthmoving work;Test drilling and boring work;Works for complete or part construction and civil engineering work;Building construction work;Engineering works and construction works;Construction work for pipelines, communication and power lines, for highways, roads, airfields and railways; flatwork;Construction work for water projects;Construction works for plants, mining and manufacturing and for buildings relating to the oil and gas industry;Roof works and other special trade construction works;Building installation work;Electrical installation work;Insulation work;Plumbing and sanitary works;Fencing, railing and safety equipment installation work;Mechanical installations;Building completion work;Plastering work;Joinery and carpentry installation work;Floor and wall covering work;Painting and glazing work;Other building completion work;Hire of construction and civil engineering machinery and equipment with operator;Hire of cranes with operator;Hire of earthmoving equipment with operator",02-Aug-2026 15:00,19-Aug-2026 14:00,As per TDS,"Repair and Maintenance of Saidpur Airport during the year 2024-2025 (S:H: Repair and Maintenance of Old Civil, E/M store, over head water reservoir tank with other allied works )",Lot wise,Package wise,Package wise,1500,Payment through Bank,15-Jan-2027,15-Jan-2027,1,"Repair and Maintenance of Saidpur Airport during the year 2024-2025 (S:H: Repair and Maintenance of Old Civil, E/M store, over head water reservoir tank with other allied works )",Saidpue Airport,115000,28-Oct-2026,28-Dec-2026,MOHAMMAD MEHEDI HASAN,Executive Engineer (Civil),"Address : Kurmitola, Dhaka City : Dhaka Thana : Dhaka North City Corporation District : Dhaka - 1229 Country : Bangladesh","Kurmitola, Dhaka",Dhaka,Dhaka North City Corporation,Dhaka - 1229,02-8901471,,https://www.eprocure.gov.bd/resources/common/ViewTender.jsp?id=1311241
Ministry of Shipping,,Mongla Port Authority,Executive Engineer (Electrical & Electronics),,Bagerhat,Goods,NCT,TENDER,Tender - Single Lot,18.14.0158.412.07.024.2026,228348,1312952,Open Tendering Method (OTM),Own Fund,Own Fund,Not applicable,Not applicable,18.14.0158.412.07.024.2026 Procurement of ceiling fan for different establishment of Mongla Port Authority,Electrical supplies and accessories; Electrical equipment and apparatus;,02-Aug-2026 15:00,16-Aug-2026 14:00,As per TDS,Procurement of ceiling fan for different establishment of Mongla Port Authority,Lot wise,Package wise,Package wise,500,Payment through Bank,12-Jan-2027,12-Jan-2027,Single,Procurement of ceiling fan for different establishment of Mongla Port Authority,"Mechanical and Electrical Store, Mongla",18000,01-Sep-2026,30-Sep-2026,SHAIKH NURUDDIN,Executive Engineer (Electrical & Electronics),"Address : Mechanical, Electrical & Marine Engineering Building City : Mongla Thana : Mongla District : Bagerhat - 9351 Country : Bangladesh","Mechanical, Electrical & Marine Engineering Building",Mongla,Mongla,Bagerhat - 9351,04662-75348,,https://www.eprocure.gov.bd/resources/common/ViewTender.jsp?id=1312952
Ministry of Energy,Power and Mineral Resources,North-West Power Generation Company Limited,Bheramara 410 MW Combined Cycle Power Plant,,Kushtia,Physical Services,NCT,PPS,,,228971,1313372,Open Tendering Method (OTM),Own Fund,Own Fund,Not applicable,Not applicable,"BH/26-27/RM-ExLTSA-1 Procurement of manpower (Cleaner, Assistant Gardener, I&C Helper, AC Mechanic Helper, and Mechanical Helper) for Bheramara 410 MW CCPP","Planting and maintenance services of green areas; Horticultural services; Sports fields maintenance services; Tree pruning and hedge trimming; Horticultural services; Cleaning and sanitation services in urban or rural areas, and related services; Street-cleaning services; Gully-cleaning services; Asbestos removal services; Deleading services; Disinfecting and exterminating services in urban or rural areas; Beach cleaning services;",,16-Aug-2026 13:00,"The minimum number of years of general experience of the Tenderer in contracting industries in public sector shall be 03 (Three) years. The tenderer shall have the minimum specific experience as Service Provider in providing Manpower in public sector under maximum 02 (Two) contracts (to comply with this requirement service contracts cited should be at least 70 percent complete) completed over a period of 3 (three) years with a value of at least of Tk 6,50,000.00 (Six Lakh Fifty Thousand); The required average annual turnover of the Tenderer under Public sector (hereinafter defined by Total certified payments received for contracts in progress or completed under public sector) shall be at least an amount of Tk 3,50,000.00 (Three Lakh Fifty thousand) only over the last 03(Three) financial years. The minimum amount of financial resources of the tenderer in the form of credit line commitment is Tk 2,75,000.00 (Two Lakh Seventy-Five thousand) only The Tenderer must submit the following updated documents: valid Trade License, VAT registration certificate, Income Tax Return Certificate/Slip, National Identity Card copy, Authorization Letter Updated License/ Registration Document as manpower provider firm issued by Department of Inspection for Factories and Establishments (DIFE) in compliance of Section 3Ka (1) of Bangladesh Labor Act 2006 or equivalent. Tenderer must follow the following guidelines- Outsourcing Service Procurement Policy, 2025: Ministry of Finance, circular no 07.00.0000.000.153.99.0001.21-178, Dated: 15/04/2025. Years counting backward from the date of publication of IFT in the newspaper. [The full eligibility and qualification criteria will be available in details in the Tender Data Sheet (TDS, Section-2) of Tender Document]","Procurement of manpower (Cleaner, Assistant Gardener, I&C Helper, AC Mechanic Helper, and Mechanical Helper) for Bheramara 410 MW CCPP through outsourcing.",Package wise,,Package wise,1000,Payment through Bank,11-Jan-2027,11-Jan-2027,,,Bheramara 410 MW CCPP,,01-Oct-2026,31-Jan-2027,Shyamal Kumar Das,Chief Engineer,"Address : Bheramara, Kustia City : Kushtia Thana : Bheramara District : Kushtia - 7040 Country : Bangladesh","Bheramara, Kustia",Kushtia,Bheramara,Kushtia - 7040,07022-71970,,https://www.eprocure.gov.bd/resources/common/ViewTender.jsp?id=1313372
Ministry of Civil Aviation & Tourism,,Civil Aviation Authority of Bangladesh,"Office of the Executive Engineer, EM Division-4",,Dhaka,Goods,NCT,TENDER,Tender - Single Lot,30.31.0000.401.14.165.24.8915,225269,1312185,Open Tendering Method (OTM),Own Fund,Own Fund,Not applicable,Not applicable,Code No-100/saidpur Airport/ Procurement of Emergency Spare parts of VRF/Airconditioning system at Saidpur Airport.,"Electrical machinery, apparatus, equipment and consumables;Electric motors, generators and transformers;Electric motors;Generators;Alternators;Cooling towers;Ballasts for discharge lamps or tubes;Parts of electric motors, generators and transformers;Transformers;Electricity distribution and control apparatus;Electrical apparatus for switching or protecting electrical circuits;Electrical circuit components;Parts of electricity distribution or control apparatus;Insulated wire and cable;Mains;Power distribution cables;Coaxial cable;Insulated cable accessories;Electric conductors for data and control purposes;Accumulators, primary cells and primary batteries;Primary cells;Primary batteries;Electric accumulators;Lighting equipment and electric lamps;Electric filament lamps;Lamps and light fittings;Parts of lamps and lighting equipment;Electrical equipment and apparatus;Electrical equipment for engines and vehicles;Sound or visual signalling apparatus;Magnets;Machines and apparatus with individual functions;Insulating fittings;Carbon electrodes;Electrical parts of machinery or apparatus;Electrical supplies and accessories;Electronic, electromechanical and electrotechnical supplies;Electronic equipment;Electromechanical equipment;Electrotechnical equipment",02-Aug-2026 15:00,12-Aug-2026 16:00,As per tender notice,Procurement of Emergency Spare parts of VRF/Airconditioning system at Saidpur Airport.,Lot wise,Package wise,Package wise,1500,Payment through Bank,08-Jan-2027,08-Jan-2027,1,Procurement of Emergency Spare parts of VRF/Airconditioning system at Saidpur Airport.,Saidpur Airport,95000,31-Aug-2026,28-Feb-2027,Jahangir Arif,Executive Engineer (EM),"Address : Civil Aviation Authority of Bangladesh, Headquarters, Kurmitola, Dhaka-1229. City : Dhaka Thana : Dhaka North City Corporation District : Dhaka - 1229 Country : Bangladesh","Civil Aviation Authority of Bangladesh, Headquarters, Kurmitola, Dhaka-1229.",Dhaka,Dhaka North City Corporation,Dhaka - 1229,02-48962327,,https://www.eprocure.gov.bd/resources/common/ViewTender.jsp?id=1312185
Ministry of Energy,Power and Mineral Resources,Electricity Generation Bangladesh PLC,Haripur 412 MW Combined Cycle Power Plant,,Narayanganj,Works,NCT,TENDER,Tender - Single Lot,27.27.2666.404.08.001.26.1940 (Date: 27.07.2026),226868,1311882,Open Tendering Method (OTM),Own Fund,Own Fund,Not applicable,Not applicable,EMD_WR_01 Procurement of Repairing works/servicing for HVAC system of Haripur 412 MW CCPP by suppling spare parts.,"Basic metals and associated products; Fabricated products and materials; Machinery, equipment, appliances, apparatus and associated products; Office and computing machinery, equipment and supplies; Electrical machinery, apparatus, equipment and consumables; Radio, television, communication, telecommunication and related equipment and apparatus; Transport equipment; Manufactured goods, furniture, handicrafts, special-purpose products and associated consumables; Construction work; Repair, maintenance and installation services; Retail trade services; Architectural, engineering, construction, legal, accounting and other professional services; Services related to the oil and gas industry;Basic metals;Basic iron and steel;Steel alloy ingots;Carbon-steel products;Bars and rods;Railway-track construction materials;Slag, dross, ferrous waste and scrap;Tubes;Iron tubes and fittings;Steel tubes and fittings;Iron and steel products;Cold drawn products;Cold-rolled products;Folded products;Wire and miscellaneous products;Ferro-alloys;Precious metals and metals clad with precious metals;Precious metals;Metals clad with precious metals;Aluminium and aluminium products;Unwrought aluminium;Aluminium products;Waste and scrap of aluminium;Lead, zinc and tin products;Lead, zinc and tin;Semi-finished products of lead, zinc or tin;Waste and scrap of lead, zinc or tin;Copper products;Unwrought copper;Semi-finished products of copper;Waste and scrap of copper;Non-ferrous metal products;Unwrought nickel;Nickel products;Waste and scrap of nickel;Structural metal products;Metal structures and parts of structures;Builders joinery of metal;Metal tanks, reservoirs and containers; central-heating radiators and boilers;Metal tanks, reservoirs, containers and pressure vessels;Central-heating radiators and boilers and parts;Nuclear reactors and parts;Nuclear reactors;Parts of nuclear reactors;Cable, wire and related products;Wire products;Cable and related products;Miscellaneous fabricated metal products and related items;Metal articles for the bathroom and kitchen;Metal goods;Armour plating;Bearings;Mild steel;Props and mining struts;Cast-iron products;Miscellaneous fire-protection equipment;Cutlery, tools, locks, keys and hinges;Cutlery;Tools;Locks, keys and hinges;Fasteners, chain and springs;Fasteners;Chain;Springs;Construction materials and associated items;Construction materials;Road furniture;Sewer mains;Steel products related to construction materials;Oil country tubular goods;Pipeline, piping, pipes, casing, tubing and related items;Machinery for the production and use of mechanical power;Turbines and motors;Pumps and compressors;Taps, cocks, valves and similar appliances;Gears, gearing and driving elements;General-purpose machinery;Industrial or laboratory furnaces, incinerators and ovens;Lifting and handling equipment and parts;Cooling and ventilation equipment;Miscellaneous general-purpose machinery;Agricultural, horticultural and forestry machinery;Agricultural and forestry machinery for soil preparation or cultivation;Harvesting machinery;Spraying machinery for agriculture or horticulture;Self-loading or unloading trailers and semi-trailers for agriculture;Specialist agricultural or forestry machinery;Tractors;Parts of agricultural and forestry machinery;Machine tools;Machine tools operated by laser and machining centres;Lathes, boring and milling machine tools;Metal-working machine tools;Machine tools for working hard materials except metals;Pneumatic or motorised hand tools;Soldering, brazing and welding tools, surface tempering and hot-spraying machines and equipment;Parts and accessories of machine tools;Special-purpose machinery and parts;Machinery for metallurgy and associated parts;Machinery for mining, quarrying and construction;Machinery for food, beverage and tobacco processing and associated parts;Machinery for textile, apparel and leather production;Machinery for paper or paperboard production;Miscellaneous special-purpose machinery;Weapons, ammunition and associated parts;Motorised tanks and armoured fighting vehicles;Military weapons;Firearms;Ammunition;Parts of military weapons;Truncheons or night sticks;Domestic appliances;Electrical domestic appliances;Non-electric domestic appliances;Miscellaneous equipment;Transport related equipment;Workshop equipment;Construction equipment;Catering equipment;Emergency and security equipment;Technical equipment;Miscellaneous equipment n.e.c.;Office machinery, equipment and supplies except computers;Word-processing machines;Photocopying and printing equipment;Post-office equipment;Calculating and accounting machines;Typewriters;Parts and accessories of typewriters and calculating machines;Various office equipment and supplies;Computer equipment and supplies;Data-processing machines;Digital cartography equipment;Computer hardware;Software;Computer systems;Servers;Electric motors, generators and transformers;Electric motors;Generators;Alternators;Cooling towers;Ballasts for discharge lamps or tubes;Parts of electric motors, generators and transformers;Transformers;Electricity distribution and control apparatus;Electrical apparatus for switching or protecting electrical circuits;Electrical circuit components;Parts of electricity distribution or control apparatus;Insulated wire and cable;Mains;Power distribution cables;Coaxial cable;Insulated cable accessories;Electric conductors for data and control purposes;Accumulators, primary cells and primary batteries;Primary cells;Primary batteries;Electric accumulators;Lighting equipment and electric lamps;Electric filament lamps;Lamps and light fittings;Parts of lamps and lighting equipment;Electrical equipment and apparatus;Electrical equipment for engines and vehicles;Sound or visual signalling apparatus;Magnets;Machines and apparatus with individual functions;Insulating fittings;Carbon electrodes;Electrical parts of machinery or apparatus;Electrical supplies and accessories;Electronic, electromechanical and electrotechnical supplies;Electronic equipment;Electromechanical equipment;Electrotechnical equipment;Electronic valves, tubes and electronic components;Electrical capacitors;Electrical resistors;Printed circuits;Valves and tubes;Semiconductors;Electronic integrated circuits and microassemblies;Parts of electronic assemblies;Modules;Transmission apparatus for radiotelephony, radiotelegraphy, radio broadcasting and television;Broadcasting equipment;Television transmission apparatus without reception apparatus;Radio transmission apparatus with reception apparatus;Television cameras;Mobile telephones;Data-transmission equipment;Digital transmission apparatus;Television and radio receivers, and sound or video recording or reproducing apparatus;Radio broadcast receivers;Television and audio-visual equipment;Apparatus for sound, video-recording and reproduction;Microphones and loudspeakers;Parts of sound and video equipment;Intercom equipment;Networks;Local area network;Network equipment;Wide area network;Telemetry and terminal equipment;Telecommunications equipment and supplies;Wireless telecommunications system;Telecommunications cable and equipment;Satellite-related communications equipment;Switchboards;Telephone equipment;Fibre-optic materials;Communications equipment;Data equipment;Ships and boats;Ships;Boats;Railway and tramway locomotives and rolling stock and associated parts;Rail locomotives and tenders;Rolling stock;Parts of railway or tramway locomotives or rolling stock; mechanical traffic-control equipment;Aircraft and spacecraft;Helicopters and aeroplanes;Spacecraft, satellites and launch vehicles;Balloons, dirigibles and other non-powered aircraft;Parts for aircraft and spacecraft;Aircraft or spacecraft equipment, trainers, simulators and associated parts;Miscellaneous transport equipment;Horse or hand-drawn carts and other non-mechanically-propelled vehicles;Baggage carts;Furniture;Seats, chairs and associated parts;Non-domestic furniture;Domestic furniture;Misc",02-Aug-2026 15:00,18-Aug-2026 20:00,"(a) The minimum number of years of general experience of the Tenderer shall be 05 (Five) years; years counting backward from the date of publication of IFT in the e-GP web portal. Tenderer must submit NOA/PO/WO/Contract etc. as evidence(s) of general experience. (b) The Tenderer must have specific experience of satisfactory completion of similar works (HVAC Servicing/Chiller Servicing/ Air Cooler Sevicing/ Supply of Air Coolers) within last 03 (Three) years with a value of at least Taka 20,00,000/-(Twenty Lac) under maximum 02 (Two) Contracts; years counting backward from the date of publication of IFT in the e-GP web portal. (c) The minimum amount of liquid assets or working capital or credit facilities of the Tenderer shall be Taka 20,00,000/-(Twenty Lac) on or after the date of publication of IFT.",Procurement of Repairing works/servicing for HVAC system of Haripur 412 MW CCPP by supplying spare parts.,Lot wise,Package wise,Package wise,1500,Payment through Bank,14-Jan-2027,14-Jan-2027,1,Procurement of Repairing works/servicing for HVAC system of Haripur 412 MW CCPP by suppling spare parts.,"Haripur 412 MW Combined Cycle Power Plant, Haripur, Bandar, Narayanganj",80000,01-Sep-2026,31-Aug-2027,Touhidur Rahman khan,Sub Divisional Engineer,"Address : Haripur, Narayanganj City : Narayanganj Thana : Bandar District : Narayanganj - 1430 Country : Bangladesh","Haripur, Narayanganj",Narayanganj,Bandar,Narayanganj - 1430,02-55138668,,https://www.eprocure.gov.bd/resources/common/ViewTender.jsp?id=1311882
Ministry of Home Affairs,,Bangladesh Coast Guard Force,Intelligence Directorate,,Dhaka,Services,NCT,REOI,,,227149,1310687,Quality Cost Based Selection (QCBS),Revenue,Government,Not applicable,Not applicable,GRINT-1 Regular Magazine Program Upokul and Television Commercial  (TVC),"Recreational, cultural and sporting services; Motion picture and video services; Radio and television services.; Entertainment services; News-agency services; Library, archives, museums and other cultural services; Sporting services;Motion-picture and video-tape production and related services;Motion-picture or video-tape distribution services;Motion picture projection services;Video-tape projection services;Radio services.;Television services.;Radio and television cable services;Artistic and literary creation and interpretation services;Arts-facility operation services;Recreational-area services;Dance and performance entertainment services;Gambling and betting services;Pyrotechnic services;Library and archive services;Museum services and preservation services of historical sites and buildings;Botanical and zoological garden services and nature reserve services;Sports facilities operation services;Sport-related services",,,"A. Experience : Must have a minimum of 3 (three) years of prior experience in producing magazine programs (Copies of necessary documents supporting experience must be submitted). B. Manpower : Must ensure the recruitment of skilled manpower with practical experience (Necessary documents supporting experience must be submitted). C. Financial Capability : The yearly turnover of the firm must be at least Tk. 1 (one) Core. Additionally, the minimum amount of liquid assets, i.e. working capital or credit line(s), must be provided.",Producing quality video documentary on significant activities of Bangladesh Coast Guard.,Package wise,,,,,,,,,BCGHQ,,30-Nov-2026,03-Jan-2027,MD ASHRAFUL ALOM,Director Intelligence,"Address : Headquarters, Bangladesh Coast Guard Force, Agargaon Administrative Area, Sher-E-Bangla Nagar, Dhaka 1207 City : Dhaka Thana : Dhaka North City Corporation District : Dhaka - 1207 Country : Bangladesh","Headquarters, Bangladesh Coast Guard Force, Agargaon Administrative Area, Sher-E-Bangla Nagar, Dhaka 1207",Dhaka,Dhaka North City Corporation,Dhaka - 1207,41-025642,,https://www.eprocure.gov.bd/resources/common/ViewTender.jsp?id=1310687
Ministry of Local Government,Rural Development and Co-operatives,"Zilla Parishad, Rajshahi",Rajshahi Zilla Parishad,,Rajshahi,Services,NCT,RFA,,,215958,1314035,Individual Consultant (IC),Revenue,Government,Not applicable,Not applicable,"ZPR/REV/2025-26/S-23 Procurement of Individual Consultancy Services For Sador Zilaparishad Dak-Banglow, Rajshahi City Corporation, Rajshahi.","Construction work;Site preparation work;Building demolition and wrecking work and earthmoving work;Test drilling and boring work;Works for complete or part construction and civil engineering work;Building construction work;Engineering works and construction works;Construction work for pipelines, communication and power lines, for highways, roads, airfields and railways; flatwork;Construction work for water projects;Construction works for plants, mining and manufacturing and for buildings relating to the oil and gas industry;Roof works and other special trade construction works;Building installation work;Electrical installation work;Insulation work;Plumbing and sanitary works;Fencing, railing and safety equipment installation work;Mechanical installations;Building completion work;Plastering work;Joinery and carpentry installation work;Floor and wall covering work;Painting and glazing work;Other building completion work;Hire of construction and civil engineering machinery and equipment with operator;Hire of cranes with operator;Hire of earthmoving equipment with operator",,30-Aug-2026 1:05,"B,Sc in Civil Engineer/ 10 Years Experience Diploma in Civil Engineer Experience in Construction Suppervision Management","Procurement of Individual Consultancy Services For Sador Zilaparishad Dak-Banglow, Rajshahi City Corporation, Rajshahi.",Package wise,,,,,,29-Nov-2026,,,Rajshahi city corporation,,02-Sep-2026,29-Oct-2026,Md. Al Amin Mollik,Assistant Engineer,"Address : Zilla Parishad Rajshahi, Rajshahi-6100 City : Rajshahi Thana : Rajshahi City Corporation District : Rajshahi - 6201 Country : Bangladesh","Zilla Parishad Rajshahi, Rajshahi-6100",Rajshahi,Rajshahi City Corporation,Rajshahi - 6201,0721-776163,,https://www.eprocure.gov.bd/resources/common/ViewTender.jsp?id=1314035
Ministry of Local Government,Rural Development and Co-operatives,Local Government Engineering Department (LGED),"Office of the Executive Engineer, LGED, Barishal",,Barishal,Works,NCT,TENDER,Tender - Single Lot,APP ID :	227854,227854,1314321,Open Tendering Method (OTM),Development,Government,657,Barishal Division Important Upazila & Union Road Widening & Strengthening Project,BDIRWSP/BAR/ BAN /TP/ DW-20 Tree Planatation on (Danuat) RHD via Bangla Bazar - Aower hat-Harta GC at Ch. 00.00m - 5000.00m Under Banaripara Upazila. District. Barishal Road ID: (506102003)  (Effective length For Tree Planatation = 3.00km )..,"Construction work;Site preparation work;Building demolition and wrecking work and earthmoving work;Test drilling and boring work;Works for complete or part construction and civil engineering work;Building construction work;Engineering works and construction works;Construction work for pipelines, communication and power lines, for highways, roads, airfields and railways; flatwork;Construction work for water projects;Construction works for plants, mining and manufacturing and for buildings relating to the oil and gas industry;Roof works and other special trade construction works;Building installation work;Electrical installation work;Insulation work;Plumbing and sanitary works;Fencing, railing and safety equipment installation work;Mechanical installations;Building completion work;Plastering work;Joinery and carpentry installation work;Floor and wall covering work;Painting and glazing work;Other building completion work;Hire of construction and civil engineering machinery and equipment with operator;Hire of cranes with operator;Hire of earthmoving equipment with operator",02-Aug-2026 14:00,12-Aug-2026 12:00,As Stated in TD,BDIRWSP/BAR/BAN/TP/DW-20 Tree Planatation on (Danuat) RHD via Bangla Bazar - Aower hat-Harta GC at Ch. 00.00m - 5000.00m Under Banaripara Upazila. District. Barishal Road ID: (506102003) (Effective length For Tree Planatation = 3.00km ).,Lot wise,Package wise,Package wise,500,Payment through Bank,07-Feb-2027,07-Feb-2027,1,"Tree Planatation on (Danuat) RHD via Bangla Bazar - Aower hat-Harta GC at Ch. 00.00m - 5000.00m Under Banaripara Upazila. District. Barishal Road ID: (506102003) 
(Effective length For Tree Planatation = 3.00km )..","Banaripara Upazila, Barishal",15000,24-Sep-2026,23-Dec-2026,Muhammad Al Emran,Executive Engineer,"Address : XEN Office, LGED, Barishal City : Barishal Thana : Barishal City Corporation District : Barishal - 8200 Country : Bangladesh","XEN Office, LGED, Barishal",Barishal,Barishal City Corporation,Barishal - 8200,0431-71054,,https://www.eprocure.gov.bd/resources/common/ViewTender.jsp?id=1314321
Ministry of Local Government,Rural Development and Co-operatives,Local Government Engineering Department (LGED),"Office of the Executive Engineer, LGED, Barishal",,Barishal,Works,NCT,TENDER,Tender - Single Lot,APP ID :	227854,227854,1314322,Open Tendering Method (OTM),Development,Government,657,Barishal Division Important Upazila & Union Road Widening & Strengthening Project,"BDIRWSP/BAR/ BAK /TP/ DW-21 Tree Planatation on Bakergonj Gobindopur hat (From RHD Bakergonj) Gonbindopur via Rabipur, Shialguni, kakorda, Vatshala, Kalisuri road from at ch. 5590.00m -17248m) Under Bakergonj Upazila. District. Barishal. Road ID: (506072002) Tree Planatation ch. 5800.00m -6100m, 6200.00m - 6700.00m, 7000.00m - 8500.00m, 9000.00m - 10500.00m, 11500.00m - 11700.00m (Effective length For Tree Planatation = 4.00km ).","Construction work;Site preparation work;Building demolition and wrecking work and earthmoving work;Test drilling and boring work;Works for complete or part construction and civil engineering work;Building construction work;Engineering works and construction works;Construction work for pipelines, communication and power lines, for highways, roads, airfields and railways; flatwork;Construction work for water projects;Construction works for plants, mining and manufacturing and for buildings relating to the oil and gas industry;Roof works and other special trade construction works;Building installation work;Electrical installation work;Insulation work;Plumbing and sanitary works;Fencing, railing and safety equipment installation work;Mechanical installations;Building completion work;Plastering work;Joinery and carpentry installation work;Floor and wall covering work;Painting and glazing work;Other building completion work;Hire of construction and civil engineering machinery and equipment with operator;Hire of cranes with operator;Hire of earthmoving equipment with operator",02-Aug-2026 14:00,12-Aug-2026 16:00,As Stated in TD,"BDIRWSP/BAR/BAK/TP/DW-21 Tree Planatation on Bakergonj Gobindopur hat (From RHD Bakergonj) Gonbindopur via Rabipur, Shialguni, kakorda, Vatshala, Kalisuri road from at ch. 5590.00m -17248m) Under Bakergonj Upazila. District. Barishal. Road ID: (506072002) Tree Planatation ch. 5800.00m -6100m, 6200.00m - 6700.00m, 7000.00m - 8500.00m, 9000.00m - 10500.00m, 11500.00m - 11700.00m (Effective length For Tree Planatation = 4.00km).",Lot wise,Package wise,Package wise,500,Payment through Bank,07-Feb-2027,07-Feb-2027,1,"Tree Planatation on Bakergonj Gobindopur hat (From RHD Bakergonj) Gonbindopur via Rabipur, Shialguni, kakorda, Vatshala, Kalisuri road from at ch. 5590.00m -17248m) Under Bakergonj Upazila. District. Barishal. Road ID: (506072002) Tree Planatation ch. 5800.00m -6100m, 6200.00m - 6700.00m, 7000.00m - 8500.00m, 9000.00m - 10500.00m, 11500.00m - 11700.00m (Effective length For Tree Planatation = 4.00km ).","Bakergonj Upazila, Barishal",20000,24-Sep-2026,23-Dec-2026,Muhammad Al Emran,Executive Engineer,"Address : XEN Office, LGED, Barishal City : Barishal Thana : Barishal City Corporation District : Barishal - 8200 Country : Bangladesh","XEN Office, LGED, Barishal",Barishal,Barishal City Corporation,Barishal - 8200,0431-71054,,https://www.eprocure.gov.bd/resources/common/ViewTender.jsp?id=1314322
Ministry of Local Government,Rural Development and Co-operatives,Local Government Engineering Department (LGED),"Office of the Executive Engineer, LGED, Barishal",,Barishal,Works,NCT,TENDER,Tender - Single Lot,APP ID :	227854,227854,1314320,Open Tendering Method (OTM),Development,Government,657,Barishal Division Important Upazila & Union Road Widening & Strengthening Project,"BDIRWSP/BAR/ BAN /TP/ DW-19 Tree Planatation on Chowmohona GC via Bisherkandi, Umarerper Batiaghata, Wazedia - RHD (Baisary) at Ch. 6056.00m- 15600.00m Under Banaripara Upazila. District. Barishal Road ID: (506102001)  (Effective length For Tree Planatation = 6.00 km).","Construction work;Site preparation work;Building demolition and wrecking work and earthmoving work;Test drilling and boring work;Works for complete or part construction and civil engineering work;Building construction work;Engineering works and construction works;Construction work for pipelines, communication and power lines, for highways, roads, airfields and railways; flatwork;Construction work for water projects;Construction works for plants, mining and manufacturing and for buildings relating to the oil and gas industry;Roof works and other special trade construction works;Building installation work;Electrical installation work;Insulation work;Plumbing and sanitary works;Fencing, railing and safety equipment installation work;Mechanical installations;Building completion work;Plastering work;Joinery and carpentry installation work;Floor and wall covering work;Painting and glazing work;Other building completion work;Hire of construction and civil engineering machinery and equipment with operator;Hire of cranes with operator;Hire of earthmoving equipment with operator",02-Aug-2026 14:00,12-Aug-2026 16:00,As Stated in TD,"BDIRWSP/BAR/BAN/TP/DW-19 Tree Planatation on Chowmohona GC via Bisherkandi, Umarerper Batiaghata, Wazedia - RHD (Baisary) at Ch. 6056.00m- 15600.00m Under Banaripara Upazila. District. Barishal Road ID: (506102001) (Effective length For Tree Planatation = 6.00 km).",Lot wise,Package wise,Package wise,1000,Payment through Bank,07-Feb-2027,07-Feb-2027,1,"Tree Planatation on Chowmohona GC via Bisherkandi, Umarerper Batiaghata, Wazedia - RHD (Baisary) at Ch. 6056.00m- 15600.00m Under Banaripara Upazila. District. Barishal Road ID: (506102001) 
(Effective length For Tree Planatation = 6.00 km).","Banaripara Upazila, Barishal",30000,24-Sep-2026,23-Dec-2026,Muhammad Al Emran,Executive Engineer,"Address : XEN Office, LGED, Barishal City : Barishal Thana : Barishal City Corporation District : Barishal - 8200 Country : Bangladesh","XEN Office, LGED, Barishal",Barishal,Barishal City Corporation,Barishal - 8200,0431-71054,,https://www.eprocure.gov.bd/resources/common/ViewTender.jsp?id=1314320
Ministry of Energy,Power and Mineral Resources,Power Grid Bangladesh PLC,"Grid Maintenance Division, Rangamati",,Chattogram,Works,NCT,TENDER,Tender - Single Lot,"27.21.0000.000.785.18.0001.26.548,Date: 02.08.2026",229017,1314585,Open Tendering Method (OTM),Own Fund,Own Fund,Not applicable,Not applicable,"Rang_01_2026-27 Yearly basis Work on cutting and clearing jungle and undergrowth at tower bases and access roads to each tower (hilly area, Madunaghat SS Portion) of Madunaghat-Kaptai Transmission Line under GMD, Rangamati, Power Grid","Electrical parts of machinery or apparatus; Electrical equipment and apparatus; Electrical supplies and accessories; Electricity; Electricity, gas, nuclear energy and fuels, steam, hot water and other sources of energy; Specialised cleaning services; Miscellaneous cleaning services; Cleaning services; Environmental and ecological services; Environmental services; Ecological services;",02-Aug-2026 14:00,23-Aug-2026 14:00,"The minimum specific experience as a Prime Contractor in construction works under public sector (like Power Grid/ DESCO/DPDC/BPDB or any other Government Electricity Company etc) of at least 01 contract(s) of Repair, Installation, Testing and Commissioning work/cutting and clearing jungle and undergrowth at tower bases and access roads to each tower (hilly area) of 132 kV or higher capacity transmission line successfully completed within the last 10 years, each with a value of at least Tk. 01 lakh. Years counting backward from the date of publication of IFT in the newspaper. The minimum number of years of general experience of the Tenderer in the construction works as Prime Contractor shall be 03 (Three) years; years counting backward from the date of publication of IFT in the newspaper. and Others Criteria are described in TDS.","Yearly basis Work on cutting and clearing jungle and undergrowth at tower bases and access roads to each tower (hilly area, Madunaghat SS Portion) of Madunaghat-Kaptai Transmission Line under GMD, Rangamati, Power Grid",Lot wise,Package wise,Package wise,500,Payment through Bank,18-Jan-2027,18-Jan-2027,1,"Yearly basis Work on cutting and clearing jungle and undergrowth at tower bases and access roads to each tower (hilly area, Madunaghat SS Portion) of Madunaghat-Kaptai Transmission Line under GMD, Rangamati, Power Grid",Along the access roads to each tower of Madunaghat-Kaptai Transmission Line,4000,01-Oct-2026,30-Sep-2027,Subir Kanti Nath,Executive Engineer,"Address : Office of the Executive Engineer, GMD, Rangamati, Golam Mostafa Colony (WAPDA Colony), Rashid Bari, Madunaghat. City : Hathazari Thana : Hathazari District : Chattogram - 4337 Country : Bangladesh","Office of the Executive Engineer, GMD, Rangamati, Golam Mostafa Colony (WAPDA Colony), Rashid Bari, Madunaghat.",Hathazari,Hathazari,Chattogram - 4337,01-731097904,,https://www.eprocure.gov.bd/resources/common/ViewTender.jsp?id=1314585
Ministry of Health and Family Welfare,Health Services Division,Directorate General of Health Services (DGHS),Jaintapur Upazila Health Complex,,Sylhet,Goods (Framework Agreement),NCT,TENDER,Tender - Single Lot,UHC/JAINTA/SYLHET/TENDER/2026-2027/556,228786,1313840,Open Tendering Method (OTM),Revenue,Government,Not applicable,Not applicable,"UHC/Jainta/MSR/e-GP/2026-27/Gr-09 Procurement of Stationary for the F.Y. 2026-2027 at Upazila Health Complex Jaintapur, Sylhet.","Various types of pulp, paper and paper products; Various types of printed matter and articles for printing; Rubber, plastic and film products; Radio, television, communication, telecommunication and related equipment and apparatus;Pulp, paper and paperboard;Pulp;Paper and paperboard;Paper or paperboard articles;Corrugated paper or paperboard;Household and hospital paper articles;Paper stationery and other items;Wallpaper and other coverings;Cigarette paper and filter paper;Printed books, brochures and leaflets;Printed books;Publications;Directories;Leaflets;Brochures;Booklets;Newspapers, journals, periodicals and magazines;Newspapers;Postcards, greeting cards and other printed matter;Postcards;Greeting cards;Stamps, cheque forms, banknotes, stock certificates, trade advertising material, catalogues and manuals;Stamps;Stamp-impressed paper;Banknotes;Cheque forms;Security-type printed matter;Trade-advertising material, commercial catalogues and manuals;Manuals;Printing plates or cylinders or other media for use in printing;Offset plates;Dry-etching equipment;Paper or paperboard registers, account books, binders, forms and other articles of printed stationery;Paper or paperboard registers;Forms;Exercise books;Albums for samples;Binders and related accessories;Printed stationery except forms;Miscellaneous printed matter;Car-tax discs;Driving licences;ID cards;Permits;Entrance cards;Bespoke printed matter;Tickets;Rubber products;Tyres and related products;Unvulcanised and vulcanised rubber articles;Rubberised textile fabrics;Reclaimed rubber;Rubber waste products;Medical articles of rubber;Articles of hard rubber;Plastic products;Plastic plates, sheets, tubes and profiles;Packaging products of plastics;Builders ware of plastic;Miscellaneous plastic products;Magnetic cards;Sound recordings;Resins;Film products;Radiology film;Cinematographic film;Video films;Electronic valves, tubes and electronic components;Electrical capacitors;Electrical resistors;Printed circuits;Valves and tubes;Semiconductors;Electronic integrated circuits and microassemblies;Parts of electronic assemblies;Modules;Transmission apparatus for radiotelephony, radiotelegraphy, radio broadcasting and television;Broadcasting equipment;Television transmission apparatus without reception apparatus;Radio transmission apparatus with reception apparatus;Television cameras;Mobile telephones;Data-transmission equipment;Digital transmission apparatus;Television and radio receivers, and sound or video recording or reproducing apparatus;Radio broadcast receivers;Television and audio-visual equipment;Apparatus for sound, video-recording and reproduction;Microphones and loudspeakers;Parts of sound and video equipment;Intercom equipment;Networks;Local area network;Network equipment;Wide area network;Telemetry and terminal equipment;Telecommunications equipment and supplies;Wireless telecommunications system;Telecommunications cable and equipment;Satellite-related communications equipment;Switchboards;Telephone equipment;Fibre-optic materials;Communications equipment;Data equipment",02-Aug-2026 14:00,13-Aug-2026 12:00,As per TDS & PCC,"Procurement of Stationary for the F.Y. 2026-2027 at Upazila Health Complex, Jaintapur, Sylhet.",Lot wise,Package wise,Package wise,500,Payment through Bank,08-Jan-2027,08-Jan-2027,Single,"Procurement of Stationary for the F.Y. 2026-2027 at Upazila Health Complex Jaintapur, Sylhet.",Jaintapur Upazila Health Complex Sylhet,12000,30-Aug-2026,30-Jun-2027,N. Islam Mohammad Faruque,UH&FPO,"Address : Jaintapur Upazila Health Complex, Sylhet City : Jaintapur Thana : Jointiapur District : Sylhet - 3156 Country : Bangladesh","Jaintapur Upazila Health Complex, Sylhet",Jaintapur,Jointiapur,Sylhet - 3156,02-996644377,,https://www.eprocure.gov.bd/resources/common/ViewTender.jsp?id=1313840
Ministry of Health and Family Welfare,Health Services Division,Directorate General of Health Services (DGHS),Jaintapur Upazila Health Complex,,Sylhet,Goods (Framework Agreement),NCT,TENDER,Tender - Single Lot,UHC/JAINTA/SYLHET/TENDER/2026-2027/556,228786,1313838,Open Tendering Method (OTM),Revenue,Government,Not applicable,Not applicable,"UHC/Jainta/MSR/e-GP/2026-27/Gr-07 Procurement of Diet for the F.Y. 2026-2027 at Upazila Health Complex Jaintapur, Sylhet.","Fish, fishing products and other by-products of the fishing industry; Food products and beverages; Collected and purified water;Fish;Live fish;Fish, fresh or chilled;Fish meat;Crustaceans;Fresh crustaceans;Oysters;Shellfish;Aquatic invertebrates;Aquatic products;Corals or similar products;Natural sponges;Seaweeds;By-products of the fishing industry;Fish meal;Animal products, meat and meat products;Meat;Animal wool, hides and skins;Meat products;Prepared and preserved fish;Fish fillets, fish livers and roe;Frozen fish, fish fillets and other fish meat;Dried or salted fish; fish in brine; smoked fish;Canned or tinned fish and other prepared or preserved fish;Seafood;Fruit, vegetables and related products;Potatoes and potato products;Fruit and vegetable juices;Fruit and vegetables;Animal or vegetable oils and fats;Crude animal or vegetable oils and fats;Refined oils and fats;Edible fats;Dairy products;Milk and cream;Butter;Cheese products;Assorted dairy products;Grain mill products, starches and starch products;Grain mill products;Starches and starch products;Animal feedstuffs;Prepared animal feeds for farm and other animals;Miscellaneous food products;Bread products, fresh pastry goods and cakes;Rusks and biscuits; preserved pastry goods and cakes;Sugar and related products;Cocoa; chocolate and sugar confectionery;Pasta products;Coffee, tea and related products;Condiments and seasonings;Special nutritional products;Miscellaneous food products n.e.c. and dried goods;Beverages;Distilled alcoholic beverages;Wines;Cider and other fruit wines;Non-distilled fermented beverages;Malt beer;Non-alcoholic beverages;Natural water;Drinking water;Non-drinking water",02-Aug-2026 14:00,13-Aug-2026 12:00,As per TDS & PCC,"Procurement of Diet for the F.Y. 2026-2027 at Upazila Health Complex Jaintapur, Sylhet.",Lot wise,Package wise,Package wise,1500,Payment through Bank,08-Jan-2027,08-Jan-2027,Single,"Procurement of Diet for the F.Y. 2026-2027 at Upazila Health Complex Jaintapur, Sylhet.",Jaintapur Upazila Health Complex Sylhet,80000,30-Aug-2026,30-Jun-2027,N. Islam Mohammad Faruque,UH&FPO,"Address : Jaintapur Upazila Health Complex, Sylhet City : Jaintapur Thana : Jointiapur District : Sylhet - 3156 Country : Bangladesh","Jaintapur Upazila Health Complex, Sylhet",Jaintapur,Jointiapur,Sylhet - 3156,02-996644377,,https://www.eprocure.gov.bd/resources/common/ViewTender.jsp?id=1313838
Ministry of Local Government,Rural Development and Co-operatives,Local Government Engineering Department (LGED),"Office of the Executive Engineer, LGED, Barishal",,Barishal,Works,NCT,TENDER,Tender - Single Lot,APP ID :	227854,227854,1314319,Open Tendering Method (OTM),Development,Government,657,Barishal Division Important Upazila & Union Road Widening & Strengthening Project,BDIRWSP/BAR/ MEH /TP/ DW-18 Tree Planatation on Ulania GC Aligonj GC Road (Mehendigonj Part) at Ch. 3000.00m - 5600.00m Mehendigonj Under Mehendigonj Upazila. District. Barishal Road ID: (506622007)  (Effective length For Tree Planatation = 1.500km km)..,"Construction work;Site preparation work;Building demolition and wrecking work and earthmoving work;Test drilling and boring work;Works for complete or part construction and civil engineering work;Building construction work;Engineering works and construction works;Construction work for pipelines, communication and power lines, for highways, roads, airfields and railways; flatwork;Construction work for water projects;Construction works for plants, mining and manufacturing and for buildings relating to the oil and gas industry;Roof works and other special trade construction works;Building installation work;Electrical installation work;Insulation work;Plumbing and sanitary works;Fencing, railing and safety equipment installation work;Mechanical installations;Building completion work;Plastering work;Joinery and carpentry installation work;Floor and wall covering work;Painting and glazing work;Other building completion work;Hire of construction and civil engineering machinery and equipment with operator;Hire of cranes with operator;Hire of earthmoving equipment with operator",02-Aug-2026 14:00,12-Aug-2026 16:00,As Stated in TD,BDIRWSP/BAR/MEH/TP/DW-18 Tree Planatation on Ulania GC Aligonj GC Road (Mehendigonj Part) at Ch. 3000.00m - 5600.00m Mehendigonj Under Mehendigonj Upazila. District. Barishal Road ID: (506622007) (Effective length For Tree Planatation = 1.500km).,Lot wise,Package wise,Package wise,500,Payment through Bank,07-Feb-2027,07-Feb-2027,1,"Tree Planatation on Ulania GC Aligonj GC Road (Mehendigonj Part) at Ch. 3000.00m - 5600.00m Mehendigonj Under Mehendigonj Upazila. District. Barishal Road ID: (506622007) 
(Effective length For Tree Planatation = 1.500km km)..","Mehendiganj Upazila, Barishal",6000,24-Sep-2026,23-Dec-2026,Muhammad Al Emran,Executive Engineer,"Address : XEN Office, LGED, Barishal City : Barishal Thana : Barishal City Corporation District : Barishal - 8200 Country : Bangladesh","XEN Office, LGED, Barishal",Barishal,Barishal City Corporation,Barishal - 8200,0431-71054,,https://www.eprocure.gov.bd/resources/common/ViewTender.jsp?id=1314319
Ministry of Health and Family Welfare,Health Services Division,Directorate General of Health Services (DGHS),"Rajapur Upazila Health Complex, Jhalokathi",,Jhalokathi,Goods,NCT,TENDER,Tender - Single Lot,45.01.4284.673.07.001.25.47,228630,1312719,Open Tendering Method (OTM),Revenue,Government,Not applicable,Not applicable,diet supply 26 diet supply for patients,"Agricultural, horticultural, hunting and related products; Fish, fishing products and other by-products of the fishing industry; Food products and beverages; Wood, wood products, cork products, basketware and wickerwork;Crops, products of market gardening and horticulture;Cereals and other crops;Vegetables, horticultural products and nursery products;Fruit, nuts, beverage and spice crops;Live animals and animal products;Cattle and their products;Farm animals and their products;Pigs;Live poultry and eggs;Small live animals and their products;Products of mixed farming;Agricultural supplies;Fish;Live fish;Fish, fresh or chilled;Fish meat;Crustaceans;Fresh crustaceans;Oysters;Shellfish;Aquatic invertebrates;Aquatic products;Corals or similar products;Natural sponges;Seaweeds;By-products of the fishing industry;Fish meal;Animal products, meat and meat products;Meat;Animal wool, hides and skins;Meat products;Prepared and preserved fish;Fish fillets, fish livers and roe;Frozen fish, fish fillets and other fish meat;Dried or salted fish; fish in brine; smoked fish;Canned or tinned fish and other prepared or preserved fish;Seafood;Fruit, vegetables and related products;Potatoes and potato products;Fruit and vegetable juices;Fruit and vegetables;Animal or vegetable oils and fats;Crude animal or vegetable oils and fats;Refined oils and fats;Edible fats;Dairy products;Milk and cream;Butter;Cheese products;Assorted dairy products;Grain mill products, starches and starch products;Grain mill products;Starches and starch products;Animal feedstuffs;Prepared animal feeds for farm and other animals;Miscellaneous food products;Bread products, fresh pastry goods and cakes;Rusks and biscuits; preserved pastry goods and cakes;Sugar and related products;Cocoa; chocolate and sugar confectionery;Pasta products;Coffee, tea and related products;Condiments and seasonings;Special nutritional products;Miscellaneous food products n.e.c. and dried goods;Beverages;Distilled alcoholic beverages;Wines;Cider and other fruit wines;Non-distilled fermented beverages;Malt beer;Non-alcoholic beverages;Sawn wood;Railway sleepers;Mining timber;Prepared softwood;Hardwood;Parquet;Prepared or treated wooden products;Sawdust;Wooden sheets and veneers;Wooden boards and panels;Densified wood;Builders wood joinery and carpentry;Builders wood joinery;Builders wood carpentry;Prefabricated wooden buildings;Wooden containers, pallets, boxes and other containers;Wooden containers;Wooden pallets;Articles of wood and cork;Products of wood and related articles;Articles of cork, basketware and wickerwork",02-Aug-2026 14:00,16-Aug-2026 11:00,as per tds,diet supply,Lot wise,Package wise,Package wise,1500,Payment through Bank,12-Dec-2026,12-Dec-2026,1,diet supply for patients,pe office,75000,01-Sep-2026,30-Jun-2027,Dr .Md. Abul khair Mahamood,UH&FPO,"Address : Rajapur, Jhalokathi City : Jhalokathi Thana : Rajapur District : Jhalokathi - 8410 Country : Bangladesh","Rajapur, Jhalokathi",Jhalokathi,Rajapur,Jhalokathi - 8410,0495-65009,,https://www.eprocure.gov.bd/resources/common/ViewTender.jsp?id=1312719
Ministry of Health and Family Welfare,Health Services Division,Directorate General of Health Services (DGHS),Jaintapur Upazila Health Complex,,Sylhet,Goods (Framework Agreement),NCT,TENDER,Tender - Single Lot,UHC/JAINTA/SYLHET/TENDER/2026-2027/556,228786,1313839,Open Tendering Method (OTM),Revenue,Government,Not applicable,Not applicable,"UHC/Jainta/MSR/e-GP/2026-27/Gr-08 Procurement of Linen Washing for the F.Y. 2026-2027 at Upazila Health Complex Jaintapur, Sylhet.",Miscellaneous services;Washing and dry-cleaning services;Laundry-collection services;Textile-cleaning services;Fur-products cleaning services;Colouring services;Pressing services;Dyeing services;Hairdressing and beauty treatment services;Hairdressing services;Beauty treatment services;Physical well-being services;Turkish bath services;Spa services;Massage services;Accommodation and office services;Accommodation services;Civic-amenity services;Car-park management services;Marine services;Aquatic marine services;Port management services;Diving services;Funeral and related services;Funeral services;Miscellaneous services n.e.c.;Decommissioning services;Relocation services;Tailoring services;Upholstering services;Locksmith services;Clearing and Forwarding Agent;Service Provider (Others),02-Aug-2026 14:00,13-Aug-2026 12:00,As per TDS & PCC,"Procurement of Linen Washing for the F.Y. 2026-2027 at Upazila Health Complex Jaintapur, Sylhet.",Lot wise,Package wise,Package wise,1000,Payment through Bank,08-Jan-2027,08-Jan-2027,Single,"Procurement of Linen Washing for the F.Y. 2026-2027 at Upazila Health Complex Jaintapur, Sylhet.",Jaintapur Upazila Health Complex Sylhet,45000,30-Aug-2026,30-Jun-2027,N. Islam Mohammad Faruque,UH&FPO,"Address : Jaintapur Upazila Health Complex, Sylhet City : Jaintapur Thana : Jointiapur District : Sylhet - 3156 Country : Bangladesh","Jaintapur Upazila Health Complex, Sylhet",Jaintapur,Jointiapur,Sylhet - 3156,02-996644377,,https://www.eprocure.gov.bd/resources/common/ViewTender.jsp?id=1313839
Ministry of Local Government,Rural Development and Co-operatives,Local Government Engineering Department (LGED),"Office of the Executive Engineer, LGED, Barishal",,Barishal,Works,NCT,TENDER,Tender - Single Lot,APP ID :	217298,217298,1301361,Open Tendering Method (OTM),Development,Government,224325300,Cyclone Amphan & Flood Damage Rural Infrastructure Rehabilitation Project,"CAFDRIRP/Barishal/UZR/W-36/AM/2025-26 Rehabilitation of  Shaestabad GC(Barishal Sadar) - Hizla Upazila HQ via Gazirhat , Kazirhat GC, Miarhat & Ekotarhat  Road  from Ch.22480 - 24075m Under Mehendigonj Upazila , Dist: Barishal [ [ Road ID : 506622008]","Construction work;Site preparation work;Building demolition and wrecking work and earthmoving work;Test drilling and boring work;Works for complete or part construction and civil engineering work;Building construction work;Engineering works and construction works;Construction work for pipelines, communication and power lines, for highways, roads, airfields and railways; flatwork;Construction work for water projects;Construction works for plants, mining and manufacturing and for buildings relating to the oil and gas industry;Roof works and other special trade construction works;Building installation work;Electrical installation work;Insulation work;Plumbing and sanitary works;Fencing, railing and safety equipment installation work;Mechanical installations;Building completion work;Plastering work;Joinery and carpentry installation work;Floor and wall covering work;Painting and glazing work;Other building completion work;Hire of construction and civil engineering machinery and equipment with operator;Hire of cranes with operator;Hire of earthmoving equipment with operator",02-Aug-2026 14:00,18-Aug-2026 16:00,As Stated in TD,"CAFDRIRP/Barishal/UZR/W-36/AM/2025-26 Rehabilitation of Shaestabad GC(Barishal Sadar) - Hizla Upazila HQ via Gazirhat , Kazirhat GC, Miarhat & Ekotarhat Road from Ch.22480 - 24075m Under Mehendigonj Upazila , Dist: Barishal [ [ Road ID : 506622008]",Lot wise,Package wise,Package wise,2500,Payment through Bank,13-Feb-2027,13-Feb-2027,1,"Rehabilitation of  Shaestabad GC(Barishal Sadar) - Hizla Upazila HQ via Gazirhat , Kazirhat GC, Miarhat & Ekotarhat  Road  from Ch.22480 - 24075m Under Mehendigonj Upazila , Dist: Barishal [ [ Road ID : 506622008]","Mehendiganj Upazila, Barishal",400000,27-Sep-2026,25-May-2027,Muhammad Al Emran,Executive Engineer,"Address : XEN Office, LGED, Barishal City : Barishal Thana : Barishal City Corporation District : Barishal - 8200 Country : Bangladesh","XEN Office, LGED, Barishal",Barishal,Barishal City Corporation,Barishal - 8200,0431-71054,,https://www.eprocure.gov.bd/resources/common/ViewTender.jsp?id=1301361
Ministry of Local Government,Rural Development and Co-operatives,Local Government Engineering Department (LGED),"Office of the Executive Engineer, LGED, Barishal",,Barishal,Works,NCT,TENDER,Tender - Single Lot,APP ID 214519,214519,1282990,Open Tendering Method (OTM),Development,Government,224406000,Barishal District Important Rural Infrastructure Development Project (BDIST.RIDP),"BRLIRIIP/VRB/W-91 Improvement of Road By BC on North Chandtreeshira Talbari Bridge to Amboylla Faree Ghat Road at Ch.00m-705m, Upazila: Agailjhara, District: Barishal. 506025102","Construction work;Site preparation work;Building demolition and wrecking work and earthmoving work;Test drilling and boring work;Works for complete or part construction and civil engineering work;Building construction work;Engineering works and construction works;Construction work for pipelines, communication and power lines, for highways, roads, airfields and railways; flatwork;Construction work for water projects;Construction works for plants, mining and manufacturing and for buildings relating to the oil and gas industry;Roof works and other special trade construction works;Building installation work;Electrical installation work;Insulation work;Plumbing and sanitary works;Fencing, railing and safety equipment installation work;Mechanical installations;Building completion work;Plastering work;Joinery and carpentry installation work;Floor and wall covering work;Painting and glazing work;Other building completion work;Hire of construction and civil engineering machinery and equipment with operator;Hire of cranes with operator;Hire of earthmoving equipment with operator",02-Aug-2026 14:00,17-Aug-2026 16:00,As Stated in TD,"BRLIRIIP/VRB/W-91 Improvement of Road By BC on North Chandtreeshira Talbari Bridge to Amboylla Faree Ghat Road at Ch.00m-705m, Upazila: Agailjhara, District: Barishal. 506025102 [Salvage Materials Cost Tk: 3,30,027.00]",Lot wise,Package wise,Package wise,2500,Payment through Bank,12-Feb-2027,12-Feb-2027,1,"Improvement of Road By BC on North Chandtreeshira Talbari Bridge to Amboylla Faree Ghat Road at Ch.00m-705m, Upazila: Agailjhara, District: Barishal. 506025102","Agailjhara Upazila, Barishal",200000,30-Sep-2026,29-Mar-2027,Muhammad Al Emran,Executive Engineer,"Address : XEN Office, LGED, Barishal City : Barishal Thana : Barishal City Corporation District : Barishal - 8200 Country : Bangladesh","XEN Office, LGED, Barishal",Barishal,Barishal City Corporation,Barishal - 8200,0431-71054,,https://www.eprocure.gov.bd/resources/common/ViewTender.jsp?id=1282990
Ministry of Health and Family Welfare,Health Services Division,Directorate General of Health Services (DGHS),"Rajapur Upazila Health Complex, Jhalokathi",,Jhalokathi,Goods,NCT,TENDER,Tender - Single Lot,45.01.4284.673.07.001.25.48,228630,1312720,Open Tendering Method (OTM),Revenue,Government,Not applicable,Not applicable,linen wash 26 linen wash 26,"Textiles and textile articles; Clothing and accessories; Fabricated products and materials;Textile fabrics and related items;Woven fabrics;Woollen fabrics;Linen fabrics;Special fabrics;Knitted or crocheted fabrics;Cloth;Non-woven fabrics;Textile articles;Textile household articles;Made-up textile articles;Carpets, mats and rugs;Miscellaneous cordage, rope, twine and netting;Non-woven articles;Miscellaneous textile articles;Knitwear, hosiery and related articles;Textile yarn and thread;Natural textile fibres;Artificial textile fibres;Textile yarn and thread of natural fibres;Synthetic yarn or thread;Textile waste;Occupational clothing, special workwear and accessories;Occupational clothing;Special workwear;Workwear accessories;Outerwear;Coats;Weatherproof clothing;Miscellaneous outerwear;Garments;Underwear;Shirts and nightwear;T-shirts;Special clothing and accessories;Special clothing;Clothing accessories;Hats and headgear;Fasteners;Leather clothes;Leather clothing accessories;Furs and articles of fur;Fur articles;Furs;Second-hand clothing;Structural metal products;Metal structures and parts of structures;Builders joinery of metal;Metal tanks, reservoirs and containers; central-heating radiators and boilers;Metal tanks, reservoirs, containers and pressure vessels;Central-heating radiators and boilers and parts;Nuclear reactors and parts;Nuclear reactors;Parts of nuclear reactors;Cable, wire and related products;Wire products;Cable and related products;Miscellaneous fabricated metal products and related items;Metal articles for the bathroom and kitchen;Metal goods;Armour plating;Bearings;Mild steel;Props and mining struts;Cast-iron products;Miscellaneous fire-protection equipment;Cutlery, tools, locks, keys and hinges;Cutlery;Tools;Locks, keys and hinges;Fasteners, chain and springs;Fasteners;Chain;Springs;Construction materials and associated items;Construction materials;Road furniture;Sewer mains;Steel products related to construction materials;Oil country tubular goods;Pipeline, piping, pipes, casing, tubing and related items",02-Aug-2026 14:00,16-Aug-2026 11:00,as per tds,linen wash,Lot wise,Package wise,Package wise,1000,Payment through Bank,12-Dec-2026,12-Dec-2026,1,linen wash,pe office,45000,01-Sep-2026,30-Jun-2027,Dr .Md. Abul khair Mahamood,UH&FPO,"Address : Rajapur, Jhalokathi City : Jhalokathi Thana : Rajapur District : Jhalokathi - 8410 Country : Bangladesh","Rajapur, Jhalokathi",Jhalokathi,Rajapur,Jhalokathi - 8410,0495-65009,,https://www.eprocure.gov.bd/resources/common/ViewTender.jsp?id=1312720
Ministry of Agriculture,,Bangladesh Agricultural Research Institute,"Procurement and Store Section, BARI",,Gazipur,Goods,NCT,TENDER,Tender - Single Lot,12.210000.000.007.01.0289.25,216939,1310750,Open Tendering Method (OTM),Development,"Government, Aid or Grant",224374800,"Program on Agricultural and Rural Transformation for Nutrition, Entrepreneurship and Resilience in Bangladesh (BARI Component)",PN GD-9 Procurement of Laboratory Equipment 33 Items,"Machinery for the production and use of mechanical power; Machinery, equipment, appliances, apparatus and associated products;Turbines and motors;Pumps and compressors;Taps, cocks, valves and similar appliances;Gears, gearing and driving elements",02-Aug-2026 14:00,17-Aug-2026 11:30,"Update and Valid Trade license Value Added Tax (VAT)/BIN Registration Certificate (13 digits); TIN Certificate with Update Tax Payer Certificate; General experience of Supply (According to TDS); Relevant/Similar Work order & Specific Experience of Supply (According to TDS), Sufficient liquid assets/Bank statement/financial solvency Certificate/credit line facilities (use BPPA prescribed format) and Manufacturer/distributor/Supplier authorization Certificate.(Proof of  authorization needed) All Document should be up to date.",Procurement of Laboratory Equipment 33 Items,Lot wise,Package wise,Package wise,4000,Payment through Bank,11-Feb-2027,11-Feb-2027,1,Procurement of Laboratory Equipment 33 Items,"HRC, BARI, Gazipur",1790000,30-Aug-2026,31-Dec-2026,MD. YOUNUS ALI,Procuring Entity User,"Address : Procurement and Store Section
Bangladesh Agricultural Research Institute
Joydebpur, Gazipur-1701 City : Gazipur Thana : Gazipur City Corporation District : Gazipur - 1701 Country : Bangladesh",,Gazipur,Gazipur City Corporation,Gazipur - 1701,02-49270140,,https://www.eprocure.gov.bd/resources/common/ViewTender.jsp?id=1310750
Ministry of Local Government,Rural Development and Co-operatives,Local Government Engineering Department (LGED),"Office of the Executive Engineer, LGED, Barishal",,Barishal,Works,NCT,TENDER,Tender - Single Lot,APP ID :	227854,227854,1314318,Open Tendering Method (OTM),Development,Government,657,Barishal Division Important Upazila & Union Road Widening & Strengthening Project,BDIRWSP/BAR /MEH /TP/ DW-17 Tree Planatation on Ulania GC Aligonj GC Road (Mehendigonj Part) at Ch. 00.00m- 3000.00m Mehendigonj Under Mehendigonj Upazila. District. Barishal Road ID: (506622007)  (Effective length For Tree Planatation = 2.00km km).,"Construction work;Site preparation work;Building demolition and wrecking work and earthmoving work;Test drilling and boring work;Works for complete or part construction and civil engineering work;Building construction work;Engineering works and construction works;Construction work for pipelines, communication and power lines, for highways, roads, airfields and railways; flatwork;Construction work for water projects;Construction works for plants, mining and manufacturing and for buildings relating to the oil and gas industry;Roof works and other special trade construction works;Building installation work;Electrical installation work;Insulation work;Plumbing and sanitary works;Fencing, railing and safety equipment installation work;Mechanical installations;Building completion work;Plastering work;Joinery and carpentry installation work;Floor and wall covering work;Painting and glazing work;Other building completion work;Hire of construction and civil engineering machinery and equipment with operator;Hire of cranes with operator;Hire of earthmoving equipment with operator",02-Aug-2026 14:00,12-Aug-2026 16:00,As Stated in TD,BDIRWSP/BAR/MEH/TP/DW-17 Tree Planatation on Ulania GC Aligonj GC Road (Mehendigonj Part) at Ch. 00.00m- 3000.00m Mehendigonj Under Mehendigonj Upazila. District. Barishal Road ID: (506622007) (Effective length For Tree Planatation = 2.00km km).,Lot wise,Package wise,Package wise,500,Payment through Bank,07-Feb-2027,07-Feb-2027,1,"Tree Planatation on Ulania GC Aligonj GC Road (Mehendigonj Part) at Ch. 00.00m- 3000.00m Mehendigonj Under Mehendigonj Upazila. District. Barishal Road ID: (506622007) 
(Effective length For Tree Planatation = 2.00km km).","Mehendiganj Upazila, Barishal",10000,24-Sep-2026,23-Dec-2026,Muhammad Al Emran,Executive Engineer,"Address : XEN Office, LGED, Barishal City : Barishal Thana : Barishal City Corporation District : Barishal - 8200 Country : Bangladesh","XEN Office, LGED, Barishal",Barishal,Barishal City Corporation,Barishal - 8200,0431-71054,,https://www.eprocure.gov.bd/resources/common/ViewTender.jsp?id=1314318
Ministry of Local Government,Rural Development and Co-operatives,Local Government Engineering Department (LGED),"Office of the Executive Engineer, LGED, Barishal",,Barishal,Works,NCT,TENDER,Tender - Single Lot,APP ID 214519,214519,1278782,Open Tendering Method (OTM),Development,Government,224406000,Barishal District Important Rural Infrastructure Development Project (BDIST.RIDP),"BRLIRIIP/VRA/W-35 Part-1: Improvement of Flexible Pavement by BC on Jamvita-Biserkandi GPS Road at Ch.500m-1250m, (E/L=714m) Under Banaripara Upazila, Barishal.ID: 506104001 [Salvaged Cost Tk 1101186.00]  Part-2: Improvement of Maluher Senior Madrasha-H/O Belayet Miah. Road from CH.0.00-530m Under Upazila Banaripara, Dist: Barishal.ID: 506104011  Part-3:Improvement of Mohishkatalia Bazar-H/O Sultan Member Road from CH.0.00-420m Under Upazila Banaripara, Dist: Barishal.ID: 506104080 [Salvaged Cost Tk 216465.00]","Construction work;Site preparation work;Building demolition and wrecking work and earthmoving work;Test drilling and boring work;Works for complete or part construction and civil engineering work;Building construction work;Engineering works and construction works;Construction work for pipelines, communication and power lines, for highways, roads, airfields and railways; flatwork;Construction work for water projects;Construction works for plants, mining and manufacturing and for buildings relating to the oil and gas industry;Roof works and other special trade construction works;Building installation work;Electrical installation work;Insulation work;Plumbing and sanitary works;Fencing, railing and safety equipment installation work;Mechanical installations;Building completion work;Plastering work;Joinery and carpentry installation work;Floor and wall covering work;Painting and glazing work;Other building completion work;Hire of construction and civil engineering machinery and equipment with operator;Hire of cranes with operator;Hire of earthmoving equipment with operator",02-Aug-2026 14:00,18-Aug-2026 16:00,As Stated in TD,"BRLIRIIP/VRA/W-35 Part-1: Improvement of Flexible Pavement by BC on Jamvita-Biserkandi GPS Road at Ch.500m-1250m, (E/L=714m) Under Banaripara Upazila, Barishal.ID: 506104001 [Salvaged Cost Tk 11,01,186.00] Part-2: Improvement of Maluher Senior Madrasha-H/O Belayet Miah. Road from CH.0.00-530m Under Upazila Banaripara, Dist: Barishal.ID: 506104011 Part-3:Improvement of Mohishkatalia Bazar-H/O Sultan Member Road from CH.0.00-420m Under Upazila Banaripara, Dist: Barishal.ID: 506104080 [Salvaged Cost Tk 2,16,465.00]",Lot wise,Package wise,Package wise,4000,Payment through Bank,13-Feb-2027,13-Feb-2027,1,"Part-1: Improvement of Flexible Pavement by BC on Jamvita-Biserkandi GPS Road at Ch.500m-1250m, (E/L=714m) Under Banaripara Upazila, Barishal.ID: 506104001 [Salvaged Cost Tk 1101186.00]

Part-2: Improvement of Maluher Senior Madrasha-H/O Belayet Miah. Road from CH.0.00-530m Under Upazila Banaripara, Dist: Barishal.ID: 506104011

Part-3:Improvement of Mohishkatalia Bazar-H/O Sultan Member Road from CH.0.00-420m Under Upazila Banaripara, Dist: Barishal.ID: 506104080 [Salvaged Cost Tk 216465.00]","Banaripara Upazila, Barishal",800000,27-Sep-2026,27-Sep-2027,Muhammad Al Emran,Executive Engineer,"Address : XEN Office, LGED, Barishal City : Barishal Thana : Barishal City Corporation District : Barishal - 8200 Country : Bangladesh","XEN Office, LGED, Barishal",Barishal,Barishal City Corporation,Barishal - 8200,0431-71054,,https://www.eprocure.gov.bd/resources/common/ViewTender.jsp?id=1278782
Ministry of Local Government,Rural Development and Co-operatives,Local Government Engineering Department (LGED),"Office of the Executive Engineer, LGED, Barishal",,Barishal,Works,NCT,TENDER,Tender - Single Lot,APP ID 214519,214519,1270741,Open Tendering Method (OTM),Development,Government,224406000,Barishal District Important Rural Infrastructure Development Project (BDIST.RIDP),"BRLIRIIP/VRA/W-40 Part-1: Improvement of Road By BC on Hazir Hat Janata Bazar Road at Ch.00m-1175m, Upazila: Mehendiganj Barishal.   ID: 506624009  Part-2: Improvement of Road By BC on Patnighata GCCR Road-Aligonj GC Road at Ch. 1200m-2700m, Mehendiganj Upazila, Barishal. ID: 506624015 [Salvaged Cost : Tk 2749380.00]","Construction work;Site preparation work;Building demolition and wrecking work and earthmoving work;Test drilling and boring work;Works for complete or part construction and civil engineering work;Building construction work;Engineering works and construction works;Construction work for pipelines, communication and power lines, for highways, roads, airfields and railways; flatwork;Construction work for water projects;Construction works for plants, mining and manufacturing and for buildings relating to the oil and gas industry;Roof works and other special trade construction works;Building installation work;Electrical installation work;Insulation work;Plumbing and sanitary works;Fencing, railing and safety equipment installation work;Mechanical installations;Building completion work;Plastering work;Joinery and carpentry installation work;Floor and wall covering work;Painting and glazing work;Other building completion work;Hire of construction and civil engineering machinery and equipment with operator;Hire of cranes with operator;Hire of earthmoving equipment with operator",02-Aug-2026 14:00,18-Aug-2026 16:00,As Stated in TD,"BRLIRIIP/VRA/W-40 Part-1: Improvement of Road By BC on Hazir Hat Janata Bazar Road at Ch.00m-1175m, Upazila: Mehendiganj Barishal. ID: 506624009 Part-2: Improvement of Road By BC on Patnighata GCCR Road-Aligonj GC Road at Ch. 1200m-2700m, Mehendiganj Upazila, Barishal. ID: 506624015 [Salvaged Cost : Tk 2749380.00]",Lot wise,Package wise,Package wise,4000,Payment through Bank,13-Feb-2027,13-Feb-2027,1,"Part-1: Improvement of Road By BC on Hazir Hat Janata Bazar Road at Ch.00m-1175m, Upazila: Mehendiganj Barishal.   ID: 506624009 
Part-2: Improvement of Road By BC on Patnighata GCCR Road-Aligonj GC Road at Ch. 1200m-2700m, Mehendiganj Upazila, Barishal. ID: 506624015 [Salvaged Cost : Tk 2749380.00]","Mehendiganj Upazila, Barishal",680000,27-Sep-2026,27-Sep-2027,Muhammad Al Emran,Executive Engineer,"Address : XEN Office, LGED, Barishal City : Barishal Thana : Barishal City Corporation District : Barishal - 8200 Country : Bangladesh","XEN Office, LGED, Barishal",Barishal,Barishal City Corporation,Barishal - 8200,0431-71054,,https://www.eprocure.gov.bd/resources/common/ViewTender.jsp?id=1270741
Ministry of Shipping,,Mongla Port Authority,"Programmer, ICT Cell",,Bagerhat,Goods,NCT,TENDER,Tender - Single Lot,18.14.0158.416.07.102.26,227169,1312930,Open Tendering Method (OTM),Own Fund,Own Fund,Not applicable,Not applicable,"18.14.0158.416.07.102.26 Supply of Office Equipment (desktop, printer, photocopier, paper shredder etc.) for Manpower Recruitment Process of Mongla Port Authority",Computer and related services;Hardware consultancy services;Hardware selection consultancy services;Hardware disaster-recovery consultancy services;Computer-site planning consultancy services;Computer hardware acceptance testing consultancy services;Computer audit consultancy and hardware consultancy services;Software programming and consultancy services;Programming services of packaged software products;Systems and technical consultancy services;Custom software development services;Systems analysis and programming services;System maintenance and support services;Software-related services;Data services;Data-processing services;Database services;Computer-related services;Computer-related management services;Computer support and consultancy services;Computer network services;Computer upgrade services;Computer audit services;Computer testing services;Computer back-up services;Computer catalogue conversion services;Computer-related professional services,02-Aug-2026 13:00,11-Aug-2026 18:00,"1. The minimum of years of general experience of the Tenderer in the supply of Goods and related services as Supplier shall be [03] years. 2. The minimum specific experience in the supply of similar Goods (Desktop, Printer, Photocopier) of at least one (2) contract successfully completed within the last [02] years, with a value of at least Tk. [9,00,000] each. 3. The minimum amount of financial resources as liquid asset or working capital or credit line(s) or specific credit commitment or in any combination of them, of the Tenderers shall be Tk [9,00,000] 4. For 24/7 emergency support and service, Tenderer's service center must be located in Khulna City or Mongla.","Supply of Office Equipment (desktop, printer, photocopier, paper shredder etc.) for Manpower Recruitment Process of Mongla Port Authority",Lot wise,Package wise,Package wise,500,Payment through Bank,08-Dec-2026,08-Dec-2026,Single,"Supply of Office Equipment (desktop, printer, photocopier, paper shredder etc.) for Manpower Recruitment Process of Mongla Port Authority","Mongla, Bagerhat",28000,31-Aug-2026,30-Nov-2026,Sagir Ahmed,Programmer,"Address : Mongla Port Authority, Mongla, Bagerhat City : Bagerhat Thana : Mongla District : Bagerhat - 9351 Country : Bangladesh","Mongla Port Authority, Mongla, Bagerhat",Bagerhat,Mongla,Bagerhat - 9351,02-477753993,,https://www.eprocure.gov.bd/resources/common/ViewTender.jsp?id=1312930
Ministry of Home Affairs,,Bangladesh Police,"Office of the Superintendent of Police, Sylhet",130,Sylhet,Works,NCT,TENDER,Tender - Single Lot,44.01.0000.045.07.017.25.1288,226278,1314398,Open Tendering Method (OTM),Revenue,Government,Not applicable,Not applicable,spsyl/repair/2026-2027/03 Repair work at Tamabil Imegration Police Checkpost Barrak under Sylhet District.,"Construction work; Repair, maintenance and installation services;Site preparation work;Building demolition and wrecking work and earthmoving work;Test drilling and boring work;Works for complete or part construction and civil engineering work;Building construction work;Engineering works and construction works;Construction work for pipelines, communication and power lines, for highways, roads, airfields and railways; flatwork;Construction work for water projects;Construction works for plants, mining and manufacturing and for buildings relating to the oil and gas industry;Roof works and other special trade construction works;Building installation work;Electrical installation work;Insulation work;Plumbing and sanitary works;Fencing, railing and safety equipment installation work;Mechanical installations;Building completion work;Plastering work;Joinery and carpentry installation work;Floor and wall covering work;Painting and glazing work;Other building completion work;Hire of construction and civil engineering machinery and equipment with operator;Hire of cranes with operator;Hire of earthmoving equipment with operator;Repair, maintenance and associated services of vehicles and related equipment;Repair and maintenance services of motor vehicles and associated equipment;Demolition services of vehicles;Repair, maintenance and associated services related to aircraft, railways, roads and marine equipment;Repair, maintenance and associated services related to aircraft and other equipment;Repair, maintenance and associated services related to railways and other equipment;Repair, maintenance and associated services related to roads and other equipment;Repair, maintenance and associated services related to marine and other equipment;Repair, maintenance and associated services related to personal computers, office equipment, telecommunications and audio-visual equipment;Maintenance and repair of office machinery;Repair and maintenance services of personal computers;Maintenance services of telecommunications equipment;Repair and maintenance services of audio-visual and optical equipment;Repair and maintenance services of medical and precision equipment;Repair and maintenance services of measuring, testing and checking apparatus;Repair and maintenance services of medical and surgical equipment;Repair and maintenance services of precision equipment;Repair and maintenance services for pumps, valves, taps and metal containers and machinery;Repair and maintenance services of pumps, valves, taps and metal containers;Repair and maintenance services of machinery;Repair and maintenance services of building installations;Repair and maintenance services of electrical and mechanical building installations;Repair and maintenance services of central heating;Repair and maintenance services of cooler groups;Repair and maintenance services of escalators;Lift-maintenance services;Miscellaneous repair and maintenance services;Repair services of jewellery;Repair services of leather personal goods;Repair services of garments and textiles;Repair and maintenance services of weapons and weapon systems;Repair and maintenance services of furniture;Repair and maintenance services of musical instruments;Repair and maintenance services of playground equipment;Repair and maintenance services of hotel and restaurant equipment;Installation services;Installation services of electrical and mechanical equipment;Installation services of equipment for measuring, checking, testing and navigating;Installation services of communications equipment;Installation services of medical and surgical equipment;Installation services of machinery and equipment;Installation services of computers and office equipment;Installation services of metal containers",02-Aug-2026 13:00,16-Aug-2026 16:00,As per TDS.,Repair work at Tamabil Imegration Police Checkpost Barrak under Sylhet district,Lot wise,Package wise,Package wise,1000,Payment through Bank,13-Dec-2026,13-Dec-2026,1,Repair work at Tamabil Imegration Police Checkpost Barrak under Sylhet District.,"Tamabil Imegration Police Checkpost, Sylhet",29000,01-Sep-2026,20-Oct-2026,CHOWDHURY MD. ZABER SADEQUE,SP,"Address : Office of the Superintendent of Police, Sylhet City : Sylhet Thana : Sylhet Sadar District : Sylhet - 3100 Country : Bangladesh","Office of the Superintendent of Police, Sylhet",Sylhet,Sylhet Sadar,Sylhet - 3100,0821-716304,,https://www.eprocure.gov.bd/resources/common/ViewTender.jsp?id=1314398
Ministry of Road Transport and Bridges,Road Transport and Highways Division,Roads & Highways Department (RHD),Noakhali Road Division,noa001,Noakhali,Goods,NCT,TENDER,Tender - Single Lot,NRD/e-GP/01/OTM/2026-2027,229104,1314037,Open Tendering Method (OTM),Revenue,Government,Not applicable,Not applicable,"NRD/e-GP/01/OTM/2026-2027 Supplying of 1st Class Pj Bricks,Stone Chips, Local Sand and Fire Wood for emergency departmental maintenance work at Noakhali Road Sub-Division Stack Yard under Noakhali Road Division during the FY Â 2026-2027.","Construction work;Site preparation work;Building demolition and wrecking work and earthmoving work;Test drilling and boring work;Works for complete or part construction and civil engineering work;Building construction work;Engineering works and construction works;Construction work for pipelines, communication and power lines, for highways, roads, airfields and railways; flatwork;Construction work for water projects;Construction works for plants, mining and manufacturing and for buildings relating to the oil and gas industry;Roof works and other special trade construction works;Building installation work;Electrical installation work;Insulation work;Plumbing and sanitary works;Fencing, railing and safety equipment installation work;Mechanical installations;Building completion work;Plastering work;Joinery and carpentry installation work;Floor and wall covering work;Painting and glazing work;Other building completion work;Hire of construction and civil engineering machinery and equipment with operator;Hire of cranes with operator;Hire of earthmoving equipment with operator",02-Aug-2026 13:00,16-Aug-2026 16:00,"Bangladeshi National. All tenderers must have fulfill the terms and conditions as stated in the IFT, ITT and TDS of this tender. N.B: Tenderers are requested to fill different Tender Forms (Section 5: Tender and Contract Forms) properly with necessary information and by uploading necessary document(s), which shall be considered for tender evaluation","Supplying of 1st Class PJ Bricks, Stone Chips, Local Sand and Fire Wood for emergency departmental maintenance work at Noakhali Road Sub-Division Stack Yard under Noakhali Road Division during the FY 2026-2027.",Lot wise,Package wise,Package wise,1500,Payment through Bank,13-Dec-2026,13-Dec-2026,1,"Supplying of 1st Class Pj Bricks,Stone Chips, Local Sand and Fire Wood for emergency departmental maintenance work at Noakhali Road Sub-Division Stack Yard under Noakhali Road Division during the FY Â 2026-2027.",Noakhali Road Sub-Division Stack Yard,75000,01-Sep-2026,30-Sep-2026,Md. Farid Uddin,Executive Engineer,"Address : Noakhali Road Division, Sarak Bhaban, Noakhali City : Noakhali Thana : Noakhali Sadar District : Noakhali - 0000 Country : Bangladesh","Noakhali Road Division, Sarak Bhaban, Noakhali",Noakhali,Noakhali Sadar,Noakhali - 0000,03321-61124,,https://www.eprocure.gov.bd/resources/common/ViewTender.jsp?id=1314037
Ministry of Home Affairs,,Bangladesh Police,"Office of the Superintendent of Police, Sylhet",130,Sylhet,Works,NCT,TENDER,Tender - Single Lot,44.01.0000.045.07.017.25.1287-2,226278,1314397,Open Tendering Method (OTM),Revenue,Government,Not applicable,Not applicable,spsyl/repair/2026-2027/02 Repair & Renovation work at Police Line Drilshed under Sylhet district.,"Construction work; Repair, maintenance and installation services;Site preparation work;Building demolition and wrecking work and earthmoving work;Test drilling and boring work;Works for complete or part construction and civil engineering work;Building construction work;Engineering works and construction works;Construction work for pipelines, communication and power lines, for highways, roads, airfields and railways; flatwork;Construction work for water projects;Construction works for plants, mining and manufacturing and for buildings relating to the oil and gas industry;Roof works and other special trade construction works;Building installation work;Electrical installation work;Insulation work;Plumbing and sanitary works;Fencing, railing and safety equipment installation work;Mechanical installations;Building completion work;Plastering work;Joinery and carpentry installation work;Floor and wall covering work;Painting and glazing work;Other building completion work;Hire of construction and civil engineering machinery and equipment with operator;Hire of cranes with operator;Hire of earthmoving equipment with operator;Repair, maintenance and associated services of vehicles and related equipment;Repair and maintenance services of motor vehicles and associated equipment;Demolition services of vehicles;Repair, maintenance and associated services related to aircraft, railways, roads and marine equipment;Repair, maintenance and associated services related to aircraft and other equipment;Repair, maintenance and associated services related to railways and other equipment;Repair, maintenance and associated services related to roads and other equipment;Repair, maintenance and associated services related to marine and other equipment;Repair, maintenance and associated services related to personal computers, office equipment, telecommunications and audio-visual equipment;Maintenance and repair of office machinery;Repair and maintenance services of personal computers;Maintenance services of telecommunications equipment;Repair and maintenance services of audio-visual and optical equipment;Repair and maintenance services of medical and precision equipment;Repair and maintenance services of measuring, testing and checking apparatus;Repair and maintenance services of medical and surgical equipment;Repair and maintenance services of precision equipment;Repair and maintenance services for pumps, valves, taps and metal containers and machinery;Repair and maintenance services of pumps, valves, taps and metal containers;Repair and maintenance services of machinery;Repair and maintenance services of building installations;Repair and maintenance services of electrical and mechanical building installations;Repair and maintenance services of central heating;Repair and maintenance services of cooler groups;Repair and maintenance services of escalators;Lift-maintenance services;Miscellaneous repair and maintenance services;Repair services of jewellery;Repair services of leather personal goods;Repair services of garments and textiles;Repair and maintenance services of weapons and weapon systems;Repair and maintenance services of furniture;Repair and maintenance services of musical instruments;Repair and maintenance services of playground equipment;Repair and maintenance services of hotel and restaurant equipment;Installation services;Installation services of electrical and mechanical equipment;Installation services of equipment for measuring, checking, testing and navigating;Installation services of communications equipment;Installation services of medical and surgical equipment;Installation services of machinery and equipment;Installation services of computers and office equipment;Installation services of metal containers",02-Aug-2026 13:00,16-Aug-2026 16:00,Asper TDS,Repair & Renovation work at Police Line Drilshed under Sylhet district.,Lot wise,Package wise,Package wise,500,Payment through Bank,13-Dec-2026,13-Dec-2026,1,Repair & Renovation work at Police Line Drilshed under Sylhet district.,Police Line Sylhet,15000,01-Sep-2026,20-Oct-2026,CHOWDHURY MD. ZABER SADEQUE,SP,"Address : Office of the Superintendent of Police, Sylhet City : Sylhet Thana : Sylhet Sadar District : Sylhet - 3100 Country : Bangladesh","Office of the Superintendent of Police, Sylhet",Sylhet,Sylhet Sadar,Sylhet - 3100,0821-716304,,https://www.eprocure.gov.bd/resources/common/ViewTender.jsp?id=1314397
Ministry of Road Transport and Bridges,Road Transport and Highways Division,Roads & Highways Department (RHD),Dhaka Road Division,eedhaka,Dhaka,Works,NCT,TENDER,Tender - Single Lot,e-GP/01/EE/DRD/2026-2027,229019,1314121,Open Tendering Method (OTM),Revenue,Government,Not applicable,Not applicable,e-GP/01/EE/DRD/2026-2027 Emergency Construction of Cross Drain by HDPE Pipe near Bir Sreshtho Munshi Abur Rouf Gate at 22nd km of Dhaka-Aricha National Highway (N-5) under Dhaka Road Division during the year 2026-2027.,Engineering works and construction works; Works for complete or part construction and civil engineering work;,02-Aug-2026 13:00,16-Aug-2026 16:00,"Any / All tenderers who have registered in e-GP system may participate in the tender provided that they fulfill the criteria as stated in Tender Document. N.B: i) Tenderers are requested to fill different Tender Forms (Section 5: Tender and Contract Forms) properly with necessary information and by uploading necessary document(s), which will be considered during tender evaluation. ii) Tenderers are requested not to upload/ attach unnecessary document(s).",Emergency Construction of Cross Drain by HDPE Pipe near Bir Sreshtho Munshi Abur Rouf Gate at 22nd km of Dhaka-Aricha National Highway (N-5) under Dhaka Road Division during the year 2026-2027.,Lot wise,Package wise,Package wise,1500,Payment through Bank,13-Dec-2026,13-Dec-2026,1,Emergency Construction of Cross Drain by HDPE Pipe near Bir Sreshtho Munshi Abur Rouf Gate at 22nd km of Dhaka-Aricha National Highway (N-5) under Dhaka Road Division during the year 2026-2027.,At 22nd km,70000,25-Aug-2026,04-Oct-2026,Ritesh Barua,Executive Engineer,"Address : Executive Engineer, Dhaka Road Division, Banani, Dhaka City : Dhaka Thana : Dhaka North City Corporation District : Dhaka - 1000 Country : Bangladesh","Executive Engineer, Dhaka Road Division, Banani, Dhaka",Dhaka,Dhaka North City Corporation,Dhaka - 1000,02-9880827,,https://www.eprocure.gov.bd/resources/common/ViewTender.jsp?id=1314121
Ministry of Education,Secondary and Higher Education Division,Education Engineering Department,"Office of the Executive Engineer, EED, Rajbari  District.",13,Rajbari,Goods,NCT,TENDER,Tender - Single Lot,37.07.0000.016.14.004.17.1463 Date: 02/06/2026,218731,1311765,Open Tendering Method (OTM),Development,Government,224016400,Fostering Opportunities of Science Education in Public Colleges,"EED/RAJB/200-COLLEGE/2025-26/GD-03 Supply, Installation, Testing & Commissioning Of 01 No. 6 Stops 1000 KG Capacity Passenger Lift With Related Accessories To College Building At Rajbari Govt. Adorsho Mohila College Under Sadar Upazila, Rajbari District (Re-Tender).","Machinery, equipment, appliances, apparatus and associated products;Machinery for the production and use of mechanical power;Turbines and motors;Pumps and compressors;Taps, cocks, valves and similar appliances;Gears, gearing and driving elements;General-purpose machinery;Industrial or laboratory furnaces, incinerators and ovens;Lifting and handling equipment and parts;Cooling and ventilation equipment;Miscellaneous general-purpose machinery;Agricultural, horticultural and forestry machinery;Agricultural and forestry machinery for soil preparation or cultivation;Harvesting machinery;Spraying machinery for agriculture or horticulture;Self-loading or unloading trailers and semi-trailers for agriculture;Specialist agricultural or forestry machinery;Tractors;Parts of agricultural and forestry machinery;Machine tools;Machine tools operated by laser and machining centres;Lathes, boring and milling machine tools;Metal-working machine tools;Machine tools for working hard materials except metals;Pneumatic or motorised hand tools;Soldering, brazing and welding tools, surface tempering and hot-spraying machines and equipment;Parts and accessories of machine tools;Special-purpose machinery and parts;Machinery for metallurgy and associated parts;Machinery for mining, quarrying and construction;Machinery for food, beverage and tobacco processing and associated parts;Machinery for textile, apparel and leather production;Machinery for paper or paperboard production;Miscellaneous special-purpose machinery;Weapons, ammunition and associated parts;Motorised tanks and armoured fighting vehicles;Military weapons;Firearms;Ammunition;Parts of military weapons;Truncheons or night sticks;Domestic appliances;Electrical domestic appliances;Non-electric domestic appliances;Miscellaneous equipment;Transport related equipment;Workshop equipment;Construction equipment;Catering equipment;Emergency and security equipment;Technical equipment;Miscellaneous equipment n.e.c.",02-Aug-2026 13:00,17-Aug-2026 16:00,"1. Valid trade license (Up to date). 2. Update Income tax return Certificate /Acknowledgement Slip. 3. Valid VAT & TIN certificate. 4. Up to date ABC License & Supervisory License issued from Electrical Licensing Board, Government of Bangladesh. 5. Submit valid Manufacturer’s Authorization letter of the proposed brand of lift Manufacturing Company. 6. The minimum number of years of general experience of the tenderers in the lift supply & instalation works as prime contractor shal be 05 (Five) years. (experience counting backward from the date of tender publication (IFT) in the newspaper). 7. Supplier who have minimum specific experience in supply, instalation, testing & commissioning of Lift for at least upto 6/8 storied building at least in 01 (One) contracts successfuly completed within the last 05 (Five) years, The Tenderer must be Submited the successfuly completed Work Completion Certificate with 100% percent financial progress or at least equal/greater than Tk 63.00 (Sixty Three) Lakh in Govt./Semi govt./Autonomous/Private organization of Bangladesh (counting backward from the date oftender publication (IFT) in the Newspaper). 8. The minimum amount of liquid assets i.e. working capital or credit line(s), net of other contractual commitments is Tk. 60.00 (Sixty) Lakh, Credit line wil be accepted inthe form PG3-8, no bank statement wil be Considered.","Supply, Installation, Testing & Commissioning Of 01 No. 6 Stops 1000 KG Capacity Passenger Lift With Related Accessories To College Building At Rajbari Govt. Adorsho Mohila College Under Sadar Upazila, Rajbari District (Re-Tender).",Lot wise,Package wise,Package wise,2500,Payment through Bank,13-Jan-2027,13-Jan-2027,EED/RAJB/200-COLLEGE/2025-26/GD-03,"Supply, Installation, Testing & Commissioning Of 01 No. 6 Stops 1000 KG Capacity Passenger Lift With Related Accessories To College Building At Rajbari Govt. Adorsho Mohila College Under Sadar Upazila, Rajbari District (Re-Tender).","Rajbari Sadar, Rajbari",230000,01-Nov-2026,29-Apr-2027,MD. BADRUL ALAM,Executive Engineer,"Address : Office of the Executive Engineer, Education Engineering Department( EED), Rajbari District. City : Rajbari Thana : Rajbari Sadar District : Rajbari - 7700 Country : Bangladesh","Office of the Executive Engineer, Education Engineering Department( EED), Rajbari District.",Rajbari,Rajbari Sadar,Rajbari - 7700,0641-65523,,https://www.eprocure.gov.bd/resources/common/ViewTender.jsp?id=1311765
Ministry of Home Affairs,,Bangladesh Police,"Office of the Superintendent of Police, Sylhet",130,Sylhet,Works,NCT,TENDER,Tender - Single Lot,44.01.0000.045.07.017.25.1287-1,226278,1314396,Open Tendering Method (OTM),Revenue,Government,Not applicable,Not applicable,"spsyl/repair/2026-2027/01 Repair and renovation work at Police Super Office Building front area, Sylhet.","Construction work; Repair, maintenance and installation services;Site preparation work;Building demolition and wrecking work and earthmoving work;Test drilling and boring work;Works for complete or part construction and civil engineering work;Building construction work;Engineering works and construction works;Construction work for pipelines, communication and power lines, for highways, roads, airfields and railways; flatwork;Construction work for water projects;Construction works for plants, mining and manufacturing and for buildings relating to the oil and gas industry;Roof works and other special trade construction works;Building installation work;Electrical installation work;Insulation work;Plumbing and sanitary works;Fencing, railing and safety equipment installation work;Mechanical installations;Building completion work;Plastering work;Joinery and carpentry installation work;Floor and wall covering work;Painting and glazing work;Other building completion work;Hire of construction and civil engineering machinery and equipment with operator;Hire of cranes with operator;Hire of earthmoving equipment with operator;Repair, maintenance and associated services of vehicles and related equipment;Repair and maintenance services of motor vehicles and associated equipment;Demolition services of vehicles;Repair, maintenance and associated services related to aircraft, railways, roads and marine equipment;Repair, maintenance and associated services related to aircraft and other equipment;Repair, maintenance and associated services related to railways and other equipment;Repair, maintenance and associated services related to roads and other equipment;Repair, maintenance and associated services related to marine and other equipment;Repair, maintenance and associated services related to personal computers, office equipment, telecommunications and audio-visual equipment;Maintenance and repair of office machinery;Repair and maintenance services of personal computers;Maintenance services of telecommunications equipment;Repair and maintenance services of audio-visual and optical equipment;Repair and maintenance services of medical and precision equipment;Repair and maintenance services of measuring, testing and checking apparatus;Repair and maintenance services of medical and surgical equipment;Repair and maintenance services of precision equipment;Repair and maintenance services for pumps, valves, taps and metal containers and machinery;Repair and maintenance services of pumps, valves, taps and metal containers;Repair and maintenance services of machinery;Repair and maintenance services of building installations;Repair and maintenance services of electrical and mechanical building installations;Repair and maintenance services of central heating;Repair and maintenance services of cooler groups;Repair and maintenance services of escalators;Lift-maintenance services;Miscellaneous repair and maintenance services;Repair services of jewellery;Repair services of leather personal goods;Repair services of garments and textiles;Repair and maintenance services of weapons and weapon systems;Repair and maintenance services of furniture;Repair and maintenance services of musical instruments;Repair and maintenance services of playground equipment;Repair and maintenance services of hotel and restaurant equipment;Installation services;Installation services of electrical and mechanical equipment;Installation services of equipment for measuring, checking, testing and navigating;Installation services of communications equipment;Installation services of medical and surgical equipment;Installation services of machinery and equipment;Installation services of computers and office equipment;Installation services of metal containers",02-Aug-2026 13:00,16-Aug-2026 16:00,As per TDS.,"Repair and renovation work at Police Super Office Building front area, Sylhet.",Lot wise,Package wise,Package wise,1500,Payment through Bank,13-Dec-2026,13-Dec-2026,1,"Repair and renovation work at Police Super Office Building front area, Sylhet","SP Office, Sylhet",72000,01-Sep-2026,20-Oct-2026,CHOWDHURY MD. ZABER SADEQUE,SP,"Address : Office of the Superintendent of Police, Sylhet City : Sylhet Thana : Sylhet Sadar District : Sylhet - 3100 Country : Bangladesh","Office of the Superintendent of Police, Sylhet",Sylhet,Sylhet Sadar,Sylhet - 3100,0821-716304,,https://www.eprocure.gov.bd/resources/common/ViewTender.jsp?id=1314396
Ministry of Energy,Power and Mineral Resources,Eastern Refinery PLC.,Materials,pur101,Chattogram,Goods,NCT,TENDER,Tender - Single Lot,ER/LT-28/2026,227331,1313267,Open Tendering Method (OTM),Own Fund,Own Fund,Not applicable,Not applicable,e-Tender: 0263QC26 Spares for HORIBA SLFA-6100 Energy Dispersive X-Ray Fluorescence (EDXRF) Analyzer.,"Instruments and appliances for measuring, checking, testing and navigating; Medical and laboratory devices, optical and precision devices, watches and clocks, pharmaceuticals and related medical consumables;Navigational, meteorological, geological and geophysical instruments;Remote-control equipment;Precision balances, instruments for drawing, calculating and measuring length;Instruments for measuring quantities;Instruments for checking physical characteristics;Checking and testing apparatus;Regulating and controlling instruments and apparatus;Non-medical equipment based on the use of radiations",02-Aug-2026 12:30,16-Aug-2026 11:45,As per TDS,Spares for HORIBA SLFA-6100 Energy Dispersive X-Ray Fluorescence Analyzer (EDXRF).,Lot wise,Package wise,Package wise,500,Payment through Bank,12-Dec-2026,12-Dec-2026,1,Spares for HORIBA SLFA-6100 Energy Dispersive X-Ray Fluorescence (EDXRF) Analyzer,"Eastern Refinery PLC, North Patenga, Chattogram",15000,25-Aug-2026,15-Sep-2026,MOHAMMAD TAZUL ISLAM,GM (Commercial),"Address : Eastern Refinery Training Complex, North Patenga, Chittagong City : Chittagong Thana : Chattogram City Corporation District : Chattogram - 4204 Country : Bangladesh","Eastern Refinery Training Complex, North Patenga, Chittagong",Chittagong,Chattogram City Corporation,Chattogram - 4204,00880-31-2501261,,https://www.eprocure.gov.bd/resources/common/ViewTender.jsp?id=1313267
Ministry of Energy,Power and Mineral Resources,Power Grid Bangladesh PLC,"Grid Maintenance Division, Barishal",22,Barishal,Goods,NCT,TENDER,Tender - Single Lot,27.21.0651.762.007.06.26.708   Date: 02.08.2026,227655,1313206,Open Tendering Method (OTM),Own Fund,Own Fund,Not applicable,Not applicable,"GMD/Barishal/2026-2027/OE-7 Purchase of Stationery Materials for Different Grid Sub-station & GMD, Office Under GMD, Power Grid, Barishal.",Retail trade services; Retail trade services of food products; Retail trade services of beverages; Retail trade services of furniture; Retail trade services of clothing; Retail trade services of construction materials; Retail trade services of printed matter; Retail trade services of office items; Retail trade services of horticultural products; Retail trade services of medical products;,02-Aug-2026 12:30,16-Aug-2026 14:00,"1. The contractor or sub-contractor, whose contract or work order is cancelled/ terminated in last 3(three) years by Power Grid due to failure of work completion, will not be eligible in this tender. 2. Bidding price must be reasonable and not be Excessive Low price for ensuring quality of product. 3. Bidders must supply sample of products to the GMD Barishal office as per instruction of Evaluation committee members for evaluating the quality of the products before finalizing the evaluation process. 4. Valid & Updated Trade license. 5. Valid & Updated Tax Certificate. 6. BIN Certificate. 7. Documentary evidence of liquid assets.","Purchase of Stationery Materials for Different Grid Sub-station & GMD, Office Under GMD, Power Grid, Barishal.",Lot wise,Package wise,Package wise,500,Payment through Bank,12-Dec-2026,12-Dec-2026,1,"Purchase of Stationery Materials for Different Grid Sub-station & GMD, Office Under GMD, Power Grid, Barishal.","GMD, Barishal Office",5400,01-Sep-2026,25-Oct-2026,Md. Aktaruzzaman Palash,Executive Engineer,"Address : Housing Estate, Rupatoli, Barisal City : Barisal Thana : Barishal Sadar District : Barishal - 8207 Country : Bangladesh","Housing Estate, Rupatoli, Barisal",Barisal,Barishal Sadar,Barishal - 8207,0431-71143,,https://www.eprocure.gov.bd/resources/common/ViewTender.jsp?id=1313206
Ministry of Shipping,,Chittagong Port Authority,Executive Engineer_Mech_Zone AB,,Chattogram,Goods,NCT,TENDER,Tender - Single Lot,18.13.0000.382.07.030.25,216712,1274276,Open Tendering Method (OTM),Own Fund,Own Fund,Not applicable,Not applicable,18.13.0000.382.07.030.25 APP ABB1 Procurement of 01 items spare parts for all kinds of 04 High Straddle Carriers of Zonal Workshop-AB.,"Motor vehicles; Motor vehicles, trailers and vehicle parts; Vehicle bodies, trailers or semi-trailers;Passenger cars;Motor vehicles for the transport of 10 or more persons;Motor vehicles for the transport of goods;Heavy-duty motor vehicles;Vehicle bodies;Trailers, semi-trailers and mobile containers",02-Aug-2026 12:30,16-Aug-2026 17:00,"Any firm that has valid trade license, VAT registration, TIN Certificate including other documents stated in tender document.",Procurement of 01 items spare parts for all kinds of 04 High Straddle Carriers of Zonal Workshop-AB.,Lot wise,Package wise,Package wise,500,Payment through Bank,12-Jan-2027,12-Jan-2027,1,Procurement of 01 items spare parts for all kinds of 04 High Straddle Carriers of Zonal Workshop-AB.,Zonal Workshop-AB,25000,31-Aug-2026,30-Dec-2026,Muhammad Mizanur Rahaman,Executive Engr(Mech)_ZoneAB,"Address : Zone AB (Near Jetty Gate no - 04), CPA City : Chittagong Thana : Chattogram City Corporation District : Chattogram - 4100 Country : Bangladesh","Zone AB (Near Jetty Gate no - 04), CPA",Chittagong,Chattogram City Corporation,Chattogram - 4100,031-2510153,,https://www.eprocure.gov.bd/resources/common/ViewTender.jsp?id=1274276
Ministry of Shipping,,Chittagong Port Authority,Executive Engineer_Mech_Zone AB,,Chattogram,Goods,NCT,TENDER,Tender - Single Lot,18.13.0000.382.07.017.25,216712,1276594,Open Tendering Method (OTM),Own Fund,Own Fund,Not applicable,Not applicable,18.13.0000.382.07.017.25 APP ABB1 Procurement of 11 items spare parts for all kinds of 04 High Straddle Carriers of Zonal Workshop-AB.,"Motor vehicles; Motor vehicles, trailers and vehicle parts; Vehicle bodies, trailers or semi-trailers;Passenger cars;Motor vehicles for the transport of 10 or more persons;Motor vehicles for the transport of goods;Heavy-duty motor vehicles;Vehicle bodies;Trailers, semi-trailers and mobile containers",02-Aug-2026 12:30,16-Aug-2026 17:00,"Any firm that has valid trade license, VAT registration, TIN Certificate including other documents stated in tender document.",Procurement of 11 items spare parts for all kinds of 04 High Straddle Carriers of Zonal Workshop-AB.,Lot wise,Package wise,Package wise,1000,Payment through Bank,12-Jan-2027,12-Jan-2027,1,Procurement of 11 items spare parts for all kinds of 04 High Straddle Carriers of Zonal Workshop-AB.,Zonal Workshop-AB,40000,31-Aug-2026,30-Dec-2026,Muhammad Mizanur Rahaman,Executive Engr(Mech)_ZoneAB,"Address : Zone AB (Near Jetty Gate no - 04), CPA City : Chittagong Thana : Chattogram City Corporation District : Chattogram - 4100 Country : Bangladesh","Zone AB (Near Jetty Gate no - 04), CPA",Chittagong,Chattogram City Corporation,Chattogram - 4100,031-2510153,,https://www.eprocure.gov.bd/resources/common/ViewTender.jsp?id=1276594
Ministry of Energy,Power and Mineral Resources,Power Grid Bangladesh PLC,"Grid Maintenance Division, Barishal",22,Barishal,Goods,NCT,TENDER,Tender - Single Lot,27.21.0651.762.007.06.26.709   Date: 02.08.2026,227655,1313183,Open Tendering Method (OTM),Own Fund,Own Fund,Not applicable,Not applicable,"GMD/Barishal/2026-2027/GC-10 Purchase of Safety Belt for Different Grid Sub-station Under GMD, Power Grid, Barishal.","Electrical equipment and apparatus; Electrical machinery, apparatus, equipment and consumables; Electrical equipment for engines and vehicles; Sound or visual signalling apparatus; Magnets; Machines and apparatus with individual functions; Insulating fittings; Carbon electrodes; Electrical parts of machinery or apparatus; Electrical supplies and accessories;",02-Aug-2026 12:30,16-Aug-2026 14:00,"1. The contractor or sub-contractor, whose contract or work order is cancelled/ terminated in last 3(three) years by Power Grid due to failure of work completion, will not be eligible in this tender. 2. Valid & Updated Trade license, Income Tax Certificate. 3. Valid BIN Certificate. 4. Specific Experience Certificate. 5. Documentary evidence of liquied asset.","Purchase of Safety Belt for Different Grid Sub-station Under GMD, Power Grid, Barishal.",Lot wise,Package wise,Package wise,500,Payment through Bank,12-Dec-2026,12-Dec-2026,1,"Purchase of Safety Belt for Different Grid Sub-station Under GMD, Power Grid, Barishal.","GMD, Barishal Office",6000,01-Sep-2026,25-Nov-2026,Md. Aktaruzzaman Palash,Executive Engineer,"Address : Housing Estate, Rupatoli, Barisal City : Barisal Thana : Barishal Sadar District : Barishal - 8207 Country : Bangladesh","Housing Estate, Rupatoli, Barisal",Barisal,Barishal Sadar,Barishal - 8207,0431-71143,,https://www.eprocure.gov.bd/resources/common/ViewTender.jsp?id=1313183
Ministry of Energy,Power and Mineral Resources,Power Grid Bangladesh PLC,"Grid Maintenance Division, Barishal",22,Barishal,Works,NCT,TENDER,Tender - Single Lot,27.21.0651.762.007.06.26.711  Date: 02.08.2026,227655,1313174,Open Tendering Method (OTM),Own Fund,Own Fund,Not applicable,Not applicable,"GMD/Barishal/2026-2027/WR-18 Painting, Fitting & Fixing of Danger Plate and Number Plate of Bhandaria -Barishal & Bhandaria-Bagerhat 132 kV Transmission Line Under GMD, Power Grid, Barishal.","Repair, maintenance and installation services;Repair, maintenance and associated services of vehicles and related equipment;Repair and maintenance services of motor vehicles and associated equipment;Demolition services of vehicles;Repair, maintenance and associated services related to aircraft, railways, roads and marine equipment;Repair, maintenance and associated services related to aircraft and other equipment;Repair, maintenance and associated services related to railways and other equipment;Repair, maintenance and associated services related to roads and other equipment;Repair, maintenance and associated services related to marine and other equipment;Repair, maintenance and associated services related to personal computers, office equipment, telecommunications and audio-visual equipment;Maintenance and repair of office machinery;Repair and maintenance services of personal computers;Maintenance services of telecommunications equipment;Repair and maintenance services of audio-visual and optical equipment;Repair and maintenance services of medical and precision equipment;Repair and maintenance services of measuring, testing and checking apparatus;Repair and maintenance services of medical and surgical equipment;Repair and maintenance services of precision equipment;Repair and maintenance services for pumps, valves, taps and metal containers and machinery;Repair and maintenance services of pumps, valves, taps and metal containers;Repair and maintenance services of machinery;Repair and maintenance services of building installations;Repair and maintenance services of electrical and mechanical building installations;Repair and maintenance services of central heating;Repair and maintenance services of cooler groups;Repair and maintenance services of escalators;Lift-maintenance services;Miscellaneous repair and maintenance services;Repair services of jewellery;Repair services of leather personal goods;Repair services of garments and textiles;Repair and maintenance services of weapons and weapon systems;Repair and maintenance services of furniture;Repair and maintenance services of musical instruments;Repair and maintenance services of playground equipment;Repair and maintenance services of hotel and restaurant equipment;Installation services;Installation services of electrical and mechanical equipment;Installation services of equipment for measuring, checking, testing and navigating;Installation services of communications equipment;Installation services of medical and surgical equipment;Installation services of machinery and equipment;Installation services of computers and office equipment;Installation services of metal containers",02-Aug-2026 12:30,16-Aug-2026 14:00,"1. The contractor or sub-contractor, whose contract or work order is cancelled/ terminated in last 3(three) years by Power Grid due to failure of work completion, will not be eligible in this tender. 2. Valid Trade license, Income Tax Certificate. 3. Valid BIN Certificate. 4. Updated Electrical Supervisor License (ABC) 5. Documentary evidence of liquid asset.","Painting, Fitting & Fixing of Danger Plate and Number Plate of Bhandaria-Barishal & Bhandaria-Bagerhat 132 kV Transmission Line Under GMD, Power Grid, Barishal.",Lot wise,Package wise,Package wise,500,Payment through Bank,12-Dec-2026,12-Dec-2026,1,"Painting, Fitting & Fixing of Danger Plate and Number Plate of Bhandaria -Barishal & Bhandaria-Bagerhat 132 kV Transmission Line Under GMD, Power Grid, Barishal.",Bhandaria-Barishal TL and Bhandaria-Bagerhat TL,5500,01-Sep-2026,30-Dec-2026,Md. Aktaruzzaman Palash,Executive Engineer,"Address : Housing Estate, Rupatoli, Barisal City : Barisal Thana : Barishal Sadar District : Barishal - 8207 Country : Bangladesh","Housing Estate, Rupatoli, Barisal",Barisal,Barishal Sadar,Barishal - 8207,0431-71143,,https://www.eprocure.gov.bd/resources/common/ViewTender.jsp?id=1313174
Ministry of Shipping,,Chittagong Port Authority,Executive Engineer_Mech_Zone AB,,Chattogram,Works,NCT,TENDER,Tender - Single Lot,18.13.0000.382.07.007.24,216712,1274274,Open Tendering Method (OTM),Own Fund,Own Fund,Not applicable,Not applicable,18.13.0000.382.07.007.24 APP ABR1 R2 Local Repair & Fabrication works of 18 different Components (with necessary spare/accessories) of all 04 High Straddle Carrier & 45 Ton Reach Stacker of Zonal Workshop-AB.,"Repair, maintenance and installation services;Repair, maintenance and associated services of vehicles and related equipment;Repair and maintenance services of motor vehicles and associated equipment;Demolition services of vehicles;Repair, maintenance and associated services related to aircraft, railways, roads and marine equipment;Repair, maintenance and associated services related to aircraft and other equipment;Repair, maintenance and associated services related to railways and other equipment;Repair, maintenance and associated services related to roads and other equipment;Repair, maintenance and associated services related to marine and other equipment;Repair, maintenance and associated services related to personal computers, office equipment, telecommunications and audio-visual equipment;Maintenance and repair of office machinery;Repair and maintenance services of personal computers;Maintenance services of telecommunications equipment;Repair and maintenance services of audio-visual and optical equipment;Repair and maintenance services of medical and precision equipment;Repair and maintenance services of measuring, testing and checking apparatus;Repair and maintenance services of medical and surgical equipment;Repair and maintenance services of precision equipment;Repair and maintenance services for pumps, valves, taps and metal containers and machinery;Repair and maintenance services of pumps, valves, taps and metal containers;Repair and maintenance services of machinery;Repair and maintenance services of building installations;Repair and maintenance services of electrical and mechanical building installations;Repair and maintenance services of central heating;Repair and maintenance services of cooler groups;Repair and maintenance services of escalators;Lift-maintenance services;Miscellaneous repair and maintenance services;Repair services of jewellery;Repair services of leather personal goods;Repair services of garments and textiles;Repair and maintenance services of weapons and weapon systems;Repair and maintenance services of furniture;Repair and maintenance services of musical instruments;Repair and maintenance services of playground equipment;Repair and maintenance services of hotel and restaurant equipment;Installation services;Installation services of electrical and mechanical equipment;Installation services of equipment for measuring, checking, testing and navigating;Installation services of communications equipment;Installation services of medical and surgical equipment;Installation services of machinery and equipment;Installation services of computers and office equipment;Installation services of metal containers",02-Aug-2026 12:30,16-Aug-2026 17:00,"Any firm that has valid trade license, VAT registration, TIN Certificate including other documents stated in tender document.",Local Repair & Fabrication works of 18 different Components (with necessary spare/accessories) of all 04 High Straddle Carrier & 45 Ton Reach Stacker of Zonal Workshop-AB.,Lot wise,Package wise,Package wise,1000,Payment through Bank,12-Jan-2027,12-Jan-2027,1,Local Repair & Fabrication works of 18 different Components (with necessary spare/accessories) of all 04 High Straddle Carrier & 45 Ton Reach Stacker of Zonal Workshop-AB.,Zonal Workshop-AB,40000,31-Aug-2026,30-Dec-2026,Muhammad Mizanur Rahaman,Executive Engr(Mech)_ZoneAB,"Address : Zone AB (Near Jetty Gate no - 04), CPA City : Chittagong Thana : Chattogram City Corporation District : Chattogram - 4100 Country : Bangladesh","Zone AB (Near Jetty Gate no - 04), CPA",Chittagong,Chattogram City Corporation,Chattogram - 4100,031-2510153,,https://www.eprocure.gov.bd/resources/common/ViewTender.jsp?id=1274274
Ministry of Energy,Power and Mineral Resources,Eastern Refinery PLC.,Materials,pur101,Chattogram,Goods,NCT,TENDER,Tender - Single Lot,ER/LT-27/2026,227331,1313266,Open Tendering Method (OTM),Own Fund,Own Fund,Not applicable,Not applicable,e-Tender: 0360ST26 Procurement of Vibration Transmitter (Vertical & Horizontal).,"Electrical equipment and apparatus; Electrical machinery, apparatus, equipment and consumables;Electrical equipment for engines and vehicles;Sound or visual signalling apparatus;Magnets;Machines and apparatus with individual functions;Insulating fittings;Carbon electrodes;Electrical parts of machinery or apparatus;Electrical supplies and accessories",02-Aug-2026 12:30,19-Aug-2026 15:40,As per TDS,Procurement of Vibration Transmitter (Vertical & Horizontal),Lot wise,Package wise,Package wise,500,Payment through Bank,16-Dec-2026,16-Dec-2026,1,Procurement of Vibration Transmitter (Vertical & Horizontal).,"Eastern Refinery PLC, North Patenga, Chattogram",20000,10-Sep-2026,15-Oct-2026,MOHAMMAD TAZUL ISLAM,GM (Commercial),"Address : Eastern Refinery Training Complex, North Patenga, Chittagong City : Chittagong Thana : Chattogram City Corporation District : Chattogram - 4204 Country : Bangladesh","Eastern Refinery Training Complex, North Patenga, Chittagong",Chittagong,Chattogram City Corporation,Chattogram - 4204,00880-31-2501261,,https://www.eprocure.gov.bd/resources/common/ViewTender.jsp?id=1313266
Ministry of Energy,Power and Mineral Resources,Power Grid Bangladesh PLC,"Grid Maintenance Division, Barishal",22,Barishal,Goods,NCT,TENDER,Tender - Single Lot,27.21.0651.762.007.06.26.710  Date: 02.08.2026,227655,1313178,Open Tendering Method (OTM),Own Fund,Own Fund,Not applicable,Not applicable,"GMD/Barishal/2026-2027/OE-11 Purchase of Sanitation Materials for Different Grid Sub-station & GMD, Office Under GMD, Power Grid Barishal.",Retail trade services; Retail trade services of food products; Retail trade services of beverages; Retail trade services of furniture; Retail trade services of clothing; Retail trade services of construction materials; Retail trade services of printed matter; Retail trade services of office items; Retail trade services of horticultural products; Retail trade services of medical products;,02-Aug-2026 12:30,16-Aug-2026 14:00,"1. The contractor or sub-contractor, whose contract or work order is cancelled/ terminated in last 3(three) years by Power Grid due to failure of work completion, will not be eligible in this tender. 2. Bidding price must be reasonable and not be Excessive Low price for ensuring quality of product. 3. Bidders must supply sample of products to the GMD Barishal office as per instruction of Evaluation committee members for evaluating the quality of the products before finalizing the evaluation process. 4. Valid & Updated Trade license. 5. Valid & Updated Tax Certificate. 6. BIN Certificate. 7. Documentary evidence of liquid assets.","Purchase of Sanitation Materials for Different Grid Sub-station & GMD, Office Under GMD, Power Grid Barishal.",Lot wise,Package wise,Package wise,500,Payment through Bank,12-Dec-2026,12-Dec-2026,1,"Purchase of Sanitation Materials for Different Grid Sub-station & GMD, Office Under GMD, Power Grid Barishal.","GMD, Barishal Office",5500,01-Sep-2026,25-Oct-2026,Md. Aktaruzzaman Palash,Executive Engineer,"Address : Housing Estate, Rupatoli, Barisal City : Barisal Thana : Barishal Sadar District : Barishal - 8207 Country : Bangladesh","Housing Estate, Rupatoli, Barisal",Barisal,Barishal Sadar,Barishal - 8207,0431-71143,,https://www.eprocure.gov.bd/resources/common/ViewTender.jsp?id=1313178
Ministry of Energy,Power and Mineral Resources,Power Grid Bangladesh PLC,"Grid Maintenance Division, Barishal",22,Barishal,Works,NCT,TENDER,Tender - Single Lot,27.21.0651.762.007.06.26.712      Date: 02.08.2026,227655,1311553,Open Tendering Method (OTM),Own Fund,Own Fund,Not applicable,Not applicable,"GMD/Barishal/2026-2076/WR-14 Change of Damaged Disk Insulator of Barishal-Madaripur 132 kV Transmission Line Under GMD, Power Grid, Barishal.","Repair, maintenance and installation services; Repair, maintenance and associated services of vehicles and related equipment; Repair and maintenance services of motor vehicles and associated equipment; Demolition services of vehicles; Repair, maintenance and associated services related to aircraft, railways, roads and marine equipment; Repair, maintenance and associated services related to aircraft and other equipment; Repair, maintenance and associated services related to railways and other equipment; Repair, maintenance and associated services related to roads and other equipment; Repair, maintenance and associated services related to marine and other equipment; Repair, maintenance and associated services related to personal computers, office equipment, telecommunications and audio-visual equipment; Maintenance and repair of office machinery; Repair and maintenance services of personal computers; Maintenance services of telecommunications equipment; Repair and maintenance services of audio-visual and optical equipment; Repair and maintenance services of medical and precision equipment; Repair and maintenance services of measuring, testing and checking apparatus; Repair and maintenance services of medical and surgical equipment; Repair and maintenance services of precision equipment; Repair and maintenance services for pumps, valves, taps and metal containers and machinery; Repair and maintenance services of pumps, valves, taps and metal containers; Repair and maintenance services of machinery; Repair and maintenance services of building installations; Repair and maintenance services of electrical and mechanical building installations; Repair and maintenance services of central heating; Repair and maintenance services of cooler groups; Repair and maintenance services of escalators; Lift-maintenance services; Miscellaneous repair and maintenance services; Repair services of jewellery; Repair services of leather personal goods; Repair services of garments and textiles; Repair and maintenance services of weapons and weapon systems; Repair and maintenance services of furniture; Repair and maintenance services of musical instruments; Repair and maintenance services of playground equipment; Repair and maintenance services of hotel and restaurant equipment; Installation services;Installation services of electrical and mechanical equipment;Installation services of equipment for measuring, checking, testing and navigating;Installation services of communications equipment;Installation services of medical and surgical equipment;Installation services of machinery and equipment;Installation services of computers and office equipment;Installation services of metal containers",02-Aug-2026 12:30,16-Aug-2026 14:00,"1. The contractor or sub-contractor, whose contract or work order is cancelled/ terminated in last 3(three) years by Power Grid due to failure of work completion, will not be eligible in this tender. 2. Valid Trade license, Income Tax Certificate. 3. Valid BIN Certificate. 4. Updated Electrical Supervisor License (ABC) 5. Documentary evidence of liquied asset. 6. Tenderer must have Disk Insulator Cange Work (132kV or above ) experience.","Change of Damaged Disk Insulator of Barishal-Madaripur 132 kV Transmission Line Under GMD, Power Grid, Barishal.",Lot wise,Package wise,Package wise,1000,Payment through Bank,22-Dec-2026,22-Dec-2026,1,"Change of Damaged Disk Insulator of Barishal-Madaripur 132 kV Transmission Line Under GMD, Power Grid, Barishal.",Barishal-Madaripur132kVTransmission,37000,01-Sep-2026,30-Nov-2026,Md. Aktaruzzaman Palash,Executive Engineer,"Address : Housing Estate, Rupatoli, Barisal City : Barisal Thana : Barishal Sadar District : Barishal - 8207 Country : Bangladesh","Housing Estate, Rupatoli, Barisal",Barisal,Barishal Sadar,Barishal - 8207,0431-71143,,https://www.eprocure.gov.bd/resources/common/ViewTender.jsp?id=1311553
Ministry of Shipping,,Chittagong Port Authority,Executive Engineer_Mech_Zone AB,,Chattogram,Goods,NCT,TENDER,Tender - Single Lot,18.13.0000.382.07.090.25,216712,1271721,Open Tendering Method (OTM),Own Fund,Own Fund,Not applicable,Not applicable,18.13.0000.382.07.090.25 APP_ABB1 Procurement of 04 items spare parts for all kinds of 04 High Straddle Carriers of Zonal Workshop-AB.,"Motor vehicles; Motor vehicles, trailers and vehicle parts; Vehicle bodies, trailers or semi-trailers;Passenger cars;Motor vehicles for the transport of 10 or more persons;Motor vehicles for the transport of goods;Heavy-duty motor vehicles;Vehicle bodies;Trailers, semi-trailers and mobile containers",02-Aug-2026 12:30,16-Aug-2026 17:00,"Any firm that has valid trade license, VAT registration, TIN Certificate including other documents stated in tender document.",Procurement of 04 items spare parts for all kinds of 04 High Straddle Carriers of Zonal Workshop-AB.,Lot wise,Package wise,Package wise,1000,Payment through Bank,12-Jan-2027,12-Jan-2027,1,Procurement of 04 items spare parts for all kinds of 04 High Straddle Carriers of Zonal Workshop-AB.,Zonal Workshop-AB,40000,31-Aug-2026,30-Dec-2026,Muhammad Mizanur Rahaman,Executive Engr(Mech)_ZoneAB,"Address : Zone AB (Near Jetty Gate no - 04), CPA City : Chittagong Thana : Chattogram City Corporation District : Chattogram - 4100 Country : Bangladesh","Zone AB (Near Jetty Gate no - 04), CPA",Chittagong,Chattogram City Corporation,Chattogram - 4100,031-2510153,,https://www.eprocure.gov.bd/resources/common/ViewTender.jsp?id=1271721
Ministry of Shipping,,Chittagong Port Authority,Executive Engineer_Mech_Zone AB,,Chattogram,Goods,NCT,TENDER,Tender - Single Lot,18.13.0000.382.07.051.23,216712,1271719,Open Tendering Method (OTM),Own Fund,Own Fund,Not applicable,Not applicable,18.13.0000.382.07.051.23_APP_ABB1 Procurement of Telescope Cylinder spare parts for all kinds of 04 High Straddle of Zonal Workshop-AB.,"Motor vehicles; Motor vehicles, trailers and vehicle parts; Vehicle bodies, trailers or semi-trailers;Passenger cars;Motor vehicles for the transport of 10 or more persons;Motor vehicles for the transport of goods;Heavy-duty motor vehicles;Vehicle bodies;Trailers, semi-trailers and mobile containers",02-Aug-2026 12:30,16-Aug-2026 17:00,"Any firm that has valid trade license, VAT registration, TIN Certificate including other documents stated in tender document.",Procurement of Telescope Cylinder spare parts for all kinds of 04 High Straddle of Zonal Workshop-AB.,Lot wise,Package wise,Package wise,1000,Payment through Bank,12-Jan-2027,12-Jan-2027,1,Procurement of Telescope Cylinder spare parts for all kinds of 04 High Straddle of Zonal Workshop-AB.,Zonal Workshop-AB,40000,31-Aug-2026,30-Dec-2026,Muhammad Mizanur Rahaman,Executive Engr(Mech)_ZoneAB,"Address : Zone AB (Near Jetty Gate no - 04), CPA City : Chittagong Thana : Chattogram City Corporation District : Chattogram - 4100 Country : Bangladesh","Zone AB (Near Jetty Gate no - 04), CPA",Chittagong,Chattogram City Corporation,Chattogram - 4100,031-2510153,,https://www.eprocure.gov.bd/resources/common/ViewTender.jsp?id=1271719
Ministry of Shipping,,Chittagong Port Authority,Executive Engineer_Mech_Zone AB,,Chattogram,Goods,NCT,TENDER,Tender - Single Lot,18.13.0000.382.07.022.25,216712,1208210,Open Tendering Method (OTM),Own Fund,Own Fund,Not applicable,Not applicable,18.13.0000.382.07.022.25_APP ABB5 Procurement of 01 items spare parts for all kinds of 50 Ton Container Mover of Zonal Workshop-AB.,"Motor vehicles; Motor vehicles, trailers and vehicle parts; Vehicle bodies, trailers or semi-trailers;Passenger cars;Motor vehicles for the transport of 10 or more persons;Motor vehicles for the transport of goods;Heavy-duty motor vehicles;Vehicle bodies;Trailers, semi-trailers and mobile containers",02-Aug-2026 12:30,16-Aug-2026 17:00,"Any firm that has valid trade license, VAT registration, TIN Certificate including other documents stated in tender document.",Procurement of 01 items spare parts for all kinds of 50 Ton Container Mover of Zonal Workshop-AB.,Lot wise,Package wise,Package wise,1000,Payment through Bank,12-Jan-2027,12-Jan-2027,1,Procurement of 01 items spare parts for all kinds of 50 Ton Container Mover of Zonal Workshop-AB.,Zonal Workshop-AB,35000,31-Aug-2026,30-Dec-2026,Muhammad Mizanur Rahaman,Executive Engr(Mech)_ZoneAB,"Address : Zone AB (Near Jetty Gate no - 04), CPA City : Chittagong Thana : Chattogram City Corporation District : Chattogram - 4100 Country : Bangladesh","Zone AB (Near Jetty Gate no - 04), CPA",Chittagong,Chattogram City Corporation,Chattogram - 4100,031-2510153,,https://www.eprocure.gov.bd/resources/common/ViewTender.jsp?id=1208210
Ministry of Shipping,,Chittagong Port Authority,Executive Engineer_Mech_Zone AB,,Chattogram,Works,NCT,TENDER,Tender - Single Lot,18.13.0000.382.07.111.24,216712,1208209,Open Tendering Method (OTM),Own Fund,Own Fund,Not applicable,Not applicable,18.13.0000.382.07.111.24_APP ABR1 Local Repair & Fabrication works of 23 different components (with necessary spare/accessories) of all 04-High Straddle Carriers.,"Repair, maintenance and installation services;Repair, maintenance and associated services of vehicles and related equipment;Repair and maintenance services of motor vehicles and associated equipment;Demolition services of vehicles;Repair, maintenance and associated services related to aircraft, railways, roads and marine equipment;Repair, maintenance and associated services related to aircraft and other equipment;Repair, maintenance and associated services related to railways and other equipment;Repair, maintenance and associated services related to roads and other equipment;Repair, maintenance and associated services related to marine and other equipment;Repair, maintenance and associated services related to personal computers, office equipment, telecommunications and audio-visual equipment;Maintenance and repair of office machinery;Repair and maintenance services of personal computers;Maintenance services of telecommunications equipment;Repair and maintenance services of audio-visual and optical equipment;Repair and maintenance services of medical and precision equipment;Repair and maintenance services of measuring, testing and checking apparatus;Repair and maintenance services of medical and surgical equipment;Repair and maintenance services of precision equipment;Repair and maintenance services for pumps, valves, taps and metal containers and machinery;Repair and maintenance services of pumps, valves, taps and metal containers;Repair and maintenance services of machinery;Repair and maintenance services of building installations;Repair and maintenance services of electrical and mechanical building installations;Repair and maintenance services of central heating;Repair and maintenance services of cooler groups;Repair and maintenance services of escalators;Lift-maintenance services;Miscellaneous repair and maintenance services;Repair services of jewellery;Repair services of leather personal goods;Repair services of garments and textiles;Repair and maintenance services of weapons and weapon systems;Repair and maintenance services of furniture;Repair and maintenance services of musical instruments;Repair and maintenance services of playground equipment;Repair and maintenance services of hotel and restaurant equipment;Installation services;Installation services of electrical and mechanical equipment;Installation services of equipment for measuring, checking, testing and navigating;Installation services of communications equipment;Installation services of medical and surgical equipment;Installation services of machinery and equipment;Installation services of computers and office equipment;Installation services of metal containers",02-Aug-2026 12:30,16-Aug-2026 17:00,"Any firm that has valid trade license, VAT registration, TIN Certificate including other documents stated in tender document.",Local Repair & Fabrication works of 23 different components (with necessary spare/accessories) of all 04-High Straddle Carriers.,Lot wise,Package wise,Package wise,1000,Payment through Bank,12-Jan-2027,12-Jan-2027,1,Local Repair & Fabrication works of 23 different components (with necessary spare/accessories) of all 04-High Straddle Carriers.,Zonal Workshop-AB,40000,30-Aug-2026,30-Dec-2026,Muhammad Mizanur Rahaman,Executive Engr(Mech)_ZoneAB,"Address : Zone AB (Near Jetty Gate no - 04), CPA City : Chittagong Thana : Chattogram City Corporation District : Chattogram - 4100 Country : Bangladesh","Zone AB (Near Jetty Gate no - 04), CPA",Chittagong,Chattogram City Corporation,Chattogram - 4100,031-2510153,,https://www.eprocure.gov.bd/resources/common/ViewTender.jsp?id=1208209
Ministry of Local Government,Rural Development and Co-operatives,Khulna City Corporation,"Chief Waste Management Officer  at Office of CWMO, Khulna City Corporation",,Khulna,Goods,NCT,TENDER,Tender - Single Lot,APP ID : 	229119,229119,1313873,Open Tendering Method (OTM),Development,Aid or Grant,46.02.0000.660.03.018.03.80,Local Government Covid-19 Response & Recovery Project (Khulna City Corporation),"KCC/ADP/LGCRRP/XEN-C/2026-27/APP-01 Goods of 3,000 (Three Thousand) Liter Adultiside Cypermethrin 25 EC Killing for Flying Mosquito.","Chemicals, chemical products and man-made fibres;Chemicals;Gases;Dyes and pigments;Basic inorganic chemicals;Basic organic chemicals;Fertilisers and nitrogen compounds;Plastics in primary forms;Synthetic rubber;Enzymes;Agro-chemical products;Pesticides;Insecticides;Herbicides;Plant-growth regulators;Disinfectants;Rodenticides;Fungicides;Paints, varnishes, printing ink and mastics;Paints;Varnishes;Ink;Mastics, fillers, putty;Solvents;Medicinal products;Medicinal products for the alimentary tract and metabolism;Medicinal products for the blood, blood-forming organs and the cardiovascular system;Medicinal products for dermatology and the musculo-skeletal system;Medicinal products for the genitourinary system and hormones;General anti-infectives for systemic use, vaccines, antineoplastic and immunodulating agents;Medicinal products for the nervous system and sensory organs;Medicinal products for the respiratory system;Various medicinal products;Glycerol, soaps, detergents, cleaning and polishing preparations, perfumes and toilet preparations;Glycerol;Perfumes and toiletries;Explosives and fine chemical products;Prepared explosives;Glues;Essential oils;Photographic chemicals;Unrecorded media;Specialised chemical products;Man-made fibres;Synthetic fibres;Artificial fibres;Various chemical products;Radiator fluids;Water-treatment chemicals;Anti-corrosion products",02-Aug-2026 12:22,19-Aug-2026 17:00,"As per TDS and ITT 1. The minimum specific experience as Supplier in supply of similar Goods of at least 01 contract(s) successfully completed within the last  5 years, each with a value of at least Tk. 52,00,000.00 2. The minimum amount of financial resources as liquid asset or working capital or credit line(s) or specific credit commitment or in any combination of them, of the Tenderers shall be  TK : 69,10,000.00 3. The minimum supply and/or production capacity of Goods is/ are: Tk: 1,70,00,000.00  supply and/or production capacity per year 4. VAT & IT from bill will be as per prevailing Government Rate. No extra claim will be entertained in this regard. 4. To ensure the Quality of the material, Various test shall be performed by the tenderer as per instruction.","KCC/ADP/LGCRRP/XEN-C/2026-27/APP-01 Goods of 3,000 (Three Thousand) Liter Adultiside Cypermethrin 25 EC Killing for Flying Mosquito. a. Expaired date must be 1 (One) year from maufacturing date b. Seal Dram or Can from the manufacturer c)Imported/Manufacturer/Agent/Supplier/Multinational d. After Giving the Work orders whole Goods should be supplied at a time. From the Goods Random Sample will be taken for the test Must be 80 to 90%. Test Cost should be bearded by the contractor. If the test is Failed, all Goods Should be return to the Contractor Without Claiming any charge. e. Test included laboratory test and applied faild test in concern area. f. Supplied goods should be registered as PHP product in Bangladesh. g. Vendors/contractor should be provided user manual accroding to international standard/WHO/WOAH/FAO/Peer reviewed staneard scientific paper/BD national rules. User manual must be described doses, safety/precaution measures, side effict etc. h. If resistance occurred in the pesticide after using certain period, goods should be returned/changed.",Lot wise,Package wise,Package wise,2500,Payment through Bank,15-Jan-2027,15-Jan-2027,1,"Goods of 3,000 (Three Thousand) Liter Adultiside Cypermethrin 25 EC Killing for Flying Mosquito.",Khulna City Corporation,216000,17-Sep-2026,30-Jun-2027,Md. Anisur Rahman,Chief Waste Management Officer,"Address : 4 no Sher-Bangla Road,KCC Garage,Khulna City : khulna Thana : Khulna City Corporation District : Khulna - 9100 Country : Bangladesh","4 no Sher-Bangla Road,KCC Garage,Khulna",khulna,Khulna City Corporation,Khulna - 9100,041-721337,,https://www.eprocure.gov.bd/resources/common/ViewTender.jsp?id=1313873
Ministry of Local Government,Rural Development and Co-operatives,Khulna City Corporation,"Chief Waste Management Officer  at Office of CWMO, Khulna City Corporation",,Khulna,Goods,NCT,TENDER,Tender - Single Lot,APP ID : 	226026,226026,1313915,Open Tendering Method (OTM),Own Fund,Own Fund,Not applicable,Not applicable,KCC/Won/XEN-C/2026-27/G-04 Purchase of 2000 (Two Thousand) Liters Larviside - Chlorphyrisfos 20 EC Killing for Mosquito Larva.,"Chemicals, chemical products and man-made fibres;Chemicals;Gases;Dyes and pigments;Basic inorganic chemicals;Basic organic chemicals;Fertilisers and nitrogen compounds;Plastics in primary forms;Synthetic rubber;Enzymes;Agro-chemical products;Pesticides;Insecticides;Herbicides;Plant-growth regulators;Disinfectants;Rodenticides;Fungicides;Paints, varnishes, printing ink and mastics;Paints;Varnishes;Ink;Mastics, fillers, putty;Solvents;Medicinal products;Medicinal products for the alimentary tract and metabolism;Medicinal products for the blood, blood-forming organs and the cardiovascular system;Medicinal products for dermatology and the musculo-skeletal system;Medicinal products for the genitourinary system and hormones;General anti-infectives for systemic use, vaccines, antineoplastic and immunodulating agents;Medicinal products for the nervous system and sensory organs;Medicinal products for the respiratory system;Various medicinal products;Glycerol, soaps, detergents, cleaning and polishing preparations, perfumes and toilet preparations;Glycerol;Perfumes and toiletries;Explosives and fine chemical products;Prepared explosives;Glues;Essential oils;Photographic chemicals;Unrecorded media;Specialised chemical products;Man-made fibres;Synthetic fibres;Artificial fibres;Various chemical products;Radiator fluids;Water-treatment chemicals;Anti-corrosion products",02-Aug-2026 12:15,19-Aug-2026 17:00,"As per TDS and ITT 1. The minimum specific experience as Supplier in supply of similar Goods of at least 01 contract(s) successfully completed within the last  5 years, each with a value of at least  TK 36,00,000.00 2. The minimum amount of financial resources as liquid asset or working capital or credit line(s) or specific credit commitment or in any combination of them, of the Tenderers shall be  TK 47,00,000.00 3. The minimum supply and/or production capacity of Goods is/ are: Tk: 1,17,00,000.00 supply and/or production capacity per year 4. VAT & IT from bill will be as per prevailing Government Rate. No extra claim will be entertained in this regard. 5. To ensure the Quality of the material, Various test shall be performed by the tenderer as per instruction.","KCC/Won/XEN-C/2026-27/G-04 Purchase of 2000 (Two Thousand) Liters Larviside - Chlorphyrisfos 20 EC Killing for Mosquito Larva. a) Expaired date must be 1 (One) year from maufacturing date b) Seal Dram or Can from the manufacturer c)Imported/Manufacturer/Agent/Supplier/Multinational d) After Giving the Work orders whole Goods should be supplied at a time. From the Goods Random Sample will be taken for the test Must be 80 to 90%. Test Cost should be bearded by the contractor. If the test is Failed, all Goods Should be return to the Contractor Without Claiming any charge. e. Test included laboratory test and applied faild test in concern area. f. Supplied goods should be registered as PHP product in Bangladesh. g. Vendors/contractor should be provided user manual accroding to international standard/WHO/WOAH/FAO/Peer reviewed staneard scientific paper/BD national rules. User manual must be described doses, safety/precaution measures, side effict etc. h. If resistance occurred in the pesticide after using certain period, goods should be returned/changed.",Lot wise,Package wise,Package wise,2500,Payment through Bank,15-Jan-2027,15-Jan-2027,1,Purchase of 2000 (Two Thousand) Liters Larviside - Chlorphyrisfos 20 EC Killing for Mosquito Larva.,Khulna City Corporation,146000,24-Sep-2026,30-Jun-2027,Md. Anisur Rahman,Chief Waste Management Officer,"Address : 4 no Sher-Bangla Road,KCC Garage,Khulna City : khulna Thana : Khulna City Corporation District : Khulna - 9100 Country : Bangladesh","4 no Sher-Bangla Road,KCC Garage,Khulna",khulna,Khulna City Corporation,Khulna - 9100,041-721337,,https://www.eprocure.gov.bd/resources/common/ViewTender.jsp?id=1313915
Ministry of Local Government,Rural Development and Co-operatives,Local Government Engineering Department (LGED),"Office of the Upazila Engineer, LGED, Lohagara, Narail",,Narail,Works,NCT,TENDER,Tender - Single Lot,EDC/NAR/LOH/W 1.203,226429,1294876,Open Tendering Method (OTM),Development,Government,224351900,Establishing Digital Connectivity,"EDC/NAR/LOH/W 1.203 Vertical Extension of 4th Floor at Lohagora Upazila Complex Administrative Extension Building Under EDC Upazila Lohagora, District Narail","Construction work;Site preparation work;Building demolition and wrecking work and earthmoving work;Test drilling and boring work;Works for complete or part construction and civil engineering work;Building construction work;Engineering works and construction works;Construction work for pipelines, communication and power lines, for highways, roads, airfields and railways; flatwork;Construction work for water projects;Construction works for plants, mining and manufacturing and for buildings relating to the oil and gas industry;Roof works and other special trade construction works;Building installation work;Electrical installation work;Insulation work;Plumbing and sanitary works;Fencing, railing and safety equipment installation work;Mechanical installations;Building completion work;Plastering work;Joinery and carpentry installation work;Floor and wall covering work;Painting and glazing work;Other building completion work;Hire of construction and civil engineering machinery and equipment with operator;Hire of cranes with operator;Hire of earthmoving equipment with operator",02-Aug-2026 12:00,19-Aug-2026 17:00,As Per TDS,"EDC/NAR/LOH/W 1.203 Vertical Extension of 4th Floor at Lohagora Upazila Complex Administrative Extension Building Under EDC Upazila Lohagora, District Narail",Lot wise,Package wise,Package wise,2500,Payment through Bank,14-Feb-2027,14-Feb-2027,1,"Vertical Extension of 4th Floor at Lohagora Upazila Complex Administrative Extension Building Under EDC Upazila Lohagora, District Narail",Lohagara Upazila,500000,01-Sep-2026,31-May-2027,Kazi Abu Syeed Md. Jasim,Upazila Engineer,"Address : Lohagara Upazila Parishad, Narail City : Lohagara Thana : Lohagara District : Narail - 7510 Country : Bangladesh","Lohagara Upazila Parishad, Narail",Lohagara,Lohagara,Narail - 7510,04823-56132,,https://www.eprocure.gov.bd/resources/common/ViewTender.jsp?id=1294876
Ministry of Local Government,Rural Development and Co-operatives,Local Government Engineering Department (LGED),"Office of the Project Director, CDRSSWRMP, LGED",,Dhaka,Goods,NCT,TENDER,Tender - Single Lot,46.02.0000.000.690.07.0003.26-2371,227561,1309251,Open Tendering Method (OTM),Development,"Government, Aid or Grant",224384100,Climate and Disaster Resilient Small Scale Water Resources Management Project,CDRSSWRMP/2025-26/GD-46 Procurement of Engineering and other Equipments,"Miscellaneous equipment; Machinery, equipment, appliances, apparatus and associated products; Transport related equipment; Workshop equipment; Construction equipment; Catering equipment; Emergency and security equipment; Technical equipment; Miscellaneous equipment n.e.c.;",02-Aug-2026 12:00,17-Aug-2026 17:00,As per ITT and TDS,Procurement of Engineering and other Equipments,Lot wise,Package wise,Package wise,4000,Payment through Bank,13-Jan-2027,13-Jan-2027,1,Procurement of Engineering and other Equipments,Dhaka,900000,01-Oct-2026,30-Mar-2027,Md. Enamul Kabir,Project Director,"Address : Level-6, RDEC Bhaban, LGED HQ, Agargao, Dhaka City : Dhaka-1207 Thana : Dhaka North City Corporation District : Dhaka - 1207 Country : Bangladesh","Level-6, RDEC Bhaban, LGED HQ, Agargao, Dhaka",Dhaka-1207,Dhaka North City Corporation,Dhaka - 1207,02-8181253,,https://www.eprocure.gov.bd/resources/common/ViewTender.jsp?id=1309251
Ministry of Education,Secondary and Higher Education Division,University of Dhaka,Department of Microbiology,,Dhaka,Goods,NCT,TENDER,Tender - Single Lot,DU/MBIO/Procurement/2025-2026/OTM/G05,215709,1299298,Open Tendering Method (OTM),Revenue,Government,Not applicable,Not applicable,DU/MBIO/Procurement/2025-2026/OTM/G05 Supply & Installation of of Laboratory Equipment.,"Technical equipment; Miscellaneous equipment; Miscellaneous equipment n.e.c.; Office machinery, equipment and supplies except computers; Office and computing machinery, equipment and supplies; Instruments and appliances for measuring, checking, testing and navigating;Word-processing machines;Photocopying and printing equipment;Post-office equipment;Calculating and accounting machines;Typewriters;Parts and accessories of typewriters and calculating machines;Various office equipment and supplies;Navigational, meteorological, geological and geophysical instruments;Remote-control equipment;Precision balances, instruments for drawing, calculating and measuring length;Instruments for measuring quantities;Instruments for checking physical characteristics;Checking and testing apparatus;Regulating and controlling instruments and apparatus;Non-medical equipment based on the use of radiations",02-Aug-2026 12:00,12-Aug-2026 16:00,As per Schedule,Supply & Installation of of Laboratory Equipment.,Lot wise,Package wise,Package wise,1000,Payment through Bank,08-Dec-2026,08-Dec-2026,Single Lot,Supply & Installation of Laboratory Equipment.,Dept of Microbiology,55000,20-Aug-2026,20-Oct-2026,Shakila Nargis Khan,Professor,"Address : Department of Microbiology,
University of Dhaka City : Dhaka Thana : Dhaka South City Corporation District : Dhaka - 1000 Country : Bangladesh",,Dhaka,Dhaka South City Corporation,Dhaka - 1000,880-9666911463,,https://www.eprocure.gov.bd/resources/common/ViewTender.jsp?id=1299298
Ministry of Local Government,Rural Development and Co-operatives,Local Government Engineering Department (LGED),"Office of the Upazila Engineer, LGED, Santhia, Pabna",,Pabna,Works,NCT,TENDER,Tender - Single Lot,APP No: 228015,228015,1311353,Open Tendering Method (OTM),Development,Government,224398900,Construction of Union Parishad Complex Bhaban Project (Phase-3),"e-GP/UPCBP/PAB/SANTHIA/2026/W039 Construction of Khetupara Union Parishad Complex Bhaban, Under Upazila Santhia, Dist: Pabna","Construction work;Site preparation work;Building demolition and wrecking work and earthmoving work;Test drilling and boring work;Works for complete or part construction and civil engineering work;Building construction work;Engineering works and construction works;Construction work for pipelines, communication and power lines, for highways, roads, airfields and railways; flatwork;Construction work for water projects;Construction works for plants, mining and manufacturing and for buildings relating to the oil and gas industry;Roof works and other special trade construction works;Building installation work;Electrical installation work;Insulation work;Plumbing and sanitary works;Fencing, railing and safety equipment installation work;Mechanical installations;Building completion work;Plastering work;Joinery and carpentry installation work;Floor and wall covering work;Painting and glazing work;Other building completion work;Hire of construction and civil engineering machinery and equipment with operator;Hire of cranes with operator;Hire of earthmoving equipment with operator",02-Aug-2026 12:00,16-Aug-2026 17:00,Stated in TDS,"e-GP/UPCBP/PAB/SANTHIA/2026/W039 Construction of Khetupara Union Parishad Complex Bhaban, Under Upazila Santhia, Dist: Pabna",Lot wise,Package wise,Package wise,4000,Payment through Bank,13-Dec-2026,13-Dec-2026,1,"Construction of Khetupara Union Parishad Complex Bhaban, Under Upazila Santhia, Dist: Pabna","Santhia, Pabna",920000,01-Sep-2026,20-Feb-2028,Md. Jahorul Islam,Upazila Engineer,"Address : Santhia Upazila Parishad, Santhia City : Santhia Thana : Santhia District : Pabna - 6670 Country : Bangladesh","Santhia Upazila Parishad, Santhia",Santhia,Santhia,Pabna - 6670,07327-56135,,https://www.eprocure.gov.bd/resources/common/ViewTender.jsp?id=1311353
Ministry of Local Government,Rural Development and Co-operatives,Chittagong Water Supply & Sewerage Authority,MOD-3,MOD-3,Chattogram,Works,NCT,TENDER,Tender - Single Lot,46.06.0000.310.02.036.25,213537,1267297,Open Tendering Method (OTM),Revenue,Government,Not applicable,Not applicable,"46.06.0000.310.02.036.25 Estimate for Alignment change works of 300 mm diameter distribution pipeline due to canal excavation works                 ( Bahaddarhat baroipara to karnafully river) project by Chittagong City Corporation at Shah Amanat Bridge                Connecting Road, Bahaddarhat One Kilometer under MOD-3, CWASA, Ctg.",Water distribution; Water distribution and related services;,02-Aug-2026 12:00,16-Aug-2026 14:00,The Tenderer Shall  have Successfully completed  similar works under any govt./semi govt./autonomous organization of minimum 10.00 lakh taka under maximum 2 (two) contracts within the last 03 (Three) years. (Counting backward from the IFT publish date).,"Alignment change works of 300 mm diameter distribution pipeline due to canal excavation works ( Bahaddarhat baroipara to karnafully river) project by Chittagong City Corporation at Shah Amanat Bridge Connecting Road, Bahaddarhat One Kilometer under MOD-3, CWASA, Ctg.",Lot wise,Package wise,Package wise,1000,Payment through Bank,12-Dec-2026,12-Dec-2026,1,"Alignment change works of 300 mm diameter distribution pipeline due to canal excavation works                 ( Bahaddarhat baroipara to karnafully river) project by Chittagong City Corporation at Shah Amanat Bridge                Connecting Road, Bahaddarhat One Kilometer under MOD-3, CWASA, Ctg.",Bahaddarhat One Kilometer,45000,01-Sep-2026,01-Nov-2026,Mohammed Yousuf,Executive Engineer,"Address : Kalurghat, Chattogram City : Chattogram Thana : Chattogram City Corporation District : Chattogram - 4212 Country : Bangladesh","Kalurghat, Chattogram",Chattogram,Chattogram City Corporation,Chattogram - 4212,031-637241,,https://www.eprocure.gov.bd/resources/common/ViewTender.jsp?id=1267297
Ministry of Home Affairs,,Bangladesh Police,"APBn 8, Uttara, Dhaka",54,Dhaka,Goods,NCT,TENDER,Tender - Single Lot,Admin-Ration/1stQ.Oil/2026-27/Re-Tender,225165,1314391,Open Tendering Method (OTM),Revenue,Government,Not applicable,Not applicable,"Ration oil-Admin.1stQ/2026-27/01 Procurement of fortified Soyabean Oil for ration for the 8 APBN, Uttara, Dhaka (Temporary Headquarters, Ukhia, Cox's Bazar) (1st Quarter). FY-2026-2027 (01 July 2026 to 30 September 2026","Food products and beverages;Animal products, meat and meat products;Meat;Animal wool, hides and skins;Meat products;Prepared and preserved fish;Fish fillets, fish livers and roe;Frozen fish, fish fillets and other fish meat;Dried or salted fish; fish in brine; smoked fish;Canned or tinned fish and other prepared or preserved fish;Seafood;Fruit, vegetables and related products;Potatoes and potato products;Fruit and vegetable juices;Fruit and vegetables;Animal or vegetable oils and fats;Crude animal or vegetable oils and fats;Refined oils and fats;Edible fats;Dairy products;Milk and cream;Butter;Cheese products;Assorted dairy products;Grain mill products, starches and starch products;Grain mill products;Starches and starch products;Animal feedstuffs;Prepared animal feeds for farm and other animals;Miscellaneous food products;Bread products, fresh pastry goods and cakes;Rusks and biscuits; preserved pastry goods and cakes;Sugar and related products;Cocoa; chocolate and sugar confectionery;Pasta products;Coffee, tea and related products;Condiments and seasonings;Special nutritional products;Miscellaneous food products n.e.c. and dried goods;Beverages;Distilled alcoholic beverages;Wines;Cider and other fruit wines;Non-distilled fermented beverages;Malt beer;Non-alcoholic beverages",02-Aug-2026 12:00,09-Aug-2026 16:00,As Per Tender Data Sheet (TDS) 1. Updated copy of valid Trade License. 2. Income Tax clearance certificate and E-tin certificate. 3. A latest certified copy of bank solvency certificate according to PG3-8 Form. 4. The tender must submit a Bank statement for the last one year. 5. A certificate of ownership of the company. 6. Citizenship certificate and NID copy. 7. Similar work experience at least 3 years and overal work at least 5 years. 8. Must submit a certificate stating that you are not blacklisted.,"Supply of fortified Soyabean Oil for the 8 APBN, Uttara, Dhaka (Temporary Headquarters, Ukhia, Cox's Bazar) (1st Quarter). FY-2026-2027 (01 July 2026 to 30 September 2026.",Lot wise,Package wise,Package wise,1500,Payment through Bank,06-Nov-2026,06-Nov-2026,single Lot,"Procurement of fortified Soyabean Oil for ration for the 8 APBN, Uttara, Dhaka (Temporary Headquarters, Ukhia, Cox's Bazar) (Quarter). FY-2026-2027 (01 July 2026 to 30 September 2026",8 apbn,93500,16-Aug-2026,15-Sep-2026,REAZ UDDIN AHMMED,Commanding Officer (Addl DIG),"Address : APBn 8, Uttara, Dhaka City : Dhaka Thana : Uttara District : Dhaka - 1230 Country : Bangladesh","APBn 8, Uttara, Dhaka",Dhaka,Uttara,Dhaka - 1230,02-44890033,,https://www.eprocure.gov.bd/resources/common/ViewTender.jsp?id=1314391
Ministry of Agriculture,,Bangladesh Sugercane Research Institute,Capacity Building and Innovation of Biorational Based Major Insect Pest Management Technology for Sugarcrops,,Pabna,Physical Services,NCT,PPS,,,229071,1313953,Open Tendering Method (OTM),Development,Government,224421100,Capacity Building and Innovation of Biorational Based Major Insect Pest Management Technology for Sugarcrops,SC-01 Procurement of Manpower Services (Total: 06 Persons) under The Project Named Capacity Building and Innovation of Biorational Based Major Insect Pest Management Technology for Sugarcrops  through Outsourcing,Miscellaneous services; Washing and dry-cleaning services; Hairdressing and beauty treatment services; Physical well-being services; Accommodation and office services; Civic-amenity services; Marine services; Funeral and related services; Miscellaneous services n.e.c.; Clearing and Forwarding Agent; Service Provider (Others);Laundry-collection services;Textile-cleaning services;Fur-products cleaning services;Colouring services;Pressing services;Dyeing services;Hairdressing services;Beauty treatment services;Turkish bath services;Spa services;Massage services;Accommodation services;Car-park management services;Aquatic marine services;Port management services;Diving services;Funeral services;Decommissioning services;Relocation services;Tailoring services;Upholstering services;Locksmith services,,12-Aug-2026 15:00,"1. Outsourcing manpower from the previous contract who worked at BSRI will be given priority in this new contract, based on their performance and other factors/qualifications. 2.Tenderers shall have the following up to date valid License a) Copy of Valid and Updated Trade License for the current fiscal year. b) Copy of VAT Registration Certificate (Business Identification Number BIN). c) Copy of Updated Income Tax Clearance Certificate for the latest assessment year. d) Copy of Tax Identification Number (TIN) Certificate e) The amount of the Tender Security shall be TK.1,50,000/-(One lakh Fifty Thousand Taka only) f) Tenderer having any debarment history in previous 5 (five) years shall be considered as non-responsive. g) The Bio-data/ CV is obligatory only for manpower to be supplied by the Contractor/Outsourcing farm. h) Up Date  (DIFE) Department of Inspection for Factories and Establishments Certificate. i) Up Date Chamber of Commerce Certificate. j) DVC Audit Report of Last 03 Years.",Procurement of Manpower Services (Total: 06 Persons) under The Project Named Capacity Building and Innovation of Biorational Based Major Insect Pest Management Technology for Sugarcrops through Outsourcing,Package wise,,Package wise,2500,Payment through Bank,09-Dec-2026,09-Dec-2026,,,BSRI Head Quarter,,01-Sep-2026,31-Dec-2030,Md. Noor Alam,Principal Scientific Officer,"Address : BSRI, Ishwardi, Pabna City : Pabna Thana : Ishwardi District : Pabna - 6620 Country : Bangladesh","BSRI, Ishwardi, Pabna",Pabna,Ishwardi,Pabna - 6620,25888-46628,,https://www.eprocure.gov.bd/resources/common/ViewTender.jsp?id=1313953
Ministry of Civil Aviation & Tourism,,Civil Aviation Authority of Bangladesh,Office of the Executive Director (CEMSU),,Dhaka,Physical Services,NCT,PPS,,,227775,1314080,Open Tendering Method (OTM),Own Fund,Own Fund,Not applicable,Not applicable,"30.31.0000.000.121.07.0001.26.185 d-28/07/26 Service and Maintenance Agreement of Rapiscan EDS Machine (RTT-110) for 2 Years AMC at HSIA, Dhaka.","Radio, television, communication, telecommunication and related equipment and apparatus;Electronic valves, tubes and electronic components;Electrical capacitors;Electrical resistors;Printed circuits;Valves and tubes;Semiconductors;Electronic integrated circuits and microassemblies;Parts of electronic assemblies;Modules;Transmission apparatus for radiotelephony, radiotelegraphy, radio broadcasting and television;Broadcasting equipment;Television transmission apparatus without reception apparatus;Radio transmission apparatus with reception apparatus;Television cameras;Mobile telephones;Data-transmission equipment;Digital transmission apparatus;Television and radio receivers, and sound or video recording or reproducing apparatus;Radio broadcast receivers;Television and audio-visual equipment;Apparatus for sound, video-recording and reproduction;Microphones and loudspeakers;Parts of sound and video equipment;Intercom equipment;Networks;Local area network;Network equipment;Wide area network;Telemetry and terminal equipment;Telecommunications equipment and supplies;Wireless telecommunications system;Telecommunications cable and equipment;Satellite-related communications equipment;Switchboards;Telephone equipment;Fibre-optic materials;Communications equipment;Data equipment",,17-Aug-2026 11:00,"1.The tenderer shall have minimum 5 (Five) years of general experience in the supply of Goods /works/ related services.[Documented evidence shall be submitted.] 2.The minimum specific experience of Tenderer in satisfactory completion of supply of similar work related goods/ security equipment/ Electro Mechanical equipments/physical service of Similar nature at least single contract(s) successfully completed within last 5(Five) years, with a value of at least Tk. 2.5 (Two point five) crore. [Documented evidence shall be submitted.] 3.The minimum amount of financial resources as liquid asset or working capital or credit line(s) or specific credit commitment or in any combination of them, of the Tenderers shall be BDT Tk. 3.00 (Three) crore.","Service and Maintenance Agreement of Rapiscan EDS Machine (RTT-110) for 2 Years AMC at HSIA, Dhaka.",Package wise,,Package wise,4000,Payment through Bank,12-Jan-2027,12-Jan-2027,,,HSIA Cargo,,01-Oct-2026,01-Oct-2028,Md Abdul Wadud,Executive Director ( CEMSU ),"Address : CAAB,
Kurmitola, Dhaka-1229 City : Dhaka Thana : Dhaka North City Corporation District : Dhaka - 1229 Country : Bangladesh",,Dhaka,Dhaka North City Corporation,Dhaka - 1229,02-8901791,,https://www.eprocure.gov.bd/resources/common/ViewTender.jsp?id=1314080
Ministry of Home Affairs,,Bangladesh Coast Guard Force,OFFICE OF THE ZONAL COMMANDER DHAKA ZONE,,Dhaka,Goods,NCT,TENDER,Tender - Single Lot,44.08.2680.100.08.008.26.32,225141,1313575,Open Tendering Method (OTM),Revenue,Government,Not applicable,Not applicable,"GR LOG TS-05/1 Procurement of Foam-Making Extinguisher Trolleys and Firefighting Items (Boot, Helmet, and Firefighting Suit) For The MT Pool of The Bangladesh Coast Guard, Dhaka Zone.",Basic organic chemicals; Chemicals;,02-Aug-2026 12:00,12-Aug-2026 16:00,As Per TDS,"Procurement of Foam-Making Extinguisher Trolleys and Firefighting Items (Boot, Helmet, and Firefighting Suit) For The MT Pool of The Bangladesh Coast Guard, Dhaka Zone.",Lot wise,Package wise,Package wise,1000,Payment through Bank,08-Jan-2027,08-Jan-2027,1,"Procurement of Foam-Making Extinguisher Trolleys and Firefighting Items (Boot, Helmet, and Firefighting Suit) For The MT Pool of The Bangladesh Coast Guard, Dhaka Zone.",Coast Guard Headquarter,46980,25-Aug-2026,30-Sep-2026,MD. IMTIAZ HOSSAIN,Zonal Commander Dhaka,"Address : কোস্ট গার্ড সদর দপ্তর
ব্লক-ই, প্লট-১২বি,
আগারগাঁও, শের-ই-বাংলা নগর,
প্রশাসনিক এলাকা, ঢাকা-১২০৭ City : Dhaka Thana : Dhaka North City Corporation District : Dhaka - 1207 Country : Bangladesh",,Dhaka,Dhaka North City Corporation,Dhaka - 1207,02-41025611,,https://www.eprocure.gov.bd/resources/common/ViewTender.jsp?id=1313575
Ministry of Local Government,Rural Development and Co-operatives,Gazipur City Corporation,PIU(Mech) Gazipur city corporation.,,Gazipur,Goods,NCT,TENDER,Tender - Single Lot,46.19.0000.023.07.26-3088;     Date-30/07/2026,227789,1314129,Open Tendering Method (OTM),Own Fund,Own Fund,Not applicable,Not applicable,GCC/Mech./26-27/P-03 Supply of Jersey for Kindergarten/KG School Students Across 57 Wards under Gazipur City Corporation.,"Clothing and accessories;Occupational clothing, special workwear and accessories;Occupational clothing;Special workwear;Workwear accessories;Outerwear;Coats;Weatherproof clothing;Miscellaneous outerwear;Garments;Underwear;Shirts and nightwear;T-shirts;Special clothing and accessories;Special clothing;Clothing accessories;Hats and headgear;Fasteners;Leather clothes;Leather clothing accessories;Furs and articles of fur;Fur articles;Furs;Second-hand clothing",02-Aug-2026 12:00,13-Aug-2026 11:00,"1.The minimum numbers of years of general experience of the Tenderer in the Supply works as Prime Contractor or Subcontractor or Management Contractor shall be 5 years. All necessary papers about all Work shall be submitted along with tender. 2. The minimum specific experience as a Prime Contractor or Subcontractor or Management Contractor in Jersey Supply works of at least 1 (one) contract of similar nature , complexity and technology successfully completed within the last 5 (years), with a value of at least Tk- 29,50,000.00 BDT 3. The minimum amount of credit facilities/liquid Asset of the tenderer shall be Tk- 40,00,00.000 BDT 4. The Tenderer shall submit with its Tender the following additional documents: i) Valid Trade License. ii) Vat Registration. iii) TIN Number. iv) Nationality Certificate. v) Business Address. vi) Specific Experience. 5. Tenderer will be selected as non-responsive/debar for submission of any fake documents",GCC/Mech./26-27/P-03 Supply of Jersey for Kindergarten/KG School Students Across 57 Wards under Gazipur City Corporation.,Lot wise,Package wise,Package wise,2500,Payment through Bank,08-Jan-2027,08-Jan-2027,Single,Supply of Jersey for Kindergarten/KG School Students Across 57 Wards under Gazipur City Corporation.,Gazipur City Corporation,163000,20-Aug-2026,19-Oct-2026,MD. AKRAM HOSSAIN KHAN,Executive Engineer,"Address : Executive Engineer(Mech.), Nagar  Bhabon,  Gazipur  Citycorporation, Gazipur. City : Gazipur city corporation Thana : Gazipur City Corporation District : Gazipur - 1700 Country : Bangladesh","Executive Engineer(Mech.), Nagar  Bhabon,  Gazipur  Citycorporation, Gazipur.",Gazipur city corporation,Gazipur City Corporation,Gazipur - 1700,02-49273205,,https://www.eprocure.gov.bd/resources/common/ViewTender.jsp?id=1314129
Ministry of Local Government,Rural Development and Co-operatives,Chittagong City Corporation,"Office of Superintending Engineer (Civil), Zone-5",,Chattogram,Works,NCT,TENDER,Tender - Single Lot,SE3/zone5/2025-26/W-14,226805,1314087,Open Tendering Method (OTM),Revenue,Government,Not applicable,Not applicable,"SE3/zone5/2025-26/W-14 Repairing of road cutting at G block AC masjid road, H block 1 no road, I block 10 no road and 12 no lane, Abdul motaleb contractor road and Anandadhara residential road at 25 no ward","Construction work;Site preparation work;Building demolition and wrecking work and earthmoving work;Test drilling and boring work;Works for complete or part construction and civil engineering work;Building construction work;Engineering works and construction works;Construction work for pipelines, communication and power lines, for highways, roads, airfields and railways; flatwork;Construction work for water projects;Construction works for plants, mining and manufacturing and for buildings relating to the oil and gas industry;Roof works and other special trade construction works;Building installation work;Electrical installation work;Insulation work;Plumbing and sanitary works;Fencing, railing and safety equipment installation work;Mechanical installations;Building completion work;Plastering work;Joinery and carpentry installation work;Floor and wall covering work;Painting and glazing work;Other building completion work;Hire of construction and civil engineering machinery and equipment with operator;Hire of cranes with operator;Hire of earthmoving equipment with operator",02-Aug-2026 11:10,11-Aug-2026 14:00,As per TDS,"Repairing of road cutting at G block AC masjid road, H block 1 no road, I block 10 no road and 12 no lane, Abdul motaleb contractor road and Anandadhara residential road at 25 no ward",Lot wise,Package wise,Package wise,2500,Payment through Bank,08-Dec-2026,08-Dec-2026,single,"Repairing of road cutting at G block AC masjid road, H block 1 no road, I block 10 no road and 12 no lane, Abdul motaleb contractor road and Anandadhara residential road at 25 no ward",25 no ward,200000,01-Sep-2026,31-Dec-2026,Abu Sadat Mohammad Tayab,Superintending Engineer (A.C),Address : Nagar Bhaban Tiger pass Chittagong City : Chattogram Thana : Chattogram City Corporation District : Chattogram - 4000 Country : Bangladesh,Nagar Bhaban Tiger pass Chittagong,Chattogram,Chattogram City Corporation,Chattogram - 4000,02-333388818,,https://www.eprocure.gov.bd/resources/common/ViewTender.jsp?id=1314087
Ministry of Health and Family Welfare,,Bangladesh Medical University,"Office of Executive  Engineer (Electrical), BMU, Dhaka.",,Dhaka,Goods,NCT,TENDER,Tender - Single Lot,e-tender/bmu/elect./2026-27/03,226504,1312045,Open Tendering Method (OTM),Revenue,Government,Not applicable,Not applicable,"e-tender/bmu/elect./2026-27/03 Replacement & repair of existing damaged unserviceable components of Escalator at Shaheed Abu Sayed International Convention Hall, BMU, Shahbag, Dhaka-1000","Electrical machinery, apparatus, equipment and consumables;Electric motors, generators and transformers;Electric motors;Generators;Alternators;Cooling towers;Ballasts for discharge lamps or tubes;Parts of electric motors, generators and transformers;Transformers;Electricity distribution and control apparatus;Electrical apparatus for switching or protecting electrical circuits;Electrical circuit components;Parts of electricity distribution or control apparatus;Insulated wire and cable;Mains;Power distribution cables;Coaxial cable;Insulated cable accessories;Electric conductors for data and control purposes;Accumulators, primary cells and primary batteries;Primary cells;Primary batteries;Electric accumulators;Lighting equipment and electric lamps;Electric filament lamps;Lamps and light fittings;Parts of lamps and lighting equipment;Electrical equipment and apparatus;Electrical equipment for engines and vehicles;Sound or visual signalling apparatus;Magnets;Machines and apparatus with individual functions;Insulating fittings;Carbon electrodes;Electrical parts of machinery or apparatus;Electrical supplies and accessories;Electronic, electromechanical and electrotechnical supplies;Electronic equipment;Electromechanical equipment;Electrotechnical equipment",02-Aug-2026 11:00,13-Aug-2026 11:00,"1. Having experience in successful completion of Maintenance ,repair & servicing or spare parts supply & installation of United/SRH brand Escalator in a single tender amounting to Tk. 1,60,000.00 (One lac sixty thousand) only under Govt./Semi-Govt./Autonomous bodies/Private Organization within last 05(five) years (The years counting backward from the date of invitation of tender). The certifying authority for that work completion shall be an officer not below the rank of Executive Engineer . 2. The minimum amount of liquid asset or working capital or Letter of Commitment for Bank’s Undertaking for Line of Credit of Tender and Contract Forms must be submitted for this purpose of the successful Tenderer shall not be less than Tk.2,00,000.00 (Two lac ) Only. The supporting Bank document submitted along with the tender must be issued in between publication date and submission date of this Tender. 3. Contractor/Firm must have up to date ABC/BC category contractor and supervisory license from electricity licensing board, Government of the People ’s Republic of Bangladesh. 4. Up to date income tax clearance certificate mentioning TIN. 5. VAT Registration certificate. 6. Up to date renewed Trade License. 7. Other required eligibility criteria & condition as mentioned in tender document. 8. NID Copy","Replacement & repair of existing damaged unserviceable components of Escalator at Shaheed Abu Sayed International Convention Hall, BMU, Shahbag, Dhaka-1000",Lot wise,Package wise,Package wise,500,Payment through Bank,07-Feb-2027,07-Feb-2027,1,"Replacement & repair of existing damaged unserviceable components of Escalator at Shaheed Abu Sayed International Convention Hall, BMU, Shahbag, Dhaka-1000",Bangladesh Medical University,6000,01-Sep-2026,15-Sep-2026,Md. Shahid  Akter,Executive Engr. (Elect.),"Address : BMU, Shahabag, Dhaka. City : Shahabag Thana : Dhaka South City Corporation District : Dhaka - 1000 Country : Bangladesh","BMU, Shahabag, Dhaka.",Shahabag,Dhaka South City Corporation,Dhaka - 1000,02-9666002,,https://www.eprocure.gov.bd/resources/common/ViewTender.jsp?id=1312045
Ministry of Health and Family Welfare,,Bangladesh Medical University,"Office of Executive  Engineer (Electrical), BMU, Dhaka.",,Dhaka,Goods,NCT,TENDER,Tender - Single Lot,e-tender/bmu/elect./2026-27/02,226504,1312042,Open Tendering Method (OTM),Revenue,Government,Not applicable,Not applicable,"e-tender/bmu/elect./2026-27/02 Supply, installation, testing & commissioning of 04 nos. Split type Air-cooler and related works for Neonatal Intensive Care Unit (NICU) at Block- C (1st floor), Bangladesh Medical University, Shahbag, Dhaka-1000","Electrical machinery, apparatus, equipment and consumables;Electric motors, generators and transformers;Electric motors;Generators;Alternators;Cooling towers;Ballasts for discharge lamps or tubes;Parts of electric motors, generators and transformers;Transformers;Electricity distribution and control apparatus;Electrical apparatus for switching or protecting electrical circuits;Electrical circuit components;Parts of electricity distribution or control apparatus;Insulated wire and cable;Mains;Power distribution cables;Coaxial cable;Insulated cable accessories;Electric conductors for data and control purposes;Accumulators, primary cells and primary batteries;Primary cells;Primary batteries;Electric accumulators;Lighting equipment and electric lamps;Electric filament lamps;Lamps and light fittings;Parts of lamps and lighting equipment;Electrical equipment and apparatus;Electrical equipment for engines and vehicles;Sound or visual signalling apparatus;Magnets;Machines and apparatus with individual functions;Insulating fittings;Carbon electrodes;Electrical parts of machinery or apparatus;Electrical supplies and accessories;Electronic, electromechanical and electrotechnical supplies;Electronic equipment;Electromechanical equipment;Electrotechnical equipment",02-Aug-2026 11:00,13-Aug-2026 11:00,"The Tenderer shall submit with its Tender the following additional documents: 1. Having experience in successful completion of similar nature of works in a single tender amounting to Tk.6,00,000.00 (Six lac) Only in a single Tender during last five years [the years counting backward from the date of invitation of this tender (IFT)] under any Government/Semi Govt./Autonomous Bodies.The certifying authority for that work completion shall be an officer not below the rank of Executive Engineer as per attached Form with Tender document. 2. The minimum amount of liquid asset or working capital or Letter of Commitment for Bank’s Undertaking for Line of Credit (as per Form e-PG-7) of Tender and Contract Forms must be submitted for this purpose of the successful Tenderer shall not be less than Tk.7,50,000.00 (Seven lac fifty thousand) Only. The supporting Bank document submitted along with the tender must be issued in between publication date and submission date of this Tender. 3.The minimum of years of general experience of the Tenderer in the supply of Goods and related services as Supplier shall be 02 (two) years. 4. The Tenderer/ Bidder shall mention the Brand, Model, Country of manufactured or assembled of proposed Air-cooler. 5. Catalogue of proposed Air-cooler should be submitted along with the Tender. 6. Contractor/Firm must have up to date ABC/BC category contractor and supervisory license from electricity licensing board, Government of the peoples Republic of Bangladesh. 7.Up to date income tax clearance certificate mentioning TIN. 8. VAT Registration certificate . 9. Up to date renewed Trade License. 11. Other required eligibility criteria & condition as mentioned in tender document.","Supply, installation, testing & commissioning of 04 nos. Split type Air-cooler and related works for Neonatal Intensive Care Unit (NICU) at Block- C (1st floor), Bangladesh Medical University, Shahbag, Dhaka-1000",Lot wise,Package wise,Package wise,500,Payment through Bank,07-Feb-2027,07-Feb-2027,1,"Supply, installation, testing & commissioning of 04 nos. Split type Air-cooler and related works for Neonatal Intensive Care Unit (NICU) at Block- C (1st floor), Bangladesh Medical University, Shahbag, Dhaka-1000",Bangladesh Medical University,25000,01-Sep-2026,15-Sep-2026,Md. Shahid  Akter,Executive Engr. (Elect.),"Address : BMU, Shahabag, Dhaka. City : Shahabag Thana : Dhaka South City Corporation District : Dhaka - 1000 Country : Bangladesh","BMU, Shahabag, Dhaka.",Shahabag,Dhaka South City Corporation,Dhaka - 1000,02-9666002,,https://www.eprocure.gov.bd/resources/common/ViewTender.jsp?id=1312042
Ministry of Health and Family Welfare,,Bangladesh Medical University,"Office of Executive  Engineer (Electrical), BMU, Dhaka.",,Dhaka,Works,NCT,TENDER,Tender - Single Lot,e-tender/bmu/elect./2026-27/04,226504,1312050,Open Tendering Method (OTM),Revenue,Government,Not applicable,Not applicable,"e-tender/bmu/elect./2026-27/04 Supply & fitting of uPVC water drain pipeline for existing all air-cooler from ground floor to 10th floor of Block -F (Oncology Building) at Bangladesh Medical University, Shahbag, Dhaka-1000","Construction work;Site preparation work;Building demolition and wrecking work and earthmoving work;Test drilling and boring work;Works for complete or part construction and civil engineering work;Building construction work;Engineering works and construction works;Construction work for pipelines, communication and power lines, for highways, roads, airfields and railways; flatwork;Construction work for water projects;Construction works for plants, mining and manufacturing and for buildings relating to the oil and gas industry;Roof works and other special trade construction works;Building installation work;Electrical installation work;Insulation work;Plumbing and sanitary works;Fencing, railing and safety equipment installation work;Mechanical installations;Building completion work;Plastering work;Joinery and carpentry installation work;Floor and wall covering work;Painting and glazing work;Other building completion work;Hire of construction and civil engineering machinery and equipment with operator;Hire of cranes with operator;Hire of earthmoving equipment with operator",02-Aug-2026 11:00,13-Aug-2026 11:00,"1. Having experience in successful completion of similar nature of works in a single tender amounting to Tk. 2,10,000.00 (Two lac ten thousand) only under Govt./Semi-Govt./Autonomous bodies within last 05(five) years (The years counting backward from the date of invitation of tender). The certifying authority for that work completion shall be an officer not below the rank of Executive Engineer as per attached Form with Tender document. 2. The tenderer shall have a minimum Average Annual Construction Turnover in the last 05 (five) years Tk.2,50,000.00 (Two lac fifty thousand) only which will be supported by the certificate of NBR/ Work completion certificate (The years counting backward from the date of invitation of tender). 3. The minimum amount of liquid asset or working capital or Letter of Commitment for Bank’s Undertaking for Line of Credit (as per Form e-PW2A-8) of Tender and Contract Forms must be submitted for this purpose of the successful Tenderer shall not be less than Tk.2,50,000.00 (Two lac fifty thousand)  only. The supporting Bank document submitted along with the tender must be issued in between publication date and submission date of this Tender. 4. Up to date income tax clearance certificate mentioning TIN. 5. VAT Registration certificate . 6. Up to date renewed Trade License. 7.NID copy. 8. Necessary supporting documents are to be submitted with the tender.","Supply & fitting of uPVC water drain pipeline for existing all air-cooler from ground floor to 10th floor of Block -F (Oncology Building) at Bangladesh Medical University, Shahbag, Dhaka-1000",Lot wise,Package wise,Package wise,500,Payment through Bank,07-Feb-2027,07-Feb-2027,1,"Supply & fitting of uPVC water drain pipeline for existing all air-cooler from ground floor to 10th floor of Block -F (Oncology Building) at Bangladesh Medical University, Shahbag, Dhaka-1000",Bangladesh Medical University,8500,01-Sep-2026,30-Sep-2026,Md. Shahid  Akter,Executive Engr. (Elect.),"Address : BMU, Shahabag, Dhaka. City : Shahabag Thana : Dhaka South City Corporation District : Dhaka - 1000 Country : Bangladesh","BMU, Shahabag, Dhaka.",Shahabag,Dhaka South City Corporation,Dhaka - 1000,02-9666002,,https://www.eprocure.gov.bd/resources/common/ViewTender.jsp?id=1312050
Ministry of Shipping,,Mongla Port Authority,Executive Engineer (Workshop & Equipment),,Bagerhat,Goods,NCT,TENDER,Tender - Single Lot,18.14.0158.413.07.010.24,226834,1310753,Open Tendering Method (OTM),Revenue,Government,Not applicable,Not applicable,18.14.0158.413.07.010.24 Procurement of Hand Tools for Mechanical and Electrical (Workshop) of Mongla Port Authority.,"Machinery, equipment, appliances, apparatus and associated products; Machinery for the production and use of mechanical power; General-purpose machinery; Agricultural, horticultural and forestry machinery; Machine tools; Special-purpose machinery and parts; Weapons, ammunition and associated parts; Domestic appliances; Miscellaneous equipment;Turbines and motors;Pumps and compressors;Taps, cocks, valves and similar appliances;Gears, gearing and driving elements;Industrial or laboratory furnaces, incinerators and ovens;Lifting and handling equipment and parts;Cooling and ventilation equipment;Miscellaneous general-purpose machinery;Agricultural and forestry machinery for soil preparation or cultivation;Harvesting machinery;Spraying machinery for agriculture or horticulture;Self-loading or unloading trailers and semi-trailers for agriculture;Specialist agricultural or forestry machinery;Tractors;Parts of agricultural and forestry machinery;Machine tools operated by laser and machining centres;Lathes, boring and milling machine tools;Metal-working machine tools;Machine tools for working hard materials except metals;Pneumatic or motorised hand tools;Soldering, brazing and welding tools, surface tempering and hot-spraying machines and equipment;Parts and accessories of machine tools;Machinery for metallurgy and associated parts;Machinery for mining, quarrying and construction;Machinery for food, beverage and tobacco processing and associated parts;Machinery for textile, apparel and leather production;Machinery for paper or paperboard production;Miscellaneous special-purpose machinery;Motorised tanks and armoured fighting vehicles;Military weapons;Firearms;Ammunition;Parts of military weapons;Truncheons or night sticks;Electrical domestic appliances;Non-electric domestic appliances;Transport related equipment;Workshop equipment;Construction equipment;Catering equipment;Emergency and security equipment;Technical equipment;Miscellaneous equipment n.e.c.",02-Aug-2026 11:00,16-Aug-2026 10:00,As Mentioned in Tender Documents.,Procurement of Hand Tools for Mechanical and Electrical (Workshop) of Mongla Port Authority.,Lot wise,Package wise,Package wise,1000,Payment through Bank,12-Dec-2026,12-Dec-2026,1,Procurement of Hand Tools for Mechanical and Electrical (Workshop) of Mongla Port Authority.,"Mechanical and Electric store, MPA",32000,15-Sep-2026,24-Dec-2026,MD Mizanur Rhamam,Executive Engineer (W&E),Address : Mongla Port Authority City : Monlga Thana : Mongla District : Bagerhat - 9351 Country : Bangladesh,Mongla Port Authority,Monlga,Mongla,Bagerhat - 9351,04662-75348,,https://www.eprocure.gov.bd/resources/common/ViewTender.jsp?id=1310753
Ministry of Health and Family Welfare,,Bangladesh Medical University,"Office of Executive  Engineer (Electrical), BMU, Dhaka.",,Dhaka,Works,NCT,TENDER,Tender - Single Lot,e-tender/bmu/elect./2026-27/08,226504,1312054,Open Tendering Method (OTM),Revenue,Government,Not applicable,Not applicable,"e-tender/bmu/elect./2026-27/08 Yearly Operation, Servicing & Maintenance for 03 nos. Sigma Brand Lift (Lift no - 08,11& 12) at Block - C,BMU, Shahbag, Dhaka.","Electrical machinery, apparatus, equipment and consumables;Electric motors, generators and transformers;Electric motors;Generators;Alternators;Cooling towers;Ballasts for discharge lamps or tubes;Parts of electric motors, generators and transformers;Transformers;Electricity distribution and control apparatus;Electrical apparatus for switching or protecting electrical circuits;Electrical circuit components;Parts of electricity distribution or control apparatus;Insulated wire and cable;Mains;Power distribution cables;Coaxial cable;Insulated cable accessories;Electric conductors for data and control purposes;Accumulators, primary cells and primary batteries;Primary cells;Primary batteries;Electric accumulators;Lighting equipment and electric lamps;Electric filament lamps;Lamps and light fittings;Parts of lamps and lighting equipment;Electrical equipment and apparatus;Electrical equipment for engines and vehicles;Sound or visual signalling apparatus;Magnets;Machines and apparatus with individual functions;Insulating fittings;Carbon electrodes;Electrical parts of machinery or apparatus;Electrical supplies and accessories;Electronic, electromechanical and electrotechnical supplies;Electronic equipment;Electromechanical equipment;Electrotechnical equipment",02-Aug-2026 11:00,13-Aug-2026 11:00,As per tender documents,"Yearly Operation, Servicing & Maintenance for 03 nos. Sigma Brand Lift (Lift no - 08,11& 12) at Block - C,BMU, Shahbag, Dhaka.",Lot wise,Package wise,Package wise,1000,Payment through Bank,07-Feb-2027,07-Feb-2027,1,"Yearly Operation, Servicing & Maintenance for 03 nos. Sigma Brand Lift (Lift no - 08,11& 12) at Block - C,BMU, Shahbag, Dhaka.",Bangladesh Medical University,60000,13-Sep-2026,12-Sep-2027,Md. Shahid  Akter,Executive Engr. (Elect.),"Address : BMU, Shahabag, Dhaka. City : Shahabag Thana : Dhaka South City Corporation District : Dhaka - 1000 Country : Bangladesh","BMU, Shahabag, Dhaka.",Shahabag,Dhaka South City Corporation,Dhaka - 1000,02-9666002,,https://www.eprocure.gov.bd/resources/common/ViewTender.jsp?id=1312054
Ministry of Health and Family Welfare,,Bangladesh Medical University,"Office of Executive  Engineer (Electrical), BMU, Dhaka.",,Dhaka,Works,NCT,TENDER,Tender - Single Lot,e-tender/bmu/elect./2026-27/10,226504,1312056,Open Tendering Method (OTM),Revenue,Government,Not applicable,Not applicable,"e-tender/bmu/elect./2026-27/10 Yearly Operation, Servicing & Maintenance for 01no.Fuji star Brand Lift (Lift no - 40) at Block - C , BMU, Shahbag, Dhaka.","Electrical machinery, apparatus, equipment and consumables;Electric motors, generators and transformers;Electric motors;Generators;Alternators;Cooling towers;Ballasts for discharge lamps or tubes;Parts of electric motors, generators and transformers;Transformers;Electricity distribution and control apparatus;Electrical apparatus for switching or protecting electrical circuits;Electrical circuit components;Parts of electricity distribution or control apparatus;Insulated wire and cable;Mains;Power distribution cables;Coaxial cable;Insulated cable accessories;Electric conductors for data and control purposes;Accumulators, primary cells and primary batteries;Primary cells;Primary batteries;Electric accumulators;Lighting equipment and electric lamps;Electric filament lamps;Lamps and light fittings;Parts of lamps and lighting equipment;Electrical equipment and apparatus;Electrical equipment for engines and vehicles;Sound or visual signalling apparatus;Magnets;Machines and apparatus with individual functions;Insulating fittings;Carbon electrodes;Electrical parts of machinery or apparatus;Electrical supplies and accessories;Electronic, electromechanical and electrotechnical supplies;Electronic equipment;Electromechanical equipment;Electrotechnical equipment",02-Aug-2026 11:00,13-Aug-2026 11:00,As per tender documents,"Yearly Operation, Servicing & Maintenance for 01no.Fuji star Brand Lift (Lift no - 40) at Block - C , BMU, Shahbag, Dhaka.",Lot wise,Package wise,Package wise,500,Payment through Bank,07-Feb-2027,07-Feb-2027,1,"Yearly Operation, Servicing & Maintenance for 01 no. Fuji star Brand Lift (Lift no - 40) at Block - C , BMU, Shahbag, Dhaka.",Bangladesh Medical University,10000,10-Sep-2026,09-Sep-2027,Md. Shahid  Akter,Executive Engr. (Elect.),"Address : BMU, Shahabag, Dhaka. City : Shahabag Thana : Dhaka South City Corporation District : Dhaka - 1000 Country : Bangladesh","BMU, Shahabag, Dhaka.",Shahabag,Dhaka South City Corporation,Dhaka - 1000,02-9666002,,https://www.eprocure.gov.bd/resources/common/ViewTender.jsp?id=1312056
Ministry of Health and Family Welfare,,Bangladesh Medical University,"Office of Executive  Engineer (Electrical), BMU, Dhaka.",,Dhaka,Works,NCT,TENDER,Tender - Single Lot,e-tender/bmu/elect./2026-27/11,226504,1312057,Open Tendering Method (OTM),Revenue,Government,Not applicable,Not applicable,"e-tender/bmu/elect./2026-27/11 Yearly Operation, Servicing & Maintenance for 02 (two) nos. 17 stoppage 1600kg Capacity Lift (Lift no -13 & 14) at Block - D ,BMU, Shahbag, Dhaka.","Electrical machinery, apparatus, equipment and consumables;Electric motors, generators and transformers;Electric motors;Generators;Alternators;Cooling towers;Ballasts for discharge lamps or tubes;Parts of electric motors, generators and transformers;Transformers;Electricity distribution and control apparatus;Electrical apparatus for switching or protecting electrical circuits;Electrical circuit components;Parts of electricity distribution or control apparatus;Insulated wire and cable;Mains;Power distribution cables;Coaxial cable;Insulated cable accessories;Electric conductors for data and control purposes;Accumulators, primary cells and primary batteries;Primary cells;Primary batteries;Electric accumulators;Lighting equipment and electric lamps;Electric filament lamps;Lamps and light fittings;Parts of lamps and lighting equipment;Electrical equipment and apparatus;Electrical equipment for engines and vehicles;Sound or visual signalling apparatus;Magnets;Machines and apparatus with individual functions;Insulating fittings;Carbon electrodes;Electrical parts of machinery or apparatus;Electrical supplies and accessories;Electronic, electromechanical and electrotechnical supplies;Electronic equipment;Electromechanical equipment;Electrotechnical equipment",02-Aug-2026 11:00,13-Aug-2026 11:00,As per tender documents,"Yearly Operation, Servicing & Maintenance for 02 (two) nos. 17 stoppage 1600kg Capacity Lift (Lift no -13 & 14) at Block - D ,BMU, Shahbag, Dhaka.",Lot wise,Package wise,Package wise,1000,Payment through Bank,07-Feb-2027,07-Feb-2027,1,"Yearly Operation, Servicing & Maintenance for 02 (two) nos. 17 stoppage 1600kg Capacity Lift (Lift no -13 & 14) at Block - D ,BMU, Shahbag, Dhaka.",Bangladesh Medical University,60000,13-Sep-2026,12-Sep-2027,Md. Shahid  Akter,Executive Engr. (Elect.),"Address : BMU, Shahabag, Dhaka. City : Shahabag Thana : Dhaka South City Corporation District : Dhaka - 1000 Country : Bangladesh","BMU, Shahabag, Dhaka.",Shahabag,Dhaka South City Corporation,Dhaka - 1000,02-9666002,,https://www.eprocure.gov.bd/resources/common/ViewTender.jsp?id=1312057
Ministry of Health and Family Welfare,,Bangladesh Medical University,"Office of Executive  Engineer (Electrical), BMU, Dhaka.",,Dhaka,Works,NCT,TENDER,Tender - Single Lot,e-tender/bmu/elect./2026-27/13,226504,1312060,Open Tendering Method (OTM),Revenue,Government,Not applicable,Not applicable,"e-tender/bmu/elect./2026-27/13 Yearly Operation, Servicing & Maintenance for 01(One) no. 17 stoppages 1000kg Hyundai Brand observation type Lift (Lift no - 32) at Block - D, BMU, Shahbag, Dhaka.","Electrical machinery, apparatus, equipment and consumables;Electric motors, generators and transformers;Electric motors;Generators;Alternators;Cooling towers;Ballasts for discharge lamps or tubes;Parts of electric motors, generators and transformers;Transformers;Electricity distribution and control apparatus;Electrical apparatus for switching or protecting electrical circuits;Electrical circuit components;Parts of electricity distribution or control apparatus;Insulated wire and cable;Mains;Power distribution cables;Coaxial cable;Insulated cable accessories;Electric conductors for data and control purposes;Accumulators, primary cells and primary batteries;Primary cells;Primary batteries;Electric accumulators;Lighting equipment and electric lamps;Electric filament lamps;Lamps and light fittings;Parts of lamps and lighting equipment;Electrical equipment and apparatus;Electrical equipment for engines and vehicles;Sound or visual signalling apparatus;Magnets;Machines and apparatus with individual functions;Insulating fittings;Carbon electrodes;Electrical parts of machinery or apparatus;Electrical supplies and accessories;Electronic, electromechanical and electrotechnical supplies;Electronic equipment;Electromechanical equipment;Electrotechnical equipment",02-Aug-2026 11:00,13-Aug-2026 11:00,As per tender documents,"Yearly Operation, Servicing & Maintenance for 01(One) no. 17 stoppages 1000kg Hyundai Brand observation type Lift (Lift no - 32) at Block - D, BMU, Shahbag, Dhaka.",Lot wise,Package wise,Package wise,500,Payment through Bank,07-Feb-2027,07-Feb-2027,1,"Yearly Operation, Servicing & Maintenance for 01(One) no. 17 stoppages 1000kg Hyundai Brand observation type Lift (Lift no - 32) at Block - D, BMU, Shahbag, Dhaka.",Bangladesh Medical University,18000,13-Sep-2026,12-Sep-2027,Md. Shahid  Akter,Executive Engr. (Elect.),"Address : BMU, Shahabag, Dhaka. City : Shahabag Thana : Dhaka South City Corporation District : Dhaka - 1000 Country : Bangladesh","BMU, Shahabag, Dhaka.",Shahabag,Dhaka South City Corporation,Dhaka - 1000,02-9666002,,https://www.eprocure.gov.bd/resources/common/ViewTender.jsp?id=1312060
Ministry of Health and Family Welfare,,Bangladesh Medical University,"Office of Executive  Engineer (Electrical), BMU, Dhaka.",,Dhaka,Works,NCT,TENDER,Tender - Single Lot,e-tender/bmu/elect./2026-27/07,226504,1312053,Open Tendering Method (OTM),Revenue,Government,Not applicable,Not applicable,"e-tender/bmu/elect./2026-27/07 Yearly Operation, Servicing & Maintenance for 05 nos. Sigma Brand Lift (Lift no - 03, 04, 05, 06 & 07) of Block -B at BMU, Shahbag, Dhaka.","Electrical machinery, apparatus, equipment and consumables;Electric motors, generators and transformers;Electric motors;Generators;Alternators;Cooling towers;Ballasts for discharge lamps or tubes;Parts of electric motors, generators and transformers;Transformers;Electricity distribution and control apparatus;Electrical apparatus for switching or protecting electrical circuits;Electrical circuit components;Parts of electricity distribution or control apparatus;Insulated wire and cable;Mains;Power distribution cables;Coaxial cable;Insulated cable accessories;Electric conductors for data and control purposes;Accumulators, primary cells and primary batteries;Primary cells;Primary batteries;Electric accumulators;Lighting equipment and electric lamps;Electric filament lamps;Lamps and light fittings;Parts of lamps and lighting equipment;Electrical equipment and apparatus;Electrical equipment for engines and vehicles;Sound or visual signalling apparatus;Magnets;Machines and apparatus with individual functions;Insulating fittings;Carbon electrodes;Electrical parts of machinery or apparatus;Electrical supplies and accessories;Electronic, electromechanical and electrotechnical supplies;Electronic equipment;Electromechanical equipment;Electrotechnical equipment",02-Aug-2026 11:00,13-Aug-2026 11:00,As per tender documents,"Yearly Operation, Servicing & Maintenance for 05 nos. Sigma Brand Lift (Lift no - 03, 04, 05, 06 & 07) of Block -B at BMU, Shahbag, Dhaka.",Lot wise,Package wise,Package wise,1000,Payment through Bank,07-Feb-2027,07-Feb-2027,1,"Yearly Operation, Servicing & Maintenance for 05 nos. Sigma Brand Lift (Lift no - 03, 04, 05, 06 & 07) of Block -B at BMU, Shahbag, Dhaka.",Bangladesh Medical University,48000,13-Sep-2026,12-Sep-2027,Md. Shahid  Akter,Executive Engr. (Elect.),"Address : BMU, Shahabag, Dhaka. City : Shahabag Thana : Dhaka South City Corporation District : Dhaka - 1000 Country : Bangladesh","BMU, Shahabag, Dhaka.",Shahabag,Dhaka South City Corporation,Dhaka - 1000,02-9666002,,https://www.eprocure.gov.bd/resources/common/ViewTender.jsp?id=1312053
Ministry of Health and Family Welfare,,Bangladesh Medical University,"Office of Executive  Engineer (Electrical), BMU, Dhaka.",,Dhaka,Works,NCT,TENDER,Tender - Single Lot,e-tender/bmu/elect./2026-27/06,226504,1312052,Open Tendering Method (OTM),Revenue,Government,Not applicable,Not applicable,"e-tender/bmu/elect./2026-27/06 Yearly Operation, Servicing & Maintenance for 01 no. 06 stops 500 kg capacity Lift (Lift no - 02) at Block-A ,BMU, Shahbag, Dhaka.","Electrical machinery, apparatus, equipment and consumables;Electric motors, generators and transformers;Electric motors;Generators;Alternators;Cooling towers;Ballasts for discharge lamps or tubes;Parts of electric motors, generators and transformers;Transformers;Electricity distribution and control apparatus;Electrical apparatus for switching or protecting electrical circuits;Electrical circuit components;Parts of electricity distribution or control apparatus;Insulated wire and cable;Mains;Power distribution cables;Coaxial cable;Insulated cable accessories;Electric conductors for data and control purposes;Accumulators, primary cells and primary batteries;Primary cells;Primary batteries;Electric accumulators;Lighting equipment and electric lamps;Electric filament lamps;Lamps and light fittings;Parts of lamps and lighting equipment;Electrical equipment and apparatus;Electrical equipment for engines and vehicles;Sound or visual signalling apparatus;Magnets;Machines and apparatus with individual functions;Insulating fittings;Carbon electrodes;Electrical parts of machinery or apparatus;Electrical supplies and accessories;Electronic, electromechanical and electrotechnical supplies;Electronic equipment;Electromechanical equipment;Electrotechnical equipment",02-Aug-2026 11:00,13-Aug-2026 11:00,As per tender documents,"Yearly Operation, Servicing & Maintenance for 01 no. 06 stops 500 kg capacity Lift (Lift no - 02) at Block-A ,BMU, Shahbag, Dhaka.",Lot wise,Package wise,Package wise,500,Payment through Bank,07-Feb-2027,07-Feb-2027,1,"Yearly Operation, Servicing & Maintenance for 01 no. 06 stops 500 kg capacity Lift (Lift no - 02) at Block-A ,BMU, Shahbag, Dhaka.","Block-A ,BMU, Shahbag, Dhaka",17000,10-Sep-2026,09-Sep-2027,Md. Shahid  Akter,Executive Engr. (Elect.),"Address : BMU, Shahabag, Dhaka. City : Shahabag Thana : Dhaka South City Corporation District : Dhaka - 1000 Country : Bangladesh","BMU, Shahabag, Dhaka.",Shahabag,Dhaka South City Corporation,Dhaka - 1000,02-9666002,,https://www.eprocure.gov.bd/resources/common/ViewTender.jsp?id=1312052
Ministry of Health and Family Welfare,,Bangladesh Medical University,"Office of Executive  Engineer (Electrical), BMU, Dhaka.",,Dhaka,Works,NCT,TENDER,Tender - Single Lot,e-tender/bmu/elect./2026-27/14,226504,1312061,Open Tendering Method (OTM),Revenue,Government,Not applicable,Not applicable,"e-tender/bmu/elect./2026-27/14 Yearly Operation, Servicing & Maintenance for 01 no. 06 stops 1000kg capacity Sigma Brand Lift (Lift no - 21) at Block - E , BMU, Shahbag, Dhaka.","Electrical machinery, apparatus, equipment and consumables;Electric motors, generators and transformers;Electric motors;Generators;Alternators;Cooling towers;Ballasts for discharge lamps or tubes;Parts of electric motors, generators and transformers;Transformers;Electricity distribution and control apparatus;Electrical apparatus for switching or protecting electrical circuits;Electrical circuit components;Parts of electricity distribution or control apparatus;Insulated wire and cable;Mains;Power distribution cables;Coaxial cable;Insulated cable accessories;Electric conductors for data and control purposes;Accumulators, primary cells and primary batteries;Primary cells;Primary batteries;Electric accumulators;Lighting equipment and electric lamps;Electric filament lamps;Lamps and light fittings;Parts of lamps and lighting equipment;Electrical equipment and apparatus;Electrical equipment for engines and vehicles;Sound or visual signalling apparatus;Magnets;Machines and apparatus with individual functions;Insulating fittings;Carbon electrodes;Electrical parts of machinery or apparatus;Electrical supplies and accessories;Electronic, electromechanical and electrotechnical supplies;Electronic equipment;Electromechanical equipment;Electrotechnical equipment",02-Aug-2026 11:00,13-Aug-2026 11:00,As per tender documents,"Yearly Operation, Servicing & Maintenance for 01 no. 06 stops 1000kg capacity Sigma Brand Lift (Lift no - 21) at Block - E , BMU, Shahbag, Dhaka.",Lot wise,Package wise,Package wise,500,Payment through Bank,07-Feb-2027,07-Feb-2027,1,"Yearly Operation, Servicing & Maintenance for 01 no. 06 stops 1000kg capacity Sigma Brand Lift (Lift no - 21) at Block - E , BMU, Shahbag, Dhaka.",Bangladesh Medical University,17000,13-Sep-2026,12-Sep-2027,Md. Shahid  Akter,Executive Engr. (Elect.),"Address : BMU, Shahabag, Dhaka. City : Shahabag Thana : Dhaka South City Corporation District : Dhaka - 1000 Country : Bangladesh","BMU, Shahabag, Dhaka.",Shahabag,Dhaka South City Corporation,Dhaka - 1000,02-9666002,,https://www.eprocure.gov.bd/resources/common/ViewTender.jsp?id=1312061
Ministry of Health and Family Welfare,,Bangladesh Medical University,"Office of Executive  Engineer (Electrical), BMU, Dhaka.",,Dhaka,Works,NCT,TENDER,Tender - Single Lot,e-tender/bmu/elect./2026-27/05,226504,1312051,Open Tendering Method (OTM),Revenue,Government,Not applicable,Not applicable,"e-tender/bmu/elect./2026-27/05 Yearly Operation, Servicing & Maintenance for 01 no. Sigma Brand Lift (Lift no - 01) at Block-A ,BMU, Shahbag, Dhaka.","Electrical machinery, apparatus, equipment and consumables;Electric motors, generators and transformers;Electric motors;Generators;Alternators;Cooling towers;Ballasts for discharge lamps or tubes;Parts of electric motors, generators and transformers;Transformers;Electricity distribution and control apparatus;Electrical apparatus for switching or protecting electrical circuits;Electrical circuit components;Parts of electricity distribution or control apparatus;Insulated wire and cable;Mains;Power distribution cables;Coaxial cable;Insulated cable accessories;Electric conductors for data and control purposes;Accumulators, primary cells and primary batteries;Primary cells;Primary batteries;Electric accumulators;Lighting equipment and electric lamps;Electric filament lamps;Lamps and light fittings;Parts of lamps and lighting equipment;Electrical equipment and apparatus;Electrical equipment for engines and vehicles;Sound or visual signalling apparatus;Magnets;Machines and apparatus with individual functions;Insulating fittings;Carbon electrodes;Electrical parts of machinery or apparatus;Electrical supplies and accessories;Electronic, electromechanical and electrotechnical supplies;Electronic equipment;Electromechanical equipment;Electrotechnical equipment",02-Aug-2026 11:00,13-Aug-2026 11:00,As per tender documents,"Yearly Operation, Servicing & Maintenance for 01 no. Sigma Brand Lift (Lift no - 01) at Block-A ,BMU, Shahbag, Dhaka.",Lot wise,Package wise,Package wise,500,Payment through Bank,07-Feb-2027,07-Feb-2027,1,"Yearly Operation, Servicing & Maintenance for 01 no. Sigma Brand Lift (Lift no - 01) at Block-A ,BMU, Shahbag, Dhaka.",Bangladesh Medical University,17000,13-Sep-2026,12-Sep-2027,Md. Shahid  Akter,Executive Engr. (Elect.),"Address : BMU, Shahabag, Dhaka. City : Shahabag Thana : Dhaka South City Corporation District : Dhaka - 1000 Country : Bangladesh","BMU, Shahabag, Dhaka.",Shahabag,Dhaka South City Corporation,Dhaka - 1000,02-9666002,,https://www.eprocure.gov.bd/resources/common/ViewTender.jsp?id=1312051
Ministry of Health and Family Welfare,,Bangladesh Medical University,"Office of Executive  Engineer (Electrical), BMU, Dhaka.",,Dhaka,Works,NCT,TENDER,Tender - Single Lot,e-tender/bmu/elect./2026-27/09,226504,1312055,Open Tendering Method (OTM),Revenue,Government,Not applicable,Not applicable,"e-tender/bmu/elect./2026-27/09 Yearly Operation, Servicing & Maintenance for 02 (two) nos. Unite Brand Lift (Lift no - 09 & 10) at Block - C , BMU, Shahbag, Dhaka.","Electrical machinery, apparatus, equipment and consumables;Electric motors, generators and transformers;Electric motors;Generators;Alternators;Cooling towers;Ballasts for discharge lamps or tubes;Parts of electric motors, generators and transformers;Transformers;Electricity distribution and control apparatus;Electrical apparatus for switching or protecting electrical circuits;Electrical circuit components;Parts of electricity distribution or control apparatus;Insulated wire and cable;Mains;Power distribution cables;Coaxial cable;Insulated cable accessories;Electric conductors for data and control purposes;Accumulators, primary cells and primary batteries;Primary cells;Primary batteries;Electric accumulators;Lighting equipment and electric lamps;Electric filament lamps;Lamps and light fittings;Parts of lamps and lighting equipment;Electrical equipment and apparatus;Electrical equipment for engines and vehicles;Sound or visual signalling apparatus;Magnets;Machines and apparatus with individual functions;Insulating fittings;Carbon electrodes;Electrical parts of machinery or apparatus;Electrical supplies and accessories;Electronic, electromechanical and electrotechnical supplies;Electronic equipment;Electromechanical equipment;Electrotechnical equipment",02-Aug-2026 11:00,13-Aug-2026 11:00,As per tender documents,"Yearly Operation, Servicing & Maintenance for 02 (two) nos. Unite Brand Lift (Lift no - 09 & 10) at Block - C , BMU, Shahbag, Dhaka",Lot wise,Package wise,Package wise,1000,Payment through Bank,07-Feb-2027,07-Feb-2027,1,"Yearly Operation, Servicing & Maintenance for 02 (two) nos. Unite Brand Lift (Lift no - 09 & 10) at Block - C , BMU, Shahbag, Dhaka.",Bangladesh Medical University,50000,09-Sep-2026,08-Sep-2027,Md. Shahid  Akter,Executive Engr. (Elect.),"Address : BMU, Shahabag, Dhaka. City : Shahabag Thana : Dhaka South City Corporation District : Dhaka - 1000 Country : Bangladesh","BMU, Shahabag, Dhaka.",Shahabag,Dhaka South City Corporation,Dhaka - 1000,02-9666002,,https://www.eprocure.gov.bd/resources/common/ViewTender.jsp?id=1312055
Ministry of Health and Family Welfare,,Bangladesh Medical University,"Office of Executive  Engineer (Electrical), BMU, Dhaka.",,Dhaka,Works,NCT,TENDER,Tender - Single Lot,e-tender/bmu/elect./2026-27/12,226504,1312059,Open Tendering Method (OTM),Revenue,Government,Not applicable,Not applicable,"e-tender/bmu/elect./2026-27/12 Yearly Operation, Servicing & Maintenance for 02 (two) nos. 17 stoppage 1800kg Capacity Sigma Brand Lift (Lift no - 15 & 16) at Block - D, BMU, shahbag, Dhaka.","Electrical machinery, apparatus, equipment and consumables;Electric motors, generators and transformers;Electric motors;Generators;Alternators;Cooling towers;Ballasts for discharge lamps or tubes;Parts of electric motors, generators and transformers;Transformers;Electricity distribution and control apparatus;Electrical apparatus for switching or protecting electrical circuits;Electrical circuit components;Parts of electricity distribution or control apparatus;Insulated wire and cable;Mains;Power distribution cables;Coaxial cable;Insulated cable accessories;Electric conductors for data and control purposes;Accumulators, primary cells and primary batteries;Primary cells;Primary batteries;Electric accumulators;Lighting equipment and electric lamps;Electric filament lamps;Lamps and light fittings;Parts of lamps and lighting equipment;Electrical equipment and apparatus;Electrical equipment for engines and vehicles;Sound or visual signalling apparatus;Magnets;Machines and apparatus with individual functions;Insulating fittings;Carbon electrodes;Electrical parts of machinery or apparatus;Electrical supplies and accessories;Electronic, electromechanical and electrotechnical supplies;Electronic equipment;Electromechanical equipment;Electrotechnical equipment",02-Aug-2026 11:00,13-Aug-2026 11:00,As per tender documents,"Yearly Operation, Servicing & Maintenance for 02 (two) nos. 17 stoppage 1800kg Capacity Sigma Brand Lift (Lift no - 15 & 16) at Block - D, BMU, shahbag, Dhaka.",Lot wise,Package wise,Package wise,1000,Payment through Bank,07-Feb-2027,07-Feb-2027,1,"Yearly Operation, Servicing & Maintenance for 02(two) nos. 17 stoppage 1800kg Capacity Sigma Brand Lift (Lift no - 15 & 16) at Block - D, BMU, shahbag, Dhaka.",Bangladesh Medical University,52000,13-Sep-2026,12-Sep-2027,Md. Shahid  Akter,Executive Engr. (Elect.),"Address : BMU, Shahabag, Dhaka. City : Shahabag Thana : Dhaka South City Corporation District : Dhaka - 1000 Country : Bangladesh","BMU, Shahabag, Dhaka.",Shahabag,Dhaka South City Corporation,Dhaka - 1000,02-9666002,,https://www.eprocure.gov.bd/resources/common/ViewTender.jsp?id=1312059
Ministry of Health and Family Welfare,,Bangladesh Medical University,"Office of Executive  Engineer (Electrical), BMU, Dhaka.",,Dhaka,Works,NCT,TENDER,Tender - Single Lot,e-tender/bmu/elect./2026-27/24,226504,1312076,Open Tendering Method (OTM),Revenue,Government,Not applicable,Not applicable,"e-tender/bmu/elect./2026-27/24 Yearly Operation, servicing & maintenance for 8 stages United brand escalator of Shaheed Abu Sayed International Convention Center at BMU,Shahbag,Dhaka-1000","Electrical machinery, apparatus, equipment and consumables;Electric motors, generators and transformers;Electric motors;Generators;Alternators;Cooling towers;Ballasts for discharge lamps or tubes;Parts of electric motors, generators and transformers;Transformers;Electricity distribution and control apparatus;Electrical apparatus for switching or protecting electrical circuits;Electrical circuit components;Parts of electricity distribution or control apparatus;Insulated wire and cable;Mains;Power distribution cables;Coaxial cable;Insulated cable accessories;Electric conductors for data and control purposes;Accumulators, primary cells and primary batteries;Primary cells;Primary batteries;Electric accumulators;Lighting equipment and electric lamps;Electric filament lamps;Lamps and light fittings;Parts of lamps and lighting equipment;Electrical equipment and apparatus;Electrical equipment for engines and vehicles;Sound or visual signalling apparatus;Magnets;Machines and apparatus with individual functions;Insulating fittings;Carbon electrodes;Electrical parts of machinery or apparatus;Electrical supplies and accessories;Electronic, electromechanical and electrotechnical supplies;Electronic equipment;Electromechanical equipment;Electrotechnical equipment",02-Aug-2026 11:00,13-Aug-2026 11:00,As per tender documents,"Yearly Operation, servicing & maintenance for 8 stages United brand escalator of Shaheed Abu Sayed International Convention Center at BMU,Shahbag,Dhaka-1000",Lot wise,Package wise,Package wise,500,Payment through Bank,07-Feb-2027,07-Feb-2027,1,"Yearly Operation, servicing & maintenance for 8 stages United brand escalator of Shaheed Abu Sayed International Convention Center at BMU,Shahbag,Dhaka-1000",Bangladesh Medical University,21000,10-Sep-2026,09-Sep-2027,Md. Shahid  Akter,Executive Engr. (Elect.),"Address : BMU, Shahabag, Dhaka. City : Shahabag Thana : Dhaka South City Corporation District : Dhaka - 1000 Country : Bangladesh","BMU, Shahabag, Dhaka.",Shahabag,Dhaka South City Corporation,Dhaka - 1000,02-9666002,,https://www.eprocure.gov.bd/resources/common/ViewTender.jsp?id=1312076
Ministry of Health and Family Welfare,,Bangladesh Medical University,"Office of Executive  Engineer (Electrical), BMU, Dhaka.",,Dhaka,Works,NCT,TENDER,Tender - Single Lot,e-tender/bmu/elect./2026-27/16,226504,1312065,Open Tendering Method (OTM),Revenue,Government,Not applicable,Not applicable,"e-tender/bmu/elect./2026-27/16 Yearly Operation, Servicing & Maintenance for 05(five) nos. United Brand Lift (Lift no - 22, 23, 24, 25 & 26) of OPD-1 at BMU, Shahbag, Dhaka.","Electrical machinery, apparatus, equipment and consumables;Electric motors, generators and transformers;Electric motors;Generators;Alternators;Cooling towers;Ballasts for discharge lamps or tubes;Parts of electric motors, generators and transformers;Transformers;Electricity distribution and control apparatus;Electrical apparatus for switching or protecting electrical circuits;Electrical circuit components;Parts of electricity distribution or control apparatus;Insulated wire and cable;Mains;Power distribution cables;Coaxial cable;Insulated cable accessories;Electric conductors for data and control purposes;Accumulators, primary cells and primary batteries;Primary cells;Primary batteries;Electric accumulators;Lighting equipment and electric lamps;Electric filament lamps;Lamps and light fittings;Parts of lamps and lighting equipment;Electrical equipment and apparatus;Electrical equipment for engines and vehicles;Sound or visual signalling apparatus;Magnets;Machines and apparatus with individual functions;Insulating fittings;Carbon electrodes;Electrical parts of machinery or apparatus;Electrical supplies and accessories;Electronic, electromechanical and electrotechnical supplies;Electronic equipment;Electromechanical equipment;Electrotechnical equipment",02-Aug-2026 11:00,13-Aug-2026 11:00,As per tender documents,"Yearly Operation, Servicing & Maintenance for 05(five) nos. United Brand Lift (Lift no - 22, 23, 24, 25 & 26) of OPD-1 at BMU, Shahbag, Dhaka.",Lot wise,Package wise,Package wise,1500,Payment through Bank,07-Feb-2027,07-Feb-2027,1,"Yearly Operation, Servicing & Maintenance for 05(five) nos. United Brand Lift (Lift no - 22, 23, 24, 25 & 26) of OPD-1 at BMU, Shahbag, Dhaka.",Bangladesh Medical University,68000,14-Sep-2026,13-Sep-2027,Md. Shahid  Akter,Executive Engr. (Elect.),"Address : BMU, Shahabag, Dhaka. City : Shahabag Thana : Dhaka South City Corporation District : Dhaka - 1000 Country : Bangladesh","BMU, Shahabag, Dhaka.",Shahabag,Dhaka South City Corporation,Dhaka - 1000,02-9666002,,https://www.eprocure.gov.bd/resources/common/ViewTender.jsp?id=1312065
Ministry of Health and Family Welfare,,Bangladesh Medical University,"Office of Executive  Engineer (Electrical), BMU, Dhaka.",,Dhaka,Works,NCT,TENDER,Tender - Single Lot,e-tender/bmu/elect./2026-27/18,226504,1312067,Open Tendering Method (OTM),Revenue,Government,Not applicable,Not applicable,"e-tender/bmu/elect./2026-27/18 Yearly Operation, Servicing & Maintenance for 05(five) nos. Unite Brand Lift (Lift no - 27, 28, 29, 30 & 31) of OPD-2 at BMU, Shahbag, Dhaka.","Electrical machinery, apparatus, equipment and consumables;Electric motors, generators and transformers;Electric motors;Generators;Alternators;Cooling towers;Ballasts for discharge lamps or tubes;Parts of electric motors, generators and transformers;Transformers;Electricity distribution and control apparatus;Electrical apparatus for switching or protecting electrical circuits;Electrical circuit components;Parts of electricity distribution or control apparatus;Insulated wire and cable;Mains;Power distribution cables;Coaxial cable;Insulated cable accessories;Electric conductors for data and control purposes;Accumulators, primary cells and primary batteries;Primary cells;Primary batteries;Electric accumulators;Lighting equipment and electric lamps;Electric filament lamps;Lamps and light fittings;Parts of lamps and lighting equipment;Electrical equipment and apparatus;Electrical equipment for engines and vehicles;Sound or visual signalling apparatus;Magnets;Machines and apparatus with individual functions;Insulating fittings;Carbon electrodes;Electrical parts of machinery or apparatus;Electrical supplies and accessories;Electronic, electromechanical and electrotechnical supplies;Electronic equipment;Electromechanical equipment;Electrotechnical equipment",02-Aug-2026 11:00,13-Aug-2026 11:00,As per tender documents,"Yearly Operation, Servicing & Maintenance for 05(five) nos. Unite Brand Lift (Lift no - 27, 28, 29, 30 & 31) of OPD-2 at BMU, Shahbag, Dhaka.",Lot wise,Package wise,Package wise,1500,Payment through Bank,07-Feb-2027,07-Feb-2027,1,"Yearly Operation, Servicing & Maintenance for 05(five) nos. Unite Brand Lift (Lift no - 27, 28, 29, 30 & 31) of OPD-2 at BMU, Shahbag, Dhaka.",Bangladesh Medical University,68000,09-Sep-2026,08-Sep-2027,Md. Shahid  Akter,Executive Engr. (Elect.),"Address : BMU, Shahabag, Dhaka. City : Shahabag Thana : Dhaka South City Corporation District : Dhaka - 1000 Country : Bangladesh","BMU, Shahabag, Dhaka.",Shahabag,Dhaka South City Corporation,Dhaka - 1000,02-9666002,,https://www.eprocure.gov.bd/resources/common/ViewTender.jsp?id=1312067
Ministry of Health and Family Welfare,,Bangladesh Medical University,"Office of Executive  Engineer (Electrical), BMU, Dhaka.",,Dhaka,Works,NCT,TENDER,Tender - Single Lot,e-tender/bmu/elect./2026-27/21,226504,1312071,Open Tendering Method (OTM),Revenue,Government,Not applicable,Not applicable,"e-tender/bmu/elect./2026-27/21 Yearly Operation, Servicing & Maintenance for 01no.Unite Brand Lift (Lift no - 18) at Cabin Block, BMU, Shahbag, Dhaka.","Electrical machinery, apparatus, equipment and consumables;Electric motors, generators and transformers;Electric motors;Generators;Alternators;Cooling towers;Ballasts for discharge lamps or tubes;Parts of electric motors, generators and transformers;Transformers;Electricity distribution and control apparatus;Electrical apparatus for switching or protecting electrical circuits;Electrical circuit components;Parts of electricity distribution or control apparatus;Insulated wire and cable;Mains;Power distribution cables;Coaxial cable;Insulated cable accessories;Electric conductors for data and control purposes;Accumulators, primary cells and primary batteries;Primary cells;Primary batteries;Electric accumulators;Lighting equipment and electric lamps;Electric filament lamps;Lamps and light fittings;Parts of lamps and lighting equipment;Electrical equipment and apparatus;Electrical equipment for engines and vehicles;Sound or visual signalling apparatus;Magnets;Machines and apparatus with individual functions;Insulating fittings;Carbon electrodes;Electrical parts of machinery or apparatus;Electrical supplies and accessories;Electronic, electromechanical and electrotechnical supplies;Electronic equipment;Electromechanical equipment;Electrotechnical equipment",02-Aug-2026 11:00,13-Aug-2026 11:00,As per tender documents,"Yearly Operation, Servicing & Maintenance for 01no.Unite Brand Lift (Lift no - 18) at Cabin Block, BMU, Shahbag, Dhaka.",Lot wise,Package wise,Package wise,1000,Payment through Bank,07-Feb-2027,07-Feb-2027,1,"Yearly Operation, Servicing & Maintenance for 01no.Unite Brand Lift (Lift no - 18) at Cabin Block, BMU, Shahbag, Dhaka.",Bangladesh Medical University,33000,09-Sep-2026,08-Sep-2027,Md. Shahid  Akter,Executive Engr. (Elect.),"Address : BMU, Shahabag, Dhaka. City : Shahabag Thana : Dhaka South City Corporation District : Dhaka - 1000 Country : Bangladesh","BMU, Shahabag, Dhaka.",Shahabag,Dhaka South City Corporation,Dhaka - 1000,02-9666002,,https://www.eprocure.gov.bd/resources/common/ViewTender.jsp?id=1312071
Ministry of Health and Family Welfare,,Bangladesh Medical University,"Office of Executive  Engineer (Electrical), BMU, Dhaka.",,Dhaka,Works,NCT,TENDER,Tender - Single Lot,e-tender/bmu/elect./2026-27/22,226504,1312072,Open Tendering Method (OTM),Revenue,Government,Not applicable,Not applicable,"e-tender/bmu/elect./2026-27/22 Yearly Operation, Servicing & Maintenance for 02 nos. Lift (Lift no - 19 & 20 ) at Cabin Block, BMU, Shahbag, Dhaka.","Electrical machinery, apparatus, equipment and consumables;Electric motors, generators and transformers;Electric motors;Generators;Alternators;Cooling towers;Ballasts for discharge lamps or tubes;Parts of electric motors, generators and transformers;Transformers;Electricity distribution and control apparatus;Electrical apparatus for switching or protecting electrical circuits;Electrical circuit components;Parts of electricity distribution or control apparatus;Insulated wire and cable;Mains;Power distribution cables;Coaxial cable;Insulated cable accessories;Electric conductors for data and control purposes;Accumulators, primary cells and primary batteries;Primary cells;Primary batteries;Electric accumulators;Lighting equipment and electric lamps;Electric filament lamps;Lamps and light fittings;Parts of lamps and lighting equipment;Electrical equipment and apparatus;Electrical equipment for engines and vehicles;Sound or visual signalling apparatus;Magnets;Machines and apparatus with individual functions;Insulating fittings;Carbon electrodes;Electrical parts of machinery or apparatus;Electrical supplies and accessories;Electronic, electromechanical and electrotechnical supplies;Electronic equipment;Electromechanical equipment;Electrotechnical equipment",02-Aug-2026 11:00,13-Aug-2026 11:00,As per tender documents,"Yearly Operation, Servicing & Maintenance for 02 nos. Lift (Lift no - 19 & 20 ) at Cabin Block, BMU, Shahbag, Dhaka.",Lot wise,Package wise,Package wise,1000,Payment through Bank,07-Feb-2027,07-Feb-2027,1,"Yearly Operation, Servicing & Maintenance for 02 nos. Lift (Lift no - 19 & 20 ) at Cabin Block, BMU, Shahbag, Dhaka.",Bangladesh Medical University,60000,13-Sep-2026,12-Sep-2027,Md. Shahid  Akter,Executive Engr. (Elect.),"Address : BMU, Shahabag, Dhaka. City : Shahabag Thana : Dhaka South City Corporation District : Dhaka - 1000 Country : Bangladesh","BMU, Shahabag, Dhaka.",Shahabag,Dhaka South City Corporation,Dhaka - 1000,02-9666002,,https://www.eprocure.gov.bd/resources/common/ViewTender.jsp?id=1312072
Ministry of Health and Family Welfare,,Bangladesh Medical University,"Office of Executive  Engineer (Electrical), BMU, Dhaka.",,Dhaka,Works,NCT,TENDER,Tender - Single Lot,e-tender/bmu/elect./2026-27/15,226504,1312062,Open Tendering Method (OTM),Revenue,Government,Not applicable,Not applicable,"e-tender/bmu/elect./2026-27/15 Yearly Operation, Servicing & Maintenance for 07(seven) nos. Auxe Brand Lift ( Lift no - 33, 34, 35, 36, 37, 38 & 39) at Block - F ,BMU, Shahbag, Dhaka.","Electrical machinery, apparatus, equipment and consumables;Electric motors, generators and transformers;Electric motors;Generators;Alternators;Cooling towers;Ballasts for discharge lamps or tubes;Parts of electric motors, generators and transformers;Transformers;Electricity distribution and control apparatus;Electrical apparatus for switching or protecting electrical circuits;Electrical circuit components;Parts of electricity distribution or control apparatus;Insulated wire and cable;Mains;Power distribution cables;Coaxial cable;Insulated cable accessories;Electric conductors for data and control purposes;Accumulators, primary cells and primary batteries;Primary cells;Primary batteries;Electric accumulators;Lighting equipment and electric lamps;Electric filament lamps;Lamps and light fittings;Parts of lamps and lighting equipment;Electrical equipment and apparatus;Electrical equipment for engines and vehicles;Sound or visual signalling apparatus;Magnets;Machines and apparatus with individual functions;Insulating fittings;Carbon electrodes;Electrical parts of machinery or apparatus;Electrical supplies and accessories;Electronic, electromechanical and electrotechnical supplies;Electronic equipment;Electromechanical equipment;Electrotechnical equipment",02-Aug-2026 11:00,13-Aug-2026 11:00,As per tender documents,"Yearly Operation, Servicing & Maintenance for 07(seven) nos. Auxe Brand Lift ( Lift no - 33, 34, 35, 36, 37, 38 & 39) at Block - F ,BMU, Shahbag, Dhaka.",Lot wise,Package wise,Package wise,1500,Payment through Bank,07-Feb-2027,07-Feb-2027,1,"Yearly Operation, Servicing & Maintenance for 07(seven) nos. Auxe Brand Lift ( Lift no - 33, 34, 35, 36, 37, 38 & 39) at Block - F ,BMU, Shahbag, Dhaka.",Bangladesh Medical University,113000,16-Sep-2026,15-Sep-2027,Md. Shahid  Akter,Executive Engr. (Elect.),"Address : BMU, Shahabag, Dhaka. City : Shahabag Thana : Dhaka South City Corporation District : Dhaka - 1000 Country : Bangladesh","BMU, Shahabag, Dhaka.",Shahabag,Dhaka South City Corporation,Dhaka - 1000,02-9666002,,https://www.eprocure.gov.bd/resources/common/ViewTender.jsp?id=1312062
Ministry of Health and Family Welfare,,Bangladesh Medical University,"Office of Executive  Engineer (Electrical), BMU, Dhaka.",,Dhaka,Works,NCT,TENDER,Tender - Single Lot,e-tender/bmu/elect./2026-27/17,226504,1312066,Open Tendering Method (OTM),Revenue,Government,Not applicable,Not applicable,"e-tender/bmu/elect./2026-27/17 Yearly Operation, Servicing & Maintenance for.06 stages Escalator of OPD-1 at BMU, Shahbag, Dhaka.","Electrical machinery, apparatus, equipment and consumables;Electric motors, generators and transformers;Electric motors;Generators;Alternators;Cooling towers;Ballasts for discharge lamps or tubes;Parts of electric motors, generators and transformers;Transformers;Electricity distribution and control apparatus;Electrical apparatus for switching or protecting electrical circuits;Electrical circuit components;Parts of electricity distribution or control apparatus;Insulated wire and cable;Mains;Power distribution cables;Coaxial cable;Insulated cable accessories;Electric conductors for data and control purposes;Accumulators, primary cells and primary batteries;Primary cells;Primary batteries;Electric accumulators;Lighting equipment and electric lamps;Electric filament lamps;Lamps and light fittings;Parts of lamps and lighting equipment;Electrical equipment and apparatus;Electrical equipment for engines and vehicles;Sound or visual signalling apparatus;Magnets;Machines and apparatus with individual functions;Insulating fittings;Carbon electrodes;Electrical parts of machinery or apparatus;Electrical supplies and accessories;Electronic, electromechanical and electrotechnical supplies;Electronic equipment;Electromechanical equipment;Electrotechnical equipment",02-Aug-2026 11:00,13-Aug-2026 11:00,As per tender documents,"Yearly Operation, Servicing & Maintenance for.06 stages Escalator of OPD-1 at BMU, Shahbag, Dhaka.",Lot wise,Package wise,Package wise,500,Payment through Bank,07-Feb-2027,07-Feb-2027,1,"Yearly Operation, Servicing & Maintenance for.06 stages Escalator of OPD-1 at BMU, Shahbag, Dhaka.",Bangladesh Medical University,20000,14-Sep-2026,13-Sep-2027,Md. Shahid  Akter,Executive Engr. (Elect.),"Address : BMU, Shahabag, Dhaka. City : Shahabag Thana : Dhaka South City Corporation District : Dhaka - 1000 Country : Bangladesh","BMU, Shahabag, Dhaka.",Shahabag,Dhaka South City Corporation,Dhaka - 1000,02-9666002,,https://www.eprocure.gov.bd/resources/common/ViewTender.jsp?id=1312066
Ministry of Health and Family Welfare,,Bangladesh Medical University,"Office of Executive  Engineer (Electrical), BMU, Dhaka.",,Dhaka,Works,NCT,TENDER,Tender - Single Lot,e-tender/bmu/elect./2026-27/23,226504,1312074,Open Tendering Method (OTM),Revenue,Government,Not applicable,Not applicable,"e-tender/bmu/elect./2026-27/23 Yearly Operation, servicing & maintenance for 07 Nos. MP brand lift of Shaheed Abu Sayed International Convention Center at BMU,Shahbag,Dhaka-1000","Electrical machinery, apparatus, equipment and consumables;Electric motors, generators and transformers;Electric motors;Generators;Alternators;Cooling towers;Ballasts for discharge lamps or tubes;Parts of electric motors, generators and transformers;Transformers;Electricity distribution and control apparatus;Electrical apparatus for switching or protecting electrical circuits;Electrical circuit components;Parts of electricity distribution or control apparatus;Insulated wire and cable;Mains;Power distribution cables;Coaxial cable;Insulated cable accessories;Electric conductors for data and control purposes;Accumulators, primary cells and primary batteries;Primary cells;Primary batteries;Electric accumulators;Lighting equipment and electric lamps;Electric filament lamps;Lamps and light fittings;Parts of lamps and lighting equipment;Electrical equipment and apparatus;Electrical equipment for engines and vehicles;Sound or visual signalling apparatus;Magnets;Machines and apparatus with individual functions;Insulating fittings;Carbon electrodes;Electrical parts of machinery or apparatus;Electrical supplies and accessories;Electronic, electromechanical and electrotechnical supplies;Electronic equipment;Electromechanical equipment;Electrotechnical equipment",02-Aug-2026 11:00,13-Aug-2026 11:00,As per tender documents,"Yearly Operation, servicing & maintenance for 07 Nos. MP brand lift of Shaheed Abu Sayed International Convention Center at BMU,Shahbag,Dhaka-1000",Lot wise,Package wise,Package wise,1000,Payment through Bank,07-Feb-2027,07-Feb-2027,1,"Yearly Operation, servicing & maintenance for 07 nos. MP brand lift of Shaheed Abu Sayed International Convention Center at BMU,Shahbag,Dhaka-1000",Bangladesh Medical University,44000,10-Sep-2026,09-Sep-2027,Md. Shahid  Akter,Executive Engr. (Elect.),"Address : BMU, Shahabag, Dhaka. City : Shahabag Thana : Dhaka South City Corporation District : Dhaka - 1000 Country : Bangladesh","BMU, Shahabag, Dhaka.",Shahabag,Dhaka South City Corporation,Dhaka - 1000,02-9666002,,https://www.eprocure.gov.bd/resources/common/ViewTender.jsp?id=1312074
Ministry of Health and Family Welfare,,Bangladesh Medical University,"Office of Executive  Engineer (Electrical), BMU, Dhaka.",,Dhaka,Works,NCT,TENDER,Tender - Single Lot,e-tender/bmu/elect./2026-27/19,226504,1312069,Open Tendering Method (OTM),Revenue,Government,Not applicable,Not applicable,"e-tender/bmu/elect./2026-27/19 Yearly Operation, Servicing & Maintenance for 06 stages Escalator of OPD-2 at BMU, Shahbag, Dhaka.","Electrical machinery, apparatus, equipment and consumables;Electric motors, generators and transformers;Electric motors;Generators;Alternators;Cooling towers;Ballasts for discharge lamps or tubes;Parts of electric motors, generators and transformers;Transformers;Electricity distribution and control apparatus;Electrical apparatus for switching or protecting electrical circuits;Electrical circuit components;Parts of electricity distribution or control apparatus;Insulated wire and cable;Mains;Power distribution cables;Coaxial cable;Insulated cable accessories;Electric conductors for data and control purposes;Accumulators, primary cells and primary batteries;Primary cells;Primary batteries;Electric accumulators;Lighting equipment and electric lamps;Electric filament lamps;Lamps and light fittings;Parts of lamps and lighting equipment;Electrical equipment and apparatus;Electrical equipment for engines and vehicles;Sound or visual signalling apparatus;Magnets;Machines and apparatus with individual functions;Insulating fittings;Carbon electrodes;Electrical parts of machinery or apparatus;Electrical supplies and accessories;Electronic, electromechanical and electrotechnical supplies;Electronic equipment;Electromechanical equipment;Electrotechnical equipment",02-Aug-2026 11:00,13-Aug-2026 11:00,As per tender documents,"Yearly Operation, Servicing & Maintenance for 06 stages Escalator of OPD-2 at BMU, Shahbag, Dhaka.",Lot wise,Package wise,Package wise,500,Payment through Bank,07-Feb-2027,07-Feb-2027,1,"Yearly Operation, Servicing & Maintenance for 06 stages Escalator of OPD-2 at BMU, Shahbag, Dhaka.",Bangladesh Medical University,20000,14-Sep-2026,13-Sep-2027,Md. Shahid  Akter,Executive Engr. (Elect.),"Address : BMU, Shahabag, Dhaka. City : Shahabag Thana : Dhaka South City Corporation District : Dhaka - 1000 Country : Bangladesh","BMU, Shahabag, Dhaka.",Shahabag,Dhaka South City Corporation,Dhaka - 1000,02-9666002,,https://www.eprocure.gov.bd/resources/common/ViewTender.jsp?id=1312069
Ministry of Health and Family Welfare,,Bangladesh Medical University,"Office of Executive  Engineer (Electrical), BMU, Dhaka.",,Dhaka,Works,NCT,TENDER,Tender - Single Lot,e-tender/bmu/elect./2026-27/20,226504,1312070,Open Tendering Method (OTM),Revenue,Government,Not applicable,Not applicable,"e-tender/bmu/elect./2026-27/20 Yearly Operation, Servicing & Maintenance for 01 no.MP Brand Lift (Lift no - 17) at Cabin Block, BMU, Shahbag, Dhaka.","Electrical machinery, apparatus, equipment and consumables;Electric motors, generators and transformers;Electric motors;Generators;Alternators;Cooling towers;Ballasts for discharge lamps or tubes;Parts of electric motors, generators and transformers;Transformers;Electricity distribution and control apparatus;Electrical apparatus for switching or protecting electrical circuits;Electrical circuit components;Parts of electricity distribution or control apparatus;Insulated wire and cable;Mains;Power distribution cables;Coaxial cable;Insulated cable accessories;Electric conductors for data and control purposes;Accumulators, primary cells and primary batteries;Primary cells;Primary batteries;Electric accumulators;Lighting equipment and electric lamps;Electric filament lamps;Lamps and light fittings;Parts of lamps and lighting equipment;Electrical equipment and apparatus;Electrical equipment for engines and vehicles;Sound or visual signalling apparatus;Magnets;Machines and apparatus with individual functions;Insulating fittings;Carbon electrodes;Electrical parts of machinery or apparatus;Electrical supplies and accessories;Electronic, electromechanical and electrotechnical supplies;Electronic equipment;Electromechanical equipment;Electrotechnical equipment",02-Aug-2026 11:00,13-Aug-2026 11:00,As per tender documents,"Yearly Operation, Servicing & Maintenance for 01 no.MP Brand Lift (Lift no - 17) at Cabin Block, BMU, Shahbag, Dhaka.",Lot wise,Package wise,Package wise,500,Payment through Bank,07-Feb-2027,07-Feb-2027,1,"Yearly Operation, Servicing & Maintenance for 01 no.MP Brand Lift (Lift no - 17) at Cabin Block, BMU, Shahbag, Dhaka.",Bangladesh Medical University,25000,15-Sep-2026,14-Sep-2027,Md. Shahid  Akter,Executive Engr. (Elect.),"Address : BMU, Shahabag, Dhaka. City : Shahabag Thana : Dhaka South City Corporation District : Dhaka - 1000 Country : Bangladesh","BMU, Shahabag, Dhaka.",Shahabag,Dhaka South City Corporation,Dhaka - 1000,02-9666002,,https://www.eprocure.gov.bd/resources/common/ViewTender.jsp?id=1312070
Ministry of Health and Family Welfare,,Bangladesh Medical University,"Office of Executive  Engineer (Electrical), BMU, Dhaka.",,Dhaka,Goods,NCT,TENDER,Tender - Single Lot,e-tender/bmu/elect./2026-27/25,226504,1312078,Open Tendering Method (OTM),Revenue,Government,Not applicable,Not applicable,"e-tender/bmu/elect./2026-27/25 Replacement & repair of existing damaged/unserviceable components of 10 stops Unite brand bed cum passenger Lift ( Lift no- 09)   at Block - C , BMU, Shahbag, Dhaka.","Electrical machinery, apparatus, equipment and consumables;Electric motors, generators and transformers;Electric motors;Generators;Alternators;Cooling towers;Ballasts for discharge lamps or tubes;Parts of electric motors, generators and transformers;Transformers;Electricity distribution and control apparatus;Electrical apparatus for switching or protecting electrical circuits;Electrical circuit components;Parts of electricity distribution or control apparatus;Insulated wire and cable;Mains;Power distribution cables;Coaxial cable;Insulated cable accessories;Electric conductors for data and control purposes;Accumulators, primary cells and primary batteries;Primary cells;Primary batteries;Electric accumulators;Lighting equipment and electric lamps;Electric filament lamps;Lamps and light fittings;Parts of lamps and lighting equipment;Electrical equipment and apparatus;Electrical equipment for engines and vehicles;Sound or visual signalling apparatus;Magnets;Machines and apparatus with individual functions;Insulating fittings;Carbon electrodes;Electrical parts of machinery or apparatus;Electrical supplies and accessories;Electronic, electromechanical and electrotechnical supplies;Electronic equipment;Electromechanical equipment;Electrotechnical equipment",02-Aug-2026 11:00,13-Aug-2026 11:00,"The Tenderer shall submit with its Tender the following additional documents: 1. Having experience in successful completion of Maintenance ,repair & servicing or spare parts supply & installation of XiZi unite brand lift Repair & maintenance works in a single tender amounting to Tk. 3,30,000.00 (Three lac thirty thousand) only under Govt./Semi-Govt./Autonomous bodies/Private Organization within last 05(five) years (The years counting backward from the date of invitation of tender). The certifying authority for that work completion shall be an officer not below the rank of Executive Engineer . 2. The minimum amount of liquid asset or working capital or Letter of Commitment for Bank’s Undertaking for Line of Credit of Tender and Contract Forms must be submitted for this purpose of the successful Tenderer shall not be less than Tk.3,80,000.00 (Three lac eighty thousand) Only. The supporting Bank document submitted along with the tender must be issued in between publication date and submission date of this Tender. 3. Contractor/Firm must have up to date ABC/BC category contractor and supervisory license from electricity licensing board, Government of the People ’s Republic of Bangladesh. 4. Up to date income tax clearance certificate mentioning TIN. 5. VAT Registration certificate. 6. Up to date renewed Trade License. 7. Other required eligibility criteria & condition as mentioned in tender document. 8. NID Copy","Replacement & repair of existing damaged/unserviceable components of 10 stops Unite brand bed cum passenger Lift ( Lift no- 09) at Block - C , BMU, Shahbag, Dhaka.",Lot wise,Package wise,Package wise,500,Payment through Bank,07-Feb-2027,07-Feb-2027,1,"Replacement & repair of existing damaged/unserviceable components of 10 stops Unite brand bed cum passenger Lift ( Lift no- 09)   at Block - C , BMU, Shahbag, Dhaka.+",Bangladesh Medical University,13000,01-Sep-2026,15-Sep-2026,Md. Shahid  Akter,Executive Engr. (Elect.),"Address : BMU, Shahabag, Dhaka. City : Shahabag Thana : Dhaka South City Corporation District : Dhaka - 1000 Country : Bangladesh","BMU, Shahabag, Dhaka.",Shahabag,Dhaka South City Corporation,Dhaka - 1000,02-9666002,,https://www.eprocure.gov.bd/resources/common/ViewTender.jsp?id=1312078
Ministry of Health and Family Welfare,,Bangladesh Medical University,"Office of Executive  Engineer (Electrical), BMU, Dhaka.",,Dhaka,Goods,NCT,TENDER,Tender - Single Lot,e-tender/bmu/elect./2026-27/26,226504,1312764,Open Tendering Method (OTM),Revenue,Government,Not applicable,Not applicable,"e-tender/bmu/elect./2026-27/26 Supply & fitting of security lights and related works at Bangladesh Medical University, Shahbag, Dhaka-1000","Electrical machinery, apparatus, equipment and consumables;Electric motors, generators and transformers;Electric motors;Generators;Alternators;Cooling towers;Ballasts for discharge lamps or tubes;Parts of electric motors, generators and transformers;Transformers;Electricity distribution and control apparatus;Electrical apparatus for switching or protecting electrical circuits;Electrical circuit components;Parts of electricity distribution or control apparatus;Insulated wire and cable;Mains;Power distribution cables;Coaxial cable;Insulated cable accessories;Electric conductors for data and control purposes;Accumulators, primary cells and primary batteries;Primary cells;Primary batteries;Electric accumulators;Lighting equipment and electric lamps;Electric filament lamps;Lamps and light fittings;Parts of lamps and lighting equipment;Electrical equipment and apparatus;Electrical equipment for engines and vehicles;Sound or visual signalling apparatus;Magnets;Machines and apparatus with individual functions;Insulating fittings;Carbon electrodes;Electrical parts of machinery or apparatus;Electrical supplies and accessories;Electronic, electromechanical and electrotechnical supplies;Electronic equipment;Electromechanical equipment;Electrotechnical equipment",02-Aug-2026 11:00,13-Aug-2026 11:00,"Tenderers shall submit with its Tender the following additional documents: 1. Having experience in successful completion of similar nature of works in a single tender amounting to Tk.1,50,000.00 (One lac fifty thousand) Only in a single Tender during last five years [the years counting backward from the date of invitation of this tender (IFT)] under any Government/Semi Govt./Autonomous Bodies.The certifying authority for that work completion shall be an officer not below the rank of Executive Engineer as per attached Form with Tender document. 2. The minimum amount of liquid asset or working capital or Letter of Commitment for Bank’s Undertaking for Line of Credit (as per Form e-PG-7) of Tender and Contract Forms must be submitted for this purpose of the successful Tenderer shall not be less than Tk.2,00,000.00 (Two lac) Only. The supporting Bank document submitted along with the tender must be issued in between publication date and submission date of this Tender. 3. Contractor/Firm must have up to date ABC/BC category contractor and supervisory license from electricity licensing board, Government of the people’s Republic of Bangladesh. 4.Up to date income tax clearance certificate mentioning TIN. 5. VAT Registration certificate . 6. Up to date renewed Trade License.","Supply & fitting of security lights and related works at Bangladesh Medical University, Shahbag, Dhaka-1000",Lot wise,Package wise,Package wise,500,Payment through Bank,07-Feb-2027,07-Feb-2027,1,"Supply & fitting of security lights and related works at Bangladesh Medical University, Shahbag, Dhaka-1000","Bangladesh Medical University, Shahbag, Dhaka",6000,01-Sep-2026,15-Sep-2026,Md. Shahid  Akter,Executive Engr. (Elect.),"Address : BMU, Shahabag, Dhaka. City : Shahabag Thana : Dhaka South City Corporation District : Dhaka - 1000 Country : Bangladesh","BMU, Shahabag, Dhaka.",Shahabag,Dhaka South City Corporation,Dhaka - 1000,02-9666002,,https://www.eprocure.gov.bd/resources/common/ViewTender.jsp?id=1312764
Ministry of Housing and Public Works,,Public Works Department (PWD),"PWD EM Division-11, Dhaka",,Dhaka,Physical Services,NCT,PPS,,,226129,1314457,Open Tendering Method (OTM),Revenue,Government,Not applicable,Not applicable,"em_11_bb_outsource_21/26-27 Providing Electrician, Assistant Electrician, Electrical Helper, AC Mechanic, AC Mechanic Helper, Lift Mechanic, Liftman, Pump Operator, Pump Helper & Security Guard -1 No. each by outsourcing manpower for PWD Bangabhaban E/M Sub-Division, Bangabhaban, Dhaka.",Private households with employed persons; Services of commercial and industrial workers; Services of commercial workers; Services of industrial workers; Manpower services; Domestic services;,,16-Aug-2026 10:34,"1.The minimum number of years of general experience of the Tenderer shall be 03 (Three) years. 2. The minimum specific experience as a Prime Contractor in supplying manpower over a period of last 02 (Two) years in a single contract with a value of minimum Tk. 20 (Twenty) lac shal be required. 3. The required average annual turnover of the Tenderer shal be at least Tk. 22 (Twenty two) lac over the last 03 (Three) years. 4. The minimum amount of liquid assets or credit line(s)of the Tenderer shall be Tk. 20 (Twenty) lac (Form e-PPS2-5). 5. The Tenderer must submit the following updated documents: valid Trade License, VAT registration certificate, Income Tax Clearance Certificate, Bank solvency certificate, Papers related to previous manpower supply experience. 6. Updated License/ Registration Document as manpower provider firm issued by Department of Inspection for Factories and Establishments (DIFE) in compliance of Section 3Ka(1) of Bangladesh Labor Act 2006. Failure in submitting of such document shall lead to the non-responsiveness of the concerned bidder. 7. Years counting backward from the date of publication of IFT in the newspaper. [The full eligibility and qualification criteria will be available in details in the Tender Data Sheet (TDS, Section-2) of Tender Document].","Providing Electrician, Assistant Electrician, Electrical Helper, AC Mechanic, AC Mechanic Helper, Lift Mechanic, Liftman, Pump Operator, Pump Helper & Security Guard -1 No. each by outsourcing manpower for PWD Bangabhaban E/M Sub-Division, Bangabhaban, Dhaka.",Package wise,,Package wise,1500,Payment through Bank,12-Dec-2026,12-Dec-2026,,,Dhaka,,25-Aug-2026,25-Aug-2027,Md. Shoriful Islam,Executive Engineer,Address : Dhaka City : Dhaka Thana : Dhaka South City Corporation District : Dhaka - 1000 Country : Bangladesh,Dhaka,Dhaka,Dhaka South City Corporation,Dhaka - 1000,02-9562832,,https://www.eprocure.gov.bd/resources/common/ViewTender.jsp?id=1314457
Ministry of Home Affairs,,Bangladesh Coast Guard Force,OFFICE OF THE ZONAL COMMANDER DHAKA ZONE,,Dhaka,Goods,NCT,TENDER,Tender - Single Lot,44.08.2680.101.33.021.26.51,225141,1313666,Open Tendering Method (OTM),Revenue,Government,Not applicable,Not applicable,GR DZ MT-01 Procurement of Necessary Paint Items for MT Pool Vehicles of Bangladesh Coast Guard Dhaka Zone,"Paints, varnishes, printing ink and mastics; Chemicals, chemical products and man-made fibres; Paints; Varnishes; Ink; Mastics, fillers, putty; Solvents;",02-Aug-2026 11:00,12-Aug-2026 11:00,Procurement of Necessary Paint Items for MT Pool Vehicles of Bangladesh Coast Guard Dhaka Zone,Procurement of Necessary Paint Items for MT Pool Vehicles of Bangladesh Coast Guard Dhaka Zone,Lot wise,Package wise,Package wise,500,Payment through Bank,19-Oct-2026,19-Oct-2026,1,Procurement of Necessary Paint Items for MT Pool Vehicles of Bangladesh Coast Guard Dhaka Zone,Coast Guard Headquarter,17400,13-Aug-2026,10-Sep-2026,MD. IMTIAZ HOSSAIN,Zonal Commander Dhaka,"Address : কোস্ট গার্ড সদর দপ্তর
ব্লক-ই, প্লট-১২বি,
আগারগাঁও, শের-ই-বাংলা নগর,
প্রশাসনিক এলাকা, ঢাকা-১২০৭ City : Dhaka Thana : Dhaka North City Corporation District : Dhaka - 1207 Country : Bangladesh",,Dhaka,Dhaka North City Corporation,Dhaka - 1207,02-41025611,,https://www.eprocure.gov.bd/resources/common/ViewTender.jsp?id=1313666
Ministry of Local Government,Rural Development and Co-operatives,Chittagong City Corporation,"Office of Superintending Engineer (Civil), Zone-5",,Chattogram,Works,NCT,TENDER,Tender - Single Lot,SE3/zone5/2025-26/W-13,226805,1314086,Open Tendering Method (OTM),Revenue,Government,Not applicable,Not applicable,"SE3/zone5/2025-26/W-13 Repairing road cutting of Eidghah borof kol road, Hasan mazar road, Bou bazar road, Amtoli road, Sona Shah mazar road and Ketura mosjid road at 25 no ward","Construction work;Site preparation work;Building demolition and wrecking work and earthmoving work;Test drilling and boring work;Works for complete or part construction and civil engineering work;Building construction work;Engineering works and construction works;Construction work for pipelines, communication and power lines, for highways, roads, airfields and railways; flatwork;Construction work for water projects;Construction works for plants, mining and manufacturing and for buildings relating to the oil and gas industry;Roof works and other special trade construction works;Building installation work;Electrical installation work;Insulation work;Plumbing and sanitary works;Fencing, railing and safety equipment installation work;Mechanical installations;Building completion work;Plastering work;Joinery and carpentry installation work;Floor and wall covering work;Painting and glazing work;Other building completion work;Hire of construction and civil engineering machinery and equipment with operator;Hire of cranes with operator;Hire of earthmoving equipment with operator",02-Aug-2026 11:00,11-Aug-2026 14:00,As per TDS,"Repairing road cutting of Eidghah borof kol road, Hasan mazar road, Bou bazar road, Amtoli road, Sona Shah mazar road and Ketura mosjid road at 25 no ward",Lot wise,Package wise,Package wise,1500,Payment through Bank,08-Dec-2026,08-Dec-2026,single,"Repairing road cutting of Eidghah borof kol road, Hasan mazar road, Bou bazar road, Amtoli road, Sona Shah mazar road and Ketura mosjid road at 25 no ward",25 no ward,77000,01-Sep-2026,31-Dec-2026,Abu Sadat Mohammad Tayab,Superintending Engineer (A.C),Address : Nagar Bhaban Tiger pass Chittagong City : Chattogram Thana : Chattogram City Corporation District : Chattogram - 4000 Country : Bangladesh,Nagar Bhaban Tiger pass Chittagong,Chattogram,Chattogram City Corporation,Chattogram - 4000,02-333388818,,https://www.eprocure.gov.bd/resources/common/ViewTender.jsp?id=1314086
Ministry of Local Government,Rural Development and Co-operatives,Chittagong City Corporation,"Office of Superintending Engineer (Civil), Zone-5",,Chattogram,Works,NCT,TENDER,Tender - Single Lot,SE3/zone5/2025-26/W-10,226805,1314083,Open Tendering Method (OTM),Revenue,Government,Not applicable,Not applicable,SE3/zone5/2025-26/W-10 Purbo Firoz shah colony CD building at 9 no ward,"Construction work;Site preparation work;Building demolition and wrecking work and earthmoving work;Test drilling and boring work;Works for complete or part construction and civil engineering work;Building construction work;Engineering works and construction works;Construction work for pipelines, communication and power lines, for highways, roads, airfields and railways; flatwork;Construction work for water projects;Construction works for plants, mining and manufacturing and for buildings relating to the oil and gas industry;Roof works and other special trade construction works;Building installation work;Electrical installation work;Insulation work;Plumbing and sanitary works;Fencing, railing and safety equipment installation work;Mechanical installations;Building completion work;Plastering work;Joinery and carpentry installation work;Floor and wall covering work;Painting and glazing work;Other building completion work;Hire of construction and civil engineering machinery and equipment with operator;Hire of cranes with operator;Hire of earthmoving equipment with operator",02-Aug-2026 10:47,11-Aug-2026 14:00,As per TDS,Purbo Firoz shah colony CD building at 9 no ward,Lot wise,Package wise,Package wise,1500,Payment through Bank,08-Dec-2026,08-Dec-2026,single,Purbo Firoz shah colony CD building at 9 no ward,9 no ward,77000,01-Sep-2026,30-Nov-2026,Abu Sadat Mohammad Tayab,Superintending Engineer (A.C),Address : Nagar Bhaban Tiger pass Chittagong City : Chattogram Thana : Chattogram City Corporation District : Chattogram - 4000 Country : Bangladesh,Nagar Bhaban Tiger pass Chittagong,Chattogram,Chattogram City Corporation,Chattogram - 4000,02-333388818,,https://www.eprocure.gov.bd/resources/common/ViewTender.jsp?id=1314083
Ministry of Local Government,Rural Development and Co-operatives,Chittagong City Corporation,"Office of Superintending Engineer (Civil), Zone-5",,Chattogram,Works,NCT,TENDER,Tender - Single Lot,SE3/zone5/2025-26/W-11,226805,1314084,Open Tendering Method (OTM),Revenue,Government,Not applicable,Not applicable,SE3/zone5/2025-26/W-11 Al hera mosjid goli main road at 9 no ward,"Construction work;Site preparation work;Building demolition and wrecking work and earthmoving work;Test drilling and boring work;Works for complete or part construction and civil engineering work;Building construction work;Engineering works and construction works;Construction work for pipelines, communication and power lines, for highways, roads, airfields and railways; flatwork;Construction work for water projects;Construction works for plants, mining and manufacturing and for buildings relating to the oil and gas industry;Roof works and other special trade construction works;Building installation work;Electrical installation work;Insulation work;Plumbing and sanitary works;Fencing, railing and safety equipment installation work;Mechanical installations;Building completion work;Plastering work;Joinery and carpentry installation work;Floor and wall covering work;Painting and glazing work;Other building completion work;Hire of construction and civil engineering machinery and equipment with operator;Hire of cranes with operator;Hire of earthmoving equipment with operator",02-Aug-2026 10:41,11-Aug-2026 14:00,As per TDS,Al hera mosjid goli main road at 9 no ward,Lot wise,Package wise,Package wise,1500,Payment through Bank,08-Dec-2026,08-Dec-2026,single,Al hera mosjid goli main road at 9 no ward,9 no ward,100000,01-Sep-2026,30-Nov-2026,Abu Sadat Mohammad Tayab,Superintending Engineer (A.C),Address : Nagar Bhaban Tiger pass Chittagong City : Chattogram Thana : Chattogram City Corporation District : Chattogram - 4000 Country : Bangladesh,Nagar Bhaban Tiger pass Chittagong,Chattogram,Chattogram City Corporation,Chattogram - 4000,02-333388818,,https://www.eprocure.gov.bd/resources/common/ViewTender.jsp?id=1314084
Ministry of Local Government,Rural Development and Co-operatives,Department of Public Health Engineering (DPHE),"Office of the Executive Engineer,DPHE,Jessore",PE-18,Jashore,Works,NCT,TENDER,Tender - Single Lot,"46.03.2600.545.14.001.20-1428, Date: 22/07/2026",228788,1313555,Open Tendering Method (OTM),Development,Government,224303400,Project for Safe Water Supply Throughout the Country.,"PSWSC-8618 Installation of 176 Nos Deep Tube well (100x38mm) with Submersible pump at Jhikargacha (SDTW-88 Nos) & Sharsha (SDTW-88 Nos) Upazila in Jashore Division Under Project for Safe Water Supply Through Out The Country (PSWSC), FY 2026-27.",Collected and purified water;Natural water;Drinking water;Non-drinking water,02-Aug-2026 10:40,16-Aug-2026 13:00,"As per TDS. ''It is to be noted that tenderer quoted boring rate should be increased proportionately according to the depth of the well, otherwise tender would be considered non-responsive without any acceptable clarification''.","PSWSC-8618 Installation of 176 Nos Deep Tube well (100x38mm) with Submersible pump at Jhikargacha (SDTW-88 Nos) & Sharsha (SDTW-88 Nos) Upazila in Jashore Division Under Project for Safe Water Supply Through Out The Country (PSWSC), FY 2026-27.",Lot wise,Package wise,Package wise,4000,Payment through Bank,11-Feb-2027,11-Feb-2027,1,"Installation of 176 Nos Deep Tube well (100x38mm) with Submersible pump at Jhikargacha (SDTW-88 Nos) & Sharsha (SDTW-88 Nos) Upazila in Jashore Division Under Project for Safe Water Supply Through Out The Country (PSWSC), FY 2026-27.",Jhikargacha and Sharsha,650000,30-Sep-2026,30-Sep-2027,Md. Abdul Alim Gazi,Executive Engineer,"Address : Guru Das,Babu Lane,Jessore City : Jessore Thana : Jashore Sadar District : Jashore - 7400 Country : Bangladesh","Guru Das,Babu Lane,Jessore",Jessore,Jashore Sadar,Jashore - 7400,0421-63728,,https://www.eprocure.gov.bd/resources/common/ViewTender.jsp?id=1313555
Ministry of Local Government,Rural Development and Co-operatives,Chittagong City Corporation,"Office of Superintending Engineer (Civil), Zone-5",,Chattogram,Works,NCT,TENDER,Tender - Single Lot,SE3/zone5/2025-26/W-12,226805,1314085,Open Tendering Method (OTM),Revenue,Government,Not applicable,Not applicable,SE3/zone5/2025-26/W-12 Development of Pahartoli  CDA market road at 9 no ward,"Construction work;Site preparation work;Building demolition and wrecking work and earthmoving work;Test drilling and boring work;Works for complete or part construction and civil engineering work;Building construction work;Engineering works and construction works;Construction work for pipelines, communication and power lines, for highways, roads, airfields and railways; flatwork;Construction work for water projects;Construction works for plants, mining and manufacturing and for buildings relating to the oil and gas industry;Roof works and other special trade construction works;Building installation work;Electrical installation work;Insulation work;Plumbing and sanitary works;Fencing, railing and safety equipment installation work;Mechanical installations;Building completion work;Plastering work;Joinery and carpentry installation work;Floor and wall covering work;Painting and glazing work;Other building completion work;Hire of construction and civil engineering machinery and equipment with operator;Hire of cranes with operator;Hire of earthmoving equipment with operator",02-Aug-2026 10:37,11-Aug-2026 14:00,As per TDS,SE3/zone5/2025-26/W-12 Development of Pahartoli CDA market road at 9 no ward,Lot wise,Package wise,Package wise,1500,Payment through Bank,08-Dec-2026,08-Dec-2026,Single,Development of Pahartoli  CDA market road at 9 no ward,9 no ward,95000,01-Sep-2026,31-Dec-2026,Abu Sadat Mohammad Tayab,Superintending Engineer (A.C),Address : Nagar Bhaban Tiger pass Chittagong City : Chattogram Thana : Chattogram City Corporation District : Chattogram - 4000 Country : Bangladesh,Nagar Bhaban Tiger pass Chittagong,Chattogram,Chattogram City Corporation,Chattogram - 4000,02-333388818,,https://www.eprocure.gov.bd/resources/common/ViewTender.jsp?id=1314085
Ministry of Local Government,Rural Development and Co-operatives,Chittagong City Corporation,"Office of Superintending Engineer (Civil), Zone-5",,Chattogram,Works,NCT,TENDER,Tender - Single Lot,SE3/zone5/2025-26/W-9,226805,1314082,Open Tendering Method (OTM),Revenue,Government,Not applicable,Not applicable,SE3/zone5/2025-26/W-9 Development of Moddom Saraipara Evtadla madrasha somaz road & by lane with drain at 12 no ward,"Construction work;Site preparation work;Building demolition and wrecking work and earthmoving work;Test drilling and boring work;Works for complete or part construction and civil engineering work;Building construction work;Engineering works and construction works;Construction work for pipelines, communication and power lines, for highways, roads, airfields and railways; flatwork;Construction work for water projects;Construction works for plants, mining and manufacturing and for buildings relating to the oil and gas industry;Roof works and other special trade construction works;Building installation work;Electrical installation work;Insulation work;Plumbing and sanitary works;Fencing, railing and safety equipment installation work;Mechanical installations;Building completion work;Plastering work;Joinery and carpentry installation work;Floor and wall covering work;Painting and glazing work;Other building completion work;Hire of construction and civil engineering machinery and equipment with operator;Hire of cranes with operator;Hire of earthmoving equipment with operator",02-Aug-2026 10:33,11-Aug-2026 14:00,As per TDS,SE3/zone5/2025-26/W-9 Development of Moddom Saraipara Evtadla madrasha somaz road & by lane with drain at 12 no ward,Lot wise,Package wise,Package wise,2500,Payment through Bank,08-Dec-2026,08-Dec-2026,single,Development of Moddom Saraipara Evtadla madrasha somaz road & by lane with drain at 12 no ward,12 no ward,140000,01-Sep-2026,30-Nov-2026,Abu Sadat Mohammad Tayab,Superintending Engineer (A.C),Address : Nagar Bhaban Tiger pass Chittagong City : Chattogram Thana : Chattogram City Corporation District : Chattogram - 4000 Country : Bangladesh,Nagar Bhaban Tiger pass Chittagong,Chattogram,Chattogram City Corporation,Chattogram - 4000,02-333388818,,https://www.eprocure.gov.bd/resources/common/ViewTender.jsp?id=1314082
Ministry of Local Government,Rural Development and Co-operatives,Chittagong City Corporation,"Office of Superintending Engineer (Civil), Zone-5",,Chattogram,Works,NCT,TENDER,Tender - Single Lot,SE3/zone5/2025-26/W-8,226805,1313842,Open Tendering Method (OTM),Revenue,Government,Not applicable,Not applicable,SE3/zone5/2025-26/W-8 Development of Chan Mia road at 10 no ward,"Construction work;Site preparation work;Building demolition and wrecking work and earthmoving work;Test drilling and boring work;Works for complete or part construction and civil engineering work;Building construction work;Engineering works and construction works;Construction work for pipelines, communication and power lines, for highways, roads, airfields and railways; flatwork;Construction work for water projects;Construction works for plants, mining and manufacturing and for buildings relating to the oil and gas industry;Roof works and other special trade construction works;Building installation work;Electrical installation work;Insulation work;Plumbing and sanitary works;Fencing, railing and safety equipment installation work;Mechanical installations;Building completion work;Plastering work;Joinery and carpentry installation work;Floor and wall covering work;Painting and glazing work;Other building completion work;Hire of construction and civil engineering machinery and equipment with operator;Hire of cranes with operator;Hire of earthmoving equipment with operator",02-Aug-2026 10:30,11-Aug-2026 14:00,As per TDS,Development of Chan Mia road at 10 no ward,Lot wise,Package wise,Package wise,1500,Payment through Bank,08-Dec-2026,08-Dec-2026,single,Development of Chan Mia road at 10 no ward,10 no ward,120000,01-Sep-2026,30-Nov-2026,Abu Sadat Mohammad Tayab,Superintending Engineer (A.C),Address : Nagar Bhaban Tiger pass Chittagong City : Chattogram Thana : Chattogram City Corporation District : Chattogram - 4000 Country : Bangladesh,Nagar Bhaban Tiger pass Chittagong,Chattogram,Chattogram City Corporation,Chattogram - 4000,02-333388818,,https://www.eprocure.gov.bd/resources/common/ViewTender.jsp?id=1313842
Ministry of Finance,Financial Institutions Division,Karmasangsthan Bank,"IT System, Research  & Development Department",KB003,Dhaka,Goods,NCT,TENDER,Tender - Single Lot,53.17.0000.000.071.07.0001.26.45,227944,1313719,Open Tendering Method (OTM),Own Fund,Own Fund,Not applicable,Not applicable,Package-02/2026-27 Procurement of 2 Core Firewall for Server Room of Karmasangsthan Bank,"Office and computing machinery, equipment and supplies; Repair, maintenance and installation services; Computer and related services;Office machinery, equipment and supplies except computers;Word-processing machines;Photocopying and printing equipment;Post-office equipment;Calculating and accounting machines;Typewriters;Parts and accessories of typewriters and calculating machines;Various office equipment and supplies;Computer equipment and supplies;Data-processing machines;Digital cartography equipment;Computer hardware;Software;Computer systems;Servers;Repair, maintenance and associated services of vehicles and related equipment;Repair and maintenance services of motor vehicles and associated equipment;Demolition services of vehicles;Repair, maintenance and associated services related to aircraft, railways, roads and marine equipment;Repair, maintenance and associated services related to aircraft and other equipment;Repair, maintenance and associated services related to railways and other equipment;Repair, maintenance and associated services related to roads and other equipment;Repair, maintenance and associated services related to marine and other equipment;Repair, maintenance and associated services related to personal computers, office equipment, telecommunications and audio-visual equipment;Maintenance and repair of office machinery;Repair and maintenance services of personal computers;Maintenance services of telecommunications equipment;Repair and maintenance services of audio-visual and optical equipment;Repair and maintenance services of medical and precision equipment;Repair and maintenance services of measuring, testing and checking apparatus;Repair and maintenance services of medical and surgical equipment;Repair and maintenance services of precision equipment;Repair and maintenance services for pumps, valves, taps and metal containers and machinery;Repair and maintenance services of pumps, valves, taps and metal containers;Repair and maintenance services of machinery;Repair and maintenance services of building installations;Repair and maintenance services of electrical and mechanical building installations;Repair and maintenance services of central heating;Repair and maintenance services of cooler groups;Repair and maintenance services of escalators;Lift-maintenance services;Miscellaneous repair and maintenance services;Repair services of jewellery;Repair services of leather personal goods;Repair services of garments and textiles;Repair and maintenance services of weapons and weapon systems;Repair and maintenance services of furniture;Repair and maintenance services of musical instruments;Repair and maintenance services of playground equipment;Repair and maintenance services of hotel and restaurant equipment;Installation services;Installation services of electrical and mechanical equipment;Installation services of equipment for measuring, checking, testing and navigating;Installation services of communications equipment;Installation services of medical and surgical equipment;Installation services of machinery and equipment;Installation services of computers and office equipment;Installation services of metal containers;Hardware consultancy services;Hardware selection consultancy services;Hardware disaster-recovery consultancy services;Computer-site planning consultancy services;Computer hardware acceptance testing consultancy services;Computer audit consultancy and hardware consultancy services;Software programming and consultancy services;Programming services of packaged software products;Systems and technical consultancy services;Custom software development services;Systems analysis and programming services;System maintenance and support services;Software-related services;Data services;Data-processing services;Database services;Computer-related services;Computer-related management services;Computer support and consultancy services;Computer network services;Computer upgrade services;Computer audit services;Computer testing services;Computer back-up services;Computer catalogue conversion services;Computer-related professional services",02-Aug-2026 10:30,16-Aug-2026 14:30,"Tenderer shall have the legal capacity to enter into the Contract under the Applicable Law. Tenderer shall have fulfilled its obligations to pay taxes & Social security Contributions under the provisions of laws and regulations of Bangladesh. Tenderer in its own name or its other names or also in the case of its Persons in different names, shall not be under a declaration of ineligibility for corrupt, fraudulent, collusive or coercive practices. There should not be any pending litigation against the tenderer.",Procurement of 2 Core Firewall for Server Room of Karmasangsthan Bank,Lot wise,Package wise,Package wise,2500,Payment through Bank,11-Jan-2027,11-Jan-2027,Lot No - 1,Procurement of 2 Core Firewall for Server Room of Karmasangsthan Bank,"IT System, Research and Development Department, Karmasangsthan Bank, Head Office, Dhaka-1000",250000,17-Sep-2026,15-Dec-2026,Muhammad Arifuzzaman,SPO,"Address : IT System, Research  & Development Department
Karmasangsthan Bank,
Head Office,
1 RAJUK Avenue, Dhaka-1000. City : Dhaka Thana : Dhaka South City Corporation District : Dhaka - 1000 Country : Bangladesh",,Dhaka,Dhaka South City Corporation,Dhaka - 1000,02-41054742,,https://www.eprocure.gov.bd/resources/common/ViewTender.jsp?id=1313719
Ministry of Local Government,Rural Development and Co-operatives,Chittagong City Corporation,"Office of Superintending Engineer (Civil), Zone-5",,Chattogram,Works,NCT,TENDER,Tender - Single Lot,SE3/zone5/2025-26/W-7,226805,1313841,Open Tendering Method (OTM),Revenue,Government,Not applicable,Not applicable,SE3/zone5/2025-26/W-7 Development of Jakar Ali road retaining wall at 10 no ward,"Construction work;Site preparation work;Building demolition and wrecking work and earthmoving work;Test drilling and boring work;Works for complete or part construction and civil engineering work;Building construction work;Engineering works and construction works;Construction work for pipelines, communication and power lines, for highways, roads, airfields and railways; flatwork;Construction work for water projects;Construction works for plants, mining and manufacturing and for buildings relating to the oil and gas industry;Roof works and other special trade construction works;Building installation work;Electrical installation work;Insulation work;Plumbing and sanitary works;Fencing, railing and safety equipment installation work;Mechanical installations;Building completion work;Plastering work;Joinery and carpentry installation work;Floor and wall covering work;Painting and glazing work;Other building completion work;Hire of construction and civil engineering machinery and equipment with operator;Hire of cranes with operator;Hire of earthmoving equipment with operator",02-Aug-2026 10:30,11-Aug-2026 14:00,As per TDS,SE3/zone5/2025-26/W-7 Development of Jakar Ali road retaining wall at 10 no ward,Lot wise,Package wise,Package wise,2500,Payment through Bank,08-Dec-2026,08-Dec-2026,single,Development of Jakar Ali road retaining wall at 10 no ward,10 no ward,200000,01-Sep-2026,30-Nov-2026,Abu Sadat Mohammad Tayab,Superintending Engineer (A.C),Address : Nagar Bhaban Tiger pass Chittagong City : Chattogram Thana : Chattogram City Corporation District : Chattogram - 4000 Country : Bangladesh,Nagar Bhaban Tiger pass Chittagong,Chattogram,Chattogram City Corporation,Chattogram - 4000,02-333388818,,https://www.eprocure.gov.bd/resources/common/ViewTender.jsp?id=1313841
Ministry of Industries,,Bangladesh Steel & Engineering Corporation (BSEC),Pragoti Industries Limited. (PIL),4209,Chattogram,Physical Services,NCT,PPS,,,220386,1306027,Open Tendering Method (OTM),Own Fund,Own Fund,Not applicable,Not applicable,36.93.0000.518.07.36.26.194 Appointment of ISO 9001: 2015 Standard Implimentary Organization,Service Provider (Others); Miscellaneous services;,,17-Aug-2026 16:00,As Per Tender Schedule,Appointment of ISO 9001: 2015 Standard Implimentary Organization : The Assignments are given below : 01. Re Certification Audit 02. 1st Surveillance Audit 03. 2nd Surveillance Audit 04. Certification Audit,Package wise,,Package wise,500,Payment through Bank,13-Jan-2027,13-Jan-2027,,,Chattogram,,01-Oct-2026,30-Sep-2029,Md Siddikur Rahman Dewan,Manager(Purchase) & Head of Purchase,"Address : Pragoti Industries Limited
East nasirabad industrial area,
holding no - 78, plot no- 1 + 2D,  bayazid bostami road, nasirabad, chattagram City : Chittagong Thana : Chattogram City Corporation District : Chattogram - 4209 Country : Bangladesh",,Chittagong,Chattogram City Corporation,Chattogram - 4209,02-33331027,,https://www.eprocure.gov.bd/resources/common/ViewTender.jsp?id=1306027
Ministry of Health and Family Welfare,Health Services Division,Directorate General of Health Services (DGHS),"Sulla Upazila Health Complex , Sunamganj",,Sunamganj,Goods,NCT,TENDER,Tender - Single Lot,UHC/Sulla/Sunam/Tender/2026-2027/120,228707,1313015,Open Tendering Method (OTM),Revenue,Government,Not applicable,Not applicable,UHC/Sulla/Sunam/App 2026-27/MSR-05 Procurement of Chemical Re-Agent for the Fiscal year 2026-2027,"Medical and laboratory devices, optical and precision devices, watches and clocks, pharmaceuticals and related medical consumables; Health and social work services;Medical devices;Imaging equipment for medical, dental and veterinary use;Functional exploration;Dentistry;Medical non-chemical consumables and haematological consumables;Therapy;Operating techniques;Anaesthesia and resuscitation;Functional support;Miscellaneous medical devices;Instruments and appliances for measuring, checking, testing and navigating;Navigational, meteorological, geological and geophysical instruments;Remote-control equipment;Precision balances, instruments for drawing, calculating and measuring length;Instruments for measuring quantities;Instruments for checking physical characteristics;Checking and testing apparatus;Regulating and controlling instruments and apparatus;Non-medical equipment based on the use of radiations;Industrial process control equipment;Optical instruments;Spectacles and lenses;Polarising material;Astronomical and optical instruments;Liquid crystal devices;Photographic equipment;Horological instruments;Watches and clocks;Health services;Hospital and related services;Medical practice and related services;Dental practice and related services;Miscellaneous health services;Veterinary services;Social work and related services;Social work services;Social services",02-Aug-2026 10:00,11-Aug-2026 15:00,TDS & PCC,Procurement of Chemical Re-Agent for the Fiscal year 2026-2027,Lot wise,Package wise,Package wise,500,Payment through Bank,07-Jan-2027,07-Jan-2027,Single Lot,Procurement of Chemical Re-Agent for the Fiscal year 2026-2027,"Sulla Upazila Health Complex , Sunamganj",5000,13-Aug-2026,12-Nov-2026,DEBOBRATA AICH MAJUMDER,UH&FPO,"Address : Sulla Upazila Health Complex , Sunamganj City : Sulla Thana : Sulla District : Sunamganj - 3050 Country : Bangladesh","Sulla Upazila Health Complex , Sunamganj",Sulla,Sulla,Sunamganj - 3050,0170-1248770,,https://www.eprocure.gov.bd/resources/common/ViewTender.jsp?id=1313015
Ministry of Health and Family Welfare,Health Services Division,Directorate General of Health Services (DGHS),"Sulla Upazila Health Complex , Sunamganj",,Sunamganj,Goods,NCT,TENDER,Tender - Single Lot,UHC/Sulla/Sunam/Tender/2026-2027/120,228707,1313016,Open Tendering Method (OTM),Revenue,Government,Not applicable,Not applicable,UHC/Sulla/Sunam/App 2026-27/MSR-06 Procurement of Furniture for the Fiscal year 2026-2027,"Medical and laboratory devices, optical and precision devices, watches and clocks, pharmaceuticals and related medical consumables; Health and social work services;Medical devices;Imaging equipment for medical, dental and veterinary use;Functional exploration;Dentistry;Medical non-chemical consumables and haematological consumables;Therapy;Operating techniques;Anaesthesia and resuscitation;Functional support;Miscellaneous medical devices;Instruments and appliances for measuring, checking, testing and navigating;Navigational, meteorological, geological and geophysical instruments;Remote-control equipment;Precision balances, instruments for drawing, calculating and measuring length;Instruments for measuring quantities;Instruments for checking physical characteristics;Checking and testing apparatus;Regulating and controlling instruments and apparatus;Non-medical equipment based on the use of radiations;Industrial process control equipment;Optical instruments;Spectacles and lenses;Polarising material;Astronomical and optical instruments;Liquid crystal devices;Photographic equipment;Horological instruments;Watches and clocks;Health services;Hospital and related services;Medical practice and related services;Dental practice and related services;Miscellaneous health services;Veterinary services;Social work and related services;Social work services;Social services",02-Aug-2026 10:00,11-Aug-2026 15:00,TDS & PCC,Procurement of Furniture for the Fiscal year 2026-2027,Lot wise,Package wise,Package wise,500,Payment through Bank,07-Jan-2027,07-Jan-2027,Single Lot,Procurement of Furniture for the Fiscal year 2026-2027,"Sulla Upazila Health Complex , Sunamganj",5000,13-Aug-2026,12-Nov-2026,DEBOBRATA AICH MAJUMDER,UH&FPO,"Address : Sulla Upazila Health Complex , Sunamganj City : Sulla Thana : Sulla District : Sunamganj - 3050 Country : Bangladesh","Sulla Upazila Health Complex , Sunamganj",Sulla,Sulla,Sunamganj - 3050,0170-1248770,,https://www.eprocure.gov.bd/resources/common/ViewTender.jsp?id=1313016
Ministry of Health and Family Welfare,Health Services Division,Directorate General of Health Services (DGHS),"Sulla Upazila Health Complex , Sunamganj",,Sunamganj,Goods,NCT,TENDER,Tender - Single Lot,UHC/Sulla/Sunam/Tender/2026-2027/120,228707,1313014,Open Tendering Method (OTM),Revenue,Government,Not applicable,Not applicable,UHC/Sulla/Sunam/App 2026-27/MSR-04 Procurement of Linen for the Fiscal year 2026-2027,"Medical and laboratory devices, optical and precision devices, watches and clocks, pharmaceuticals and related medical consumables; Health and social work services;Medical devices;Imaging equipment for medical, dental and veterinary use;Functional exploration;Dentistry;Medical non-chemical consumables and haematological consumables;Therapy;Operating techniques;Anaesthesia and resuscitation;Functional support;Miscellaneous medical devices;Instruments and appliances for measuring, checking, testing and navigating;Navigational, meteorological, geological and geophysical instruments;Remote-control equipment;Precision balances, instruments for drawing, calculating and measuring length;Instruments for measuring quantities;Instruments for checking physical characteristics;Checking and testing apparatus;Regulating and controlling instruments and apparatus;Non-medical equipment based on the use of radiations;Industrial process control equipment;Optical instruments;Spectacles and lenses;Polarising material;Astronomical and optical instruments;Liquid crystal devices;Photographic equipment;Horological instruments;Watches and clocks;Health services;Hospital and related services;Medical practice and related services;Dental practice and related services;Miscellaneous health services;Veterinary services;Social work and related services;Social work services;Social services",02-Aug-2026 10:00,11-Aug-2026 15:00,TDS & PCC,Procurement of Linen for the Fiscal year 2026-2027,Lot wise,Package wise,Package wise,500,Payment through Bank,07-Jan-2027,07-Jan-2027,Single Lot,Procurement of Linen for the Fiscal year 2026-2027,"Sulla Upazila Health Complex , Sunamganj",12500,13-Aug-2026,12-Nov-2026,DEBOBRATA AICH MAJUMDER,UH&FPO,"Address : Sulla Upazila Health Complex , Sunamganj City : Sulla Thana : Sulla District : Sunamganj - 3050 Country : Bangladesh","Sulla Upazila Health Complex , Sunamganj",Sulla,Sulla,Sunamganj - 3050,0170-1248770,,https://www.eprocure.gov.bd/resources/common/ViewTender.jsp?id=1313014
Ministry of Health and Family Welfare,Health Services Division,Directorate General of Health Services (DGHS),"Sulla Upazila Health Complex , Sunamganj",,Sunamganj,Goods,NCT,TENDER,Tender - Single Lot,UHC/Sulla/Sunam/Tender/2026-2027/120,228707,1313017,Open Tendering Method (OTM),Revenue,Government,Not applicable,Not applicable,UHC/Sulla/Sunam/App 2026-27/Diet Procurement of Diet for the Fiscal year 2026-2027,"Food products and beverages; Hotel and restaurant services;Animal products, meat and meat products;Meat;Animal wool, hides and skins;Meat products;Prepared and preserved fish;Fish fillets, fish livers and roe;Frozen fish, fish fillets and other fish meat;Dried or salted fish; fish in brine; smoked fish;Canned or tinned fish and other prepared or preserved fish;Seafood;Fruit, vegetables and related products;Potatoes and potato products;Fruit and vegetable juices;Fruit and vegetables;Animal or vegetable oils and fats;Crude animal or vegetable oils and fats;Refined oils and fats;Edible fats;Dairy products;Milk and cream;Butter;Cheese products;Assorted dairy products;Grain mill products, starches and starch products;Grain mill products;Starches and starch products;Animal feedstuffs;Prepared animal feeds for farm and other animals;Miscellaneous food products;Bread products, fresh pastry goods and cakes;Rusks and biscuits; preserved pastry goods and cakes;Sugar and related products;Cocoa; chocolate and sugar confectionery;Pasta products;Coffee, tea and related products;Condiments and seasonings;Special nutritional products;Miscellaneous food products n.e.c. and dried goods;Beverages;Distilled alcoholic beverages;Wines;Cider and other fruit wines;Non-distilled fermented beverages;Malt beer;Non-alcoholic beverages;Hotel services;Camping sites and other non-hotel accommodation;Youth hostel services;Camping-site services;Holiday centre and holiday home services;Letting services of short-stay furnished accommodation;Sleeping-car services;Services provided by bed and breakfast establishments;Restaurant and food-serving services;Restaurant waiter services;Meal-serving services;Cafeteria services;Beverage-serving services;Bar management services;Canteen and catering services;Canteen services;Catering services",02-Aug-2026 10:00,11-Aug-2026 15:00,TDS & PCC,Procurement of Diet for the Fiscal year 2026-2027,Lot wise,Package wise,Package wise,1000,Payment through Bank,07-Jan-2027,07-Jan-2027,Single Lot,Procurement of Diet for the Fiscal year 2026-2027,Procurement of Diet for the Fiscal year 2026-2027,50000,13-Aug-2026,12-Nov-2026,DEBOBRATA AICH MAJUMDER,UH&FPO,"Address : Sulla Upazila Health Complex , Sunamganj City : Sulla Thana : Sulla District : Sunamganj - 3050 Country : Bangladesh","Sulla Upazila Health Complex , Sunamganj",Sulla,Sulla,Sunamganj - 3050,0170-1248770,,https://www.eprocure.gov.bd/resources/common/ViewTender.jsp?id=1313017
Ministry of Health and Family Welfare,Health Services Division,Directorate General of Health Services (DGHS),"Sulla Upazila Health Complex , Sunamganj",,Sunamganj,Goods,NCT,TENDER,Tender - Single Lot,UHC/Sulla/Sunam/Tender/2026-2027/120,228707,1313020,Open Tendering Method (OTM),Revenue,Government,Not applicable,Not applicable,UHC/Sulla/Sunam/App 2026-27/Others Procurement of Others Stationery for the Fiscal year 2026-2027,"Various types of pulp, paper and paper products; Various types of printed matter and articles for printing; Machinery, equipment, appliances, apparatus and associated products; Printing, publishing and related services;Pulp, paper and paperboard;Pulp;Paper and paperboard;Paper or paperboard articles;Corrugated paper or paperboard;Household and hospital paper articles;Paper stationery and other items;Wallpaper and other coverings;Cigarette paper and filter paper;Printed books, brochures and leaflets;Printed books;Publications;Directories;Leaflets;Brochures;Booklets;Newspapers, journals, periodicals and magazines;Newspapers;Postcards, greeting cards and other printed matter;Postcards;Greeting cards;Stamps, cheque forms, banknotes, stock certificates, trade advertising material, catalogues and manuals;Stamps;Stamp-impressed paper;Banknotes;Cheque forms;Security-type printed matter;Trade-advertising material, commercial catalogues and manuals;Manuals;Printing plates or cylinders or other media for use in printing;Offset plates;Dry-etching equipment;Paper or paperboard registers, account books, binders, forms and other articles of printed stationery;Paper or paperboard registers;Forms;Exercise books;Albums for samples;Binders and related accessories;Printed stationery except forms;Miscellaneous printed matter;Car-tax discs;Driving licences;ID cards;Permits;Entrance cards;Bespoke printed matter;Tickets;Machinery for the production and use of mechanical power;Turbines and motors;Pumps and compressors;Taps, cocks, valves and similar appliances;Gears, gearing and driving elements;General-purpose machinery;Industrial or laboratory furnaces, incinerators and ovens;Lifting and handling equipment and parts;Cooling and ventilation equipment;Miscellaneous general-purpose machinery;Agricultural, horticultural and forestry machinery;Agricultural and forestry machinery for soil preparation or cultivation;Harvesting machinery;Spraying machinery for agriculture or horticulture;Self-loading or unloading trailers and semi-trailers for agriculture;Specialist agricultural or forestry machinery;Tractors;Parts of agricultural and forestry machinery;Machine tools;Machine tools operated by laser and machining centres;Lathes, boring and milling machine tools;Metal-working machine tools;Machine tools for working hard materials except metals;Pneumatic or motorised hand tools;Soldering, brazing and welding tools, surface tempering and hot-spraying machines and equipment;Parts and accessories of machine tools;Special-purpose machinery and parts;Machinery for metallurgy and associated parts;Machinery for mining, quarrying and construction;Machinery for food, beverage and tobacco processing and associated parts;Machinery for textile, apparel and leather production;Machinery for paper or paperboard production;Miscellaneous special-purpose machinery;Weapons, ammunition and associated parts;Motorised tanks and armoured fighting vehicles;Military weapons;Firearms;Ammunition;Parts of military weapons;Truncheons or night sticks;Domestic appliances;Electrical domestic appliances;Non-electric domestic appliances;Miscellaneous equipment;Transport related equipment;Workshop equipment;Construction equipment;Catering equipment;Emergency and security equipment;Technical equipment;Miscellaneous equipment n.e.c.;Printing services;Printing services for books;Printing services for stationery;Printing services for security printed matter;Printing services for forms;Printing services for tickets;Printing services for calendars;Printing services for timetables;Newspaper printing services;Printing services for posters;Services related to printing;Print finishing services;Composition services;Printing and delivery services;Printing and distribution services;Publishing services;Bookbinding and finishing services;Subscription services",02-Aug-2026 10:00,11-Aug-2026 15:00,TDS & PCC,Procurement of Others Stationery for the Fiscal year 2026-2027,Lot wise,Package wise,Package wise,500,Payment through Bank,07-Jan-2027,07-Jan-2027,Single Lot,Procurement of Others Stationery for the Fiscal year 2026-2027,"Sulla Upazila Health Complex, Sunamganj",8000,13-Aug-2026,12-Nov-2026,DEBOBRATA AICH MAJUMDER,UH&FPO,"Address : Sulla Upazila Health Complex , Sunamganj City : Sulla Thana : Sulla District : Sunamganj - 3050 Country : Bangladesh","Sulla Upazila Health Complex , Sunamganj",Sulla,Sulla,Sunamganj - 3050,0170-1248770,,https://www.eprocure.gov.bd/resources/common/ViewTender.jsp?id=1313020
Ministry of Health and Family Welfare,Health Services Division,Directorate General of Health Services (DGHS),"Sulla Upazila Health Complex , Sunamganj",,Sunamganj,Goods,NCT,TENDER,Tender - Single Lot,UHC/Sulla/Sunam/Tender/2026-2027/120,228707,1313019,Open Tendering Method (OTM),Revenue,Government,Not applicable,Not applicable,UHC/Sulla/Sunam/App 2026-27/Washing Procurement of Washing Linen Item for the Fiscal year 2026-2027,Miscellaneous services;Washing and dry-cleaning services;Laundry-collection services;Textile-cleaning services;Fur-products cleaning services;Colouring services;Pressing services;Dyeing services;Hairdressing and beauty treatment services;Hairdressing services;Beauty treatment services;Physical well-being services;Turkish bath services;Spa services;Massage services;Accommodation and office services;Accommodation services;Civic-amenity services;Car-park management services;Marine services;Aquatic marine services;Port management services;Diving services;Funeral and related services;Funeral services;Miscellaneous services n.e.c.;Decommissioning services;Relocation services;Tailoring services;Upholstering services;Locksmith services;Clearing and Forwarding Agent;Service Provider (Others),02-Aug-2026 10:00,11-Aug-2026 15:00,TDS & PCC,Procurement of Washing Linen Item for the Fiscal year 2026-2027,Lot wise,Package wise,Package wise,500,Payment through Bank,07-Jan-2027,07-Jan-2027,Single Lot,Procurement of Washing Linen Item for the Fiscal year 2026-2027,"Sulla Upazila Health Complex, Sunamganj",10000,13-Aug-2026,12-Nov-2026,DEBOBRATA AICH MAJUMDER,UH&FPO,"Address : Sulla Upazila Health Complex , Sunamganj City : Sulla Thana : Sulla District : Sunamganj - 3050 Country : Bangladesh","Sulla Upazila Health Complex , Sunamganj",Sulla,Sulla,Sunamganj - 3050,0170-1248770,,https://www.eprocure.gov.bd/resources/common/ViewTender.jsp?id=1313019
Ministry of Home Affairs,,Bangladesh Police,"Rajshahi Metropolitan Police, Rajshahi",23,Rajshahi,Goods (Framework Agreement),NCT,TENDER,Tender - Single Lot,44.01.0000.988.07.003.26.19,225342,1312976,Open Tendering Method (OTM),Revenue,Government,Not applicable,Not applicable,"44.01.0000.988.07.003.26.19 Supply of other machinery, equipment, and firefighting equipment for Rajshahi Metropolitan Police.","Cooling and ventilation equipment; General-purpose machinery; Photocopying and printing equipment; Television and audio-visual equipment; Television and radio receivers, and sound or video recording or reproducing apparatus; Fire-brigade and rescue services;",02-Aug-2026 10:00,16-Aug-2026 17:00,"1. NID Card of Tenderer/Supplier. 2. Related Trade License of 2026-2027 financial year. 3. Tin Certificate & Income Tax Clearance Certificate for 2025-2026 Financial Year. 4. Updated VAT registration Certificate. 5. Sample Signature on the pad of Tenderar's own organization 6. Ownership Affidavit on 300 Taka Non-judicial Stamp 7. One copy of passport size color photograph. 8. Line of credit (LOR) of Tk 1.5 crore. 9. Bank statment of last 3 months with continuous Transaction and the total transaction should be not less than Tk 40 lacks. 10. General experience of 3 years in supply of goods and related services and specific experience shoule be not less than Tk 1 (One) crore in supply of similar goods in last 3 years. 11. Tender security as per TDS. 12. The tender will be evaluated as per submitted documents. If any dissimilarity found in documents submitted by tenderers at any stage of evaluation process, the tenderers will be considered non-Responsive. 13. If a quoted price is submitted at a rate excessively lower than the official estimated cost and appears to the TEC to be unrealistic and submitted with ulterior motives, it will be considered as an attempt to influence the tender evaluation process according to rule 42(2) PPR 2025. According to rule 149(2)(c) such act will be considered as 'conspiratorial act and shall take necessary actions against if following rule 149, PPR 2025. [Ref: 21.00.0000.363.27.114(4).25-26, Date: 04/05/2026.] 15. Subject to the fulfillment of all conditions, the authority will accept the winning bidder's tender through the e-GP SLT process and reserves the right to cancel the tender following rules of PPR-2025.","Supply of other machinery, equipment, and firefighting equipment for Rajshahi Metropolitan Police.",Lot wise,Package wise,Package wise,4000,Payment through Bank,13-Dec-2026,13-Dec-2026,1,"Supply of other machinery, equipment, and firefighting equipment for Rajshahi Metropolitan Police.","Rajshahi Metropolitan Police Headquarters, Kazihata, Rajshahi",600000,01-Sep-2026,30-Jun-2027,MOHAMMAD KHORSHED ALAM,Deputy Police Commissioner,"Address : Rajshahi Metropolitan Police, Rajshahi City : Rajshahi Thana : Rajshahi City Corporation District : Rajshahi - 2200 Country : Bangladesh","Rajshahi Metropolitan Police, Rajshahi",Rajshahi,Rajshahi City Corporation,Rajshahi - 2200,0721-775649,,https://www.eprocure.gov.bd/resources/common/ViewTender.jsp?id=1312976
Ministry of Energy,Power and Mineral Resources,Bakhrabad Gas Distribution Company Limited,Revenue-South Department,,Chandpur,Physical Services,NCT,PPS,,,228492,1312089,Open Tendering Method (OTM),Own Fund,Own Fund,Not applicable,Not applicable,"Rev.Feni-Currier/2026-2029 Appointment of currier service for distribution of monthly gas bills and other correspondence for Feni sadar, Bashurhat, Dagonbhuiya, Chhagalnaiya, Fulgazi, Parshuram.",Post and courier services; Postal and telecommunications services;Postal services;Courier services,,16-Aug-2026 12:00,As Per TDS,"Appointment of currier service for distribution of monthly gas bills and other correspondence for Feni sadar, Bashurhat, Dagonbhuiya, Chhagalnaiya, Fulgazi, Parshuram.",Package wise,,Package wise,500,Payment through Bank,12-Jan-2027,12-Jan-2027,,,BGDCL franchise areas in Feni District.,,05-Oct-2026,04-Oct-2029,RATHINDRA NATH SUR,Deputy General Manager,"Address : BGDCL Area Office, Chandpur City : Chandpur Thana : Chandpur Sadar District : Chandpur - 3600 Country : Bangladesh","BGDCL Area Office, Chandpur",Chandpur,Chandpur Sadar,Chandpur - 3600,01730-085733,,https://www.eprocure.gov.bd/resources/common/ViewTender.jsp?id=1312089
Ministry of Home Affairs,,Bangladesh Police,"Traffic & Driving School(TDS), Dhaka",69,Dhaka,Goods,NCT,TENDER,Tender - Single Lot,TDS/PO-44.01.2600..974.09.081.2026-2166,227510,1312996,Open Tendering Method (OTM),Revenue,Government,Not applicable,Not applicable,TDS/06 Computer accessories supply,Computer and related services;Hardware consultancy services;Hardware selection consultancy services;Hardware disaster-recovery consultancy services;Computer-site planning consultancy services;Computer hardware acceptance testing consultancy services;Computer audit consultancy and hardware consultancy services;Software programming and consultancy services;Programming services of packaged software products;Systems and technical consultancy services;Custom software development services;Systems analysis and programming services;System maintenance and support services;Software-related services;Data services;Data-processing services;Database services;Computer-related services;Computer-related management services;Computer support and consultancy services;Computer network services;Computer upgrade services;Computer audit services;Computer testing services;Computer back-up services;Computer catalogue conversion services;Computer-related professional services,02-Aug-2026 10:00,16-Aug-2026 17:00,1. Updated Trade License 2. Income tax payment certificate 3. VAT Registration Certificate 4. Bank solvency certificate 5. Bank statements for the last 12 months 6. National Identity Card 7. Certificate of experience in the relevant work for the minimum 3 years 8. 02 copies of recent passport size colored photographs 9. Permanent address certificate from the Union Council or City Corporation or Municipality Chairman. 10. Checklist of documents.,Computer Accessories Supply,Lot wise,Package wise,Package wise,500,Payment through Bank,12-Jan-2027,12-Jan-2027,5,Computer accessories Supply,Traffic and Driving School TDS Mill Barrack Police line Dhaka,20000,01-Sep-2026,30-Jun-2027,Md. Abul Khair,DIG,"Address : Traffic & Driving School(TDS), Dhaka City : Dhaka Thana : Dhaka South City Corporation District : Dhaka - 1232 Country : Bangladesh","Traffic & Driving School(TDS), Dhaka",Dhaka,Dhaka South City Corporation,Dhaka - 1232,02-7444873,,https://www.eprocure.gov.bd/resources/common/ViewTender.jsp?id=1312996
Ministry of Health and Family Welfare,Health Services Division,Directorate General of Health Services (DGHS),"Sulla Upazila Health Complex , Sunamganj",,Sunamganj,Goods,NCT,TENDER,Tender - Single Lot,UHC/Sulla/Sunam/Tender/2026-2027/120,228707,1313010,Open Tendering Method (OTM),Revenue,Government,Not applicable,Not applicable,UHC/Sulla/Sunam/App 2026-27/MSR-01 Procurement of Non EDCL Medicine for the Fiscal year 2026-2027,"Medical and laboratory devices, optical and precision devices, watches and clocks, pharmaceuticals and related medical consumables; Health and social work services;Medical devices;Imaging equipment for medical, dental and veterinary use;Functional exploration;Dentistry;Medical non-chemical consumables and haematological consumables;Therapy;Operating techniques;Anaesthesia and resuscitation;Functional support;Miscellaneous medical devices;Instruments and appliances for measuring, checking, testing and navigating;Navigational, meteorological, geological and geophysical instruments;Remote-control equipment;Precision balances, instruments for drawing, calculating and measuring length;Instruments for measuring quantities;Instruments for checking physical characteristics;Checking and testing apparatus;Regulating and controlling instruments and apparatus;Non-medical equipment based on the use of radiations;Industrial process control equipment;Optical instruments;Spectacles and lenses;Polarising material;Astronomical and optical instruments;Liquid crystal devices;Photographic equipment;Horological instruments;Watches and clocks;Health services;Hospital and related services;Medical practice and related services;Dental practice and related services;Miscellaneous health services;Veterinary services;Social work and related services;Social work services;Social services",02-Aug-2026 10:00,11-Aug-2026 15:00,TDS & PCC,Procurement of Non EDCL Medicine for the Fiscal year 2026-2027,Lot wise,Package wise,Package wise,1000,Payment through Bank,07-Jan-2027,07-Jan-2027,Single Lot,Procurement of Non EDCL Medicine for the Fiscal year 2026-2027,"Sulla Upazila Health Complex , Sunamganj",40000,13-Aug-2026,12-Nov-2026,DEBOBRATA AICH MAJUMDER,UH&FPO,"Address : Sulla Upazila Health Complex , Sunamganj City : Sulla Thana : Sulla District : Sunamganj - 3050 Country : Bangladesh","Sulla Upazila Health Complex , Sunamganj",Sulla,Sulla,Sunamganj - 3050,0170-1248770,,https://www.eprocure.gov.bd/resources/common/ViewTender.jsp?id=1313010
Ministry of Health and Family Welfare,Health Services Division,Directorate General of Health Services (DGHS),"National Institute Of Burn and Plastic Surgery, Dhaka",,Dhaka,Goods (Framework Agreement),NCT,TENDER,Tender - Single Lot,NIBPS/e-Tender/2026-27/2515,228204,1312215,Open Tendering Method (OTM),Revenue,Government,Not applicable,Not applicable,"NIBPS/e-Tender/Non EDCL/2026-27/Gr-03 Procurement of Anesthetic, Antiseptic, Ointment and other Drugs For F.Y 2026-27 at National Institute of Burn and Plastic Surgery, Dhaka.","Medical and laboratory devices, optical and precision devices, watches and clocks, pharmaceuticals and related medical consumables;Medical devices;Imaging equipment for medical, dental and veterinary use;Functional exploration;Dentistry;Medical non-chemical consumables and haematological consumables;Therapy;Operating techniques;Anaesthesia and resuscitation;Functional support;Miscellaneous medical devices;Instruments and appliances for measuring, checking, testing and navigating;Navigational, meteorological, geological and geophysical instruments;Remote-control equipment;Precision balances, instruments for drawing, calculating and measuring length;Instruments for measuring quantities;Instruments for checking physical characteristics;Checking and testing apparatus;Regulating and controlling instruments and apparatus;Non-medical equipment based on the use of radiations;Industrial process control equipment;Optical instruments;Spectacles and lenses;Polarising material;Astronomical and optical instruments;Liquid crystal devices;Photographic equipment;Horological instruments;Watches and clocks",02-Aug-2026 10:00,23-Aug-2026 12:00,As Per TDS & PCC,"Procurement of Anesthetic, Antiseptic, Ointment and other Drugs For F.Y 2026-27 at National Institute of Burn and Plastic Surgery, Dhaka.",Lot wise,Package wise,Package wise,4000,Payment through Bank,18-Jan-2027,18-Jan-2027,Single,"Procurement of Anesthetic, Antiseptic, Ointment and other Drugs For F.Y 2026-27 at National Institute of Burn and Plastic Surgery, Dhaka.",National Institute of Burn and Plastic Surgery Dhaka,500000,30-Aug-2026,30-Jun-2027,Mohammad Nashir Uddin,Director,Address : Sheikh Hasina National Institute of Burn and Plastic Surgery City : Dhaka Thana : Dhaka North City Corporation District : Dhaka - 1101 Country : Bangladesh,Sheikh Hasina National Institute of Burn and Plastic Surgery,Dhaka,Dhaka North City Corporation,Dhaka - 1101,02-41052286,,https://www.eprocure.gov.bd/resources/common/ViewTender.jsp?id=1312215
Ministry of Home Affairs,,Bangladesh Police,"Traffic & Driving School(TDS), Dhaka",69,Dhaka,Goods,NCT,TENDER,Tender - Single Lot,TDS/PO-44.01.2600..974.09.081.2026-2164,227510,1312178,Open Tendering Method (OTM),Revenue,Government,Not applicable,Not applicable,TDS/04 Sports equipment Supply,"Sports goods and equipment; Manufactured goods, furniture, handicrafts, special-purpose products and associated consumables; Outdoor sports equipment; Gymnasium equipment; Sporting services; Sports facilities operation services; Sport-related services;",02-Aug-2026 10:00,16-Aug-2026 17:00,1. Updated Trade License 2. Income tax payment certificate 3. VAT Registration Certificate 4. Bank solvency certificate 5. Bank statements for the last 12 months 6. National Identity Card 7. Certificate of experience in the relevant work for the minimum 3 years 8. 02 copies of recent passport size colored photographs 9. Permanent address certificate from the Union Council or City Corporation or Municipality Chairman. 10. Checklist of documents.,Sports Equipment Supply,Lot wise,Package wise,Package wise,500,Payment through Bank,12-Jan-2027,12-Jan-2027,1,Sports equipment Supply,Traffic and Driving School TDS Mill Barrack Police line Dhaka,13000,01-Sep-2026,30-Jun-2027,Md. Abul Khair,DIG,"Address : Traffic & Driving School(TDS), Dhaka City : Dhaka Thana : Dhaka South City Corporation District : Dhaka - 1232 Country : Bangladesh","Traffic & Driving School(TDS), Dhaka",Dhaka,Dhaka South City Corporation,Dhaka - 1232,02-7444873,,https://www.eprocure.gov.bd/resources/common/ViewTender.jsp?id=1312178
Ministry of Health and Family Welfare,Health Services Division,Directorate General of Health Services (DGHS),"Sulla Upazila Health Complex , Sunamganj",,Sunamganj,Goods,NCT,TENDER,Tender - Single Lot,UHC/Sulla/Sunam/Tender/2026-2027/120,228707,1313013,Open Tendering Method (OTM),Revenue,Government,Not applicable,Not applicable,"UHC/Sulla/Sunam/App 2026-27/MSR-03 Procurement of Gauge, Bandage & Cotton Etc. for the Fiscal year 2026-2027","Medical and laboratory devices, optical and precision devices, watches and clocks, pharmaceuticals and related medical consumables; Health and social work services;Medical devices;Imaging equipment for medical, dental and veterinary use;Functional exploration;Dentistry;Medical non-chemical consumables and haematological consumables;Therapy;Operating techniques;Anaesthesia and resuscitation;Functional support;Miscellaneous medical devices;Instruments and appliances for measuring, checking, testing and navigating;Navigational, meteorological, geological and geophysical instruments;Remote-control equipment;Precision balances, instruments for drawing, calculating and measuring length;Instruments for measuring quantities;Instruments for checking physical characteristics;Checking and testing apparatus;Regulating and controlling instruments and apparatus;Non-medical equipment based on the use of radiations;Industrial process control equipment;Optical instruments;Spectacles and lenses;Polarising material;Astronomical and optical instruments;Liquid crystal devices;Photographic equipment;Horological instruments;Watches and clocks;Health services;Hospital and related services;Medical practice and related services;Dental practice and related services;Miscellaneous health services;Veterinary services;Social work and related services;Social work services;Social services",02-Aug-2026 10:00,11-Aug-2026 15:00,TDS & PCC,"Procurement of Gauge, Bandage & Cotton Etc. for the Fiscal year 2026-2027",Lot wise,Package wise,Package wise,500,Payment through Bank,07-Jan-2027,07-Jan-2027,Single Lot,"Procurement of Gauge, Bandage & Cotton Etc. for the Fiscal year 2026-2027","Sulla Upazila Health Complex , Sunamganj",12500,13-Aug-2026,12-Nov-2026,DEBOBRATA AICH MAJUMDER,UH&FPO,"Address : Sulla Upazila Health Complex , Sunamganj City : Sulla Thana : Sulla District : Sunamganj - 3050 Country : Bangladesh","Sulla Upazila Health Complex , Sunamganj",Sulla,Sulla,Sunamganj - 3050,0170-1248770,,https://www.eprocure.gov.bd/resources/common/ViewTender.jsp?id=1313013
Ministry of Health and Family Welfare,Health Services Division,Directorate General of Health Services (DGHS),"Sulla Upazila Health Complex , Sunamganj",,Sunamganj,Goods,NCT,TENDER,Tender - Single Lot,UHC/Sulla/Sunam/Tender/2026-2027/120,228707,1313011,Open Tendering Method (OTM),Revenue,Government,Not applicable,Not applicable,UHC/Sulla/Sunam/App 2026-27/MSR-02 Procurement of Surgical Instrument for the Fiscal year 2026-2027,"Medical and laboratory devices, optical and precision devices, watches and clocks, pharmaceuticals and related medical consumables; Health and social work services;Medical devices;Imaging equipment for medical, dental and veterinary use;Functional exploration;Dentistry;Medical non-chemical consumables and haematological consumables;Therapy;Operating techniques;Anaesthesia and resuscitation;Functional support;Miscellaneous medical devices;Instruments and appliances for measuring, checking, testing and navigating;Navigational, meteorological, geological and geophysical instruments;Remote-control equipment;Precision balances, instruments for drawing, calculating and measuring length;Instruments for measuring quantities;Instruments for checking physical characteristics;Checking and testing apparatus;Regulating and controlling instruments and apparatus;Non-medical equipment based on the use of radiations;Industrial process control equipment;Optical instruments;Spectacles and lenses;Polarising material;Astronomical and optical instruments;Liquid crystal devices;Photographic equipment;Horological instruments;Watches and clocks;Health services;Hospital and related services;Medical practice and related services;Dental practice and related services;Miscellaneous health services;Veterinary services;Social work and related services;Social work services;Social services",02-Aug-2026 10:00,11-Aug-2026 15:00,TDS & PCC,Procurement of Surgical Instrument for the Fiscal year 2026-2027,Lot wise,Package wise,Package wise,1000,Payment through Bank,07-Jan-2027,07-Jan-2027,Single Lot,Procurement of Surgical Instrument for the Fiscal year 2026-2027,"Sulla Upazila Health Complex , Sunamganj",25000,13-Aug-2026,12-Nov-2026,DEBOBRATA AICH MAJUMDER,UH&FPO,"Address : Sulla Upazila Health Complex , Sunamganj City : Sulla Thana : Sulla District : Sunamganj - 3050 Country : Bangladesh","Sulla Upazila Health Complex , Sunamganj",Sulla,Sulla,Sunamganj - 3050,0170-1248770,,https://www.eprocure.gov.bd/resources/common/ViewTender.jsp?id=1313011
Ministry of Education,Secondary and Higher Education Division,Board of Intermediate & Secondary Education Dinajpur,Office of The Secretary,,Dinajpur,Goods,NCT,TENDER,Tender - Single Lot,G1/2026-27/STEEL.TRUNK.SSC.HSC.2027,228505,1312417,Open Tendering Method (OTM),Own Fund,Own Fund,Not applicable,Not applicable,G1/2026-27/STEEL.TRUNK.SSC.HSC.2027 Procurement of Steel Trunk for SSC & HSC 2027,"Basic metals and associated products;Basic metals;Basic iron and steel;Steel alloy ingots;Carbon-steel products;Bars and rods;Railway-track construction materials;Slag, dross, ferrous waste and scrap;Tubes;Iron tubes and fittings;Steel tubes and fittings;Iron and steel products;Cold drawn products;Cold-rolled products;Folded products;Wire and miscellaneous products;Ferro-alloys;Precious metals and metals clad with precious metals;Precious metals;Metals clad with precious metals;Aluminium and aluminium products;Unwrought aluminium;Aluminium products;Waste and scrap of aluminium;Lead, zinc and tin products;Lead, zinc and tin;Semi-finished products of lead, zinc or tin;Waste and scrap of lead, zinc or tin;Copper products;Unwrought copper;Semi-finished products of copper;Waste and scrap of copper;Non-ferrous metal products;Unwrought nickel;Nickel products;Waste and scrap of nickel",02-Aug-2026 10:00,16-Aug-2026 16:00,"Tenderer shall have a minimum of 5 (Five) years of overall experience in the supply of goods and related services. Tenderers from all countries except Israel are eligible. Tenderer should have valid Trade license, VAT certificate, TIN certificate etc The satisfactory completion of supply of similar Goods (Steel Trunk) of minimum BDT 9,00,000.00 (Taka Nine Lakh Only) under a single contracts in any educational board or university in the last 5 (Five) of years. i.e. years counting backward from the date of publication of IFT in the e-GP System.The minimum amount of liquid assets i.e. working capital or credit line(s), net of other contractual commitments is BDT 17,00,000.00 (Taka Seventeen Lakh Only). Special Instruction: In case of credit line, Specific Format which is attached in Section: 6 (drawing), must be used. Cost for Related Services such as transportation, installation and service during warranty period (or as mentioned in e-PG3-3B), etc. are to be inclusive with the quoted rate mentioned in Price and Delivery Schedule for Goods (Form e-PG3-3A). Hence, quotation for related services must not be required separately. However, only for system requirement, you are requested to quote in Form e-PG3-3B unit price, for example 0.001. Once it is quoted, which will not be considered in total quoted amount.",Procurement of Steel Trunk for SSC & HSC 2027,Lot wise,Package wise,Package wise,1000,Payment through Bank,12-Jan-2027,12-Jan-2027,1,Procurement of Steel Trunk for SSC & HSC 2027,"BISE, Dinajpur",50000,13-Sep-2026,13-Oct-2026,Noor Md Abdur Razzaque,Secretary,Address : North Gobindapur City : Dinajpur Thana : Dinajpur Sadar District : Dinajpur - 5200 Country : Bangladesh,North Gobindapur,Dinajpur,Dinajpur Sadar,Dinajpur - 5200,02588-817692,,https://www.eprocure.gov.bd/resources/common/ViewTender.jsp?id=1312417
Ministry of Home Affairs,,Bangladesh Police,"Traffic & Driving School(TDS), Dhaka",69,Dhaka,Goods,NCT,TENDER,Tender - Single Lot,TDS/PO-44.01.2600..974.09.081.2026-2165,227510,1312565,Open Tendering Method (OTM),Revenue,Government,Not applicable,Not applicable,TDS/05 Supply of cleaning materials,"Chemicals; Chemicals, chemical products and man-made fibres; Glycerol, soaps, detergents, cleaning and polishing preparations, perfumes and toilet preparations; Various chemical products; Chemicals, chemical products and man-made fibres; Rubber products; Plastic products; Rubber, plastic and film products; Cleaning services; Accommodation cleaning services; Industrial cleaning services; Specialised cleaning services; Miscellaneous cleaning services; Office cleaning services; School cleaning services;Gases;Dyes and pigments;Basic inorganic chemicals;Basic organic chemicals;Fertilisers and nitrogen compounds;Plastics in primary forms;Synthetic rubber;Enzymes;Glycerol;Perfumes and toiletries;Radiator fluids;Water-treatment chemicals;Anti-corrosion products;Tyres and related products;Unvulcanised and vulcanised rubber articles;Rubberised textile fabrics;Reclaimed rubber;Rubber waste products;Medical articles of rubber;Articles of hard rubber;Plastic plates, sheets, tubes and profiles;Packaging products of plastics;Builders ware of plastic;Miscellaneous plastic products;Magnetic cards;Sound recordings;Resins",02-Aug-2026 10:00,16-Aug-2026 17:00,1. Updated Trade License 2. Income tax payment certificate 3. VAT Registration Certificate 4. Bank solvency certificate 5. Bank statements for the last 12 months 6. National Identity Card 7. Certificate of experience in the relevant work for the minimum 3 years 8. 02 copies of recent passport size colored photographs 9. Permanent address certificate from the Union Council or City Corporation or Municipality Chairman. 10. Checklist of documents.,Supply of Cleaning Materials,Lot wise,Package wise,Package wise,1000,Payment through Bank,13-Dec-2026,13-Dec-2026,4,Supply of cleaning materials,Traffic and Driving School TDS Mill Barrack Police line Dhaka,44000,01-Sep-2026,30-Jun-2027,Md. Abul Khair,DIG,"Address : Traffic & Driving School(TDS), Dhaka City : Dhaka Thana : Dhaka South City Corporation District : Dhaka - 1232 Country : Bangladesh","Traffic & Driving School(TDS), Dhaka",Dhaka,Dhaka South City Corporation,Dhaka - 1232,02-7444873,,https://www.eprocure.gov.bd/resources/common/ViewTender.jsp?id=1312565
Ministry of Home Affairs,,Bangladesh Police,"Rajshahi Metropolitan Police, Rajshahi",23,Rajshahi,Goods (Framework Agreement),NCT,TENDER,Tender - Single Lot,44.01.0000.988.07.003.26.20,225342,1313683,Open Tendering Method (OTM),Revenue,Government,Not applicable,Not applicable,"44.01.0000.988.07.003.26.20 Supply of Computers and Related Accessories for Rajshahi Metropolitan Police, Rajshahi, for the Fiscal Year 2026â??2027.",Computer and related services;Hardware consultancy services;Hardware selection consultancy services;Hardware disaster-recovery consultancy services;Computer-site planning consultancy services;Computer hardware acceptance testing consultancy services;Computer audit consultancy and hardware consultancy services;Software programming and consultancy services;Programming services of packaged software products;Systems and technical consultancy services;Custom software development services;Systems analysis and programming services;System maintenance and support services;Software-related services;Data services;Data-processing services;Database services;Computer-related services;Computer-related management services;Computer support and consultancy services;Computer network services;Computer upgrade services;Computer audit services;Computer testing services;Computer back-up services;Computer catalogue conversion services;Computer-related professional services,02-Aug-2026 10:00,16-Aug-2026 17:00,"1. NID Card of Tenderer. 2. Related Trade License of 2026-2027. 3. Tin Certificate & Income Tax Clearance Certificate for 2025-2026. 4. Updated VAT registration Certificate. 5. Sample Signature. 6. Ownership Affidavit on 300 Taka Non-judicial Stamp 7. One copy of passport size color photograph. 8. Line of credit (LOR) of Tk 1 (one) crore. 9. Bank statment of last 3 months with continuous Transaction and the total transaction should be not less than Tk 50 (Fifty) lakh. 10. General experience of 3 years in supply of goods and related services and specific experience shoule be not less than Tk 1 (One) crore in supply of similar goods in last 3 years. 11. Tender security as per TDS. 12. Manufacturer's authorization letter of supplied computers and related accessories. 13. Membership certificated issued by BCC (Bangladesh Computer Council). 14. If a quoted price is submitted at a rate excessively lower than the official estimated cost and appears to the TEC to be unrealistic and submitted with ulterior motives, it will be considered as an attempt to influence the tender evaluation process according to rule 42(2) PPR 2025. According to rule 149(2)(c) such act will be considered as 'conspiratorial act and shall take necessary actions against if following rule 149, PPR 2025. [Ref: 21.00.0000.363.27.114(4).25-26, Date: 04/05/2026.] 15. Subject to the fulfillment of all conditions, the authority will accept the winning bidder's tender through the e-GP SLT process and reserves the right to cancel the tender following rules 44 of PPR-2025. 16. In the event of any damage or defect in the computer or its components within 3 (three)years following delivery, repairs must be carried out promptly at the office. If the computer or any accessories become defective, they must be replaced with new ones at no additional delevary.","Supply of Computers and Related Accessories for Rajshahi Metropolitan Police, Rajshahi, for the Fiscal Year 2026-2027.",Lot wise,Package wise,Package wise,2500,Payment through Bank,13-Dec-2026,13-Dec-2026,1,"Supply of Computers and Related Accessories for Rajshahi Metropolitan Police, Rajshahi, for the Fiscal Year 2026â??2027.","Rajshahi Metropolitan Police Headquarters, Kazihata, Rajshahi",350000,01-Sep-2026,30-Jun-2027,MOHAMMAD KHORSHED ALAM,Deputy Police Commissioner,"Address : Rajshahi Metropolitan Police, Rajshahi City : Rajshahi Thana : Rajshahi City Corporation District : Rajshahi - 2200 Country : Bangladesh","Rajshahi Metropolitan Police, Rajshahi",Rajshahi,Rajshahi City Corporation,Rajshahi - 2200,0721-775649,,https://www.eprocure.gov.bd/resources/common/ViewTender.jsp?id=1313683
Ministry of Health and Family Welfare,,Bangladesh Shishu Hospital & Institute,Dhaka Shishu (Children) Hospital,,Dhaka,Goods (Framework Agreement),NCT,TENDER,Tender - Single Lot,Shishu/Goods(Framework)/25-26/03,221954,1279820,Open Tendering Method (OTM),Own Fund,Own Fund,Not applicable,Not applicable,BSHI Goods-03/2025-2026 Supply of electric and plumbing Items at Bangladesh Shishu Hospital and Institute.,"Electrical equipment and apparatus; Electrical machinery, apparatus, equipment and consumables; Electrical equipment for engines and vehicles; Sound or visual signalling apparatus; Magnets; Machines and apparatus with individual functions; Insulating fittings; Carbon electrodes; Electrical parts of machinery or apparatus; Electrical supplies and accessories;",02-Aug-2026 10:00,17-Aug-2026 16:00,"All tenderer in Bangladesh registered in National e-Gp system, who fulfill the qualification criteria as specified in the Tender Data Sheet(TDS) of the tender document.",Supply of electric and plumbing Items.,Lot wise,Package wise,Package wise,2500,Payment through Bank,13-Jan-2027,13-Jan-2027,1,Supply of electric and plumbing Items at Bangladesh Shishu Hospital and Institute.,Bangladesh Shishu Hospital and Institute,250000,19-Oct-2026,18-Oct-2028,MD. ABU SAYED,Maintenance Engr.,"Address : Sher e Bangla Nagor,Dhaka City : Dhaka Thana : Dhaka North City Corporation District : Dhaka - 1207 Country : Bangladesh","Sher e Bangla Nagor,Dhaka",Dhaka,Dhaka North City Corporation,Dhaka - 1207,02-9104211,,https://www.eprocure.gov.bd/resources/common/ViewTender.jsp?id=1279820
Ministry of Education,Secondary and Higher Education Division,Board of Intermediate & Secondary Education Dinajpur,Office of The Secretary,,Dinajpur,Goods,NCT,TENDER,Tender - Single Lot,G2/2026-27/STATIONARY.2026,228505,1311827,Open Tendering Method (OTM),Own Fund,Own Fund,Not applicable,Not applicable,G2/2026-27/STATIONARY.2026 Procurement of Stationary Product for 2026,"Pulp, paper and paperboard; Various types of pulp, paper and paper products; Stamps, cheque forms, banknotes, stock certificates, trade advertising material, catalogues and manuals; Printing plates or cylinders or other media for use in printing; Various types of printed matter and articles for printing; Paper or paperboard registers, account books, binders, forms and other articles of printed stationery; Printing services; Printing, publishing and related services; Services related to printing;Pulp;Paper and paperboard;Stamps;Stamp-impressed paper;Banknotes;Cheque forms;Security-type printed matter;Trade-advertising material, commercial catalogues and manuals;Manuals;Offset plates;Dry-etching equipment;Paper or paperboard registers;Forms;Exercise books;Albums for samples;Binders and related accessories;Printed stationery except forms;Printing services for books;Printing services for stationery;Printing services for security printed matter;Printing services for forms;Printing services for tickets;Printing services for calendars;Printing services for timetables;Newspaper printing services;Printing services for posters;Print finishing services;Composition services;Printing and delivery services;Printing and distribution services",02-Aug-2026 10:00,12-Aug-2026 16:00,"Tenderer shall have a minimum of 5 (Five) years of overall experience in the supply of goods and related services. Tenderers from all countries except Israel are eligible. Tenderer should have valid Trade license, VAT certificate, TIN certificate etc The satisfactory completion of supply of similar Goods (Stationary Product) of minimum BDT 7,00,000.00 (Taka Seven Lakh Only) under a single contract in any educational board or university in the last 5 (Five) of years. i.e. years counting backward from the date of publication of IFT in the e-GP System.The minimum amount of liquid assets i.e. working capital or credit line(s), net of other contractual commitments is BDT 15,00,000.00 (Taka Fifteen Lakh Only). Tenderers who are black listed in any educational board or university are not eligible for this tender. Special Instruction: In case of credit line, Specific Format which is attached in Section: 6 (drawing), must be used. Cost for Related Services such as transportation, installation and service during warranty period (or as mentioned in e-PG3-3B), etc. are to be inclusive with the quoted rate mentioned in Price and Delivery Schedule for Goods (Form e-PG3-3A). Hence, quotation for related services must not be required separately. However, only for system requirement, you are requested to quote in Form e-PG3-3B unit price, for example 0.001. Once it is quoted, which will not be considered in total quoted amount.",Procurement of Stationary Product for 2026,Lot wise,Package wise,Package wise,1000,Payment through Bank,08-Jan-2027,08-Jan-2027,1,Procurement of Stationary Product for 2026,"BISE, Dinajpur",40000,31-Aug-2026,30-Sep-2026,Noor Md Abdur Razzaque,Secretary,Address : North Gobindapur City : Dinajpur Thana : Dinajpur Sadar District : Dinajpur - 5200 Country : Bangladesh,North Gobindapur,Dinajpur,Dinajpur Sadar,Dinajpur - 5200,02588-817692,,https://www.eprocure.gov.bd/resources/common/ViewTender.jsp?id=1311827
Ministry of Home Affairs,,Bangladesh Police,"Rajshahi Metropolitan Police, Rajshahi",23,Rajshahi,Goods (Framework Agreement),NCT,TENDER,Tender - Single Lot,44.01.0000.988.07.003.26.22,225342,1313998,Open Tendering Method (OTM),Revenue,Government,Not applicable,Not applicable,"44.01.0000.988.07.003.26.22 Supply of Festival and Event Materials, Hospitality Items, and Event Management Supplies for Rajshahi Metropolitan Police, Rajshahi, for the Fiscal Year 2026Ã?Â¢??2027","Animal products, meat and meat products; Food products and beverages; Fruit, vegetables and related products; Dairy products; Food products and beverages; Miscellaneous food products; Textile fabrics and related items; Textiles and textile articles; Printing services;Meat;Animal wool, hides and skins;Meat products;Potatoes and potato products;Fruit and vegetable juices;Fruit and vegetables;Milk and cream;Butter;Cheese products;Assorted dairy products;Bread products, fresh pastry goods and cakes;Rusks and biscuits; preserved pastry goods and cakes;Sugar and related products;Cocoa; chocolate and sugar confectionery;Pasta products;Coffee, tea and related products;Condiments and seasonings;Special nutritional products;Miscellaneous food products n.e.c. and dried goods;Woven fabrics;Woollen fabrics;Linen fabrics;Special fabrics;Knitted or crocheted fabrics;Cloth;Non-woven fabrics;Printing services for books;Printing services for stationery;Printing services for security printed matter;Printing services for forms;Printing services for tickets;Printing services for calendars;Printing services for timetables;Newspaper printing services;Printing services for posters",02-Aug-2026 10:00,16-Aug-2026 17:00,"1.NID Card of Tenderer/Supplier. 2.Related Trade License of 2026-2027 financial year. 3.Tin Certificate & Income Tax Clearance Certificate for 2025-2026 Financial Year. 4.Updated VAT registration Certificate. 5.Sample Signature on the pad of Tenderar's own organization. 6.Ownership Affidavit on 300 Taka Non-judicial Stamp. 7.One copy of passport size color photograph. 8.Line of credit (LOR) of Tk 25 (Twenty Five) Lakh. 9.Bank statment of last 3 months with continuous Transaction and the total transaction should be not less than Tk 50 (Fifty) lakh. 10.General experience of 3 years in supply of goods and related services and specific experience shoule be not less than Tk 25 (Twenty Five) Lakh in supply of similar goods in last 3 years. 11.Tender security as per TDS. 12.If a quoted price is submitted at a rate excessively lower than the official estimated cost and appears to the TEC to be unrealistic and submitted with ulterior motives, it will be considered as an attempt to influence the tender evaluation process according to rule 42(2) PPR 2025. According to rule 149(2)(c) such act will be considered as 'conspiratorial act and shall take necessary actions against if following rule 149, PPR 2025. [Ref: 21.00.0000.363.27.114(4).25-26, Date: 04/05/2026.] 13.Subject to the fulfillment of all conditions, the authority will accept the winning bidder's tender through the e-GP SLT process and reserves the right to cancel the tender following rules of PPR-2025. 14.In the event of any damage or defect in the items or its components within 3 (three)years following delivery, repairs must be carried out promptly at the office. If the items or any accessories become defective, they must be replaced with new ones at no additional co","Supply of Festival and Event Materials, Hospitality Items, and Event Management Supplies for Rajshahi Metropolitan Police, Rajshahi, for the Fiscal Year 2026-2027",Lot wise,Package wise,Package wise,1500,Payment through Bank,13-Dec-2026,13-Dec-2026,1,"Supply of Festival and Event Materials, Hospitality Items, and Event Management Supplies for Rajshahi Metropolitan Police, Rajshahi, for the Fiscal Year 2026Ã?Â¢??2027","Rajshahi Metropolitan Police Headquarters, Kazihata, Rajshahi",70000,01-Sep-2026,30-Jun-2027,MOHAMMAD KHORSHED ALAM,Deputy Police Commissioner,"Address : Rajshahi Metropolitan Police, Rajshahi City : Rajshahi Thana : Rajshahi City Corporation District : Rajshahi - 2200 Country : Bangladesh","Rajshahi Metropolitan Police, Rajshahi",Rajshahi,Rajshahi City Corporation,Rajshahi - 2200,0721-775649,,https://www.eprocure.gov.bd/resources/common/ViewTender.jsp?id=1313998
Ministry of Education,Secondary and Higher Education Division,Education Engineering Department,"Office of the Executive Engineer, EED, Sherpur District.",47,Sherpur,Goods,NCT,TENDER,Tender - Single Lot,"37.07.0000.008.14.072.18-860, dt-24/09/2025",223074,1313330,Open Tendering Method (OTM),Development,Government,224149300,Development of Selected Govt. Secondary Schools,"e-GP/323 School/EED/Sher/2025-26/01 SUPPLY, INSTALLATION, TESTING AND COMMISSIONING OF 60 KVA DIESEL GENERATOR AND CONSTRUCTION OF GENERATOR ROOM TO SREBORDI M,N,B PILOT GOVT. GIRLS HIGH SCHOOL,SREBORDI, SHERPUR .","Electrical machinery, apparatus, equipment and consumables;Electric motors, generators and transformers;Electric motors;Generators;Alternators;Cooling towers;Ballasts for discharge lamps or tubes;Parts of electric motors, generators and transformers;Transformers;Electricity distribution and control apparatus;Electrical apparatus for switching or protecting electrical circuits;Electrical circuit components;Parts of electricity distribution or control apparatus;Insulated wire and cable;Mains;Power distribution cables;Coaxial cable;Insulated cable accessories;Electric conductors for data and control purposes;Accumulators, primary cells and primary batteries;Primary cells;Primary batteries;Electric accumulators;Lighting equipment and electric lamps;Electric filament lamps;Lamps and light fittings;Parts of lamps and lighting equipment;Electrical equipment and apparatus;Electrical equipment for engines and vehicles;Sound or visual signalling apparatus;Magnets;Machines and apparatus with individual functions;Insulating fittings;Carbon electrodes;Electrical parts of machinery or apparatus;Electrical supplies and accessories;Electronic, electromechanical and electrotechnical supplies;Electronic equipment;Electromechanical equipment;Electrotechnical equipment",02-Aug-2026 10:00,16-Aug-2026 16:00,As Per TDS,"SUPPLY, INSTALLATION, TESTING AND COMMISSIONING OF 60 KVA DIESEL GENERATOR AND CONSTRUCTION OF GENERATOR ROOM TO SREBORDI M,N,B PILOT GOVT. GIRLS HIGH SCHOOL,SREBORDI, SHERPUR .",Lot wise,Package wise,Package wise,1500,Payment through Bank,12-Jan-2027,12-Jan-2027,1,"SUPPLY, INSTALLATION, TESTING AND COMMISSIONING OF 60 KVA DIESEL GENERATOR AND CONSTRUCTION OF GENERATOR ROOM TO SREBORDI M,N,B PILOT GOVT. GIRLS HIGH SCHOOL,SREBORDI, SHERPUR .","Srebordi,Sherpur",80000,06-Sep-2026,04-Mar-2027,Syed Alimuzzaman,Executive Engineer,"Address : Office of the Executive Engineer,Education Engineering Department (EED), Sherpur District. City : Sherpur Thana : Sherpur Sadar District : Sherpur - 2100 Country : Bangladesh","Office of the Executive Engineer,Education Engineering Department (EED), Sherpur District.",Sherpur,Sherpur Sadar,Sherpur - 2100,0981-64412,,https://www.eprocure.gov.bd/resources/common/ViewTender.jsp?id=1313330
Ministry of Home Affairs,,Bangladesh Police,"Rajshahi Metropolitan Police, Rajshahi",23,Rajshahi,Goods (Framework Agreement),NCT,TENDER,Tender - Single Lot,44.01.0000.988.07.003.26.21,225342,1313921,Open Tendering Method (OTM),Revenue,Government,Not applicable,Not applicable,"44.01.0000.988.07.003.26.21 Supply of Sports Equipment for Rajshahi Metropolitan Police, Rajshahi, for the Fiscal Year 2026Ã¢??2027.","Recreational, cultural and sporting services;Motion picture and video services;Motion-picture and video-tape production and related services;Motion-picture or video-tape distribution services;Motion picture projection services;Video-tape projection services;Radio and television services.;Radio services.;Television services.;Radio and television cable services;Entertainment services;Artistic and literary creation and interpretation services;Arts-facility operation services;Recreational-area services;Dance and performance entertainment services;Gambling and betting services;Pyrotechnic services;News-agency services;Library, archives, museums and other cultural services;Library and archive services;Museum services and preservation services of historical sites and buildings;Botanical and zoological garden services and nature reserve services;Sporting services;Sports facilities operation services;Sport-related services",02-Aug-2026 10:00,16-Aug-2026 17:00,"1. NID Card of Tenderer/Supplier. 2. Related Trade License of 2026-2027 financial year. 3. Tin Certificate & Income Tax Clearance Certificate for 2025-2026 Financial Year. 4. Updated VAT registration Certificate. 5. Sample Signature on the pad of Tenderar's own organization 6. Ownership Affidavit on 300 Taka Non-judicial Stamp 7. One copy of passport size color photograph. 8. Line of credit (LOR) of Tk 10 (Ten) Lakh. 9. Bank statment of last 3 months with continuous Transaction and the total transaction should be not less than Tk 10 (Ten) lakh. 10. General experience of 3 years in supply of goods and related services and specific experience shoule be not less than Tk 10 (Ten) lakh in supply of similar goods in last 3 years. 11. Tender security as per TDS. 12. The tender will be evaluated as per submitted documents. If any dissimilarity found in documents submitted by tenderers at any stage of evaluation process, the tenderers will be considered non-Responsive. 13. If a quoted price is submitted at a rate excessively lower than the official estimated cost and appears to the TEC to be unrealistic and submitted with ulterior motives, it will be considered as an attempt to influence the tender evaluation process according to rule 42(2) PPR 2025. According to rule 149(2)(c) such act will be considered as 'conspiratorial act and shall take necessary actions against if following rule 149, PPR 2025. [Ref: 21.00.0000.363.27.114(4).25-26, Date: 04/05/2026.] 14. Subject to the fulfillment of all conditions, the authority will accept the winning bidder's tender through the e-GP SLT process and reserves the right to cancel the tender following rules of PPR-2025.","Supply of Sports Equipment for Rajshahi Metropolitan Police, Rajshahi, for the Fiscal Year 2026-2027.",Lot wise,Package wise,Package wise,1000,Payment through Bank,13-Dec-2026,13-Dec-2026,1,"Supply of Sports Equipment for Rajshahi Metropolitan Police, Rajshahi, for the Fiscal Year 2026Ã¢??2027.","Rajshahi Metropolitan Police Headquarters, Kazihata, Rajshahi",30000,01-Sep-2026,30-Jun-2027,MOHAMMAD KHORSHED ALAM,Deputy Police Commissioner,"Address : Rajshahi Metropolitan Police, Rajshahi City : Rajshahi Thana : Rajshahi City Corporation District : Rajshahi - 2200 Country : Bangladesh","Rajshahi Metropolitan Police, Rajshahi",Rajshahi,Rajshahi City Corporation,Rajshahi - 2200,0721-775649,,https://www.eprocure.gov.bd/resources/common/ViewTender.jsp?id=1313921
Ministry of Home Affairs,,Bangladesh Police,"Traffic & Driving School(TDS), Dhaka",69,Dhaka,Goods,NCT,TENDER,Tender - Single Lot,TDS/PO-44.01.2600..974.09.081.2026-2167,227510,1313072,Open Tendering Method (OTM),Revenue,Government,Not applicable,Not applicable,TDS/07 Supply of computers and related accessories,Computer and related services;Hardware consultancy services;Hardware selection consultancy services;Hardware disaster-recovery consultancy services;Computer-site planning consultancy services;Computer hardware acceptance testing consultancy services;Computer audit consultancy and hardware consultancy services;Software programming and consultancy services;Programming services of packaged software products;Systems and technical consultancy services;Custom software development services;Systems analysis and programming services;System maintenance and support services;Software-related services;Data services;Data-processing services;Database services;Computer-related services;Computer-related management services;Computer support and consultancy services;Computer network services;Computer upgrade services;Computer audit services;Computer testing services;Computer back-up services;Computer catalogue conversion services;Computer-related professional services,02-Aug-2026 10:00,16-Aug-2026 17:00,1. Updated Trade License 2. Income tax payment certificate 3. VAT Registration Certificate 4. Bank solvency certificate 5. Bank statements for the last 12 months 6. National Identity Card 7. Certificate of experience in the relevant work for the minimum 3 years 8. 02 copies of recent passport size colored photographs 9. Permanent address certificate from the Union Council or City Corporation or Municipality Chairman. 10. Checklist of documents.,Supply of Computers and Related Accessories,Lot wise,Package wise,Package wise,500,Payment through Bank,13-Dec-2026,13-Dec-2026,7,Supply of computers and related accessories,Traffic and Driving School TDS Mill Barrack Police line Dhaka,15000,01-Sep-2026,30-Jun-2027,Md. Abul Khair,DIG,"Address : Traffic & Driving School(TDS), Dhaka City : Dhaka Thana : Dhaka South City Corporation District : Dhaka - 1232 Country : Bangladesh","Traffic & Driving School(TDS), Dhaka",Dhaka,Dhaka South City Corporation,Dhaka - 1232,02-7444873,,https://www.eprocure.gov.bd/resources/common/ViewTender.jsp?id=1313072
Ministry of Health and Family Welfare,Health Services Division,Directorate General of Health Services (DGHS),"Sulla Upazila Health Complex , Sunamganj",,Sunamganj,Goods,NCT,TENDER,Tender - Single Lot,UHC/Sulla/Sunam/Tender/2026-2027/120,228707,1313021,Open Tendering Method (OTM),Revenue,Government,Not applicable,Not applicable,UHC/Sulla/Sunam/App 2026-27/Cleanner Items Procurement of Varieties Cleaning Items for the Fiscal year 2026-2027,"Various types of pulp, paper and paper products; Various types of printed matter and articles for printing; Machinery, equipment, appliances, apparatus and associated products; Printing, publishing and related services;Pulp, paper and paperboard;Pulp;Paper and paperboard;Paper or paperboard articles;Corrugated paper or paperboard;Household and hospital paper articles;Paper stationery and other items;Wallpaper and other coverings;Cigarette paper and filter paper;Printed books, brochures and leaflets;Printed books;Publications;Directories;Leaflets;Brochures;Booklets;Newspapers, journals, periodicals and magazines;Newspapers;Postcards, greeting cards and other printed matter;Postcards;Greeting cards;Stamps, cheque forms, banknotes, stock certificates, trade advertising material, catalogues and manuals;Stamps;Stamp-impressed paper;Banknotes;Cheque forms;Security-type printed matter;Trade-advertising material, commercial catalogues and manuals;Manuals;Printing plates or cylinders or other media for use in printing;Offset plates;Dry-etching equipment;Paper or paperboard registers, account books, binders, forms and other articles of printed stationery;Paper or paperboard registers;Forms;Exercise books;Albums for samples;Binders and related accessories;Printed stationery except forms;Miscellaneous printed matter;Car-tax discs;Driving licences;ID cards;Permits;Entrance cards;Bespoke printed matter;Tickets;Machinery for the production and use of mechanical power;Turbines and motors;Pumps and compressors;Taps, cocks, valves and similar appliances;Gears, gearing and driving elements;General-purpose machinery;Industrial or laboratory furnaces, incinerators and ovens;Lifting and handling equipment and parts;Cooling and ventilation equipment;Miscellaneous general-purpose machinery;Agricultural, horticultural and forestry machinery;Agricultural and forestry machinery for soil preparation or cultivation;Harvesting machinery;Spraying machinery for agriculture or horticulture;Self-loading or unloading trailers and semi-trailers for agriculture;Specialist agricultural or forestry machinery;Tractors;Parts of agricultural and forestry machinery;Machine tools;Machine tools operated by laser and machining centres;Lathes, boring and milling machine tools;Metal-working machine tools;Machine tools for working hard materials except metals;Pneumatic or motorised hand tools;Soldering, brazing and welding tools, surface tempering and hot-spraying machines and equipment;Parts and accessories of machine tools;Special-purpose machinery and parts;Machinery for metallurgy and associated parts;Machinery for mining, quarrying and construction;Machinery for food, beverage and tobacco processing and associated parts;Machinery for textile, apparel and leather production;Machinery for paper or paperboard production;Miscellaneous special-purpose machinery;Weapons, ammunition and associated parts;Motorised tanks and armoured fighting vehicles;Military weapons;Firearms;Ammunition;Parts of military weapons;Truncheons or night sticks;Domestic appliances;Electrical domestic appliances;Non-electric domestic appliances;Miscellaneous equipment;Transport related equipment;Workshop equipment;Construction equipment;Catering equipment;Emergency and security equipment;Technical equipment;Miscellaneous equipment n.e.c.;Printing services;Printing services for books;Printing services for stationery;Printing services for security printed matter;Printing services for forms;Printing services for tickets;Printing services for calendars;Printing services for timetables;Newspaper printing services;Printing services for posters;Services related to printing;Print finishing services;Composition services;Printing and delivery services;Printing and distribution services;Publishing services;Bookbinding and finishing services;Subscription services",02-Aug-2026 10:00,11-Aug-2026 15:00,TDS & PCC,Procurement of Varieties Cleaning Items for the Fiscal year 2026-2027,Lot wise,Package wise,Package wise,500,Payment through Bank,07-Jan-2027,07-Jan-2027,Single Lot,Procurement of Varieties Cleaning Items for the Fiscal year 2026-2027,"Sulla Upazila Health Complex, Sunamganj",20000,13-Aug-2026,12-Nov-2026,DEBOBRATA AICH MAJUMDER,UH&FPO,"Address : Sulla Upazila Health Complex , Sunamganj City : Sulla Thana : Sulla District : Sunamganj - 3050 Country : Bangladesh","Sulla Upazila Health Complex , Sunamganj",Sulla,Sulla,Sunamganj - 3050,0170-1248770,,https://www.eprocure.gov.bd/resources/common/ViewTender.jsp?id=1313021
Ministry of Education,Secondary and Higher Education Division,Education Engineering Department,"Office of the Executive Engineer, EED, Sherpur District.",47,Sherpur,Goods,NCT,TENDER,Tender - Single Lot,"37.07.0000.016.14.004.17.1463, Dt-02/06/2026",228539,1313326,Open Tendering Method (OTM),Development,Government,224016400,Fostering Opportunities of Science Education in Public Colleges,"e-GP/FOSEP/EED/SHERPUR/1 SUPPLY, INSTALLATION, TESTING AND COMMISSIONING OF 01 NO. 6 STOPS 1000 KG CAPACITY PASSENGER LIFT WITH RELATED ACCESSORIES TO COLLEGE BUILDING AT SHERPUR GOVT. MOHILA COLLEGE, SADAR, SHERPUR","Electrical machinery, apparatus, equipment and consumables;Electric motors, generators and transformers;Electric motors;Generators;Alternators;Cooling towers;Ballasts for discharge lamps or tubes;Parts of electric motors, generators and transformers;Transformers;Electricity distribution and control apparatus;Electrical apparatus for switching or protecting electrical circuits;Electrical circuit components;Parts of electricity distribution or control apparatus;Insulated wire and cable;Mains;Power distribution cables;Coaxial cable;Insulated cable accessories;Electric conductors for data and control purposes;Accumulators, primary cells and primary batteries;Primary cells;Primary batteries;Electric accumulators;Lighting equipment and electric lamps;Electric filament lamps;Lamps and light fittings;Parts of lamps and lighting equipment;Electrical equipment and apparatus;Electrical equipment for engines and vehicles;Sound or visual signalling apparatus;Magnets;Machines and apparatus with individual functions;Insulating fittings;Carbon electrodes;Electrical parts of machinery or apparatus;Electrical supplies and accessories;Electronic, electromechanical and electrotechnical supplies;Electronic equipment;Electromechanical equipment;Electrotechnical equipment",02-Aug-2026 10:00,17-Aug-2026 16:00,AS PER TDS,"SUPPLY, INSTALLATION, TESTING AND COMMISSIONING OF 01 NO. 6 STOPS 1000 KG CAPACITY PASSENGER LIFT WITH RELATED ACCESSORIES TO COLLEGE BUILDING AT SHERPUR GOVT. MOHILA COLLEGE, SADAR, SHERPUR",Lot wise,Package wise,Package wise,2500,Payment through Bank,13-Jan-2027,13-Jan-2027,GD-01,"SUPPLY, INSTALLATION, TESTING AND COMMISSIONING OF 01 NO. 6 STOPS 1000 KG CAPACITY PASSENGER LIFT WITH RELATED ACCESSORIES TO COLLEGE BUILDING AT SHERPUR GOVT. MOHILA COLLEGE, SADAR, SHERPUR","Sadar, Sherpur",200000,06-Sep-2026,04-Mar-2027,Syed Alimuzzaman,Executive Engineer,"Address : Office of the Executive Engineer,Education Engineering Department (EED), Sherpur District. City : Sherpur Thana : Sherpur Sadar District : Sherpur - 2100 Country : Bangladesh","Office of the Executive Engineer,Education Engineering Department (EED), Sherpur District.",Sherpur,Sherpur Sadar,Sherpur - 2100,0981-64412,,https://www.eprocure.gov.bd/resources/common/ViewTender.jsp?id=1313326
Ministry of Civil Aviation & Tourism,,Civil Aviation Authority of Bangladesh,Office of the Executive Director (CEMSU),,Dhaka,Goods,NCT,TENDER,Tender - Single Lot,30.31.0000.000.121.07.0001.26.184 D:28-07-2026,227775,1314078,Open Tendering Method (OTM),Own Fund,Own Fund,Not applicable,Not applicable,"30.31.0000.000.121.07.001.26.184 D:28/ Emergency Repair and maintenance of EDS-3 (S/L- 1M11191007) (Brand -Rapiscan, Model-RTT-110) Machine with providing TDE Server at Cargo, HSIA, Dhaka.","Radio, television, communication, telecommunication and related equipment and apparatus; Electronic valves, tubes and electronic components; Transmission apparatus for radiotelephony, radiotelegraphy, radio broadcasting and television; Television and radio receivers, and sound or video recording or reproducing apparatus; Networks; Telecommunications equipment and supplies;Electrical capacitors;Electrical resistors;Printed circuits;Valves and tubes;Semiconductors;Electronic integrated circuits and microassemblies;Parts of electronic assemblies;Modules;Broadcasting equipment;Television transmission apparatus without reception apparatus;Radio transmission apparatus with reception apparatus;Television cameras;Mobile telephones;Data-transmission equipment;Digital transmission apparatus;Radio broadcast receivers;Television and audio-visual equipment;Apparatus for sound, video-recording and reproduction;Microphones and loudspeakers;Parts of sound and video equipment;Intercom equipment;Local area network;Network equipment;Wide area network;Telemetry and terminal equipment;Wireless telecommunications system;Telecommunications cable and equipment;Satellite-related communications equipment;Switchboards;Telephone equipment;Fibre-optic materials;Communications equipment;Data equipment",02-Aug-2026 10:00,17-Aug-2026 11:00,The Tenderer shall meet the flowing eligibility criteria as a minimum to participate in the tender completion. 1. The tenderer shall be any Bangladeshi company. 2. The minimum of years of general experience of the Tenderer in the supply of Goods and related services as Supplier shall be 5 ( Five) years. 3. The tenderer shall have specific experience of satisfactory completion of similar work /security items/ CNS items single contract successfully completed in Govt./Semi-Govt./ Autonomous body in the last 5 (Five) years at least with a value of Tk. 1 (One Crore) (document to be submitted by Tenderer) 4. The minimum amount of liquid assets i.e working capital or credit line(s) of the Tenderer shall be Tk 1.20 (One Point Two zero crore) 5. Manufacturer authorization/ Manufacturer agency-ship/ Manufacturer distributor/ Manufacturer Local Agent/ Manufacturer reseller document with mentioning valid email & phone number of manufacturer can participate the Tender,"Emergency Repair and maintenance of EDS-3 (S/L- 1M11191007) (Brand -Rapiscan, Model-RTT-110) Machine with providing TDE Server at Cargo, HSIA, Dhaka.",Lot wise,Package wise,Package wise,2500,Payment through Bank,12-Jan-2027,12-Jan-2027,1,"Emergency Repair and maintenance of EDS-3 (S/L- 1M11191007) (Brand -Rapiscan, Model-RTT-110) Machine with providing TDE Server at Cargo, HSIA, Dhaka.",HSIA via CEMSU,400000,01-Sep-2026,31-Dec-2026,Md Abdul Wadud,Executive Director ( CEMSU ),"Address : CAAB,
Kurmitola, Dhaka-1229 City : Dhaka Thana : Dhaka North City Corporation District : Dhaka - 1229 Country : Bangladesh",,Dhaka,Dhaka North City Corporation,Dhaka - 1229,02-8901791,,https://www.eprocure.gov.bd/resources/common/ViewTender.jsp?id=1314078
Ministry of Health and Family Welfare,Health Services Division,Directorate General of Health Services (DGHS),"National Institute Of Burn and Plastic Surgery, Dhaka",,Dhaka,Goods (Framework Agreement),NCT,TENDER,Tender - Single Lot,NIBPS/e-Tender/2026-27/2515,228204,1312226,Open Tendering Method (OTM),Revenue,Government,Not applicable,Not applicable,"NIBPS/e-Tender/Chemical Re-agent/2026-27/Gr-02 Procurement of Chemical Re-agent for Histo and Others For F.Y 2026-27 at National Institute of Burn and Plastic Surgery, Dhaka.","Medical and laboratory devices, optical and precision devices, watches and clocks, pharmaceuticals and related medical consumables;Medical devices;Imaging equipment for medical, dental and veterinary use;Functional exploration;Dentistry;Medical non-chemical consumables and haematological consumables;Therapy;Operating techniques;Anaesthesia and resuscitation;Functional support;Miscellaneous medical devices;Instruments and appliances for measuring, checking, testing and navigating;Navigational, meteorological, geological and geophysical instruments;Remote-control equipment;Precision balances, instruments for drawing, calculating and measuring length;Instruments for measuring quantities;Instruments for checking physical characteristics;Checking and testing apparatus;Regulating and controlling instruments and apparatus;Non-medical equipment based on the use of radiations;Industrial process control equipment;Optical instruments;Spectacles and lenses;Polarising material;Astronomical and optical instruments;Liquid crystal devices;Photographic equipment;Horological instruments;Watches and clocks",02-Aug-2026 9:00,23-Aug-2026 12:30,As Per TDS & PCC,"Procurement of Chemical Re-agent for Histo and Others For F.Y 2026-27 at National Institute of Burn and Plastic Surgery, Dhaka.",Lot wise,Package wise,Package wise,2500,Payment through Bank,18-Jan-2027,18-Jan-2027,Single,"Procurement of Chemical Re-agent for Histo and Others For F.Y 2026-27 at National Institute of Burn and Plastic Surgery, Dhaka.",National Institute of Burn and Plastic Surgery Dhaka,350000,30-Aug-2026,29-Jul-2027,Mohammad Nashir Uddin,Director,Address : Sheikh Hasina National Institute of Burn and Plastic Surgery City : Dhaka Thana : Dhaka North City Corporation District : Dhaka - 1101 Country : Bangladesh,Sheikh Hasina National Institute of Burn and Plastic Surgery,Dhaka,Dhaka North City Corporation,Dhaka - 1101,02-41052286,,https://www.eprocure.gov.bd/resources/common/ViewTender.jsp?id=1312226
Ministry of Health and Family Welfare,Health Services Division,Directorate General of Health Services (DGHS),"National Institute Of Burn and Plastic Surgery, Dhaka",,Dhaka,Goods (Framework Agreement),NCT,TENDER,Tender - Single Lot,NIBPS/e-Tender/2026-27/2515,228204,1312227,Open Tendering Method (OTM),Revenue,Government,Not applicable,Not applicable,"NIBPS/e-Tender/X-ray CT MRI/2026-27/Gr-03 Procurement of X-Ray, CT, MRI Film For F.Y 2026-27 National Institute of Burn and Plastic Surgery, Dhaka.","Medical and laboratory devices, optical and precision devices, watches and clocks, pharmaceuticals and related medical consumables;Medical devices;Imaging equipment for medical, dental and veterinary use;Functional exploration;Dentistry;Medical non-chemical consumables and haematological consumables;Therapy;Operating techniques;Anaesthesia and resuscitation;Functional support;Miscellaneous medical devices;Instruments and appliances for measuring, checking, testing and navigating;Navigational, meteorological, geological and geophysical instruments;Remote-control equipment;Precision balances, instruments for drawing, calculating and measuring length;Instruments for measuring quantities;Instruments for checking physical characteristics;Checking and testing apparatus;Regulating and controlling instruments and apparatus;Non-medical equipment based on the use of radiations;Industrial process control equipment;Optical instruments;Spectacles and lenses;Polarising material;Astronomical and optical instruments;Liquid crystal devices;Photographic equipment;Horological instruments;Watches and clocks",02-Aug-2026 9:00,23-Aug-2026 12:00,As Per TDS & PCC,"Procurement of X-Ray, CT, MRI Film For F.Y 2026-27 National Institute of Burn and Plastic Surgery, Dhaka.",Lot wise,Package wise,Package wise,2500,Payment through Bank,18-Jan-2027,18-Jan-2027,Single,"Procurement of X-Ray, CT, MRI Film For F.Y 2026-27 National Institute of Burn and Plastic Surgery, Dhaka.",National Institute of Burn and Plastic Surgery Dhaka,250000,30-Aug-2026,29-Jul-2027,Mohammad Nashir Uddin,Director,Address : Sheikh Hasina National Institute of Burn and Plastic Surgery City : Dhaka Thana : Dhaka North City Corporation District : Dhaka - 1101 Country : Bangladesh,Sheikh Hasina National Institute of Burn and Plastic Surgery,Dhaka,Dhaka North City Corporation,Dhaka - 1101,02-41052286,,https://www.eprocure.gov.bd/resources/common/ViewTender.jsp?id=1312227
Ministry of Health and Family Welfare,Health Services Division,Directorate General of Health Services (DGHS),"National Institute Of Burn and Plastic Surgery, Dhaka",,Dhaka,Goods (Framework Agreement),NCT,TENDER,Tender - Single Lot,NIBPS/e-Tender/2026-27/2515,228204,1312222,Open Tendering Method (OTM),Revenue,Government,Not applicable,Not applicable,"NIBPS/e-Tender/Surgical Instrument/2026-27/Gr-05 Procurement of Surgical Instruments (CSSD Items) For F.Y 2026-27 at National Institute of Burn and Plastic Surgery, Dhaka.","Medical and laboratory devices, optical and precision devices, watches and clocks, pharmaceuticals and related medical consumables;Medical devices;Imaging equipment for medical, dental and veterinary use;Functional exploration;Dentistry;Medical non-chemical consumables and haematological consumables;Therapy;Operating techniques;Anaesthesia and resuscitation;Functional support;Miscellaneous medical devices;Instruments and appliances for measuring, checking, testing and navigating;Navigational, meteorological, geological and geophysical instruments;Remote-control equipment;Precision balances, instruments for drawing, calculating and measuring length;Instruments for measuring quantities;Instruments for checking physical characteristics;Checking and testing apparatus;Regulating and controlling instruments and apparatus;Non-medical equipment based on the use of radiations;Industrial process control equipment;Optical instruments;Spectacles and lenses;Polarising material;Astronomical and optical instruments;Liquid crystal devices;Photographic equipment;Horological instruments;Watches and clocks",02-Aug-2026 9:00,23-Aug-2026 12:30,As Per TDS & PCC,"Procurement of Surgical Instruments (CSSD Items) For F.Y 2026-27 at National Institute of Burn and Plastic Surgery, Dhaka.",Lot wise,Package wise,Package wise,2500,Payment through Bank,18-Jan-2027,18-Jan-2027,Single,"Procurement of Surgical Instruments (CSSD Items) For F.Y 2026-27 at National Institute of Burn and Plastic Surgery, Dhaka.",National Institute of Burn and Plastic Surgery Dhaka,350000,30-Aug-2026,29-Jul-2027,Mohammad Nashir Uddin,Director,Address : Sheikh Hasina National Institute of Burn and Plastic Surgery City : Dhaka Thana : Dhaka North City Corporation District : Dhaka - 1101 Country : Bangladesh,Sheikh Hasina National Institute of Burn and Plastic Surgery,Dhaka,Dhaka North City Corporation,Dhaka - 1101,02-41052286,,https://www.eprocure.gov.bd/resources/common/ViewTender.jsp?id=1312222
Ministry of Local Government,Rural Development and Co-operatives,Department of Public Health Engineering (DPHE),"Office of the Executive Engineer,DPHE,Jessore",PE-18,Jashore,Works,NCT,TENDER,Tender - Single Lot,"46.03.2600.545.14.001.20-1428, Date: 22/07/2026",228788,1313545,Open Tendering Method (OTM),Development,Government,224303400,Project for Safe Water Supply Throughout the Country.,"PSWSC-8615 Installation of 184 Nos Deep Tube well (100x38mm) with Submersible pump & 08 Nos Shallow Tube well (100x38mm) with Submersible pump at Bagharpara (DTW-72 Nos) & Sadar (DTW-112 Nos & STW-08 Nos) Upazila in Jashore Division Under Project for Safe Water Supply Through Out The Country (PSWSC), FY 2026-27.",Collected and purified water;Natural water;Drinking water;Non-drinking water,02-Aug-2026 9:00,16-Aug-2026 13:00,"As per TDS. ''It is to be noted that tenderer quoted boring rate should be increased proportionately according to the depth of the well, otherwise tender would be considered non-responsive without any acceptable clarification''.","PSWSC-8615 Installation of 184 Nos Deep Tube well (100x38mm) with Submersible pump & 08 Nos Shallow Tube well (100x38mm) with Submersible pump at Bagharpara (DTW-72 Nos) & Sadar (DTW-112 Nos & STW-08 Nos) Upazila in Jashore Division Under Project for Safe Water Supply Through Out The Country (PSWSC), FY 2026-27.",Lot wise,Package wise,Package wise,4000,Payment through Bank,11-Feb-2027,11-Feb-2027,1,"Installation of 184 Nos Deep Tube well (100x38mm) with Submersible pump & 08 Nos Shallow Tube well (100x38mm) with Submersible pump at Bagharpara (DTW-72 Nos) & Sadar (DTW-112 Nos & STW-08 Nos) Upazila in Jashore Division Under Project for Safe Water Supply Through Out The Country (PSWSC), FY 2026-27.",Sadar and Bagharpara,750000,30-Sep-2026,30-Sep-2027,Md. Abdul Alim Gazi,Executive Engineer,"Address : Guru Das,Babu Lane,Jessore City : Jessore Thana : Jashore Sadar District : Jashore - 7400 Country : Bangladesh","Guru Das,Babu Lane,Jessore",Jessore,Jashore Sadar,Jashore - 7400,0421-63728,,https://www.eprocure.gov.bd/resources/common/ViewTender.jsp?id=1313545
Ministry of Health and Family Welfare,Health Services Division,Directorate General of Health Services (DGHS),"National Institute Of Burn and Plastic Surgery, Dhaka",,Dhaka,Goods (Framework Agreement),NCT,TENDER,Tender - Single Lot,NIBPS/e-Tender/2026-27/2515,228204,1312223,Open Tendering Method (OTM),Revenue,Government,Not applicable,Not applicable,"NIBPS/e-Tender/Gauze Bandage Others/2026-27/Gr-01 Procurement of Gauze Bandage & Others For F.Y 2026-27 at National Institute of Burn and Plastic Surgery, Dhaka.","Medical and laboratory devices, optical and precision devices, watches and clocks, pharmaceuticals and related medical consumables; Medical devices; Instruments and appliances for measuring, checking, testing and navigating; Industrial process control equipment; Optical instruments; Horological instruments;Imaging equipment for medical, dental and veterinary use;Functional exploration;Dentistry;Medical non-chemical consumables and haematological consumables;Therapy;Operating techniques;Anaesthesia and resuscitation;Functional support;Miscellaneous medical devices;Navigational, meteorological, geological and geophysical instruments;Remote-control equipment;Precision balances, instruments for drawing, calculating and measuring length;Instruments for measuring quantities;Instruments for checking physical characteristics;Checking and testing apparatus;Regulating and controlling instruments and apparatus;Non-medical equipment based on the use of radiations;Spectacles and lenses;Polarising material;Astronomical and optical instruments;Liquid crystal devices;Photographic equipment;Watches and clocks",02-Aug-2026 9:00,23-Aug-2026 12:30,As Per TDS & PCC,"Procurement of Gauze Bandage & Others For F.Y 2026-27 at National Institute of Burn and Plastic Surgery, Dhaka.",Lot wise,Package wise,Package wise,4000,Payment through Bank,18-Jan-2027,18-Jan-2027,Single,"Procurement of Gauze Bandage & Others For F.Y 2026-27 at National Institute of Burn and Plastic Surgery, Dhaka.",National Institute of Burn and Plastic Surgery Dhaka,600000,30-Aug-2026,29-Jul-2027,Mohammad Nashir Uddin,Director,Address : Sheikh Hasina National Institute of Burn and Plastic Surgery City : Dhaka Thana : Dhaka North City Corporation District : Dhaka - 1101 Country : Bangladesh,Sheikh Hasina National Institute of Burn and Plastic Surgery,Dhaka,Dhaka North City Corporation,Dhaka - 1101,02-41052286,,https://www.eprocure.gov.bd/resources/common/ViewTender.jsp?id=1312223
Ministry of Health and Family Welfare,Health Services Division,Directorate General of Health Services (DGHS),"National Institute Of Burn and Plastic Surgery, Dhaka",,Dhaka,Goods (Framework Agreement),NCT,TENDER,Tender - Single Lot,NIBPS/e-Tender/2026-27/2515,228204,1312224,Open Tendering Method (OTM),Revenue,Government,Not applicable,Not applicable,"NIBPS/e-Tender/Cotton and Others/2026-27/Gr-02 Procurement of Cotton & Others For F.Y 2026-27 at National Institute of Burn and Plastic Surgery, Dhaka.","Medical and laboratory devices, optical and precision devices, watches and clocks, pharmaceuticals and related medical consumables;Medical devices;Imaging equipment for medical, dental and veterinary use;Functional exploration;Dentistry;Medical non-chemical consumables and haematological consumables;Therapy;Operating techniques;Anaesthesia and resuscitation;Functional support;Miscellaneous medical devices;Instruments and appliances for measuring, checking, testing and navigating;Navigational, meteorological, geological and geophysical instruments;Remote-control equipment;Precision balances, instruments for drawing, calculating and measuring length;Instruments for measuring quantities;Instruments for checking physical characteristics;Checking and testing apparatus;Regulating and controlling instruments and apparatus;Non-medical equipment based on the use of radiations;Industrial process control equipment;Optical instruments;Spectacles and lenses;Polarising material;Astronomical and optical instruments;Liquid crystal devices;Photographic equipment;Horological instruments;Watches and clocks",02-Aug-2026 9:00,23-Aug-2026 12:30,As Per TDS & PCC,"Procurement of Cotton & Others For F.Y 2026-27 at National Institute of Burn and Plastic Surgery, Dhaka.",Lot wise,Package wise,Package wise,4000,Payment through Bank,18-Jan-2027,18-Jan-2027,Single,"Procurement of Cotton & Others For F.Y 2026-27 at National Institute of Burn and Plastic Surgery, Dhaka.",National Institute of Burn and Plastic Surgery Dhaka,900000,30-Aug-2026,29-Jul-2027,Mohammad Nashir Uddin,Director,Address : Sheikh Hasina National Institute of Burn and Plastic Surgery City : Dhaka Thana : Dhaka North City Corporation District : Dhaka - 1101 Country : Bangladesh,Sheikh Hasina National Institute of Burn and Plastic Surgery,Dhaka,Dhaka North City Corporation,Dhaka - 1101,02-41052286,,https://www.eprocure.gov.bd/resources/common/ViewTender.jsp?id=1312224
Ministry of Health and Family Welfare,Health Services Division,Directorate General of Health Services (DGHS),"National Institute Of Burn and Plastic Surgery, Dhaka",,Dhaka,Goods (Framework Agreement),NCT,TENDER,Tender - Single Lot,NIBPS/e-Tender/2026-27/2515,228204,1312225,Open Tendering Method (OTM),Revenue,Government,Not applicable,Not applicable,"NIBPS/e-Tender/Chemical Re-agent/2026-27/Gr-01 Procurement of Chemical Re-agent for Bio and Micro Lab For F.Y 2026-27 at National Institute of Burn and Plastic Surgery, Dhaka.","Medical and laboratory devices, optical and precision devices, watches and clocks, pharmaceuticals and related medical consumables;Medical devices;Imaging equipment for medical, dental and veterinary use;Functional exploration;Dentistry;Medical non-chemical consumables and haematological consumables;Therapy;Operating techniques;Anaesthesia and resuscitation;Functional support;Miscellaneous medical devices;Instruments and appliances for measuring, checking, testing and navigating;Navigational, meteorological, geological and geophysical instruments;Remote-control equipment;Precision balances, instruments for drawing, calculating and measuring length;Instruments for measuring quantities;Instruments for checking physical characteristics;Checking and testing apparatus;Regulating and controlling instruments and apparatus;Non-medical equipment based on the use of radiations;Industrial process control equipment;Optical instruments;Spectacles and lenses;Polarising material;Astronomical and optical instruments;Liquid crystal devices;Photographic equipment;Horological instruments;Watches and clocks",02-Aug-2026 9:00,23-Aug-2026 12:30,As Per TDS & PCC,"Procurement of Chemical Re-agent for Bio and Micro Lab For F.Y 2026-27 at National Institute of Burn and Plastic Surgery, Dhaka.",Lot wise,Package wise,Package wise,4000,Payment through Bank,18-Jan-2027,18-Jan-2027,1,"Procurement of Chemical Re-agent for Bio and Micro Lab For F.Y 2026-27 at National Institute of Burn and Plastic Surgery, Dhaka.",National Institute of Burn and Plastic Surgery Dhaka,800000,30-Aug-2026,29-Jul-2027,Mohammad Nashir Uddin,Director,Address : Sheikh Hasina National Institute of Burn and Plastic Surgery City : Dhaka Thana : Dhaka North City Corporation District : Dhaka - 1101 Country : Bangladesh,Sheikh Hasina National Institute of Burn and Plastic Surgery,Dhaka,Dhaka North City Corporation,Dhaka - 1101,02-41052286,,https://www.eprocure.gov.bd/resources/common/ViewTender.jsp?id=1312225
Ministry of Health and Family Welfare,Health Services Division,Directorate General of Health Services (DGHS),"National Institute Of Burn and Plastic Surgery, Dhaka",,Dhaka,Goods (Framework Agreement),NCT,TENDER,Tender - Single Lot,NIBPS/e-Tender/2026-27/2515,228204,1312228,Open Tendering Method (OTM),Revenue,Government,Not applicable,Not applicable,"NIBPS/e-Tender/ABG Re-Agent/2026-27/Gr-04 Procurement of ABG Re-agent Cartridge For F.Y 2026-27 National Institute of Burn and Plastic Surgery, Dhaka","Medical and laboratory devices, optical and precision devices, watches and clocks, pharmaceuticals and related medical consumables;Medical devices;Imaging equipment for medical, dental and veterinary use;Functional exploration;Dentistry;Medical non-chemical consumables and haematological consumables;Therapy;Operating techniques;Anaesthesia and resuscitation;Functional support;Miscellaneous medical devices;Instruments and appliances for measuring, checking, testing and navigating;Navigational, meteorological, geological and geophysical instruments;Remote-control equipment;Precision balances, instruments for drawing, calculating and measuring length;Instruments for measuring quantities;Instruments for checking physical characteristics;Checking and testing apparatus;Regulating and controlling instruments and apparatus;Non-medical equipment based on the use of radiations;Industrial process control equipment;Optical instruments;Spectacles and lenses;Polarising material;Astronomical and optical instruments;Liquid crystal devices;Photographic equipment;Horological instruments;Watches and clocks",02-Aug-2026 9:00,23-Aug-2026 12:30,As Per TDS & PCC,"Procurement of ABG Re-agent Cartridge For F.Y 2026-27 National Institute of Burn and Plastic Surgery, Dhaka",Lot wise,Package wise,Package wise,1000,Payment through Bank,18-Jan-2027,18-Jan-2027,Single,"Procurement of ABG Re-agent Cartridge For F.Y 2026-27 National Institute of Burn and Plastic Surgery, Dhaka",National Institute of Burn and Plastic Surgery Dhaka,60000,30-Sep-2026,30-Jun-2027,Mohammad Nashir Uddin,Director,Address : Sheikh Hasina National Institute of Burn and Plastic Surgery City : Dhaka Thana : Dhaka North City Corporation District : Dhaka - 1101 Country : Bangladesh,Sheikh Hasina National Institute of Burn and Plastic Surgery,Dhaka,Dhaka North City Corporation,Dhaka - 1101,02-41052286,,https://www.eprocure.gov.bd/resources/common/ViewTender.jsp?id=1312228
Ministry of Health and Family Welfare,Health Services Division,Directorate General of Health Services (DGHS),"National Institute Of Burn and Plastic Surgery, Dhaka",,Dhaka,Goods (Framework Agreement),NCT,TENDER,Tender - Single Lot,NIBPS/e-Tender/2026-27/2515,228204,1312229,Open Tendering Method (OTM),Revenue,Government,Not applicable,Not applicable,"NIBPS/e-Tender/Linen/2026-27/Gr-01 Procurement of Linen For F.Y 2026-27 at National Institute of Burn and Plastic Surgery, Dhaka.","Medical and laboratory devices, optical and precision devices, watches and clocks, pharmaceuticals and related medical consumables;Medical devices;Imaging equipment for medical, dental and veterinary use;Functional exploration;Dentistry;Medical non-chemical consumables and haematological consumables;Therapy;Operating techniques;Anaesthesia and resuscitation;Functional support;Miscellaneous medical devices;Instruments and appliances for measuring, checking, testing and navigating;Navigational, meteorological, geological and geophysical instruments;Remote-control equipment;Precision balances, instruments for drawing, calculating and measuring length;Instruments for measuring quantities;Instruments for checking physical characteristics;Checking and testing apparatus;Regulating and controlling instruments and apparatus;Non-medical equipment based on the use of radiations;Industrial process control equipment;Optical instruments;Spectacles and lenses;Polarising material;Astronomical and optical instruments;Liquid crystal devices;Photographic equipment;Horological instruments;Watches and clocks",02-Aug-2026 9:00,23-Aug-2026 12:30,As Per TDS & PCC,"Procurement of Linen For F.Y 2026-27 at National Institute of Burn and Plastic Surgery, Dhaka.",Lot wise,Package wise,Package wise,1500,Payment through Bank,18-Jan-2027,18-Jan-2027,Single,"Procurement of Linen For F.Y 2026-27 at National Institute of Burn and Plastic Surgery, Dhaka.",National Institute of Burn and Plastic Surgery Dhaka,110000,30-Aug-2026,29-Jul-2027,Mohammad Nashir Uddin,Director,Address : Sheikh Hasina National Institute of Burn and Plastic Surgery City : Dhaka Thana : Dhaka North City Corporation District : Dhaka - 1101 Country : Bangladesh,Sheikh Hasina National Institute of Burn and Plastic Surgery,Dhaka,Dhaka North City Corporation,Dhaka - 1101,02-41052286,,https://www.eprocure.gov.bd/resources/common/ViewTender.jsp?id=1312229
Ministry of Health and Family Welfare,Health Services Division,Directorate General of Health Services (DGHS),"National Institute Of Burn and Plastic Surgery, Dhaka",,Dhaka,Goods (Framework Agreement),NCT,TENDER,Tender - Single Lot,NIBPS/e-Tender/2026-27/2515,228204,1312221,Open Tendering Method (OTM),Revenue,Government,Not applicable,Not applicable,"NIBPS/e-Tender/Surgical Instrument/2026-27/Gr-04 Procurement of surgical Instruments (OT and Anesthetic Items) For F.Y 2026-27 at National Institute of Burn and Plastic Surgery, Dhaka","Medical and laboratory devices, optical and precision devices, watches and clocks, pharmaceuticals and related medical consumables;Medical devices;Imaging equipment for medical, dental and veterinary use;Functional exploration;Dentistry;Medical non-chemical consumables and haematological consumables;Therapy;Operating techniques;Anaesthesia and resuscitation;Functional support;Miscellaneous medical devices;Instruments and appliances for measuring, checking, testing and navigating;Navigational, meteorological, geological and geophysical instruments;Remote-control equipment;Precision balances, instruments for drawing, calculating and measuring length;Instruments for measuring quantities;Instruments for checking physical characteristics;Checking and testing apparatus;Regulating and controlling instruments and apparatus;Non-medical equipment based on the use of radiations;Industrial process control equipment;Optical instruments;Spectacles and lenses;Polarising material;Astronomical and optical instruments;Liquid crystal devices;Photographic equipment;Horological instruments;Watches and clocks",02-Aug-2026 9:00,23-Aug-2026 12:30,As Per TDS & PCC,"Procurement of surgical Instruments (OT and Anesthetic Items) For F.Y 2026-27 at National Institute of Burn and Plastic Surgery, Dhaka",Lot wise,Package wise,Package wise,4000,Payment through Bank,18-Jan-2027,18-Jan-2027,Single,"Procurement of surgical Instruments (OT and Anesthetic Items) For F.Y 2026-27 at National Institute of Burn and Plastic Surgery, Dhaka",National Institute of Burn and Plastic Surgery Dhaka,700000,30-Sep-2026,29-Aug-2027,Mohammad Nashir Uddin,Director,Address : Sheikh Hasina National Institute of Burn and Plastic Surgery City : Dhaka Thana : Dhaka North City Corporation District : Dhaka - 1101 Country : Bangladesh,Sheikh Hasina National Institute of Burn and Plastic Surgery,Dhaka,Dhaka North City Corporation,Dhaka - 1101,02-41052286,,https://www.eprocure.gov.bd/resources/common/ViewTender.jsp?id=1312221
Ministry of Health and Family Welfare,Health Services Division,Directorate General of Health Services (DGHS),"National Institute Of Burn and Plastic Surgery, Dhaka",,Dhaka,Goods (Framework Agreement),NCT,TENDER,Tender - Single Lot,NIBPS/e-Tender/2026-27/2515,228204,1312219,Open Tendering Method (OTM),Revenue,Government,Not applicable,Not applicable,"NIBPS/e-Tender/Surgical Instrument/2026-27/Gr-02 Procurement of Surgical instruments (Suture Materials) For F.Y 2026-27 at National Institute of Burn and Plastic Surgery, Dhaka.","Medical and laboratory devices, optical and precision devices, watches and clocks, pharmaceuticals and related medical consumables;Medical devices;Imaging equipment for medical, dental and veterinary use;Functional exploration;Dentistry;Medical non-chemical consumables and haematological consumables;Therapy;Operating techniques;Anaesthesia and resuscitation;Functional support;Miscellaneous medical devices;Instruments and appliances for measuring, checking, testing and navigating;Navigational, meteorological, geological and geophysical instruments;Remote-control equipment;Precision balances, instruments for drawing, calculating and measuring length;Instruments for measuring quantities;Instruments for checking physical characteristics;Checking and testing apparatus;Regulating and controlling instruments and apparatus;Non-medical equipment based on the use of radiations;Industrial process control equipment;Optical instruments;Spectacles and lenses;Polarising material;Astronomical and optical instruments;Liquid crystal devices;Photographic equipment;Horological instruments;Watches and clocks",02-Aug-2026 9:00,23-Aug-2026 12:30,As Per TDS & PCC,"Procurement of Surgical instruments (Suture Materials) For F.Y 2026-27 at National Institute of Burn and Plastic Surgery, Dhaka.",Lot wise,Package wise,Package wise,4000,Payment through Bank,18-Jan-2027,18-Jan-2027,Single,"Procurement of Surgical instruments (Suture Materials) For F.Y 2026-27 at National Institute of Burn and Plastic Surgery, Dhaka.",National Institute of Burn and Plastic Surgery Dhaka,550000,30-Aug-2026,29-Jul-2027,Mohammad Nashir Uddin,Director,Address : Sheikh Hasina National Institute of Burn and Plastic Surgery City : Dhaka Thana : Dhaka North City Corporation District : Dhaka - 1101 Country : Bangladesh,Sheikh Hasina National Institute of Burn and Plastic Surgery,Dhaka,Dhaka North City Corporation,Dhaka - 1101,02-41052286,,https://www.eprocure.gov.bd/resources/common/ViewTender.jsp?id=1312219
Ministry of Civil Aviation & Tourism,,Civil Aviation Authority of Bangladesh,Office of the Executive Director (CEMSU),,Dhaka,Physical Services,NCT,PPS,,,227775,1314081,Open Tendering Method (OTM),Own Fund,Own Fund,Not applicable,Not applicable,"30.31.0000.000.121.07.0028.21.186 d-28/07/2026 Service and Maintenance Agreement of Cargo Handling System (Daifuku) for 2 Years AMC at HSIA, Dhaka.","Radio, television, communication, telecommunication and related equipment and apparatus;Electronic valves, tubes and electronic components;Electrical capacitors;Electrical resistors;Printed circuits;Valves and tubes;Semiconductors;Electronic integrated circuits and microassemblies;Parts of electronic assemblies;Modules;Transmission apparatus for radiotelephony, radiotelegraphy, radio broadcasting and television;Broadcasting equipment;Television transmission apparatus without reception apparatus;Radio transmission apparatus with reception apparatus;Television cameras;Mobile telephones;Data-transmission equipment;Digital transmission apparatus;Television and radio receivers, and sound or video recording or reproducing apparatus;Radio broadcast receivers;Television and audio-visual equipment;Apparatus for sound, video-recording and reproduction;Microphones and loudspeakers;Parts of sound and video equipment;Intercom equipment;Networks;Local area network;Network equipment;Wide area network;Telemetry and terminal equipment;Telecommunications equipment and supplies;Wireless telecommunications system;Telecommunications cable and equipment;Satellite-related communications equipment;Switchboards;Telephone equipment;Fibre-optic materials;Communications equipment;Data equipment",,17-Aug-2026 11:00,"1. Any Bangladeshi Company can pertipate the Tender. 2. The tenderer shall have minimum 5 (Five) years of general experience in the supply of Goods /works/ related services. [Documented shall be submitted.] 3. The minimum specific experience of Tenderer in satisfactory completion of similar physical service/ supply of similar work-related goods/ security equipment/ Electro Mechanical equipment at least 01 contract or 2 contracts successfully completed within last 5(Five) years, and sum of the amount of 1 contract or 2 contracts with a value of at least Tk. 2.00 (two) Tk. crore. [Documented evidence shall be submitted.] 4. The required average annual turnover of the Tenderer shall be at least of the amount of BDT1 crore over the last three financial years. 5. The minimum amount of financial resources as liquid asset or working capital or credit line(s) or specific credit commitment or in any combination of them, of the Tenderers shall be Tk. 2.00 (two) crore.","Service and Maintenance Agreement of Cargo Handling System (Daifuku) for 2 Years AMC at HSIA, Dhaka.",Package wise,,Package wise,4000,Payment through Bank,12-Jan-2027,12-Jan-2027,,,HSIA,,01-Oct-2026,01-Oct-2028,Md Abdul Wadud,Executive Director ( CEMSU ),"Address : CAAB,
Kurmitola, Dhaka-1229 City : Dhaka Thana : Dhaka North City Corporation District : Dhaka - 1229 Country : Bangladesh",,Dhaka,Dhaka North City Corporation,Dhaka - 1229,02-8901791,,https://www.eprocure.gov.bd/resources/common/ViewTender.jsp?id=1314081
Ministry of Energy,Power and Mineral Resources,Dhaka Power Distribution Company Ltd. (DPDC),"Superintending Engineer, Grid Circle (South)",,Dhaka,Works,NCT,TENDER,Tender - Single Lot,27.87.0000.000.130.17.0201.26.430,229259,1314344,Open Tendering Method (OTM),Own Fund,Own Fund,Not applicable,Not applicable,"W/SE-GRID-South/26-27/035 Emergency Repair of Faulty Cable of 132 kV Maniknagar to Motijheel Circuit-2 under Grid South-2, DPDC",Power distribution cables; Insulated wire and cable; Electricity distribution;,02-Aug-2026 9:00,12-Aug-2026 12:00,"a. The minimum number of years of general experience of the Tenderer in the construction works as Prime Contractor or Subcontractor or Management Contractor shall be 01 (One) year; b. The minimum specific experience as a Prime Contractor or Subcontractor or Management Contractor in construction works under public sector of at least 01 (One) contract(s) of High voltage (132 kV or above) underground cable joint (straight through or cross bond joint) with necessary civil works successfully completed within the last 03 (Three) years, each with a value of at least Tk. 9,00,000.00 (Nine Lakh) only; c. The required average annual construction turnover under public sector shall be greater than Tk. 6,00,000.00 (Six Lakh) Only over the last 03 (Three) financial years or best 03 (Three) years in the last 05 (Five) financial years; d. The minimum amount of financial resources as liquid asset or working capital or credit line(s) or specific credit commitment or in any combination of them, of the Tenderers shall be Tk. 10,00,000.00 (Ten Lakh) only; e. The minimum capacity shall be Tk. 8,00,000.00 (Eight lakh); f. Valid Up-To-Date Trade License, TIN Certificate, VAT Registration Certificate; g.  ABC Category ""Electrical Supervisor License"" issued from Electricity Licensing Board, Bangladesh; h. ABC Category ""Electrical Contractor License"" issued from Electricity Licensing Board, Bangladesh; i. Authorization Letter confirming the signatory (with NID) of the Tenderer from Organization shall be required.","Emergency Repair of Faulty Cable of 132 kV Maniknagar to Motijheel Circuit-2 under Grid South-2, DPDC.",Lot wise,Package wise,Package wise,1000,Payment through Bank,08-Dec-2026,08-Dec-2026,Single,"Emergency Repair of Faulty Cable of 132 kV Maniknagar to Motijheel Circuit-2 under Grid South-2, DPDC",Dhaka,30000,19-Aug-2026,17-Sep-2026,Tapon Kumar Mondal,Superintending Engineer,"Address : Kamlapur Railway Colony GIS Substation Bhaban, Shahjahanpur, Dhaka-1217 City : Dhaka Thana : Dhaka South City Corporation District : Dhaka - 1217 Country : Bangladesh","Kamlapur Railway Colony GIS Substation Bhaban, Shahjahanpur, Dhaka-1217",Dhaka,Dhaka South City Corporation,Dhaka - 1217,02-48317691,,https://www.eprocure.gov.bd/resources/common/ViewTender.jsp?id=1314344
Ministry of Health and Family Welfare,Health Services Division,Directorate General of Health Services (DGHS),"National Institute Of Burn and Plastic Surgery, Dhaka",,Dhaka,Goods (Framework Agreement),NCT,TENDER,Tender - Single Lot,NIBPS/e-Tender/2026-27/2515,228204,1312218,Open Tendering Method (OTM),Revenue,Government,Not applicable,Not applicable,"NIBPS/e-Tender/Surgical Instrument/2026-27/Gr-01 Procurement of Surgical instruments (Disposable & Non-Disposable Items ) For F.Y 2026-27 at National Institute of Burn and Plastic Surgery, Dhaka.","Medical and laboratory devices, optical and precision devices, watches and clocks, pharmaceuticals and related medical consumables;Medical devices;Imaging equipment for medical, dental and veterinary use;Functional exploration;Dentistry;Medical non-chemical consumables and haematological consumables;Therapy;Operating techniques;Anaesthesia and resuscitation;Functional support;Miscellaneous medical devices;Instruments and appliances for measuring, checking, testing and navigating;Navigational, meteorological, geological and geophysical instruments;Remote-control equipment;Precision balances, instruments for drawing, calculating and measuring length;Instruments for measuring quantities;Instruments for checking physical characteristics;Checking and testing apparatus;Regulating and controlling instruments and apparatus;Non-medical equipment based on the use of radiations;Industrial process control equipment;Optical instruments;Spectacles and lenses;Polarising material;Astronomical and optical instruments;Liquid crystal devices;Photographic equipment;Horological instruments;Watches and clocks",02-Aug-2026 9:00,23-Aug-2026 12:30,As Per TDS & PCC,"Procurement of Surgical instruments (Disposable & Non-Disposable Items ) For F.Y 2026-27 at National Institute of Burn and Plastic Surgery, Dhaka.",Lot wise,Package wise,Package wise,4000,Payment through Bank,18-Jan-2027,18-Jan-2027,Single,"Procurement of Surgical instruments (Disposable & Non-Disposable Items ) For F.Y 2026-27 at National Institute of Burn and Plastic Surgery, Dhaka.",National Institute of Burn and Plastic Surgery Dhaka,550000,30-Aug-2026,29-Jul-2027,Mohammad Nashir Uddin,Director,Address : Sheikh Hasina National Institute of Burn and Plastic Surgery City : Dhaka Thana : Dhaka North City Corporation District : Dhaka - 1101 Country : Bangladesh,Sheikh Hasina National Institute of Burn and Plastic Surgery,Dhaka,Dhaka North City Corporation,Dhaka - 1101,02-41052286,,https://www.eprocure.gov.bd/resources/common/ViewTender.jsp?id=1312218
Ministry of Health and Family Welfare,Health Services Division,Directorate General of Health Services (DGHS),"National Institute Of Burn and Plastic Surgery, Dhaka",,Dhaka,Goods (Framework Agreement),NCT,TENDER,Tender - Single Lot,NIBPS/e-Tender/2026-27/2515,228204,1312220,Open Tendering Method (OTM),Revenue,Government,Not applicable,Not applicable,"NIBPS/e-Tender/Surgical Instrument/2026-27/Gr-03 Procurement of Surgical Instruments (Disposable imported Items) For F.Y 2026-27 at National Institute of Burn and Plastic Surgery, Dhaka","Medical and laboratory devices, optical and precision devices, watches and clocks, pharmaceuticals and related medical consumables;Medical devices;Imaging equipment for medical, dental and veterinary use;Functional exploration;Dentistry;Medical non-chemical consumables and haematological consumables;Therapy;Operating techniques;Anaesthesia and resuscitation;Functional support;Miscellaneous medical devices;Instruments and appliances for measuring, checking, testing and navigating;Navigational, meteorological, geological and geophysical instruments;Remote-control equipment;Precision balances, instruments for drawing, calculating and measuring length;Instruments for measuring quantities;Instruments for checking physical characteristics;Checking and testing apparatus;Regulating and controlling instruments and apparatus;Non-medical equipment based on the use of radiations;Industrial process control equipment;Optical instruments;Spectacles and lenses;Polarising material;Astronomical and optical instruments;Liquid crystal devices;Photographic equipment;Horological instruments;Watches and clocks",02-Aug-2026 9:00,23-Aug-2026 12:30,As Per TDS & PCC,"Procurement of Surgical Instruments (Disposable imported Items) For F.Y 2026-27 at National Institute of Burn and Plastic Surgery, Dhaka",Lot wise,Package wise,Package wise,4000,Payment through Bank,18-Jan-2027,18-Jan-2027,Single,"Procurement of Surgical Instruments (Disposable imported Items) For F.Y 2026-27 at National Institute of Burn and Plastic Surgery, Dhaka",National Institute of Burn and Plastic Surgery Dhaka,650000,30-Aug-2026,29-Jul-2027,Mohammad Nashir Uddin,Director,Address : Sheikh Hasina National Institute of Burn and Plastic Surgery City : Dhaka Thana : Dhaka North City Corporation District : Dhaka - 1101 Country : Bangladesh,Sheikh Hasina National Institute of Burn and Plastic Surgery,Dhaka,Dhaka North City Corporation,Dhaka - 1101,02-41052286,,https://www.eprocure.gov.bd/resources/common/ViewTender.jsp?id=1312220
Ministry of Health and Family Welfare,Health Services Division,Directorate General of Health Services (DGHS),"National Institute Of Burn and Plastic Surgery, Dhaka",,Dhaka,Goods (Framework Agreement),NCT,TENDER,Tender - Single Lot,NIBPS/e-Tender/2026-27/2515,228204,1313918,Open Tendering Method (OTM),Revenue,Government,Not applicable,Not applicable,"NIBPS/e-Tender/Dietary Items/2026-27/Gr-01 Procurement of Dietary Items for Indoor Patients for F.Y. 2026â??27 at National Institute of Burn and Plastic Surgery, Dhaka.","Food products and beverages; Hotel and restaurant services;Animal products, meat and meat products;Meat;Animal wool, hides and skins;Meat products;Prepared and preserved fish;Fish fillets, fish livers and roe;Frozen fish, fish fillets and other fish meat;Dried or salted fish; fish in brine; smoked fish;Canned or tinned fish and other prepared or preserved fish;Seafood;Fruit, vegetables and related products;Potatoes and potato products;Fruit and vegetable juices;Fruit and vegetables;Animal or vegetable oils and fats;Crude animal or vegetable oils and fats;Refined oils and fats;Edible fats;Dairy products;Milk and cream;Butter;Cheese products;Assorted dairy products;Grain mill products, starches and starch products;Grain mill products;Starches and starch products;Animal feedstuffs;Prepared animal feeds for farm and other animals;Miscellaneous food products;Bread products, fresh pastry goods and cakes;Rusks and biscuits; preserved pastry goods and cakes;Sugar and related products;Cocoa; chocolate and sugar confectionery;Pasta products;Coffee, tea and related products;Condiments and seasonings;Special nutritional products;Miscellaneous food products n.e.c. and dried goods;Beverages;Distilled alcoholic beverages;Wines;Cider and other fruit wines;Non-distilled fermented beverages;Malt beer;Non-alcoholic beverages;Hotel services;Camping sites and other non-hotel accommodation;Youth hostel services;Camping-site services;Holiday centre and holiday home services;Letting services of short-stay furnished accommodation;Sleeping-car services;Services provided by bed and breakfast establishments;Restaurant and food-serving services;Restaurant waiter services;Meal-serving services;Cafeteria services;Beverage-serving services;Bar management services;Canteen and catering services;Canteen services;Catering services",02-Aug-2026 9:00,23-Aug-2026 12:00,As Per TDS & PCC,"Procurement of Dietary Items for Indoor Patients for F.Y.2026-27 at National Institute of Burn and Plastic Surgery, Dhaka.",Lot wise,Package wise,Package wise,4000,Payment through Bank,18-Jan-2027,18-Jan-2027,1,"Procurement of Dietary Items for Indoor Patients for F.Y. 2026â??27 at National Institute of Burn and Plastic Surgery, Dhaka.",National Institute of Burn and Plastic Surgery Dhaka,1000000,06-Sep-2026,30-Jun-2027,Mohammad Nashir Uddin,Director,Address : Sheikh Hasina National Institute of Burn and Plastic Surgery City : Dhaka Thana : Dhaka North City Corporation District : Dhaka - 1101 Country : Bangladesh,Sheikh Hasina National Institute of Burn and Plastic Surgery,Dhaka,Dhaka North City Corporation,Dhaka - 1101,02-41052286,,https://www.eprocure.gov.bd/resources/common/ViewTender.jsp?id=1313918
Ministry of Health and Family Welfare,Health Services Division,Directorate General of Health Services (DGHS),Jaintapur Upazila Health Complex,,Sylhet,Goods,NCT,TENDER,Tender - Single Lot,UHC/JAINTA/SYLHET/TENDER/2026-2027/556,228786,1313834,Open Tendering Method (OTM),Revenue,Government,Not applicable,Not applicable,"UHC/Jainta/MSR/e-GP/2026-27/Gr-03 Procurement of Gauze, Bandage & Cotton for the F.Y. 2026-2027 at Upazila Health Complex Jaintapur, Sylhet.","Textiles and textile articles; Clothing and accessories; Leather, leather products and footwear; Rubber, plastic and film products;Textile fabrics and related items;Woven fabrics;Woollen fabrics;Linen fabrics;Special fabrics;Knitted or crocheted fabrics;Cloth;Non-woven fabrics;Textile articles;Textile household articles;Made-up textile articles;Carpets, mats and rugs;Miscellaneous cordage, rope, twine and netting;Non-woven articles;Miscellaneous textile articles;Knitwear, hosiery and related articles;Textile yarn and thread;Natural textile fibres;Artificial textile fibres;Textile yarn and thread of natural fibres;Synthetic yarn or thread;Textile waste;Occupational clothing, special workwear and accessories;Occupational clothing;Special workwear;Workwear accessories;Outerwear;Coats;Weatherproof clothing;Miscellaneous outerwear;Garments;Underwear;Shirts and nightwear;T-shirts;Special clothing and accessories;Special clothing;Clothing accessories;Hats and headgear;Fasteners;Leather clothes;Leather clothing accessories;Furs and articles of fur;Fur articles;Furs;Second-hand clothing;Leather;Chamois leather;Leather of bovine or equine animals;Leather of sheep, goats or pigs;Leather of other animals, composite leather and other leather;Leather waste;Leather articles, luggage and saddlery;Saddlery;Luggage;Watch straps;Leather articles used in machinery or mechanical appliances;Footwear;Footwear other than sports and protective footwear;Sports footwear;Protective footwear;Parts of footwear;Rubber products;Tyres and related products;Unvulcanised and vulcanised rubber articles;Rubberised textile fabrics;Reclaimed rubber;Rubber waste products;Medical articles of rubber;Articles of hard rubber;Plastic products;Plastic plates, sheets, tubes and profiles;Packaging products of plastics;Builders ware of plastic;Miscellaneous plastic products;Magnetic cards;Sound recordings;Resins;Film products;Radiology film;Cinematographic film;Video films",02-Aug-2026 9:00,13-Aug-2026 12:00,As per TDS & PCC,"Procurement of Gauze, Bandage & Cotton for the F.Y. 2026-2027 at Upazila Health Complex Jaintapur, Sylhet.",Lot wise,Package wise,Package wise,500,Payment through Bank,08-Jan-2027,08-Jan-2027,Single,"Procurement of Gauze, Bandage & Cotton for the F.Y. 2026-2027 at Upazila Health Complex Jaintapur, Sylhet.",Jaintapur Upazila Health Complex Sylhet,22000,30-Aug-2026,30-Jun-2027,N. Islam Mohammad Faruque,UH&FPO,"Address : Jaintapur Upazila Health Complex, Sylhet City : Jaintapur Thana : Jointiapur District : Sylhet - 3156 Country : Bangladesh","Jaintapur Upazila Health Complex, Sylhet",Jaintapur,Jointiapur,Sylhet - 3156,02-996644377,,https://www.eprocure.gov.bd/resources/common/ViewTender.jsp?id=1313834
Ministry of Local Government,Rural Development and Co-operatives,Department of Public Health Engineering (DPHE),"Office of the Executive Engineer,DPHE,Jessore",PE-18,Jashore,Works,NCT,TENDER,Tender - Single Lot,"46.03.2600.545.14.001.20-1428, Date: 22/07/2026",228788,1313554,Open Tendering Method (OTM),Development,Government,224303400,Project for Safe Water Supply Throughout the Country.,"PSWSC-8617 Installation of 61 Nos Deep Tube well (100x38mm) with Submersible pump & 91 Nos Deep Tube well with No.6 hand pump at Keshabpur (SDTW-29 Nos & DTW-59 Nos) and Abhaynagar (SDTW-32 Nos & DTW-32 Nos) Upazila in Jashore Division Under Project for Safe Water Supply Through Out The Country (PSWSC), FY 2026-27.",Collected and purified water;Natural water;Drinking water;Non-drinking water,02-Aug-2026 9:00,16-Aug-2026 13:00,"As per TDS. ''It is to be noted that tenderer quoted boring rate should be increased proportionately according to the depth of the well, otherwise tender would be considered non-responsive without any acceptable clarification''.","PSWSC-8617 Installation of 61 Nos Deep Tube well (100x38mm) with Submersible pump & 91 Nos Deep Tube well with No.6 hand pump at Keshabpur (SDTW-29 Nos & DTW-59 Nos) and Abhaynagar (SDTW-32 Nos & DTW-32 Nos) Upazila in Jashore Division Under Project for Safe Water Supply Through Out The Country (PSWSC), FY 2026-27.",Lot wise,Package wise,Package wise,2500,Payment through Bank,11-Feb-2027,11-Feb-2027,1,"Installation of 61 Nos Deep Tube well (100x38mm) with Submersible pump & 91 Nos Deep Tube well with No.6 hand pump at Keshabpur (SDTW-29 Nos & DTW-59 Nos) and Abhaynagar (SDTW-32 Nos & DTW-32 Nos) Upazila in Jashore Division Under Project for Safe Water Supply Through Out The Country (PSWSC), FY 2026-27.",Keshabpur and Abhaynagar,450000,30-Sep-2026,30-Sep-2027,Md. Abdul Alim Gazi,Executive Engineer,"Address : Guru Das,Babu Lane,Jessore City : Jessore Thana : Jashore Sadar District : Jashore - 7400 Country : Bangladesh","Guru Das,Babu Lane,Jessore",Jessore,Jashore Sadar,Jashore - 7400,0421-63728,,https://www.eprocure.gov.bd/resources/common/ViewTender.jsp?id=1313554
Ministry of Housing and Public Works,,Gazipur Development Authority,"Admin and Finance Section, Gazipur Development Authority",PE-GDA-007,Gazipur,Physical Services,NCT,PPS,,,229154,1314297,Open Tendering Method (OTM),Revenue,Government,gda-rev-2026-2027,procurement with revenue budget.,gda-rev-2026-2027-1-1 Outsourcing of Sedan Rental Services for GDA Official Use,Land transport services and transport via pipeline services;Land transport services;Passenger land transport services.;Land freight transport services;Pipeline transport services;Transport by pipeline of petroleum products;Transport by pipeline of natural gas,,13-Aug-2026 12:00,"(1) The minimum number of years of general experience of the Tenderer in contracting industries in public sector as Prime Contractor/Sub Contractor/Management Contractor shall be 03 (Three) years. (2) The minimum specific experience as a Prime Contractor in providing non-consulting service of at least ONE contract of vehicle supply through outsourcing in any Government/ Semi-Government/ Autonomous organization, with a contract value of at least BDT20.00 Lakh under a single contract, successfully completed within 01 (One) year over a period of last 03 (Three) years shall be required. (3) The required average annual turnover of the Tenderer shall be at least of the amount of BDT 20.00 Lakh over the last 03 (Three) years. (4) The minimum amount of financial resources as liquid asset or working capital or credit line(s) or specific credit commitment or in any combination of them, of the Tenderers shall be BDT 8.00 lakh only. (5) The Tenderer must submit the following updated documents: valid Trade License, VAT registration certificate, Income Tax Clearance Certificate, Papers related to previous manpower supply experience. (6) VAT and Income Tax will be deducted as per latest government instructions. (7) All other qualification criteria will be as per TDS and ITT included in the tender.",Outsourcing of Sedan Rental Services for GDA Official Use.,Package wise,,Package wise,1000,Payment through Bank,09-Dec-2026,09-Dec-2026,,,the Dhaka and Gazipur districts including neighboring districts throughout the surrounding region.,,20-Aug-2026,31-Aug-2027,MD. Mehedi Hassan,Secretary,"Address : Secretary, Gazipur Development Authority, Mir Zakir Complex, Obayedur Rahman Lenia Road, Chawrasta, Gazipur. City : Gazipur City Thana : Gazipur City Corporation District : Gazipur - 1700 Country : Bangladesh","Secretary, Gazipur Development Authority, Mir Zakir Complex, Obayedur Rahman Lenia Road, Chawrasta, Gazipur.",Gazipur City,Gazipur City Corporation,Gazipur - 1700,0222-4424048,,https://www.eprocure.gov.bd/resources/common/ViewTender.jsp?id=1314297
Ministry of Local Government,Rural Development and Co-operatives,Department of Public Health Engineering (DPHE),"Office of the Executive Engineer,DPHE,Jessore",PE-18,Jashore,Works,NCT,TENDER,Tender - Single Lot,"46.03.2600.545.14.001.20-1428, Date: 22/07/2026",228788,1313553,Open Tendering Method (OTM),Development,Government,224303400,Project for Safe Water Supply Throughout the Country.,"PSWSC-8616 Installation of 136 Nos Deep Tube well (100x38mm) with Submersible pump & 88 Nos Shallow Tube well (100x38mm) with Submersible pump at Manirampur (DTW-136 Nos) & Chougacha (STW-88 Nos) Upazila in Jashore Division Under Project for Safe Water Supply Through Out The Country (PSWSC), FY 2026-27.",Collected and purified water;Natural water;Drinking water;Non-drinking water,02-Aug-2026 9:00,16-Aug-2026 13:00,"As per TDS. ''It is to be noted that tenderer quoted boring rate should be increased proportionately according to the depth of the well, otherwise tender would be considered non-responsive without any acceptable clarification''.","PSWSC-8616 Installation of 136 Nos Deep Tube well (100x38mm) with Submersible pump & 88 Nos Shallow Tube well (100x38mm) with Submersible pump at Manirampur (DTW-136 Nos) & Chougacha (STW-88 Nos) Upazila in Jashore Division Under Project for Safe Water Supply Through Out The Country (PSWSC), FY 2026-27.",Lot wise,Package wise,Package wise,4000,Payment through Bank,11-Feb-2027,11-Feb-2027,1,"Installation of 136 Nos Deep Tube well (100x38mm) with Submersible pump & 88 Nos Shallow Tube well (100x38mm) with Submersible pump at Manirampur (DTW-136 Nos) & Chougacha (STW-88 Nos) Upazila in Jashore Division Under Project for Safe Water Supply Through Out The Country (PSWSC), FY 2026-27.",Manirampur And Chaugchha,800000,30-Sep-2026,30-Sep-2027,Md. Abdul Alim Gazi,Executive Engineer,"Address : Guru Das,Babu Lane,Jessore City : Jessore Thana : Jashore Sadar District : Jashore - 7400 Country : Bangladesh","Guru Das,Babu Lane,Jessore",Jessore,Jashore Sadar,Jashore - 7400,0421-63728,,https://www.eprocure.gov.bd/resources/common/ViewTender.jsp?id=1313553
Ministry of Health and Family Welfare,Health Services Division,Directorate General of Health Services (DGHS),"National Institute Of Burn and Plastic Surgery, Dhaka",,Dhaka,Goods (Framework Agreement),NCT,TENDER,Tender - Single Lot,NIBPS/e-Tender/2026-27/2515,228204,1312213,Open Tendering Method (OTM),Revenue,Government,Not applicable,Not applicable,"NIBPS/e-Tender/Non-EDCL/2026-27/Gr-01 Procurement of Antibiotic and Others (Non-EDCL) For F.Y 2026-27 at National Institute of Burn and Plastic Surgery, Dhaka.","Medical and laboratory devices, optical and precision devices, watches and clocks, pharmaceuticals and related medical consumables;Medical devices;Imaging equipment for medical, dental and veterinary use;Functional exploration;Dentistry;Medical non-chemical consumables and haematological consumables;Therapy;Operating techniques;Anaesthesia and resuscitation;Functional support;Miscellaneous medical devices;Instruments and appliances for measuring, checking, testing and navigating;Navigational, meteorological, geological and geophysical instruments;Remote-control equipment;Precision balances, instruments for drawing, calculating and measuring length;Instruments for measuring quantities;Instruments for checking physical characteristics;Checking and testing apparatus;Regulating and controlling instruments and apparatus;Non-medical equipment based on the use of radiations;Industrial process control equipment;Optical instruments;Spectacles and lenses;Polarising material;Astronomical and optical instruments;Liquid crystal devices;Photographic equipment;Horological instruments;Watches and clocks",02-Aug-2026 9:00,23-Aug-2026 12:00,As Per TDS & PCC,"Procurement of Antibiotic and Others (Non-EDCL) For F.Y 2026-27 at National Institute of Burn and Plastic Surgery, Dhaka.",Lot wise,Package wise,Package wise,4000,Payment through Bank,18-Jan-2027,18-Jan-2027,Single,"Procurement of Antibiotic and Others (Non-EDCL) For F.Y 2026-27 at National Institute of Burn and Plastic Surgery, Dhaka.",National Institute of Burn and Plastic Surgery Dhaka,550000,30-Aug-2026,29-Jul-2027,Mohammad Nashir Uddin,Director,Address : Sheikh Hasina National Institute of Burn and Plastic Surgery City : Dhaka Thana : Dhaka North City Corporation District : Dhaka - 1101 Country : Bangladesh,Sheikh Hasina National Institute of Burn and Plastic Surgery,Dhaka,Dhaka North City Corporation,Dhaka - 1101,02-41052286,,https://www.eprocure.gov.bd/resources/common/ViewTender.jsp?id=1312213
Ministry of Health and Family Welfare,Health Services Division,Directorate General of Health Services (DGHS),"National Institute Of Burn and Plastic Surgery, Dhaka",,Dhaka,Goods (Framework Agreement),NCT,TENDER,Tender - Single Lot,NIBPS/e-Tender/2026-27/2515,228204,1312214,Open Tendering Method (OTM),Revenue,Government,Not applicable,Not applicable,"NIBPS/e-Tender/Non-EDCL/2026-27/Gr-02 Procurement of Antibiotic, Suppository and Others (Non-EDCL) For F.Y 2026-27 at National Institute of Burn and Plastic Surgery, Dhaka.","Medical and laboratory devices, optical and precision devices, watches and clocks, pharmaceuticals and related medical consumables;Medical devices;Imaging equipment for medical, dental and veterinary use;Functional exploration;Dentistry;Medical non-chemical consumables and haematological consumables;Therapy;Operating techniques;Anaesthesia and resuscitation;Functional support;Miscellaneous medical devices;Instruments and appliances for measuring, checking, testing and navigating;Navigational, meteorological, geological and geophysical instruments;Remote-control equipment;Precision balances, instruments for drawing, calculating and measuring length;Instruments for measuring quantities;Instruments for checking physical characteristics;Checking and testing apparatus;Regulating and controlling instruments and apparatus;Non-medical equipment based on the use of radiations;Industrial process control equipment;Optical instruments;Spectacles and lenses;Polarising material;Astronomical and optical instruments;Liquid crystal devices;Photographic equipment;Horological instruments;Watches and clocks",02-Aug-2026 9:00,23-Aug-2026 12:00,As Per TDS & PCC,"Procurement of Antibiotic, Suppository and Others (Non-EDCL) For F.Y 2026-27 at National Institute of Burn and Plastic Surgery, Dhaka.",Lot wise,Package wise,Package wise,2500,Payment through Bank,18-Jan-2027,18-Jan-2027,Single,"Procurement of Antibiotic, Suppository and Others (Non-EDCL) For F.Y 2026-27 at National Institute of Burn and Plastic Surgery, Dhaka.",National Institute of Burn and Plastic Surgery Dhaka,400000,30-Aug-2026,29-Jul-2027,Mohammad Nashir Uddin,Director,Address : Sheikh Hasina National Institute of Burn and Plastic Surgery City : Dhaka Thana : Dhaka North City Corporation District : Dhaka - 1101 Country : Bangladesh,Sheikh Hasina National Institute of Burn and Plastic Surgery,Dhaka,Dhaka North City Corporation,Dhaka - 1101,02-41052286,,https://www.eprocure.gov.bd/resources/common/ViewTender.jsp?id=1312214
Ministry of Health and Family Welfare,Health Services Division,Directorate General of Health Services (DGHS),"National Institute Of Burn and Plastic Surgery, Dhaka",,Dhaka,Goods (Framework Agreement),NCT,TENDER,Tender - Single Lot,NIBPS/e-Tender/2026-27/2515,228204,1312216,Open Tendering Method (OTM),Revenue,Government,Not applicable,Not applicable,"NIBPS/e-Tender/Non-EDCL/2026-27/Gr-04 Procurement of Albumin, TPN and Other (Non-EDCL) For F.Y 2026-27 at National Institute of Burn and Plastic Surgery, Dhaka.","Medical and laboratory devices, optical and precision devices, watches and clocks, pharmaceuticals and related medical consumables;Medical devices;Imaging equipment for medical, dental and veterinary use;Functional exploration;Dentistry;Medical non-chemical consumables and haematological consumables;Therapy;Operating techniques;Anaesthesia and resuscitation;Functional support;Miscellaneous medical devices;Instruments and appliances for measuring, checking, testing and navigating;Navigational, meteorological, geological and geophysical instruments;Remote-control equipment;Precision balances, instruments for drawing, calculating and measuring length;Instruments for measuring quantities;Instruments for checking physical characteristics;Checking and testing apparatus;Regulating and controlling instruments and apparatus;Non-medical equipment based on the use of radiations;Industrial process control equipment;Optical instruments;Spectacles and lenses;Polarising material;Astronomical and optical instruments;Liquid crystal devices;Photographic equipment;Horological instruments;Watches and clocks",02-Aug-2026 9:00,23-Aug-2026 12:30,As Per TDS & PCC,"Procurement of Albumin, TPN and Other (Non-EDCL) For F.Y 2026-27 at National Institute of Burn and Plastic Surgery, Dhaka.",Lot wise,Package wise,Package wise,4000,Payment through Bank,18-Jan-2027,18-Jan-2027,Single,"Procurement of Albumin, TPN and Other (Non-EDCL) For F.Y 2026-27 at National Institute of Burn and Plastic Surgery, Dhaka.",National Institute of Burn and Plastic Surgery Dhaka,550000,30-Aug-2026,29-Jul-2027,Mohammad Nashir Uddin,Director,Address : Sheikh Hasina National Institute of Burn and Plastic Surgery City : Dhaka Thana : Dhaka North City Corporation District : Dhaka - 1101 Country : Bangladesh,Sheikh Hasina National Institute of Burn and Plastic Surgery,Dhaka,Dhaka North City Corporation,Dhaka - 1101,02-41052286,,https://www.eprocure.gov.bd/resources/common/ViewTender.jsp?id=1312216
Ministry of Local Government,Rural Development and Co-operatives,Local Government Engineering Department (LGED),"Office of the Executive Engineer, LGED, Sunamganj",,Sunamganj,Works,NCT,TENDER,Tender - Single Lot,CIBRR/SUN/25-26/225150,225150,1302800,One stage Two Envelopes Tendering Method (OSTETM),Development,Government,5213,Construction of Important Bridges on Rural Roads,"CIB- SUN-W-09.b.Rem. Construction and Remaining Work of 750m long PSC Girder Bridge over Jadukuta river on Dharmapasha- MadhaNagar- Moheshkhola- Takerhat- Lawerghor- Sumamganj road at Ch. 20850m, (Tahirpur part) [ Road ID: 690922006] Package No. CIB-Sun-W-09(b) [Rem]",Engineering works and construction works; Works for complete or part construction and civil engineering work;,02-Aug-2026 9:00,25-Aug-2026 12:00,As per ITT & TDS of the Standards tender documents.,"CIB-SUN-W-09(b)[Rem.] Construction of 750m long PSC Girder Bridge (Remaining work- 21 Nos PC Girder , 05 nos Deck slab , Approach road , River Training) over Jadukata river on Dharmapasha-Madhhanagar-Moheshkhola-Takerhat-Lawerghor-Sunamganj road (Tahirpur part) at Ch.20850m under Tahirpur upazila, District Sunamganj. [Road ID. 690922006]",Lot wise,Package wise,Package wise,5000,Payment through Bank,20-Jan-2027,20-Jan-2027,1,"CIB-SUN-W-09.b. Rem.
Construction and Remaining Work of 750m long PSC Girder Bridge over Jadukuta river on Dharmapasha- MadhaNagar- Moheshkhola- Takerhat- Lawerghor- Sumamganj road at Ch. 20850m, (Tahirpur part) [ Road ID: 690922006] Package No. CIB-Sun-W-09(b) [Rem]",Tahirpur,6600000,01-Nov-2026,01-Feb-2028,Md. Anower Hossain,Executive Engineer,"Address : XEN office, LGED, Sunamganj City : Sunamganj Thana : Sunamganj Sadar District : Sunamganj - 3000 Country : Bangladesh","XEN office, LGED, Sunamganj",Sunamganj,Sunamganj Sadar,Sunamganj - 3000,0871-55426,,https://www.eprocure.gov.bd/resources/common/ViewTender.jsp?id=1302800
Ministry of Public Administration,,Bangladesh Public Service Commission Secretariat,"Deputy Director, Admin Section -3",3,Dhaka,Goods (Framework Agreement),NCT,TENDER,Tender - Single Lot,80.403.036.00.00.024.2014 (Part)-110,214569,1310602,Open Tendering Method (OTM),Revenue,Government,Not applicable,Not applicable,80.403.036.00.00.024.2014/Labor Supplying of regular skilled and irregular unskilled Labor under Framework Contract.,Miscellaneous services;Washing and dry-cleaning services;Laundry-collection services;Textile-cleaning services;Fur-products cleaning services;Colouring services;Pressing services;Dyeing services;Hairdressing and beauty treatment services;Hairdressing services;Beauty treatment services;Physical well-being services;Turkish bath services;Spa services;Massage services;Accommodation and office services;Accommodation services;Civic-amenity services;Car-park management services;Marine services;Aquatic marine services;Port management services;Diving services;Funeral and related services;Funeral services;Miscellaneous services n.e.c.;Decommissioning services;Relocation services;Tailoring services;Upholstering services;Locksmith services;Clearing and Forwarding Agent;Service Provider (Others),02-Aug-2026 9:00,12-Aug-2026 16:00,"(a) Attested copy of updated trade license; (b) Attested copy of updated income tax payment certificate; (c) Attested copy of VAT registration; (d) Certificate of Liquid Assets of the amount mentioned in the schedule (photocopy not acceptable); As Bank Guarantee line of credit must be given; (e) Attested copy of the experience certificate for Supplying of regular skilled and irregular unskilled Labor under Framework Contract of the amount mentioned in the schedule (Notification of Award (NOA)/ Contract Agreement/Work Order/enlisted certificate are not acceptable); (f) Authorization Letter (where applicable) by the appropriate person of the respective organization; (g) The relevant page of the tender schedule must be filled; (h) In addition, all the terms and conditions of the schedule and the required information must be proved. (i) Circular No. 07.00.00000.173.66.059.15(Part-3)-130 issued by the Finance Department, Ministry of Finance on 22.05.2025 regarding redetermination of wage rates of workers under the ""Daily Employment of Temporary Workers Policy, 2025"" should be followed.",Supplying of regular skilled and irregular unskilled Labor under Framework Contract.,Lot wise,Package wise,Package wise,2500,Payment through Bank,19-Nov-2026,19-Nov-2026,Single lot,Supplying of regular skilled and irregular unskilled Labor under Framework Contract.,BPSC,50000,27-Aug-2026,30-Aug-2026,MOFIJUR RAHMAN,Deputy Director,"Address : Agargaon, Sher-e-Bangla Nagar,
Dhaka-1207 City : Dhaka Thana : Dhaka North City Corporation District : Dhaka - 1207 Country : Bangladesh",,Dhaka,Dhaka North City Corporation,Dhaka - 1207,02-55006639,,https://www.eprocure.gov.bd/resources/common/ViewTender.jsp?id=1310602
Ministry of Health and Family Welfare,Health Services Division,Directorate General of Health Services (DGHS),"National Institute Of Burn and Plastic Surgery, Dhaka",,Dhaka,Goods (Framework Agreement),NCT,TENDER,Tender - Single Lot,NIBPS/e-Tender/2026-27/2515,228204,1312217,Open Tendering Method (OTM),Revenue,Government,Not applicable,Not applicable,"NIBPS/e-Tender/Non-EDCL/2026-27/Gr-05 Procurement of Non-EDCL Medicine (Miscellaneous) For F.Y 2026-27 at National Institute of Burn and Plastic Surgery, Dhaka.","Medical and laboratory devices, optical and precision devices, watches and clocks, pharmaceuticals and related medical consumables;Medical devices;Imaging equipment for medical, dental and veterinary use;Functional exploration;Dentistry;Medical non-chemical consumables and haematological consumables;Therapy;Operating techniques;Anaesthesia and resuscitation;Functional support;Miscellaneous medical devices;Instruments and appliances for measuring, checking, testing and navigating;Navigational, meteorological, geological and geophysical instruments;Remote-control equipment;Precision balances, instruments for drawing, calculating and measuring length;Instruments for measuring quantities;Instruments for checking physical characteristics;Checking and testing apparatus;Regulating and controlling instruments and apparatus;Non-medical equipment based on the use of radiations;Industrial process control equipment;Optical instruments;Spectacles and lenses;Polarising material;Astronomical and optical instruments;Liquid crystal devices;Photographic equipment;Horological instruments;Watches and clocks",02-Aug-2026 9:00,23-Aug-2026 12:30,As Per TDS & PCC,"Procurement of Non-EDCL Medicine (Miscellaneous) For F.Y 2026-27 at National Institute of Burn and Plastic Surgery, Dhaka.",Lot wise,Package wise,Package wise,4000,Payment through Bank,18-Jan-2027,18-Jan-2027,Single,"Procurement of Non-EDCL Medicine (Miscellaneous) For F.Y 2026-27 at National Institute of Burn and Plastic Surgery, Dhaka.",National Institute of Burn and Plastic Surgery Dhaka,650000,30-Aug-2026,29-Jul-2027,Mohammad Nashir Uddin,Director,Address : Sheikh Hasina National Institute of Burn and Plastic Surgery City : Dhaka Thana : Dhaka North City Corporation District : Dhaka - 1101 Country : Bangladesh,Sheikh Hasina National Institute of Burn and Plastic Surgery,Dhaka,Dhaka North City Corporation,Dhaka - 1101,02-41052286,,https://www.eprocure.gov.bd/resources/common/ViewTender.jsp?id=1312217