"Ministry","Division","Organization","Procuring Entity Name","Procuring Entity Code","Procuring Entity District","Procurement Nature","Procurement Type","Event Type","Invitation for ","Invitation Reference No.","App ID","Tender/Proposal ID","Procurement Method ","Budget Type","Source of Funds","Project Code","Project Name","Tender/Proposal Package No. and Description","Category","Scheduled Tender/Proposal Publication Date and Time","Tender/Proposal Document last selling / downloading Date and Time","Eligibility of Tenderer","Brief Description of Works","Evaluation Type","Document Available","Document Fees","Tender/Proposal Document Price (In BDT) ","Mode of Payment","Tender/Proposal Security Valid Up to","Tender/Proposal Valid Up to","Lot No.","Identification of Lot","Location","Tender/Proposal security(Amount in BDT)","Tentative Start Date","Tentative Completion Date","Name of Official Inviting Tender/Proposal","Designation of Official Inviting Tender/Proposal","Address of Official Inviting Tender/Proposal","Address","City","Thana","District","Phone No","Fax No","Estimated Cost","Tender Link"
"Ministry of Housing and Public Works","","Public Works Department (PWD)","Pabna PWD Division, Pabna","","Pabna","Works","NCT","TENDER","Tender - Single Lot","Mental/OTM/Pabna_Sub-Soil Investigation/2026-27","231262","1324449","Open Tendering Method (OTM)","Development","Government","Mental Hospital/Pabna/5726","Conversion of Mental Hospital, Pabna into International Standard Institute of Mental Health and Hospital","Mental/OTM/Pabna_Sub-Soil Investigation/2026-27 Upgradation of Pabna Mental Hospital into an International Standard Mental Health Institute and Hospital (Sub-Head: Sub-Soil Invetigation).","Construction work;Site preparation work;Building demolition and wrecking work and earthmoving work;Test drilling and boring work;Works for complete or part construction and civil engineering work;Building construction work;Engineering works and construction works;Construction work for pipelines, communication and power lines, for highways, roads, airfields and railways; flatwork;Construction work for water projects;Construction works for plants, mining and manufacturing and for buildings relating to the oil and gas industry;Roof works and other special trade construction works;Building installation work;Electrical installation work;Insulation work;Plumbing and sanitary works;Fencing, railing and safety equipment installation work;Mechanical installations;Building completion work;Plastering work;Joinery and carpentry installation work;Floor and wall covering work;Painting and glazing work;Other building completion work;Hire of construction and civil engineering machinery and equipment with operator;Hire of cranes with operator;Hire of earthmoving equipment with operator","27-Aug-2026 20:00","06-Sep-2026 16:00","a) The Geotechnical Firm must be listed in PWD. b) The minimum number of years of general experience of the Tenderer in geotechnical works as Prime Contractor or Subcontractor shall be 5 (five) years. c) The tenderer must have a minimum specific experience as a Prime Contractor in geotechnical works, having successfully completed at least 1 (one) work of a similar nature utilizing hydraulic rotary drilling rigs, with a minimum value of Tk 60.00 Lacs in a single contract under the public sector within the last 5 (five) years. d) The geotechnical firm should have experience of conducting “Downhole Seismic Survey”. e) In case of the work done under any Government/ Semi-Government/ Autonomous Bodies/ Organization other than PWD the certifying authority shall be an officer not below the rank of Executive Engineer and the same duly verified by the concerned Executive Engineer of PWD of that district under whose jurisdiction the work has been done. f) The required average annual construction turnover shall be greater than Tk. 60.00 lacs in the last 5 (Five) years. g) The minimum liquid asset amounting of BDT 50.00 lacs, supporting documents are to be submitted with the tender. Credit Commitment issued by any scheduled bank should be fully unconditional as per specific (Form e-PW2A-8). Any deviation of this form will result the tender non-responsive. h) Minimum Tender Capacity 70.00 lacs. i) Tenderers shall submit with its tender the following additional documents: a) Updated income tax clearance certificate. b) Valid VAT registration certificate. c) Updated Trade license.","Upgradation of Pabna Mental Hospital into an International Standard Mental Health Institute and Hospital (Sub-Head: Sub-Soil Investigation).","Lot wise","Package wise","Package wise","2500","Payment through Bank","02-Feb-2027","02-Feb-2027","single","Upgradation of Pabna Mental Hospital into an International Standard Mental Health Institute and Hospital (Sub-Head: Sub-Soil Invetigation).","Mental Hospital, Pabna","275000","01-Oct-2026","31-Mar-2027","Md . Rashed Kabir","Executive Engineer","Address : Pabna pwd division ,Pabna City : pabna Thana : Pabna Sadar District : Pabna - 6600 Country : Bangladesh","Pabna pwd division ,Pabna","pabna","Pabna Sadar","Pabna - 6600","0731-66066","","Not Found","https://www.eprocure.gov.bd/resources/common/ViewTender.jsp?id=1324449"
"Ministry of Industries","","Bangladesh Chemical Industries Corporation (BCIC)","Purchase Division","","Dhaka","Goods","NCT","TENDER","Tender - Single Lot","Pur-1.3491/2026-2027","228141","1323668","Open Tendering Method (OTM)","Revenue","Government","Not applicable","Not applicable","PUR-1.3491/2026-2027 Procurement of 35.00 (Thirty Five) Lac Pcs WPP + Pe Bag For Fertiglobe, UAE","Rubber, plastic and film products;Rubber products;Tyres and related products;Unvulcanised and vulcanised rubber articles;Rubberised textile fabrics;Reclaimed rubber;Rubber waste products;Medical articles of rubber;Articles of hard rubber;Plastic products;Plastic plates, sheets, tubes and profiles;Packaging products of plastics;Builders ware of plastic;Miscellaneous plastic products;Magnetic cards;Sound recordings;Resins;Film products;Radiology film;Cinematographic film;Video films","27-Aug-2026 17:00","13-Sep-2026 14:00","1. The minimum of years of general experience of the Tenderer in the supply of Goods and related services as Supplier shall be 05 (Five) years. 2. The minimum specific experience as Supplier in supply of similar Goods of at least 1 (one) contract ( 5.00 lakh pieces) successfully completed within the last 03 (three) years, each with a value of at least Tk. 1.80 Crore. 3. The minimum supply and/or production capacity of Goods is/ are: Daily production capacity minimum 50,000 (Fifty Thousand) pieces of WPP polypropylene bag (WPP) with inner liner. 4. The minimum amount of liquid assets i.e working capital or credit line(s) of the Tenderer shall be Tk. 13.50 Crore in supporting documents and letter of Commitments for Bank’s Undertaking for Line of Credit in the format (Form PG3-8) shall have to be submitted with the tender by the tenderer.","Procurement of 35.00 (Thirty Five) Lac pcs WPP + Pe Bag for Fertiglobe, UAE","Lot wise","Package wise","Package wise","5000","Payment through Bank","10-Jan-2027","10-Jan-2027","1","Procurement of 35.00 (Thirty Five) Lac Pcs WPP + Pe Bag For Fertiglobe, UAE","BCIC, Dhaka","3500000","15-Sep-2026","14-Oct-2026","Serniabat Razaul Bary","General Manager(Comm)","Address : BCIC Bhaban, 12th floor, 30-31 Dilkusha Commercial Area,
Dhaka-1000 City : Dhaka Thana : Dhaka South City Corporation District : Dhaka - 1000 Country : Bangladesh","","Dhaka","Dhaka South City Corporation","Dhaka - 1000","02-9561627","02-9552642","157500000.00, OTM","https://www.eprocure.gov.bd/resources/common/ViewTender.jsp?id=1323668"
"Ministry of Road Transport and Bridges","Road Transport and Highways Division","Roads & Highways Department (RHD)","Khagrachari Road Division","khag001","Khagrachari","Works","NCT","TENDER","Tender - Single Lot","KhagRD/DEV/RMMK/R162/WP-05","230221","1323843","Open Tendering Method (OTM)","Development","Government","224422700","Improvement of Rangamati (Manikchhari) - Mohalchhari -Khagrachhari Regional Highway (R-162) to appropriate Standard and Width","KhagRD/DEV/RMMK/R162/WP-05 Widening and Improvement of Rangamati (Manikchari)- Mohalchari-Khagrachari Regional Highway (R-162) to proper standard from Chainage 45+500 to Chainage 53+500 under Khagrachari Road Division.","Engineering works and construction works; Works for complete or part construction and civil engineering work; Construction work for pipelines, communication and power lines, for highways, roads, airfields and railways; flatwork;","27-Aug-2026 16:30","28-Sep-2026 12:30","Any / All tenderers who have registered in e-GP system may participate in the tender provided that they fulfill the criteria as stated in Tender Document. N.B: i) Tenderers are requested to fill different Tender Forms (Section 5: Tender and Contract Forms) properly with necessary information and by uploading necessary document(s), which will be considered for tender evaluation. ii) Unnecessary / Excess document(s) are discouraged to upload/attach. iii) If any submitted document is proved false at any stage of evaluation process, the tenderer shall be considered as non-responsive. iv) The Tender will be evaluated as per submitted documents in the e-GP system, conditions of STD as per PPR-2025, Rules 118 & other up to date relevant rules of PPR-2025 v) If corrupt, fraudulent, collusive, coercive or obstructive practices of any kind are determined against any tenderer then measure shall be taken following Rules 149 of PPR-2025 & relevant clause of Standard Tender Document. vi) Non-submission of ongoing work under any PE organization that affects the tender evaluation process will be considered as non-eligibility of the tenderer.","Widening and Improvement of Rangamati (Manikchari)- Mohalchari-Khagrachari Regional Highway (R-162) to proper standard from Chainage 45+500 to Chainage 53+500 under Khagrachari Road Division.","Lot wise","Package wise","Package wise","10000","Payment through Bank","25-Mar-2027","25-Mar-2027","1","Widening and Improvement of Rangamati (Manikchari)- Mohalchari-Khagrachari Regional Highway (R-162) to proper standard from Chainage 45+500 to Chainage 53+500 under Khagrachari Road Division.","Rangamati Manikchari- Mohalchari-Khagrachari Regional Highway R-162","29500000","03-Jan-2027","26-Jun-2028","Sowmya Talukder","Executive Engineer","Address : khagrachari Road Division, Sarak Bhaban, khagrachari City : khagrachari Thana : Khagrachari Sadar District : Khagrachari - 0000 Country : Bangladesh","khagrachari Road Division, Sarak Bhaban, khagrachari","khagrachari","Khagrachari Sadar","Khagrachari - 0000","0371-61730","","1180000000.00, OTM","https://www.eprocure.gov.bd/resources/common/ViewTender.jsp?id=1323843"
"Ministry of Social Welfare","","Department of Social Services(DSS)","Establishment Re-Establishment of Sarkari Shishu Paribar and Baby Home-2nd Revised Project.","224256700","Dhaka","Goods","NCT","TENDER","Tender - Single Lot","DSS/SSP2nd/POB/GD 10 Lot-3","229446","1318606","Open Tendering Method (OTM)","Development","Government","224256700","Establishment/ Re-Establishment of Sarkari Shishu Paribar and Baby Home (2nd Revised) Project.","GD 10 Lot-3 Procurement of mattresses, blankets, bed sheets, pillows (with covers), mosquito nets, thin quilts (Katha), prayer mats (Janamaz), and door & window curtains for residents living in 4 centers (Bagerhat, Barishal, Pirojpur, and Shariatpur)","Textiles and textile articles;Textile fabrics and related items;Woven fabrics;Woollen fabrics;Linen fabrics;Special fabrics;Knitted or crocheted fabrics;Cloth;Non-woven fabrics;Textile articles;Textile household articles;Made-up textile articles;Carpets, mats and rugs;Miscellaneous cordage, rope, twine and netting;Non-woven articles;Miscellaneous textile articles;Knitwear, hosiery and related articles;Textile yarn and thread;Natural textile fibres;Artificial textile fibres;Textile yarn and thread of natural fibres;Synthetic yarn or thread;Textile waste","27-Aug-2026 19:00","13-Sep-2026 14:00","As per ITT and TDS.","Procurement of mattresses, blankets, bed sheets, pillows (with covers), mosquito nets, thin (light weight) quilts (Katha), prayer mats (Jainamaz), and door & window curtains for residents living in 4 centers (Bagerhat, Barishal, Pirojpur, and Shariatpur)","Lot wise","Package wise","Package wise","2500","Payment through Bank","08-Feb-2027","08-Feb-2027","Lot-3","Procurement of mattresses, blankets, bed sheets, pillows (with covers), mosquito nets, thin quilts (Katha), prayer mats (Janamaz), and door & window curtains for residents living in 4 centers (Bagerhat, Barishal, Pirojpur, and Shariatpur)","4 Districts","250000","30-Sep-2026","30-Sep-2027","Md. Barkatur Rahman","Project Director","Address : 102/1,West Agargaon, Dhaka-1207 City : Dhaka Thana : Dhaka North City Corporation District : Dhaka - 1207 Country : Bangladesh","102/1,West Agargaon, Dhaka-1207","Dhaka","Dhaka North City Corporation","Dhaka - 1207","02-223314367","","Not Found","https://www.eprocure.gov.bd/resources/common/ViewTender.jsp?id=1318606"
"Ministry of Education","Secondary and Higher Education Division","National Curriculum and textbook Board (NCTB)","Member (Textbook), NCTB","","Dhaka","Goods","NCT","TENDER","Tender - Single Lot","37.06.0000.304.07.006.26/1904","225442","1324006","Open Tendering Method (OTM)","Revenue","Government","Not applicable","Not applicable","2027.GD.PRI.IV.2Books.12.419 For printing (with paper), binding and supplying of two subject textbooks (Culture of Bangladesh & Sports) of class four (primary level) to be distributed free of cost for the academic year 2027","Various types of printed matter and articles for printing; Printing, publishing and related services;Printed books, brochures and leaflets;Printed books;Publications;Directories;Leaflets;Brochures;Booklets;Newspapers, journals, periodicals and magazines;Newspapers;Postcards, greeting cards and other printed matter;Postcards;Greeting cards;Stamps, cheque forms, banknotes, stock certificates, trade advertising material, catalogues and manuals;Stamps;Stamp-impressed paper;Banknotes;Cheque forms;Security-type printed matter;Trade-advertising material, commercial catalogues and manuals;Manuals;Printing plates or cylinders or other media for use in printing;Offset plates;Dry-etching equipment;Paper or paperboard registers, account books, binders, forms and other articles of printed stationery;Paper or paperboard registers;Forms;Exercise books;Albums for samples;Binders and related accessories;Printed stationery except forms;Miscellaneous printed matter;Car-tax discs;Driving licences;ID cards;Permits;Entrance cards;Bespoke printed matter;Tickets;Printing services;Printing services for books;Printing services for stationery;Printing services for security printed matter;Printing services for forms;Printing services for tickets;Printing services for calendars;Printing services for timetables;Newspaper printing services;Printing services for posters;Services related to printing;Print finishing services;Composition services;Printing and delivery services;Printing and distribution services;Publishing services;Bookbinding and finishing services;Subscription services","27-Aug-2026 16:10","09-Sep-2026 16:10","As Per TDS","For printing (with paper), binding and supplying of two subject textbooks (Culture of Bangladesh & Sports) of class four (primary level) to be distributed free of cost for the academic year 2027","Lot wise","Package wise","Package wise","4000","Payment through Bank","07-Mar-2027","07-Mar-2027","419","For printing (with paper), binding and supplying of two subject textbooks (Culture of Bangladesh & Sports) of class four (primary level) to be distributed free of cost for the academic year 2027","As Per Delivery Schedule","610000","20-Sep-2026","26-Nov-2026","Mohammad Abu Nasher Tuku","Member (Textbook)","Address :  69-70, Motijheel, C/A, Dhaka-1000 City : Dhaka Thana : Dhaka South City Corporation District : Dhaka - 1000 Country : Bangladesh","69-70, Motijheel, C/A, Dhaka-1000","Dhaka","Dhaka South City Corporation","Dhaka - 1000","02-9550805","","36033142.80, OTM","https://www.eprocure.gov.bd/resources/common/ViewTender.jsp?id=1324006"
"Ministry of Local Government","Rural Development and Co-operatives","Local Government Division","Office of the Admin 2 (LGD)","","Dhaka","Goods (Framework Agreement)","NCT","TENDER","Tender - Single Lot","46.00.0000.000.041.98.0002.26-375","227389","1320267","Open Tendering Method (OTM)","Revenue","Government","Not applicable","Not applicable","LGD/OTM-3/2026-27 Supply of Computer Equipment","Computer equipment and supplies; Office and computing machinery, equipment and supplies;Data-processing machines;Digital cartography equipment;Computer hardware;Software;Computer systems;Servers","27-Aug-2026 20:00","10-Sep-2026 11:30","Supply of Computer Equipment and Computer accessories Related Services (as per schedule of TDS)","Supply of Computer Equipment and Computer accessories Related Services (As per Price Schedule of the goods).","Lot wise","Package wise","Package wise","1500","Payment through Bank","09-Mar-2027","09-Mar-2027","1","Supply of Computer Equipment","Admin 2 Local Government Division","100000","01-Oct-2026","28-Jun-2029","Ziaur Rahman","Deputy Secretary","Address : Bangladesh Secretariat City : Dhaka Thana : Dhaka South City Corporation District : Dhaka - 1000 Country : Bangladesh","Bangladesh Secretariat","Dhaka","Dhaka South City Corporation","Dhaka - 1000","02-9144252","02-9144252","3500000.00, OTM","https://www.eprocure.gov.bd/resources/common/ViewTender.jsp?id=1320267"
"Ministry of Housing and Public Works","","Public Works Department (PWD)","Brammanbaria pwd division","","Brahmanbaria","Works","NCT","TENDER","Tender - Single Lot","BB_2026-2027_NR_OTM_21","227173","1324325","Open Tendering Method (OTM)","Revenue","Government","Not applicable","Not applicable","BB_2026-2027_NR_OTM_21 Supply and installation of a submersible pump motor, security lights, and fans for the quarters of the 250-bed Sadar Hospital in Brahmanbaria district. Fiscal Year: 2026-2027.","Electricity, gas, nuclear energy and fuels, steam, hot water and other sources of energy; Repair, maintenance and installation services;Electricity;Manufactured gas;Coal gas or similar gases;Mains gas;Steam, hot water and associated products;Hot water;Steam;District heating;Long-distance heating;Solar energy;Solar panels;Solar installation;Nuclear fuels;Uranium;Plutonium;Radioactive materials;Radio-isotopes;Repair, maintenance and associated services of vehicles and related equipment;Repair and maintenance services of motor vehicles and associated equipment;Demolition services of vehicles;Repair, maintenance and associated services related to aircraft, railways, roads and marine equipment;Repair, maintenance and associated services related to aircraft and other equipment;Repair, maintenance and associated services related to railways and other equipment;Repair, maintenance and associated services related to roads and other equipment;Repair, maintenance and associated services related to marine and other equipment;Repair, maintenance and associated services related to personal computers, office equipment, telecommunications and audio-visual equipment;Maintenance and repair of office machinery;Repair and maintenance services of personal computers;Maintenance services of telecommunications equipment;Repair and maintenance services of audio-visual and optical equipment;Repair and maintenance services of medical and precision equipment;Repair and maintenance services of measuring, testing and checking apparatus;Repair and maintenance services of medical and surgical equipment;Repair and maintenance services of precision equipment;Repair and maintenance services for pumps, valves, taps and metal containers and machinery;Repair and maintenance services of pumps, valves, taps and metal containers;Repair and maintenance services of machinery;Repair and maintenance services of building installations;Repair and maintenance services of electrical and mechanical building installations;Repair and maintenance services of central heating;Repair and maintenance services of cooler groups;Repair and maintenance services of escalators;Lift-maintenance services;Miscellaneous repair and maintenance services;Repair services of jewellery;Repair services of leather personal goods;Repair services of garments and textiles;Repair and maintenance services of weapons and weapon systems;Repair and maintenance services of furniture;Repair and maintenance services of musical instruments;Repair and maintenance services of playground equipment;Repair and maintenance services of hotel and restaurant equipment;Installation services;Installation services of electrical and mechanical equipment;Installation services of equipment for measuring, checking, testing and navigating;Installation services of communications equipment;Installation services of medical and surgical equipment;Installation services of machinery and equipment;Installation services of computers and office equipment;Installation services of metal containers","27-Aug-2026 18:00","07-Sep-2026 14:00","1. The minimum number of years of general experience of the Tenderer in the construction works as Prime Contractor or Subcontractor or Management Contractor shall be 05 (Five) years. 2. The minimum specific experience as a Prime Contractor or Subcontractor or Management Contractor in construction works under public sector of at least one contract of specific nature of electrical repair works in residential building successfully completed within the last 05 (Five) years, each with a value of at least Tk. 5.00 (Five) . 3. The required average annual construction turnover under public sector shall be greater than Tk 38.00 (Thirty) Lakh over the last 05 (Five) financial years or best 05 (Five) years in the last 10 (Ten) financial years. 4. The minimum amount of financial resources as liquid asset or working capital or credit line(s) or specific credit commitment or in any combination of them, of the Tenderers shall be Tk 4.00 (Four) Lakh . 5. The minimum capacity shall be: Tk 5.00 (Five) Lakh. 6. Up-to-date Trade License, valid VAT registration certificate, TIN certificate, Income Tax Certificate 7. Must have Up-to-date ABC/BC Category Supervisory & Contractor license. 8. Other terms and conditions as per TDS and PPR-2025.","Supply and installation of a submersible pump motor, security lights, and fans for the quarters of the 250-bed Sadar Hospital in Brahmanbaria district. Fiscal Year: 2026-2027.","Lot wise","Package wise","Package wise","500","Payment through Bank","02-Feb-2027","02-Feb-2027","1","Supply and installation of a submersible pump motor, security lights, and fans for the quarters of the 250-bed Sadar Hospital in Brahmanbaria district. Fiscal Year: 2026-2027.","Brahmanbaria","20000","17-Sep-2026","01-Oct-2026","Johir Rayhan","Executive Engineer","Address : Brammanbaria pwd division ,Brammanbaria City : Brammanbaria Thana : Brahmanbaria Sadar District : Brahmanbaria - 3420 Country : Bangladesh","Brammanbaria pwd division ,Brammanbaria","Brammanbaria","Brahmanbaria Sadar","Brahmanbaria - 3420","08-5163297","","800000.00, OTM","https://www.eprocure.gov.bd/resources/common/ViewTender.jsp?id=1324325"
"Ministry of Road Transport and Bridges","Road Transport and Highways Division","Roads & Highways Department (RHD)","Feni Road Division","fenRD","Feni","Works","NCT","TENDER","Tender - Single Lot","eGP/Rev/OTM/FootoverBridge/FRD-08/2026-2027","227987","1322931","Open Tendering Method (OTM)","Revenue","Government","Not applicable","Not applicable","eGP/Rev/OTM/FootoverBridge/FRD-08/2026-2027 Construction of Foot Over Bridge infront of Ramnagar K.M.C.(R) High School at 19th K.m. (Ch.18+485 Km) on Feni-Noakhali National Highway (N-104) under Road Division Feni during the year 2026-27.","Construction work;Site preparation work;Building demolition and wrecking work and earthmoving work;Test drilling and boring work;Works for complete or part construction and civil engineering work;Building construction work;Engineering works and construction works;Construction work for pipelines, communication and power lines, for highways, roads, airfields and railways; flatwork;Construction work for water projects;Construction works for plants, mining and manufacturing and for buildings relating to the oil and gas industry;Roof works and other special trade construction works;Building installation work;Electrical installation work;Insulation work;Plumbing and sanitary works;Fencing, railing and safety equipment installation work;Mechanical installations;Building completion work;Plastering work;Joinery and carpentry installation work;Floor and wall covering work;Painting and glazing work;Other building completion work;Hire of construction and civil engineering machinery and equipment with operator;Hire of cranes with operator;Hire of earthmoving equipment with operator","27-Aug-2026 17:00","13-Sep-2026 17:00","Any/all Bangladeshi tenderers who have registered in e-GP system may participate in the tender provided that they fulfil the criteria as stated in the tender document. N.B.: 1) Tenderers are requested to fill different Tender Forms (Section 5: Tender and Contract Forms) properly with necessary information and by uploading necessary document(s), which shall be considered for tender evaluation. 2) Tenderers are requested not to upload any unclear & unnecessary documents. 3) If any submitted documents are proved false at any stage of the evaluation process, the tenderers shall be considered as non-responsive. 4) The tenders shall be evaluated as per submitted documents in the e-GP system, the conditions of STD as per PPR-2025, Rule 118, and other up-to-date relevant rules of PPR-2025. 5) If corrupt, fraudulent, collusive, coercive, or obstructive practices of any kind are determined against any tenderer, then measures shall be taken following Rule 149 of PPR-2025 & the relevant clause of STD. 6) Non-submission of ongoing work under any PE organisations that affect the tender evaluation process shall be considered as non-eligibility of the tenderer. 7) If the total quoted price is more than 5% (five percent) less or above the APP estimate cost, the tenderer shall submit an item-wise analysis of rates in support of his quoted rate. 8) All non-life insurance for any public property, or risks or liabilities pertaining to public property, shall be taken through Sadiron Bima Corporation in accordance with the Insurance Corporation Act, 2019. 9) The tenderer shall submit a turnover calculation sheet, a capacity calculation sheet & an ongoing works value calculation (both a hard copy and an Excel sheet soft copy as per the attached format in section 8, Particular Specifications).","Construction of Foot Over Bridge infront of Ramnagar K.M.C.(R) High School at 19th K.m. (Ch.18+485 Km) on Feni-Noakhali National Highway (N-104) under Road Division Feni during the year 2026-27.","Lot wise","Package wise","Package wise","4000","Payment through Bank","11-Mar-2027","11-Mar-2027","1","Construction of Foot Over Bridge infront of Ramnagar K.M.C.(R) High School at 19th K.m. (Ch.18+485 Km) on Feni-Noakhali National Highway (N-104) under Road Division Feni during the year 2026-27.","Under Feni Road Division","1000000","01-Nov-2026","31-Jan-2027","Suniti Chakma","Executive Engineer","Address : Feni Road Division, Sarak Bhaban, Feni City : Feni Thana : Feni Sadar District : Feni - 0001 Country : Bangladesh","Feni Road Division, Sarak Bhaban, Feni","Feni","Feni Sadar","Feni - 0001","0331-74039","","37332300.00, OTM","https://www.eprocure.gov.bd/resources/common/ViewTender.jsp?id=1322931"
"Ministry of Energy","Power and Mineral Resources","Power Grid Bangladesh PLC","Grid Maintenance Division, Rangpur","026","Rangpur","Works","NCT","TENDER","Tender - Single Lot","27.21.0000.727.07.002.26.153 ; Dated: 24/08/2026","229255","1322637","Open Tendering Method (OTM)","Own Fund","Own Fund","Not applicable","Not applicable","RMSS 26-27/01 Cutting grass Cutting of grass, shrubs, jungles at different grid S/S under GMD, Power Grid, Rangpur.","Washing and dry-cleaning services; Miscellaneous services; Laundry-collection services; Textile-cleaning services; Fur-products cleaning services; Colouring services; Pressing services; Dyeing services;","27-Aug-2026 17:18","10-Sep-2026 14:30","01. A satisfactory completion of Grass Cutting Work  at 132 kv Grid Substation valued minimum Tk. 06 (Six) Lacs under maximum 01(One) of the contract over a period of last 05 (Five) years shall be required. 02.Tenderer Should have updated trade license,ABC license,Tax payment Certificate,TIN and BIN. 03.Final payable amount (bill) will be depended on Post work measurement after completion of work. 04. As Stated in the Tender Documents and PCC.","Cutting of grass, shrubs, jungles at different grid S/S under GMD, Power Grid, Rangpur.","Lot wise","Package wise","Package wise","500","Payment through Bank","05-Feb-2027","05-Feb-2027","01","Cutting of grass, shrubs, jungles at different grid S/S under GMD, Power Grid, Rangpur.","All Grid SS under GMD Rangpur","20000","30-Sep-2026","17-Jun-2027","Md Shahjahan Ali","Executive Engineer","Address : Biddut Bhaban, Collage Road, Alamnagar, Rangpur. City : Rangpur Thana : Rangpur City Corporation District : Rangpur - 5402 Country : Bangladesh","Biddut Bhaban, Collage Road, Alamnagar, Rangpur.","Rangpur","Rangpur City Corporation","Rangpur - 5402","0521-65117","0521-65117","Not Found","https://www.eprocure.gov.bd/resources/common/ViewTender.jsp?id=1322637"
"Ministry of Home Affairs","","Bangladesh Police","Office of the Superintendent of Police, Madaripur","00113","Madaripur","Goods","NCT","TENDER","Tender - Single Lot","sp madaripur/ration/lentil/2026-27 2nd","226731","1324082","Open Tendering Method (OTM)","Revenue","Government","Not applicable","Not applicable","sp madaripur/ration/lentil/2026-27 2nd Supply Of Grain Lentils at Sp Office, Madaripur 2nd Quarter/2026-27 (October to December/2026)","Food products and beverages;Animal products, meat and meat products;Meat;Animal wool, hides and skins;Meat products;Prepared and preserved fish;Fish fillets, fish livers and roe;Frozen fish, fish fillets and other fish meat;Dried or salted fish; fish in brine; smoked fish;Canned or tinned fish and other prepared or preserved fish;Seafood;Fruit, vegetables and related products;Potatoes and potato products;Fruit and vegetable juices;Fruit and vegetables;Animal or vegetable oils and fats;Crude animal or vegetable oils and fats;Refined oils and fats;Edible fats;Dairy products;Milk and cream;Butter;Cheese products;Assorted dairy products;Grain mill products, starches and starch products;Grain mill products;Starches and starch products;Animal feedstuffs;Prepared animal feeds for farm and other animals;Miscellaneous food products;Bread products, fresh pastry goods and cakes;Rusks and biscuits; preserved pastry goods and cakes;Sugar and related products;Cocoa; chocolate and sugar confectionery;Pasta products;Coffee, tea and related products;Condiments and seasonings;Special nutritional products;Miscellaneous food products n.e.c. and dried goods;Beverages;Distilled alcoholic beverages;Wines;Cider and other fruit wines;Non-distilled fermented beverages;Malt beer;Non-alcoholic beverages","27-Aug-2026 17:00","10-Sep-2026 13:00","As per TDS a. Updated copy of valid trade license. b. Updated income tax clearance certificate & E-TIN certificate. c. Updated VAT registration certificate. d. A latest certified copy of bank solvency certificate or line of Credit According to PG3-8 Form. e. A certificate of ownership of the company. f. National Identity Card copy. g. Must submit a certificate stating that you are not blacklisted. h. Samples of the relevant items must be submitted to the office before opening. i. The agricultural marketing certificate must be submitted.","Supply Of Grain Lentils at Sp Office, Madaripur 2nd Quarter/2026-27 (October to December/2026)","Lot wise","Package wise","Package wise","1500","Payment through Bank","06-Jan-2027","06-Jan-2027","1","Supply Of Grain Lentils at Sp Office, Madaripur 2nd Quarter/2026-27 (October to December-2026)","Police Lines, Madaripur","136125","01-Oct-2026","10-Dec-2026","Md. Habibur Rahman","SP","Address : Office of the Superintendent of Police, Madaripur City : Madaripur Thana : Madaripur Sadar District : Madaripur - 7900 Country : Bangladesh","Office of the Superintendent of Police, Madaripur","Madaripur","Madaripur Sadar","Madaripur - 7900","0661-61494","0661-61108","Not Found","https://www.eprocure.gov.bd/resources/common/ViewTender.jsp?id=1324082"
"Ministry of Housing and Public Works","","Public Works Department (PWD)","Jamalpur pwd division","","Jamalpur","Works","NCT","TENDER","Tender - Single Lot","mymzone/25.36.6100.010.14.000.26/479Dt:12.08.2026","230788","1324365","Open Tendering Method (OTM)","Development","Government","Information Complexes/1st rev","Construction of Modern Information Complexes at District Level(1st Phase ) (1st revised)","mymzone/25.36.6100.010.14.000.26/479Dt:12.08.2026 Construction of 5- Storied Building having 5- Storied Foundation of Jamalpur District Information Complex (Construction of Main Building, Internal Sanitary and Water Supply, External Water Supply and Sewerage, Boundary Wall, Gate, Land Development, Drain, Road, Internal Electrification, Substation, LT Feeder Cable, Pump Motor Set, Compound and Security Light, Fire Protection System and Other Ancillary Works) under the project of ""Construction of Modern Information Complexes at District Level (1st Phase)(1st Revised)"". FY_2026-27","Construction work;Site preparation work;Building demolition and wrecking work and earthmoving work;Test drilling and boring work;Works for complete or part construction and civil engineering work;Building construction work;Engineering works and construction works;Construction work for pipelines, communication and power lines, for highways, roads, airfields and railways; flatwork;Construction work for water projects;Construction works for plants, mining and manufacturing and for buildings relating to the oil and gas industry;Roof works and other special trade construction works;Building installation work;Electrical installation work;Insulation work;Plumbing and sanitary works;Fencing, railing and safety equipment installation work;Mechanical installations;Building completion work;Plastering work;Joinery and carpentry installation work;Floor and wall covering work;Painting and glazing work;Other building completion work;Hire of construction and civil engineering machinery and equipment with operator;Hire of cranes with operator;Hire of earthmoving equipment with operator","27-Aug-2026 19:15","27-Sep-2026 17:00","1. Reputed Contractors/Construction Firms who have minimum 5 (Five) years of general experience. 2. Minimum specific experience as a Prime Contractor satisfactory completion of a least 01 (one) contract of 1(One) no RCC Framed structured Building Construction works (including Civil, Sanitary, Internal Electrical Works, External Electrical Works including Substation) successfully completed within the last 05 (five) years with a value of at least Tk. 12.00 (Twelve) Crore in any Government/ Semi Government/ Autonomous Organization with in last 5(five) years from the date of IFT. Manufacturer Authorization for Substation must be submitted as specification mentioned in BOQ. 3. Tenderer must have a Minimum Average Annual Construction Turnover of Tk. 18.00 (Eighteen) Crore.A summary sheet of last five years Turnover to be submitted with all supporting documents. For Turnover calculation, Financial Year wise payment Certificate from Concern PE is required. 4. Tenderer must have a Minimum Liquid Assets/Credit facilities/Credit Line amounting to Tk. 4.00 (Four) Crore. Certificate of unconditional Liquid Asset must be submitted in prescribed form published by BPPA, otherwise the tender will be summarily rejected. 5. Minimum Tender Capacity must be Tk. 13 (Thirteen) Crore. Relevant Documents in support of the Tender Capacity must be submitted. 6. The Tenderer shall submit with his Tender: (a) Up to date Income Tax Clearance Certificate. (b) Up to date Trade License. (c) Valid VAT Registration Certificate (d) ABC Electrical Work and Supervisory License from Bangladesh Electrification Board. 7. Vat shall be deducted from the contractor's bill using the current NBR rate. Tenderer are requested to go through TDS and PCC of the tender document.","Construction of 5- Storied Building having 5- Storied Foundation of Jamalpur District Information Complex (Construction of Main Building, Internal Sanitary and Water Supply, External Water Supply and Sewerage, Boundary Wall, Gate, Land Development, Drain, Road, Internal Electrification, Substation, LT Feeder Cable, Pump Motor Set, Compound and Security Light, Fire Protection System and Other Ancillary Works) under the project of ""Construction of Modern Information Complexes at District Level (1st Phase)(1st Revised)"". FY_2026-27","Lot wise","Package wise","Package wise","5000","Payment through Bank","23-Feb-2027","23-Feb-2027","01","Construction of 5- Storied Building having 5- Storied Foundation of Jamalpur District Information Complex (Construction of Main Building, Internal Sanitary and Water Supply, External Water Supply and Sewerage, Boundary Wall, Gate, Land Development, Drain, Road, Internal Electrification, Substation, LT Feeder Cable, Pump Motor Set, Compound and Security Light, Fire Protection System and Other Ancillary Works) under the project of ""Construction of Modern Information Complexes at District Level (1st Phase)(1st Revised)"". FY_2026-27","Jamalpur Sadar, Jamalpur","5000000","01-Nov-2026","31-Oct-2027","Md. Rokonuzzaman","Executive Engineer","Address : Jamalpur pwd division ,Jamalpur City : Jamalpur Thana : Jamalpur Sadar District : Jamalpur - 2000 Country : Bangladesh","Jamalpur pwd division ,Jamalpur","Jamalpur","Jamalpur Sadar","Jamalpur - 2000","02-98163666","","Not Found","https://www.eprocure.gov.bd/resources/common/ViewTender.jsp?id=1324365"
"Ministry of Social Welfare","","Department of Social Services(DSS)","Establishment Re-Establishment of Sarkari Shishu Paribar and Baby Home-2nd Revised Project.","224256700","Dhaka","Goods","NCT","TENDER","Tender - Single Lot","DSS/SSP2nd/POB/GD 10 Lot-4","229446","1320156","Open Tendering Method (OTM)","Development","Government","224256700","Establishment/ Re-Establishment of Sarkari Shishu Paribar and Baby Home (2nd Revised) Project.","GD 10 Lot-4 Procurement of mattresses, blankets, bed sheets, pillows (with covers), mosquito nets, thin quilts (Katha), prayer mats (Janamaz), and door & window curtains for residents living in 5 centers (Rangpur, Thakurgaon, Rajshahi, Bogura, and Gaibandha)","Textiles and textile articles;Textile fabrics and related items;Woven fabrics;Woollen fabrics;Linen fabrics;Special fabrics;Knitted or crocheted fabrics;Cloth;Non-woven fabrics;Textile articles;Textile household articles;Made-up textile articles;Carpets, mats and rugs;Miscellaneous cordage, rope, twine and netting;Non-woven articles;Miscellaneous textile articles;Knitwear, hosiery and related articles;Textile yarn and thread;Natural textile fibres;Artificial textile fibres;Textile yarn and thread of natural fibres;Synthetic yarn or thread;Textile waste","27-Aug-2026 20:00","13-Sep-2026 14:00","As per ITT and TDS.","Procurement of mattresses, blankets, bed sheets, pillows (with covers), mosquito nets, thin (light weight) quilts (Katha), prayer mats (Janamaz), and door & window curtains for residents living in 5 centers (Rangpur, Thakurgaon, Rajshahi, Bogura, and Gaibandha)","Lot wise","Package wise","Package wise","2500","Payment through Bank","08-Feb-2027","08-Feb-2027","Lot-4","Procurement of mattresses, blankets, bed sheets, pillows (with covers), mosquito nets, thin quilts (Katha), prayer mats (Janamaz), and door & window curtains for residents living in 5 centers (Rangpur, Thakurgaon, Rajshahi, Bogura, and Gaibandha)","5 Districts","370000","30-Sep-2026","30-Sep-2027","Md. Barkatur Rahman","Project Director","Address : 102/1,West Agargaon, Dhaka-1207 City : Dhaka Thana : Dhaka North City Corporation District : Dhaka - 1207 Country : Bangladesh","102/1,West Agargaon, Dhaka-1207","Dhaka","Dhaka North City Corporation","Dhaka - 1207","02-223314367","","Not Found","https://www.eprocure.gov.bd/resources/common/ViewTender.jsp?id=1320156"
"Ministry of Energy","Power and Mineral Resources","Power Grid Bangladesh PLC","Grid Maintenance Division, Rangpur","026","Rangpur","Goods","NCT","TENDER","Tender - Single Lot","27.21.0000.727.07.002.26.154  ; Dated: 24/08/2026","229255","1323506","Open Tendering Method (OTM)","Own Fund","Own Fund","Not applicable","Not applicable","office equip.26-27/01 Procurement of fire extinguisher for different grid Substation under GMD, Power Grid, Rangpur.","Emergency and security equipment; Miscellaneous equipment;","27-Aug-2026 17:15","10-Sep-2026 14:30","1. Tenderer must have experience with supply of different types of Fire Extinguishers at any Government / Semi-Government/Autonomous Organizations within last Three (03) three years costs minimum 2.5 lacs under maximum 01(one) contract.[years counting backward from the date of publication of IFT in the newspaper] 2. The tenderer has to submit documents related to the Guaranteed technical data sheet of proposed goods with proper seal & sign. 3. The tenderer should have the valid license of Fire Service and Civil Defense. 4. The tenderer must submit valid BSTI approval documents. 5 . Lab test report needed from BSTI/BUET/BCSIR by taking sample after the supply of fire extinguisher at his own cost. 6.For raw material 12 (twelve) Months and 2 years for cylinder. During the warranty period, the performance security (retention money) will not be returned. 7. As stated in TDS and PCC.","Procurement of fire extinguisher for different grid Substation under GMD, Power Grid, Rangpur.","Lot wise","Package wise","Package wise","500","Payment through Bank","05-Feb-2027","05-Feb-2027","01","Procurement of fire extinguisher for different grid Substation under GMD, Power Grid, Rangpur.","XEN Office ,Power Grid Rangpur","10000","01-Oct-2026","20-Oct-2026","Md Shahjahan Ali","Executive Engineer","Address : Biddut Bhaban, Collage Road, Alamnagar, Rangpur. City : Rangpur Thana : Rangpur City Corporation District : Rangpur - 5402 Country : Bangladesh","Biddut Bhaban, Collage Road, Alamnagar, Rangpur.","Rangpur","Rangpur City Corporation","Rangpur - 5402","0521-65117","0521-65117","Not Found","https://www.eprocure.gov.bd/resources/common/ViewTender.jsp?id=1323506"
"Ministry of Housing and Public Works","","Public Works Department (PWD)","Cumilla PWD Division, Cumilla","","Cumilla","Works","NCT","TENDER","Tender - Single Lot","memo no SE 162  DT 16.08.2026","226573","1320400","Open Tendering Method (OTM)","Revenue","Government","Not applicable","Not applicable","APP-NR-  2026-2027-. Replacement of doors, windows, and Thai-aluminum and  civil, sanitary, drain-apron, repair, and painting with ancillary work at Public Works Department office building cumilla","Construction work;Site preparation work;Building demolition and wrecking work and earthmoving work;Test drilling and boring work;Works for complete or part construction and civil engineering work;Building construction work;Engineering works and construction works;Construction work for pipelines, communication and power lines, for highways, roads, airfields and railways; flatwork;Construction work for water projects;Construction works for plants, mining and manufacturing and for buildings relating to the oil and gas industry;Roof works and other special trade construction works;Building installation work;Electrical installation work;Insulation work;Plumbing and sanitary works;Fencing, railing and safety equipment installation work;Mechanical installations;Building completion work;Plastering work;Joinery and carpentry installation work;Floor and wall covering work;Painting and glazing work;Other building completion work;Hire of construction and civil engineering machinery and equipment with operator;Hire of cranes with operator;Hire of earthmoving equipment with operator","27-Aug-2026 18:30","17-Sep-2026 13:30","a) The tenderer shall have minimum 3(three) years of general experience in Construction b) The tenderer must have an experience in successful completion of at least 1 (one) number of Similar nature works with a value of at leas Tk 10.00 lac through a single contract during last 3 (three) years in any Government/Semi-Government/Autonomous organization of Bangladesh i) In case of work done under PWD, the certifying and authenticating Authority shall be the Concern Executive Engineer. ii) In case of work done under any Govt./Semi-Govt./Autonomous body in Bangladesh other than PWD, the certifying authority shall be the Officer of the Organization (not below the rank of Executive Engineer) and the same should be duly authenticated by the concerned Executive Engineer of PWD of that area under whose jurisdiction the work has been executed. c) The Tenderers must have a minimum average annual Construction Turnover of Tk.10.00 lac during last 3(three) Years. d) The minimum amount of liquid assets or working capital or credit facilities of the Tenderer shall be Tk 16.50 lac only. e)The minimum tender capacity shall be Tk.11.00 lac only. f) The tenderer shall submit updated income tax clearance certificate,VAT registration certificate,Trade licence","Replacement of doors, windows, and Thai-aluminum and civil, sanitary, drain-apron, repair, and painting with ancillary work at Public Works Department office building cumilla","Lot wise","Package wise","Package wise","1000","Payment through Bank","14-Dec-2026","14-Dec-2026","1","Replacement of doors, windows, and Thai-aluminum and  civil, sanitary, drain-apron, repair, and painting with ancillary work at Public Works Department office building cumilla","Public Works Department office building cumilla","35000","01-Oct-2026","01-Nov-2026","Nazmul Hasan Hera","Executive Engineer","Address : Cumilla City : Cumilla Thana : Cumilla Sadar District : Cumilla - 3500 Country : Bangladesh","Cumilla","Cumilla","Cumilla Sadar","Cumilla - 3500","081-63883","","Not Found","https://www.eprocure.gov.bd/resources/common/ViewTender.jsp?id=1320400"
"Ministry of Social Welfare","","Department of Social Services(DSS)","Establishment Re-Establishment of Sarkari Shishu Paribar and Baby Home-2nd Revised Project.","224256700","Dhaka","Goods","NCT","TENDER","Tender - Single Lot","DSS/SSP2nd/PB/GD-10 Lot-02","229446","1318741","Open Tendering Method (OTM)","Development","Government","224256700","Establishment/ Re-Establishment of Sarkari Shishu Paribar and Baby Home (2nd Revised) Project.","GD-10  Lot-02 Procurement of mattresses, blankets, bed sheets, pillows (with covers), mosquito nets, thin quilts (Katha), prayer mats (Janamaz), and door & window curtains for residents living in 5 centers (Sylhet, Moulvibazar, Kishoreganj, Tangail, and Kushtia).","Textiles and textile articles; Textile fabrics and related items; Textile articles; Textile yarn and thread; Textile waste;Woven fabrics;Woollen fabrics;Linen fabrics;Special fabrics;Knitted or crocheted fabrics;Cloth;Non-woven fabrics;Textile household articles;Made-up textile articles;Carpets, mats and rugs;Miscellaneous cordage, rope, twine and netting;Non-woven articles;Miscellaneous textile articles;Knitwear, hosiery and related articles;Natural textile fibres;Artificial textile fibres;Textile yarn and thread of natural fibres;Synthetic yarn or thread","27-Aug-2026 18:00","13-Sep-2026 14:00","As per ITT and TDS.","Procurement of mattresses, blankets, bed sheets, pillows (with covers), mosquito nets, thin (Light weight) quilts (Katha), prayer mats (Jainamaz), and door & window curtains for the residents living in 5 centers (Sylhet, Moulvibazar, Kishoreganj, Tangail, and Kushtia).","Lot wise","Package wise","Package wise","2500","Payment through Bank","08-Feb-2027","08-Feb-2027","Lot-02","Procurement of mattresses, blankets, bed sheets, pillows (with covers), mosquito nets, thin quilts (Katha), prayer mats (Janamaz), and door & window curtains for residents living in 5 centers (Sylhet, Moulvibazar, Kishoreganj, Tangail, and Kushtia).","05 Districts","370000","30-Sep-2026","30-Sep-2027","Md. Barkatur Rahman","Project Director","Address : 102/1,West Agargaon, Dhaka-1207 City : Dhaka Thana : Dhaka North City Corporation District : Dhaka - 1207 Country : Bangladesh","102/1,West Agargaon, Dhaka-1207","Dhaka","Dhaka North City Corporation","Dhaka - 1207","02-223314367","","Not Found","https://www.eprocure.gov.bd/resources/common/ViewTender.jsp?id=1318741"
"Ministry of Local Government","Rural Development and Co-operatives","Chittagong City Corporation","Engineering Department","","Chattogram","Works","NCT","TENDER","Tender - Single Lot","ADP231/2026-27/CPC/W-2","230396","1319275","Open Tendering Method (OTM)","Development","Government","ADP230","Construction of Porichanna Karmi Nibash in Chattogram City Corporation Area","CCC-CPC-25/26-3 Construction of 14 storey foundation building from Ground floor to 7th floor (G+7) as Parichhanna Karmi nibas at 30 no. East madarbari ward","Construction work;Site preparation work;Building demolition and wrecking work and earthmoving work;Test drilling and boring work;Works for complete or part construction and civil engineering work;Building construction work;Engineering works and construction works;Construction work for pipelines, communication and power lines, for highways, roads, airfields and railways; flatwork;Construction work for water projects;Construction works for plants, mining and manufacturing and for buildings relating to the oil and gas industry;Roof works and other special trade construction works;Building installation work;Electrical installation work;Insulation work;Plumbing and sanitary works;Fencing, railing and safety equipment installation work;Mechanical installations;Building completion work;Plastering work;Joinery and carpentry installation work;Floor and wall covering work;Painting and glazing work;Other building completion work;Hire of construction and civil engineering machinery and equipment with operator;Hire of cranes with operator;Hire of earthmoving equipment with operator","27-Aug-2026 16:30","17-Sep-2026 12:00","As per TDS","Construction of 14 storey foundation building from Ground floor to 7th floor (G+7) as Parichhanna Karmi nibas at 30 no. East madarbari ward","Lot wise","Package wise","Package wise","5000","Payment through Bank","12-Feb-2027","12-Feb-2027","CCC-CPC-25/26-03","Construction of 14 storey foundation building from Ground floor to 7th floor (G+7) as Parichhanna Karmi nibas at 30 no. East madarbari ward","30 no ward","7250000","01-Nov-2026","30-Nov-2027","Md Anisur Rahman","Chief Engineer","Address : Andorkilla, Chittagong City : Chittagong Thana : Chattogram City Corporation District : Chattogram - 4200 Country : Bangladesh","Andorkilla, Chittagong","Chittagong","Chattogram City Corporation","Chattogram - 4200","031-633486","","289000000.00, OTM","https://www.eprocure.gov.bd/resources/common/ViewTender.jsp?id=1319275"
"Ministry of Education","Technical & Madrasha Education Division","Directorate of Technical Education","Office of the Scheme Director, Strengthening Vocational Education in Bangladesh","","Dhaka","Services","NCT","RFA","","","230902","1323788","Individual Consultant (IC)","Revenue","Government","320000111","Strengthening Vocational Education in Bangladesh","DTE/SVEB/SD-04 B Selection of Junior Financial Management Specialist","Financial intermediation services;Financial intermediation services, except investment banking, insurance services and pension services.;Central bank services.;Deposit services.;Credit granting services.;Financial leasing services.;Investment banking services.;Insurance and pension services, except compulsory social security services;Life insurance and individual pension services;Group pension services;Non-life insurance services;Reinsurance services;Life reinsurance services;Accident and health reinsurance services;Other non-life reinsurance services","27-Aug-2026 16:00","10-Sep-2026 16:00","As Per TOR","Financial intermediation services;Financial intermediation services, except investment banking, insurance services and pension services.;Central bank services.;Deposit services.;Credit granting services.;Financial leasing services.;Investment banking services.;Insurance and pension services, except compulsory social security services;Life insurance and individual pension services;Group pension services;Non-life insurance services;Reinsurance services;Life reinsurance services;Accident and health reinsurance services;Other non-life reinsurance services","Package wise","","","","","","08-Jan-2027","","","PE Office","","01-Oct-2026","30-Jun-2027","Fatema Jahan","Scheme Director","Address : Office of the Scheme Director, Strengthening Vocational Education in Bangladesh, F-4/B Agargaon Administrative Area, Dhaka-1207, Bangladesh City : Dhaka Thana : Dhaka South City Corporation District : Dhaka - 1207 Country : Bangladesh","Office of the Scheme Director, Strengthening Vocational Education in Bangladesh, F-4/B Agargaon Administrative Area, Dhaka-1207, Bangladesh","Dhaka","Dhaka South City Corporation","Dhaka - 1207","0176-3795272","","Not Found","https://www.eprocure.gov.bd/resources/common/ViewTender.jsp?id=1323788"
"Ministry of Home Affairs","","Bangladesh Police","Office of the Superintendent of Police, Madaripur","00113","Madaripur","Goods","NCT","TENDER","Tender - Single Lot","sp madaripur/ration/polao rice/2026-27 2nd","226731","1324253","Open Tendering Method (OTM)","Revenue","Government","Not applicable","Not applicable","sp madaripur/ration/polao rice/2026-27 2nd Supply Of Polao Rice At Sp Office, Madaripur/2026-27 2nd Quarter (October to December/2026)","Food products and beverages;Animal products, meat and meat products;Meat;Animal wool, hides and skins;Meat products;Prepared and preserved fish;Fish fillets, fish livers and roe;Frozen fish, fish fillets and other fish meat;Dried or salted fish; fish in brine; smoked fish;Canned or tinned fish and other prepared or preserved fish;Seafood;Fruit, vegetables and related products;Potatoes and potato products;Fruit and vegetable juices;Fruit and vegetables;Animal or vegetable oils and fats;Crude animal or vegetable oils and fats;Refined oils and fats;Edible fats;Dairy products;Milk and cream;Butter;Cheese products;Assorted dairy products;Grain mill products, starches and starch products;Grain mill products;Starches and starch products;Animal feedstuffs;Prepared animal feeds for farm and other animals;Miscellaneous food products;Bread products, fresh pastry goods and cakes;Rusks and biscuits; preserved pastry goods and cakes;Sugar and related products;Cocoa; chocolate and sugar confectionery;Pasta products;Coffee, tea and related products;Condiments and seasonings;Special nutritional products;Miscellaneous food products n.e.c. and dried goods;Beverages;Distilled alcoholic beverages;Wines;Cider and other fruit wines;Non-distilled fermented beverages;Malt beer;Non-alcoholic beverages","27-Aug-2026 17:00","10-Sep-2026 13:00","As per TDS a. Updated copy of valid trade license. b. Updated income tax clearance certificate & E-TIN certificate. c. Updated VAT registration certificate. d. A latest certified copy of bank solvency certificate or line of Credit According to PG3-8 Form. e. A certificate of ownership of the company. f. National Identity Card copy. g. Must submit a certificate stating that you are not blacklisted. h. Samples of the relevant items must be submitted to the office before opening. i. The agricultural marketing certificate must be submitted.","Supply Of Polao Rice At Sp Office, Madaripur/2026-27 2nd Quarter (October to December/2026)","Lot wise","Package wise","Package wise","500","Payment through Bank","06-Jan-2027","06-Jan-2027","1","Supply Of Polao Rice At Sp Office, Madaripur/2026-27 2nd Quarter (October to December/2026)","Police Lines, Madaripur","5280","01-Oct-2026","10-Dec-2026","Md. Habibur Rahman","SP","Address : Office of the Superintendent of Police, Madaripur City : Madaripur Thana : Madaripur Sadar District : Madaripur - 7900 Country : Bangladesh","Office of the Superintendent of Police, Madaripur","Madaripur","Madaripur Sadar","Madaripur - 7900","0661-61494","0661-61108","Not Found","https://www.eprocure.gov.bd/resources/common/ViewTender.jsp?id=1324253"
"Ministry of Environment","Forest and Climate Change","Forest Department","Jashore Social Forest Division","","Jashore","Goods","NCT","TENDER","Tender - Single Lot","22.01.4100.329.23.001.26.1744","230468","1322349","Open Tendering Method (OTM)","Revenue","Government","Not applicable","Not applicable","SFD-Jas/2026-27/Goods-1 Supply of Wildlife Food (Quality Banana (ripen), Quality Bread, Peanut (adequately mature & dry) and Seasonal Vegetables/fruits for Honuman at different point of Keshabpur Upazila and Moheshpur Upazila in the Year of 2026-2027.","Food products and beverages; Animal products, meat and meat products; Prepared and preserved fish; Fruit, vegetables and related products; Animal or vegetable oils and fats; Dairy products; Grain mill products, starches and starch products; Animal feedstuffs; Miscellaneous food products; Beverages;Meat;Animal wool, hides and skins;Meat products;Fish fillets, fish livers and roe;Frozen fish, fish fillets and other fish meat;Dried or salted fish; fish in brine; smoked fish;Canned or tinned fish and other prepared or preserved fish;Seafood;Potatoes and potato products;Fruit and vegetable juices;Fruit and vegetables;Crude animal or vegetable oils and fats;Refined oils and fats;Edible fats;Milk and cream;Butter;Cheese products;Assorted dairy products;Grain mill products;Starches and starch products;Prepared animal feeds for farm and other animals;Bread products, fresh pastry goods and cakes;Rusks and biscuits; preserved pastry goods and cakes;Sugar and related products;Cocoa; chocolate and sugar confectionery;Pasta products;Coffee, tea and related products;Condiments and seasonings;Special nutritional products;Miscellaneous food products n.e.c. and dried goods;Distilled alcoholic beverages;Wines;Cider and other fruit wines;Non-distilled fermented beverages;Malt beer;Non-alcoholic beverages","27-Aug-2026 17:00","06-Sep-2026 14:00","As Per TDS.","Supply of Wildlife Food (Quality Banana (ripen), Quality Bread, Peanut (adequately mature & dry) and Seasonal Vegetables/fruits for Honuman at different point of Keshabpur Upazila and Moheshpur Upazila in the Year of 2026-2027.","Lot wise","Package wise","Package wise","1000","Payment through Bank","03-Jan-2027","03-Jan-2027","1","Supply of Wildlife Food (Quality Banana (ripen), Quality Bread, Peanut (adequately mature & dry) and Seasonal
Vegetables/fruits for Honuman at different point of Keshabpur Upazila and Moheshpur Upazila in the Year of
2026-2027.","Keshabpur Upazila and Moheshpur Upazila","60000","20-Sep-2026","30-Jun-2027","Amita Mondal","DFO","Address : DFO Jashore Social Forest Division
Jashore City : Jashore Thana : Jashore Sadar District : Jashore - 7400 Country : Bangladesh","","Jashore","Jashore Sadar","Jashore - 7400","0421-63423","","2100000.00, OTM","https://www.eprocure.gov.bd/resources/common/ViewTender.jsp?id=1322349"
"Ministry of Housing and Public Works","","Public Works Department (PWD)","Kishoreganj pwd division","","Kishoreganj","Works","NCT","TENDER","Tender - Single Lot","25.36.6100.000.00.000.25.91, Date: 25/08/2026","226819","1324274","Open Tendering Method (OTM)","Revenue","Government","Not applicable","Not applicable","KPWD/APP/26-27/033 Repair works of the centrifugal pump and starter; supply and installation of security lights; replacement of defective lights, switches, and sockets; and associated electrical repair and maintenance work at Kishoreganj District Jail-1. FY-2026-27","Repair, maintenance and installation services;Repair, maintenance and associated services of vehicles and related equipment;Repair and maintenance services of motor vehicles and associated equipment;Demolition services of vehicles;Repair, maintenance and associated services related to aircraft, railways, roads and marine equipment;Repair, maintenance and associated services related to aircraft and other equipment;Repair, maintenance and associated services related to railways and other equipment;Repair, maintenance and associated services related to roads and other equipment;Repair, maintenance and associated services related to marine and other equipment;Repair, maintenance and associated services related to personal computers, office equipment, telecommunications and audio-visual equipment;Maintenance and repair of office machinery;Repair and maintenance services of personal computers;Maintenance services of telecommunications equipment;Repair and maintenance services of audio-visual and optical equipment;Repair and maintenance services of medical and precision equipment;Repair and maintenance services of measuring, testing and checking apparatus;Repair and maintenance services of medical and surgical equipment;Repair and maintenance services of precision equipment;Repair and maintenance services for pumps, valves, taps and metal containers and machinery;Repair and maintenance services of pumps, valves, taps and metal containers;Repair and maintenance services of machinery;Repair and maintenance services of building installations;Repair and maintenance services of electrical and mechanical building installations;Repair and maintenance services of central heating;Repair and maintenance services of cooler groups;Repair and maintenance services of escalators;Lift-maintenance services;Miscellaneous repair and maintenance services;Repair services of jewellery;Repair services of leather personal goods;Repair services of garments and textiles;Repair and maintenance services of weapons and weapon systems;Repair and maintenance services of furniture;Repair and maintenance services of musical instruments;Repair and maintenance services of playground equipment;Repair and maintenance services of hotel and restaurant equipment;Installation services;Installation services of electrical and mechanical equipment;Installation services of equipment for measuring, checking, testing and navigating;Installation services of communications equipment;Installation services of medical and surgical equipment;Installation services of machinery and equipment;Installation services of computers and office equipment;Installation services of metal containers","27-Aug-2026 16:41","06-Sep-2026 15:00","1. Reputed Contractors/firms who have minimum 5 (Five) years of general experience. 2. The minimum specific experience as a Prime Contractor in Electric repair work under public sector of at least 3.00 Lakh in one(01) contract of successfully completed within the last 03 years. Years counting backward from the date of publication of IFT in e-GP. 3. The Tenderers shall have a minimum Average Annual Construction Turnover shall be TK 3.75 Lakh during the last 5 (Five) Years. Detailed eligibility requirements and conditions applicable to the tenderer are stated in the Tender Data Sheet (TDS). 4. The Tenderers shall have minimum Liquid assets i.e line of credit shall be TK. 3.00 Lakh. Document Submitted along with the tender must be issued in between publication date and submission date of the tender. Prescribed from for Line of Credit for this purpose shall be submitted as per form PW-2(a) of tender and Contract forms. 5. The minimum Tender Capacity Tk 3.00 Lakh 6.The tenderer must have updated valid trade licence. 7. Income Tax Clearance Certificate. 8. VAT registration certificate. 9.Must have Updated and valid ABC Electrical Contractor and Supervisor License from Electricity Licensing Board.","Repair works of the centrifugal pump and starter; supply and installation of security lights; replacement of defective lights, switches, and sockets; and associated electrical repair and maintenance work at Kishoreganj District Jail-1. FY-2026-27","Lot wise","Package wise","Package wise","500","Payment through Bank","03-Mar-2027","03-Mar-2027","Single","Repair works of the centrifugal pump and starter; supply and installation of security lights; replacement of defective lights, switches, and sockets; and associated electrical repair and maintenance work at Kishoreganj District Jail-1. FY-2026-27","Kishoreganj","10000","07-Sep-2026","22-Sep-2026","Md. Mohiuddin Jahangir","Executive Engineer","Address : Kishoreganj pwd division ,Kishoreganj City : Kishorerganj Thana : Kishoreganj Sadar District : Kishoreganj - 2300 Country : Bangladesh","Kishoreganj pwd division ,Kishoreganj","Kishorerganj","Kishoreganj Sadar","Kishoreganj - 2300","02-94161751","","400000.00, OTM","https://www.eprocure.gov.bd/resources/common/ViewTender.jsp?id=1324274"
"Ministry of Education","Secondary and Higher Education Division","National Curriculum and textbook Board (NCTB)","Member (Textbook), NCTB","","Dhaka","Goods","NCT","TENDER","Tender - Single Lot","37.06.0000.304.07.006.26/1903","225442","1324005","Open Tendering Method (OTM)","Revenue","Government","Not applicable","Not applicable","2027.GD.PRI.IV.2Books.12.418 For printing (with paper), binding and supplying of two subject textbooks (Culture of Bangladesh & Sports) of class four (primary level) to be distributed free of cost for the academic year 2027","Various types of printed matter and articles for printing; Printing, publishing and related services;Printed books, brochures and leaflets;Printed books;Publications;Directories;Leaflets;Brochures;Booklets;Newspapers, journals, periodicals and magazines;Newspapers;Postcards, greeting cards and other printed matter;Postcards;Greeting cards;Stamps, cheque forms, banknotes, stock certificates, trade advertising material, catalogues and manuals;Stamps;Stamp-impressed paper;Banknotes;Cheque forms;Security-type printed matter;Trade-advertising material, commercial catalogues and manuals;Manuals;Printing plates or cylinders or other media for use in printing;Offset plates;Dry-etching equipment;Paper or paperboard registers, account books, binders, forms and other articles of printed stationery;Paper or paperboard registers;Forms;Exercise books;Albums for samples;Binders and related accessories;Printed stationery except forms;Miscellaneous printed matter;Car-tax discs;Driving licences;ID cards;Permits;Entrance cards;Bespoke printed matter;Tickets;Printing services;Printing services for books;Printing services for stationery;Printing services for security printed matter;Printing services for forms;Printing services for tickets;Printing services for calendars;Printing services for timetables;Newspaper printing services;Printing services for posters;Services related to printing;Print finishing services;Composition services;Printing and delivery services;Printing and distribution services;Publishing services;Bookbinding and finishing services;Subscription services","27-Aug-2026 16:10","09-Sep-2026 16:10","As Per TDS","For printing (with paper), binding and supplying of two subject textbooks (Culture of Bangladesh & Sports) of class four (primary level) to be distributed free of cost for the academic year 2027","Lot wise","Package wise","Package wise","4000","Payment through Bank","07-Mar-2027","07-Mar-2027","418","For printing (with paper), binding and supplying of two subject textbooks (Culture of Bangladesh & Sports) of class four (primary level) to be distributed free of cost for the academic year 2027","As Per Delivery Schedule","550000","20-Sep-2026","26-Nov-2026","Mohammad Abu Nasher Tuku","Member (Textbook)","Address :  69-70, Motijheel, C/A, Dhaka-1000 City : Dhaka Thana : Dhaka South City Corporation District : Dhaka - 1000 Country : Bangladesh","69-70, Motijheel, C/A, Dhaka-1000","Dhaka","Dhaka South City Corporation","Dhaka - 1000","02-9550805","","32561694.60, OTM","https://www.eprocure.gov.bd/resources/common/ViewTender.jsp?id=1324005"
"Ministry of Education","Secondary and Higher Education Division","National Curriculum and textbook Board (NCTB)","Member (Textbook), NCTB","","Dhaka","Goods","NCT","TENDER","Tender - Single Lot","37.06.0000.303.07.006.26.2290","225442","1323959","Open Tendering Method (OTM)","Revenue","Government","Not applicable","Not applicable","GD.11_EBT-SEC-DHA.1306 For Printing (with paper), Binding and Supplying  of textbooks of Ebtedayee Class-4 &  Secondary (Bangla & English Version), Dakhil,  Class-6 to be  distributed free of cost for the Academic Year 2027.","Various types of printed matter and articles for printing; Printing, publishing and related services;Printed books, brochures and leaflets;Printed books;Publications;Directories;Leaflets;Brochures;Booklets;Newspapers, journals, periodicals and magazines;Newspapers;Postcards, greeting cards and other printed matter;Postcards;Greeting cards;Stamps, cheque forms, banknotes, stock certificates, trade advertising material, catalogues and manuals;Stamps;Stamp-impressed paper;Banknotes;Cheque forms;Security-type printed matter;Trade-advertising material, commercial catalogues and manuals;Manuals;Printing plates or cylinders or other media for use in printing;Offset plates;Dry-etching equipment;Paper or paperboard registers, account books, binders, forms and other articles of printed stationery;Paper or paperboard registers;Forms;Exercise books;Albums for samples;Binders and related accessories;Printed stationery except forms;Miscellaneous printed matter;Car-tax discs;Driving licences;ID cards;Permits;Entrance cards;Bespoke printed matter;Tickets;Printing services;Printing services for books;Printing services for stationery;Printing services for security printed matter;Printing services for forms;Printing services for tickets;Printing services for calendars;Printing services for timetables;Newspaper printing services;Printing services for posters;Services related to printing;Print finishing services;Composition services;Printing and delivery services;Printing and distribution services;Publishing services;Bookbinding and finishing services;Subscription services","27-Aug-2026 16:00","09-Sep-2026 16:00","As Per TDS","For Printing (with paper), Binding and Supplying of textbooks of Ebtedayee Class-4 & Secondary (Bangla & English Version), Dakhil, Class-6 to be distributed free of cost for the Academic Year 2027.","Lot wise","Package wise","Package wise","2500","Payment through Bank","07-Mar-2027","07-Mar-2027","1306","For Printing (with paper), Binding and Supplying  of textbooks of Ebtedayee Class-4 &  Secondary (Bangla & English Version), Dakhil,  Class-6 to be  distributed free of cost for the Academic Year 2027.","As Per Delivery Schedule","550000","20-Sep-2026","26-Nov-2026","Mohammad Abu Nasher Tuku","Member (Textbook)","Address :  69-70, Motijheel, C/A, Dhaka-1000 City : Dhaka Thana : Dhaka South City Corporation District : Dhaka - 1000 Country : Bangladesh","69-70, Motijheel, C/A, Dhaka-1000","Dhaka","Dhaka South City Corporation","Dhaka - 1000","02-9550805","","19563895.00, OTM","https://www.eprocure.gov.bd/resources/common/ViewTender.jsp?id=1323959"
"Ministry of Home Affairs","","Bangladesh Police","Office of the Superintendent of Police, Madaripur","00113","Madaripur","Goods","NCT","TENDER","Tender - Single Lot","sp madaripur/ration/Firewood/2026-27 2nd","226731","1324231","Open Tendering Method (OTM)","Revenue","Government","Not applicable","Not applicable","sp madaripur/ration/Firewood/2026-27 2nd Supply Of firewood (Mango/Chambul) At Sp Office, Madaripur/2026-27 2nd Quarter (October to December/2026)","Food products and beverages;Animal products, meat and meat products;Meat;Animal wool, hides and skins;Meat products;Prepared and preserved fish;Fish fillets, fish livers and roe;Frozen fish, fish fillets and other fish meat;Dried or salted fish; fish in brine; smoked fish;Canned or tinned fish and other prepared or preserved fish;Seafood;Fruit, vegetables and related products;Potatoes and potato products;Fruit and vegetable juices;Fruit and vegetables;Animal or vegetable oils and fats;Crude animal or vegetable oils and fats;Refined oils and fats;Edible fats;Dairy products;Milk and cream;Butter;Cheese products;Assorted dairy products;Grain mill products, starches and starch products;Grain mill products;Starches and starch products;Animal feedstuffs;Prepared animal feeds for farm and other animals;Miscellaneous food products;Bread products, fresh pastry goods and cakes;Rusks and biscuits; preserved pastry goods and cakes;Sugar and related products;Cocoa; chocolate and sugar confectionery;Pasta products;Coffee, tea and related products;Condiments and seasonings;Special nutritional products;Miscellaneous food products n.e.c. and dried goods;Beverages;Distilled alcoholic beverages;Wines;Cider and other fruit wines;Non-distilled fermented beverages;Malt beer;Non-alcoholic beverages","27-Aug-2026 17:00","10-Sep-2026 13:00","As per TDS a. Updated copy of valid trade license. b. Updated income tax clearance certificate & E-TIN certificate. c. Updated VAT registration certificate. d. A latest certified copy of bank solvency certificate or line of Credit According to PG3-8 Form. e. A certificate of ownership of the company. f. National Identity Card copy. g. Must submit a certificate stating that you are not blacklisted. h. Samples of the relevant items must be submitted to the office before opening. i. The agricultural marketing certificate must be submitted.","Supply Of firewood (Mango/Chambul) At Sp Office, Madaripur/2026-27 2nd Quarter (October to December/2026)","Lot wise","Package wise","Package wise","500","Payment through Bank","06-Jan-2027","06-Jan-2027","1","Supply Of firewood (Mango/Chambul) At Sp Office, Madaripur/2026-27 2nd Quarter (October to December/2026)","Police Lines, Madaripur","5390","01-Oct-2026","10-Dec-2026","Md. Habibur Rahman","SP","Address : Office of the Superintendent of Police, Madaripur City : Madaripur Thana : Madaripur Sadar District : Madaripur - 7900 Country : Bangladesh","Office of the Superintendent of Police, Madaripur","Madaripur","Madaripur Sadar","Madaripur - 7900","0661-61494","0661-61108","Not Found","https://www.eprocure.gov.bd/resources/common/ViewTender.jsp?id=1324231"
"Ministry of Education","Secondary and Higher Education Division","National Curriculum and textbook Board (NCTB)","Member (Textbook), NCTB","","Dhaka","Goods","NCT","TENDER","Tender - Single Lot","37.06.0000.304.07.006.26/1905","225442","1324007","Open Tendering Method (OTM)","Revenue","Government","Not applicable","Not applicable","2027.GD.PRI.IV.2Books.12.420 For printing (with paper), binding and supplying of two subject textbooks (Culture of Bangladesh & Sports) of class four (primary level) to be distributed free of cost for the academic year 2027","Various types of printed matter and articles for printing; Printing, publishing and related services;Printed books, brochures and leaflets;Printed books;Publications;Directories;Leaflets;Brochures;Booklets;Newspapers, journals, periodicals and magazines;Newspapers;Postcards, greeting cards and other printed matter;Postcards;Greeting cards;Stamps, cheque forms, banknotes, stock certificates, trade advertising material, catalogues and manuals;Stamps;Stamp-impressed paper;Banknotes;Cheque forms;Security-type printed matter;Trade-advertising material, commercial catalogues and manuals;Manuals;Printing plates or cylinders or other media for use in printing;Offset plates;Dry-etching equipment;Paper or paperboard registers, account books, binders, forms and other articles of printed stationery;Paper or paperboard registers;Forms;Exercise books;Albums for samples;Binders and related accessories;Printed stationery except forms;Miscellaneous printed matter;Car-tax discs;Driving licences;ID cards;Permits;Entrance cards;Bespoke printed matter;Tickets;Printing services;Printing services for books;Printing services for stationery;Printing services for security printed matter;Printing services for forms;Printing services for tickets;Printing services for calendars;Printing services for timetables;Newspaper printing services;Printing services for posters;Services related to printing;Print finishing services;Composition services;Printing and delivery services;Printing and distribution services;Publishing services;Bookbinding and finishing services;Subscription services","27-Aug-2026 16:10","09-Sep-2026 16:10","As Per TDS","For printing (with paper), binding and supplying of two subject textbooks (Culture of Bangladesh & Sports) of class four (primary level) to be distributed free of cost for the academic year 2027","Lot wise","Package wise","Package wise","4000","Payment through Bank","07-Mar-2027","07-Mar-2027","420","For printing (with paper), binding and supplying of two subject textbooks (Culture of Bangladesh & Sports) of class four (primary level) to be distributed free of cost for the academic year 2027","As Per Delivery Schedule","500000","20-Sep-2026","26-Nov-2026","Mohammad Abu Nasher Tuku","Member (Textbook)","Address :  69-70, Motijheel, C/A, Dhaka-1000 City : Dhaka Thana : Dhaka South City Corporation District : Dhaka - 1000 Country : Bangladesh","69-70, Motijheel, C/A, Dhaka-1000","Dhaka","Dhaka South City Corporation","Dhaka - 1000","02-9550805","","29370418.50, OTM","https://www.eprocure.gov.bd/resources/common/ViewTender.jsp?id=1324007"
"Ministry of Housing and Public Works","","Public Works Department (PWD)","Kishoreganj pwd division","","Kishoreganj","Works","NCT","TENDER","Tender - Single Lot","25.36.6100.000.00.000.25.94, Date: 25/08/2026","226819","1324305","Open Tendering Method (OTM)","Revenue","Government","Not applicable","Not applicable","KPWD/APP/26-27/036 Replacement works of underground electrical cables, AC servicing and repair, and other necessary electrical repair, renovation, and renewal works at the official residence of the Executive Engineer, Public Works Department, Kishoreganj District. FY-2026-27","Repair, maintenance and installation services;Repair, maintenance and associated services of vehicles and related equipment;Repair and maintenance services of motor vehicles and associated equipment;Demolition services of vehicles;Repair, maintenance and associated services related to aircraft, railways, roads and marine equipment;Repair, maintenance and associated services related to aircraft and other equipment;Repair, maintenance and associated services related to railways and other equipment;Repair, maintenance and associated services related to roads and other equipment;Repair, maintenance and associated services related to marine and other equipment;Repair, maintenance and associated services related to personal computers, office equipment, telecommunications and audio-visual equipment;Maintenance and repair of office machinery;Repair and maintenance services of personal computers;Maintenance services of telecommunications equipment;Repair and maintenance services of audio-visual and optical equipment;Repair and maintenance services of medical and precision equipment;Repair and maintenance services of measuring, testing and checking apparatus;Repair and maintenance services of medical and surgical equipment;Repair and maintenance services of precision equipment;Repair and maintenance services for pumps, valves, taps and metal containers and machinery;Repair and maintenance services of pumps, valves, taps and metal containers;Repair and maintenance services of machinery;Repair and maintenance services of building installations;Repair and maintenance services of electrical and mechanical building installations;Repair and maintenance services of central heating;Repair and maintenance services of cooler groups;Repair and maintenance services of escalators;Lift-maintenance services;Miscellaneous repair and maintenance services;Repair services of jewellery;Repair services of leather personal goods;Repair services of garments and textiles;Repair and maintenance services of weapons and weapon systems;Repair and maintenance services of furniture;Repair and maintenance services of musical instruments;Repair and maintenance services of playground equipment;Repair and maintenance services of hotel and restaurant equipment;Installation services;Installation services of electrical and mechanical equipment;Installation services of equipment for measuring, checking, testing and navigating;Installation services of communications equipment;Installation services of medical and surgical equipment;Installation services of machinery and equipment;Installation services of computers and office equipment;Installation services of metal containers","27-Aug-2026 16:18","06-Sep-2026 15:00","1. Reputed Contractors/firms who have minimum 5 (Five) years of general experience. 2. The minimum specific experience as a Prime Contractor in Civil repair work under public sector of at least 4.50 Lakh in one(01) contract of successfully completed within the last 03 years. Years counting backward from the date of publication of IFT in e-GP. 3. The Tenderers shall have a minimum Average Annual Construction Turnover shall be TK 5.50 Lakh during the last 5 (Five) Years. Detailed eligibility requirements and conditions applicable to the tenderer are stated in the Tender Data Sheet (TDS). 4. The Tenderers shall have minimum Liquid assets i.e line of credit shall be TK. 4.50 Lakh. Document Submitted along with the tender must be issued in between publication date and submission date of the tender. Prescribed from for Line of Credit for this purpose shall be submitted as per form PW-2(a) of tender and Contract forms. 5. The minimum Tender Capacity Tk 4.40 Lakh 6.The tenderer must have updated valid trade licence. 7. Income Tax Clearance Certificate. 8. VAT registration certificate. 9.Must have Updated and valid ABC Electrical Contractor and Supervisor License from Electricity Licensing Board","Replacement works of underground electrical cables, AC servicing and repair, and other necessary electrical repair, renovation, and renewal works at the official residence of the Executive Engineer, Public Works Department, Kishoreganj District. FY-2026-27","Lot wise","Package wise","Package wise","500","Payment through Bank","03-Mar-2027","03-Mar-2027","Single","Replacement works of underground electrical cables, AC servicing and repair, and other necessary electrical repair, renovation, and renewal works at the official residence of the Executive Engineer, Public Works Department, Kishoreganj District. FY-2026-27","Kishoreganj","16000","07-Sep-2026","22-Sep-2026","Md. Mohiuddin Jahangir","Executive Engineer","Address : Kishoreganj pwd division ,Kishoreganj City : Kishorerganj Thana : Kishoreganj Sadar District : Kishoreganj - 2300 Country : Bangladesh","Kishoreganj pwd division ,Kishoreganj","Kishorerganj","Kishoreganj Sadar","Kishoreganj - 2300","02-94161751","","Not Found","https://www.eprocure.gov.bd/resources/common/ViewTender.jsp?id=1324305"
"Ministry of Education","Technical & Madrasha Education Division","Directorate of Technical Education","Office of the Scheme Director, Strengthening Vocational Education in Bangladesh","","Dhaka","Physical Services","NCT","PPS","","","230902","1323786","Open Tendering Method (OTM)","Revenue","Government","320000111","Strengthening Vocational Education in Bangladesh","DTE/SVEB/SD-06 Selection of Firm for supplying of Stuffs through outsourcing","Private households with employed persons; Services of commercial and industrial workers;Services of commercial workers;Services of industrial workers;Manpower services;Domestic services","27-Aug-2026 16:20","10-Sep-2026 16:00","As Per TDS","Private households with employed persons; Services of commercial and industrial workers;Services of commercial workers;Services of industrial workers;Manpower services;Domestic services","Package wise","","Package wise","1500","Payment through Bank","05-Feb-2027","05-Feb-2027","","","PE Office","","01-Oct-2026","30-Jun-2027","Fatema Jahan","Scheme Director","Address : Office of the Scheme Director, Strengthening Vocational Education in Bangladesh, F-4/B Agargaon Administrative Area, Dhaka-1207, Bangladesh City : Dhaka Thana : Dhaka South City Corporation District : Dhaka - 1207 Country : Bangladesh","Office of the Scheme Director, Strengthening Vocational Education in Bangladesh, F-4/B Agargaon Administrative Area, Dhaka-1207, Bangladesh","Dhaka","Dhaka South City Corporation","Dhaka - 1207","0176-3795272","","3400000.00, OTM","https://www.eprocure.gov.bd/resources/common/ViewTender.jsp?id=1323786"
"Ministry of Home Affairs","","Bangladesh Police","Office of the Superintendent of Police, Madaripur","00113","Madaripur","Goods","NCT","TENDER","Tender - Single Lot","sp madaripur/ration/soyabin oil/2026-27 2nd","226731","1324066","Open Tendering Method (OTM)","Revenue","Government","Not applicable","Not applicable","sp madaripur/ration/soyabin oil/2026-27 2nd Supply Of Soyabin oil At Sp Office, Madaripur/2026-27 2nd Quarter (October to December/2026)","Food products and beverages;Animal products, meat and meat products;Meat;Animal wool, hides and skins;Meat products;Prepared and preserved fish;Fish fillets, fish livers and roe;Frozen fish, fish fillets and other fish meat;Dried or salted fish; fish in brine; smoked fish;Canned or tinned fish and other prepared or preserved fish;Seafood;Fruit, vegetables and related products;Potatoes and potato products;Fruit and vegetable juices;Fruit and vegetables;Animal or vegetable oils and fats;Crude animal or vegetable oils and fats;Refined oils and fats;Edible fats;Dairy products;Milk and cream;Butter;Cheese products;Assorted dairy products;Grain mill products, starches and starch products;Grain mill products;Starches and starch products;Animal feedstuffs;Prepared animal feeds for farm and other animals;Miscellaneous food products;Bread products, fresh pastry goods and cakes;Rusks and biscuits; preserved pastry goods and cakes;Sugar and related products;Cocoa; chocolate and sugar confectionery;Pasta products;Coffee, tea and related products;Condiments and seasonings;Special nutritional products;Miscellaneous food products n.e.c. and dried goods;Beverages;Distilled alcoholic beverages;Wines;Cider and other fruit wines;Non-distilled fermented beverages;Malt beer;Non-alcoholic beverages","27-Aug-2026 17:00","10-Sep-2026 13:00","As per TDS a. Updated copy of valid trade license. b. Updated income tax clearance certificate & E-TIN certificate. c. Updated VAT registration certificate. d. A latest certified copy of bank solvency certificate or line of Credit According to PG3-8 Form. e. A certificate of ownership of the company. f. National Identity Card copy. g. Authorization Letter (Soyabean Oil). h. Must submit a certificate stating that you are not blacklisted. i. Samples of the relevant items must be submitted to the office before opening. j. The agricultural marketing certificate must be submitted.","Supply Of Soyabin oil At Sp Office, Madaripur/2026-27 2nd Quarter (October to December/2026)","Lot wise","Package wise","Package wise","2500","Payment through Bank","06-Jan-2027","06-Jan-2027","1","Supply Of Soyabin oil At Sp Office, Madaripur/2026-27 2nd Quarter (October to December/2026)","Police Lines, Madaripur","171600","01-Oct-2026","10-Dec-2026","Md. Habibur Rahman","SP","Address : Office of the Superintendent of Police, Madaripur City : Madaripur Thana : Madaripur Sadar District : Madaripur - 7900 Country : Bangladesh","Office of the Superintendent of Police, Madaripur","Madaripur","Madaripur Sadar","Madaripur - 7900","0661-61494","0661-61108","Not Found","https://www.eprocure.gov.bd/resources/common/ViewTender.jsp?id=1324066"
"Ministry of Education","Secondary and Higher Education Division","National Curriculum and textbook Board (NCTB)","Member (Textbook), NCTB","","Dhaka","Goods","NCT","TENDER","Tender - Single Lot","37.06.0000.304.07.006.26/1906","225442","1324009","Open Tendering Method (OTM)","Revenue","Government","Not applicable","Not applicable","2027.GD.PRI.IV.2Books.12.421 For printing (with paper), binding and supplying of two subject textbooks (Culture of Bangladesh & Sports) of class four (primary level) to be distributed free of cost for the academic year 2027","Various types of printed matter and articles for printing; Printing, publishing and related services;Printed books, brochures and leaflets;Printed books;Publications;Directories;Leaflets;Brochures;Booklets;Newspapers, journals, periodicals and magazines;Newspapers;Postcards, greeting cards and other printed matter;Postcards;Greeting cards;Stamps, cheque forms, banknotes, stock certificates, trade advertising material, catalogues and manuals;Stamps;Stamp-impressed paper;Banknotes;Cheque forms;Security-type printed matter;Trade-advertising material, commercial catalogues and manuals;Manuals;Printing plates or cylinders or other media for use in printing;Offset plates;Dry-etching equipment;Paper or paperboard registers, account books, binders, forms and other articles of printed stationery;Paper or paperboard registers;Forms;Exercise books;Albums for samples;Binders and related accessories;Printed stationery except forms;Miscellaneous printed matter;Car-tax discs;Driving licences;ID cards;Permits;Entrance cards;Bespoke printed matter;Tickets;Printing services;Printing services for books;Printing services for stationery;Printing services for security printed matter;Printing services for forms;Printing services for tickets;Printing services for calendars;Printing services for timetables;Newspaper printing services;Printing services for posters;Services related to printing;Print finishing services;Composition services;Printing and delivery services;Printing and distribution services;Publishing services;Bookbinding and finishing services;Subscription services","27-Aug-2026 16:10","09-Sep-2026 16:10","AS Per TDS","For printing (with paper), binding and supplying of two subject textbooks (Culture of Bangladesh & Sports) of class four (primary level) to be distributed free of cost for the academic year 2027","Lot wise","Package wise","Package wise","4000","Payment through Bank","07-Mar-2027","07-Mar-2027","421","For printing (with paper), binding and supplying of two subject textbooks (Culture of Bangladesh & Sports) of class four (primary level) to be distributed free of cost for the academic year 2027","As Per Delivery Schedule","570000","20-Sep-2026","26-Nov-2026","Mohammad Abu Nasher Tuku","Member (Textbook)","Address :  69-70, Motijheel, C/A, Dhaka-1000 City : Dhaka Thana : Dhaka South City Corporation District : Dhaka - 1000 Country : Bangladesh","69-70, Motijheel, C/A, Dhaka-1000","Dhaka","Dhaka South City Corporation","Dhaka - 1000","02-9550805","","33892918.20, OTM","https://www.eprocure.gov.bd/resources/common/ViewTender.jsp?id=1324009"
"Ministry of Home Affairs","","Bangladesh Police","In-Service Training Center, Perojpur","","Perojpur","Goods","NCT","TENDER","Tender - Single Lot","Re-Comistc/In-service (4112316) /26-2027/-9","227315","1323315","Open Tendering Method (OTM)","Revenue","Government","Not applicable","Not applicable","Comistc/In-service/26-2027/-9 4112316- Purchase of other machinery and equipment","Machinery, equipment, appliances, apparatus and associated products; Office and computing machinery, equipment and supplies;Machinery for the production and use of mechanical power;Turbines and motors;Pumps and compressors;Taps, cocks, valves and similar appliances;Gears, gearing and driving elements;General-purpose machinery;Industrial or laboratory furnaces, incinerators and ovens;Lifting and handling equipment and parts;Cooling and ventilation equipment;Miscellaneous general-purpose machinery;Agricultural, horticultural and forestry machinery;Agricultural and forestry machinery for soil preparation or cultivation;Harvesting machinery;Spraying machinery for agriculture or horticulture;Self-loading or unloading trailers and semi-trailers for agriculture;Specialist agricultural or forestry machinery;Tractors;Parts of agricultural and forestry machinery;Machine tools;Machine tools operated by laser and machining centres;Lathes, boring and milling machine tools;Metal-working machine tools;Machine tools for working hard materials except metals;Pneumatic or motorised hand tools;Soldering, brazing and welding tools, surface tempering and hot-spraying machines and equipment;Parts and accessories of machine tools;Special-purpose machinery and parts;Machinery for metallurgy and associated parts;Machinery for mining, quarrying and construction;Machinery for food, beverage and tobacco processing and associated parts;Machinery for textile, apparel and leather production;Machinery for paper or paperboard production;Miscellaneous special-purpose machinery;Weapons, ammunition and associated parts;Motorised tanks and armoured fighting vehicles;Military weapons;Firearms;Ammunition;Parts of military weapons;Truncheons or night sticks;Domestic appliances;Electrical domestic appliances;Non-electric domestic appliances;Miscellaneous equipment;Transport related equipment;Workshop equipment;Construction equipment;Catering equipment;Emergency and security equipment;Technical equipment;Miscellaneous equipment n.e.c.;Office machinery, equipment and supplies except computers;Word-processing machines;Photocopying and printing equipment;Post-office equipment;Calculating and accounting machines;Typewriters;Parts and accessories of typewriters and calculating machines;Various office equipment and supplies;Computer equipment and supplies;Data-processing machines;Digital cartography equipment;Computer hardware;Software;Computer systems;Servers","27-Aug-2026 16:00","10-Sep-2026 12:00","1. Updated contractor and Business License. 2. Updated VAT and Income Tax License with PSR. 3. National Citizen Certificate andNID Certificate. 4. Ownership Certificate of the Institution. 5. Non-Blacklisted Certificate. 6. Experience Certificate. 7. Sample Signature. 8. Bank Solvency Certificate. 9. The bidder shall submit an undertaking on his own pad in the form specified in the tenderdocument stating that he will not engage in any corruption, fraud, conspiracy, coercion or obstruction of justice as mentioned inSection 64 of the Act. 10. And mention in TDS, PCC and GCC.","Re-Comistc/In-service/26-2027/-9 4112316- Purchase of other machinery and equipment","Lot wise","Package wise","Package wise","500","Payment through Bank","06-Jan-2027","06-Jan-2027","1","4112316- Purchase of other machinery and equipment","In service Traning Center Police Line Pirojpur","9000","13-Sep-2026","30-Jun-2027","MONIRA SULTANA","SP","Address : In-Service Training Center, Perojpur City : Perojpur Thana : Pirojpur Sadar District : Perojpur - 8500 Country : Bangladesh","In-Service Training Center, Perojpur","Perojpur","Pirojpur Sadar","Perojpur - 8500","02-0011","","940000.00, OTM","https://www.eprocure.gov.bd/resources/common/ViewTender.jsp?id=1323315"
"Ministry of Home Affairs","","Bangladesh Police","Office of the Superintendent of Police, Madaripur","00113","Madaripur","Goods","NCT","TENDER","Tender - Single Lot","sp madaripur/ration/wheat grinding/2026-27 2nd","226731","1324271","Open Tendering Method (OTM)","Revenue","Government","Not applicable","Not applicable","sp madaripur/ration/wheat grinding/2026-27 2nd Supply Of Wheat grinding At Sp Office, Madaripur/2026-27 1st Quarter (October to December/2026)","Food products and beverages;Animal products, meat and meat products;Meat;Animal wool, hides and skins;Meat products;Prepared and preserved fish;Fish fillets, fish livers and roe;Frozen fish, fish fillets and other fish meat;Dried or salted fish; fish in brine; smoked fish;Canned or tinned fish and other prepared or preserved fish;Seafood;Fruit, vegetables and related products;Potatoes and potato products;Fruit and vegetable juices;Fruit and vegetables;Animal or vegetable oils and fats;Crude animal or vegetable oils and fats;Refined oils and fats;Edible fats;Dairy products;Milk and cream;Butter;Cheese products;Assorted dairy products;Grain mill products, starches and starch products;Grain mill products;Starches and starch products;Animal feedstuffs;Prepared animal feeds for farm and other animals;Miscellaneous food products;Bread products, fresh pastry goods and cakes;Rusks and biscuits; preserved pastry goods and cakes;Sugar and related products;Cocoa; chocolate and sugar confectionery;Pasta products;Coffee, tea and related products;Condiments and seasonings;Special nutritional products;Miscellaneous food products n.e.c. and dried goods;Beverages;Distilled alcoholic beverages;Wines;Cider and other fruit wines;Non-distilled fermented beverages;Malt beer;Non-alcoholic beverages","27-Aug-2026 17:00","10-Sep-2026 13:00","As per TDS a. Updated copy of valid trade license. b. Updated income tax clearance certificate & E-TIN certificate. c. Updated VAT registration certificate. d. A latest certified copy of bank solvency certificate or line of Credit According to PG3-8 Form. e. A certificate of ownership of the company. f. National Identity Card copy. g. Must submit a certificate stating that you are not blacklisted. h. Samples of the relevant items must be submitted to the office before opening. i. The agricultural marketing certificate must be submitted.","Supply Of Wheat grinding At Sp Office, Madaripur/2026-27 1st Quarter (October to December/2026)","Lot wise","Package wise","Package wise","1000","Payment through Bank","06-Jan-2027","06-Jan-2027","1","Supply Of Wheat grinding At Sp Office, Madaripur/2026-27 1st Quarter (October to December/2026)","Police Lines, Madaripur","57750","01-Oct-2026","10-Dec-2026","Md. Habibur Rahman","SP","Address : Office of the Superintendent of Police, Madaripur City : Madaripur Thana : Madaripur Sadar District : Madaripur - 7900 Country : Bangladesh","Office of the Superintendent of Police, Madaripur","Madaripur","Madaripur Sadar","Madaripur - 7900","0661-61494","0661-61108","Not Found","https://www.eprocure.gov.bd/resources/common/ViewTender.jsp?id=1324271"
"Ministry of Home Affairs","","Bangladesh Police","Office of the Superintendent of Police, Madaripur","00113","Madaripur","Goods","NCT","TENDER","Tender - Single Lot","sp madaripur/ration/Labour Charge/2026-27 2nd","226731","1324205","Open Tendering Method (OTM)","Revenue","Government","Not applicable","Not applicable","sp madaripur/ration/Labour Charge/2026-27 2nd Supply Of Loading and Unloading of Supplied Ration Materials (Labour Charge) At Sp Office, Madaripur/2026-27 2nd Quarter (October to December/2026)","Food products and beverages;Animal products, meat and meat products;Meat;Animal wool, hides and skins;Meat products;Prepared and preserved fish;Fish fillets, fish livers and roe;Frozen fish, fish fillets and other fish meat;Dried or salted fish; fish in brine; smoked fish;Canned or tinned fish and other prepared or preserved fish;Seafood;Fruit, vegetables and related products;Potatoes and potato products;Fruit and vegetable juices;Fruit and vegetables;Animal or vegetable oils and fats;Crude animal or vegetable oils and fats;Refined oils and fats;Edible fats;Dairy products;Milk and cream;Butter;Cheese products;Assorted dairy products;Grain mill products, starches and starch products;Grain mill products;Starches and starch products;Animal feedstuffs;Prepared animal feeds for farm and other animals;Miscellaneous food products;Bread products, fresh pastry goods and cakes;Rusks and biscuits; preserved pastry goods and cakes;Sugar and related products;Cocoa; chocolate and sugar confectionery;Pasta products;Coffee, tea and related products;Condiments and seasonings;Special nutritional products;Miscellaneous food products n.e.c. and dried goods;Beverages;Distilled alcoholic beverages;Wines;Cider and other fruit wines;Non-distilled fermented beverages;Malt beer;Non-alcoholic beverages","27-Aug-2026 17:00","10-Sep-2026 13:00","As per TDS a. Updated copy of valid trade license. b. Updated income tax clearance certificate & E-TIN certificate. c. Updated VAT registration certificate. d. A latest certified copy of bank solvency certificate or line of Credit According to PG3-8 Form. e. A certificate of ownership of the company. f. National Identity Card copy. g. Must submit a certificate stating that you are not blacklisted. i. The agricultural marketing certificate must be submitted.","Supply Of Loading and Unloading of Supplied Ration Materials (Labour Charge) At Sp Office, Madaripur/2026-27 2nd Quarter (October to December/2026)","Lot wise","Package wise","Package wise","500","Payment through Bank","06-Jan-2027","06-Jan-2027","1","Supply Of Loading and Unloading of Supplied Ration Materials (Labour Charge) At Sp Office, Madaripur/2026-27 2nd Quarter (October to December/2026)","Police Lines, Madaripur","6323","01-Oct-2026","10-Dec-2026","Md. Habibur Rahman","SP","Address : Office of the Superintendent of Police, Madaripur City : Madaripur Thana : Madaripur Sadar District : Madaripur - 7900 Country : Bangladesh","Office of the Superintendent of Police, Madaripur","Madaripur","Madaripur Sadar","Madaripur - 7900","0661-61494","0661-61108","Not Found","https://www.eprocure.gov.bd/resources/common/ViewTender.jsp?id=1324205"
"Ministry of Education","Secondary and Higher Education Division","National Curriculum and textbook Board (NCTB)","Member (Textbook), NCTB","","Dhaka","Goods","NCT","TENDER","Tender - Single Lot","37.06.0000.304.07.006.26/1898","225442","1324000","Open Tendering Method (OTM)","Revenue","Government","Not applicable","Not applicable","2027.GD.PRI.IV.2Books.12.413 For printing (with paper), binding and supplying of two subject textbooks (Culture of Bangladesh & Sports) of class four (primary level) to be distributed free of cost for the academic year 2027","Various types of printed matter and articles for printing; Printing, publishing and related services;Printed books, brochures and leaflets;Printed books;Publications;Directories;Leaflets;Brochures;Booklets;Newspapers, journals, periodicals and magazines;Newspapers;Postcards, greeting cards and other printed matter;Postcards;Greeting cards;Stamps, cheque forms, banknotes, stock certificates, trade advertising material, catalogues and manuals;Stamps;Stamp-impressed paper;Banknotes;Cheque forms;Security-type printed matter;Trade-advertising material, commercial catalogues and manuals;Manuals;Printing plates or cylinders or other media for use in printing;Offset plates;Dry-etching equipment;Paper or paperboard registers, account books, binders, forms and other articles of printed stationery;Paper or paperboard registers;Forms;Exercise books;Albums for samples;Binders and related accessories;Printed stationery except forms;Miscellaneous printed matter;Car-tax discs;Driving licences;ID cards;Permits;Entrance cards;Bespoke printed matter;Tickets;Printing services;Printing services for books;Printing services for stationery;Printing services for security printed matter;Printing services for forms;Printing services for tickets;Printing services for calendars;Printing services for timetables;Newspaper printing services;Printing services for posters;Services related to printing;Print finishing services;Composition services;Printing and delivery services;Printing and distribution services;Publishing services;Bookbinding and finishing services;Subscription services","27-Aug-2026 16:00","09-Sep-2026 16:00","As Per TDS","For printing (with paper), binding and supplying of two subject textbooks (Culture of Bangladesh & Sports) of class four (primary level) to be distributed free of cost for the academic year 2027","Lot wise","Package wise","Package wise","4000","Payment through Bank","07-Mar-2027","07-Mar-2027","413","For printing (with paper), binding and supplying of two subject textbooks (Culture of Bangladesh & Sports) of class four (primary level) to be distributed free of cost for the academic year 2027","As Per Delivery Schedule","520000","20-Sep-2026","26-Nov-2026","Mohammad Abu Nasher Tuku","Member (Textbook)","Address :  69-70, Motijheel, C/A, Dhaka-1000 City : Dhaka Thana : Dhaka South City Corporation District : Dhaka - 1000 Country : Bangladesh","69-70, Motijheel, C/A, Dhaka-1000","Dhaka","Dhaka South City Corporation","Dhaka - 1000","02-9550805","","30562476.60, OTM","https://www.eprocure.gov.bd/resources/common/ViewTender.jsp?id=1324000"
"Ministry of Education","Secondary and Higher Education Division","National Curriculum and textbook Board (NCTB)","Member (Textbook), NCTB","","Dhaka","Goods","NCT","TENDER","Tender - Single Lot","37.06.0000.304.07.006.26/1907","225442","1324010","Open Tendering Method (OTM)","Revenue","Government","Not applicable","Not applicable","2027.GD.PRI.IV.2Books.12.422 For printing (with paper), binding and supplying of two subject textbooks (Culture of Bangladesh & Sports) of class four (primary level) to be distributed free of cost for the academic year 2027","Various types of printed matter and articles for printing; Printing, publishing and related services;Printed books, brochures and leaflets;Printed books;Publications;Directories;Leaflets;Brochures;Booklets;Newspapers, journals, periodicals and magazines;Newspapers;Postcards, greeting cards and other printed matter;Postcards;Greeting cards;Stamps, cheque forms, banknotes, stock certificates, trade advertising material, catalogues and manuals;Stamps;Stamp-impressed paper;Banknotes;Cheque forms;Security-type printed matter;Trade-advertising material, commercial catalogues and manuals;Manuals;Printing plates or cylinders or other media for use in printing;Offset plates;Dry-etching equipment;Paper or paperboard registers, account books, binders, forms and other articles of printed stationery;Paper or paperboard registers;Forms;Exercise books;Albums for samples;Binders and related accessories;Printed stationery except forms;Miscellaneous printed matter;Car-tax discs;Driving licences;ID cards;Permits;Entrance cards;Bespoke printed matter;Tickets;Printing services;Printing services for books;Printing services for stationery;Printing services for security printed matter;Printing services for forms;Printing services for tickets;Printing services for calendars;Printing services for timetables;Newspaper printing services;Printing services for posters;Services related to printing;Print finishing services;Composition services;Printing and delivery services;Printing and distribution services;Publishing services;Bookbinding and finishing services;Subscription services","27-Aug-2026 16:10","09-Sep-2026 16:10","As Per TDS","For printing (with paper), binding and supplying of two subject textbooks (Culture of Bangladesh & Sports) of class four (primary level) to be distributed free of cost for the academic year 2027","Lot wise","Package wise","Package wise","2500","Payment through Bank","07-Mar-2027","07-Mar-2027","422","For printing (with paper), binding and supplying of two subject textbooks (Culture of Bangladesh & Sports) of class four (primary level) to be distributed free of cost for the academic year 2027","As Per Delivery Schedule","210000","20-Sep-2026","26-Nov-2026","Mohammad Abu Nasher Tuku","Member (Textbook)","Address :  69-70, Motijheel, C/A, Dhaka-1000 City : Dhaka Thana : Dhaka South City Corporation District : Dhaka - 1000 Country : Bangladesh","69-70, Motijheel, C/A, Dhaka-1000","Dhaka","Dhaka South City Corporation","Dhaka - 1000","02-9550805","","12417894.60, OTM","https://www.eprocure.gov.bd/resources/common/ViewTender.jsp?id=1324010"
"Ministry of Home Affairs","","Bangladesh Police","In-Service Training Center, Perojpur","","Perojpur","Goods","NCT","TENDER","Tender - Single Lot","Re-Comistc/In-service (3258103) /26-2027/-6","227315","1323313","Open Tendering Method (OTM)","Revenue","Government","Not applicable","Not applicable","Comistc/In-service/26-2027/-6 3258103- Computer","Repair, maintenance and installation services;Repair, maintenance and associated services of vehicles and related equipment;Repair and maintenance services of motor vehicles and associated equipment;Demolition services of vehicles;Repair, maintenance and associated services related to aircraft, railways, roads and marine equipment;Repair, maintenance and associated services related to aircraft and other equipment;Repair, maintenance and associated services related to railways and other equipment;Repair, maintenance and associated services related to roads and other equipment;Repair, maintenance and associated services related to marine and other equipment;Repair, maintenance and associated services related to personal computers, office equipment, telecommunications and audio-visual equipment;Maintenance and repair of office machinery;Repair and maintenance services of personal computers;Maintenance services of telecommunications equipment;Repair and maintenance services of audio-visual and optical equipment;Repair and maintenance services of medical and precision equipment;Repair and maintenance services of measuring, testing and checking apparatus;Repair and maintenance services of medical and surgical equipment;Repair and maintenance services of precision equipment;Repair and maintenance services for pumps, valves, taps and metal containers and machinery;Repair and maintenance services of pumps, valves, taps and metal containers;Repair and maintenance services of machinery;Repair and maintenance services of building installations;Repair and maintenance services of electrical and mechanical building installations;Repair and maintenance services of central heating;Repair and maintenance services of cooler groups;Repair and maintenance services of escalators;Lift-maintenance services;Miscellaneous repair and maintenance services;Repair services of jewellery;Repair services of leather personal goods;Repair services of garments and textiles;Repair and maintenance services of weapons and weapon systems;Repair and maintenance services of furniture;Repair and maintenance services of musical instruments;Repair and maintenance services of playground equipment;Repair and maintenance services of hotel and restaurant equipment;Installation services;Installation services of electrical and mechanical equipment;Installation services of equipment for measuring, checking, testing and navigating;Installation services of communications equipment;Installation services of medical and surgical equipment;Installation services of machinery and equipment;Installation services of computers and office equipment;Installation services of metal containers","27-Aug-2026 16:00","10-Sep-2026 12:00","1. Updated contractor and Business License. 2. Updated VAT and Income Tax License with PSR. 3. National Citizen Certificate andNID Certificate. 4. Ownership Certificate of the Institution. 5. Non-Blacklisted Certificate. 6. Experience Certificate. 7. Sample Signature. 8. Bank Solvency Certificate. 9. The bidder shall submit an undertaking on his own pad in the form specified in the tenderdocument stating that he will not engage in any corruption, fraud, conspiracy, coercion or obstruction of justice as mentioned inSection 64 of the Act. 10. And mention in TDS, PCC and GCC.","Re-Comistc/In-service/26-2027/-6 3258103- Computer","Lot wise","Package wise","Package wise","500","Payment through Bank","06-Jan-2027","06-Jan-2027","1","3258103- Computer","In service Traning Center Police Line Pirojpur","1500","13-Sep-2026","30-Jun-2027","MONIRA SULTANA","SP","Address : In-Service Training Center, Perojpur City : Perojpur Thana : Pirojpur Sadar District : Perojpur - 8500 Country : Bangladesh","In-Service Training Center, Perojpur","Perojpur","Pirojpur Sadar","Perojpur - 8500","02-0011","","150000.00, OTM","https://www.eprocure.gov.bd/resources/common/ViewTender.jsp?id=1323313"
"Ministry of Housing and Public Works","","Public Works Department (PWD)","Kishoreganj pwd division","","Kishoreganj","Works","NCT","TENDER","Tender - Single Lot","Memo No-1826, Date: 27-08-2026","226819","1324188","Open Tendering Method (OTM)","Revenue","Government","Not applicable","Not applicable","KPWD/APP/26-27/040 Civil and sanitary repair work for Subordinate Quarter No. 1 at the Alor Mela site, Kishoreganj district. FY-2026-27","Repair, maintenance and installation services;Repair, maintenance and associated services of vehicles and related equipment;Repair and maintenance services of motor vehicles and associated equipment;Demolition services of vehicles;Repair, maintenance and associated services related to aircraft, railways, roads and marine equipment;Repair, maintenance and associated services related to aircraft and other equipment;Repair, maintenance and associated services related to railways and other equipment;Repair, maintenance and associated services related to roads and other equipment;Repair, maintenance and associated services related to marine and other equipment;Repair, maintenance and associated services related to personal computers, office equipment, telecommunications and audio-visual equipment;Maintenance and repair of office machinery;Repair and maintenance services of personal computers;Maintenance services of telecommunications equipment;Repair and maintenance services of audio-visual and optical equipment;Repair and maintenance services of medical and precision equipment;Repair and maintenance services of measuring, testing and checking apparatus;Repair and maintenance services of medical and surgical equipment;Repair and maintenance services of precision equipment;Repair and maintenance services for pumps, valves, taps and metal containers and machinery;Repair and maintenance services of pumps, valves, taps and metal containers;Repair and maintenance services of machinery;Repair and maintenance services of building installations;Repair and maintenance services of electrical and mechanical building installations;Repair and maintenance services of central heating;Repair and maintenance services of cooler groups;Repair and maintenance services of escalators;Lift-maintenance services;Miscellaneous repair and maintenance services;Repair services of jewellery;Repair services of leather personal goods;Repair services of garments and textiles;Repair and maintenance services of weapons and weapon systems;Repair and maintenance services of furniture;Repair and maintenance services of musical instruments;Repair and maintenance services of playground equipment;Repair and maintenance services of hotel and restaurant equipment;Installation services;Installation services of electrical and mechanical equipment;Installation services of equipment for measuring, checking, testing and navigating;Installation services of communications equipment;Installation services of medical and surgical equipment;Installation services of machinery and equipment;Installation services of computers and office equipment;Installation services of metal containers","27-Aug-2026 16:02","06-Sep-2026 15:00","1. Reputed Contractors/firms who have minimum 5 (Five) years of general experience. 2. The minimum specific experience as a Prime Contractor in Civil repair work under public sector of at least 2.00 Lakh in one(01) contract of successfully completed within the last 03 years. Years counting backward from the date of publication of IFT in e-GP. 3. The Tenderers shall have a minimum Average Annual Construction Turnover shall be TK 2.50 Lakh during the last 5 (Five) Years. Detailed eligibility requirements and conditions applicable to the tenderer are stated in the Tender Data Sheet (TDS). 4. The Tenderers shall have minimum Liquid assets i.e line of credit shall be TK. 2.00 Lakh. Document Submitted along with the tender must be issued in between publication date and submission date of the tender. Prescribed from for Line of Credit for this purpose shall be submitted as per form PW-2(a) of tender and Contract forms. 5. The minimum Tender Capacity Tk 2.20 Lakh 6.The tenderer must have updated valid trade licence. 7. Income Tax Clearance Certificate. 8. VAT registration certificate.","Civil and sanitary repair work for Subordinate Quarter No. 1 at the Alor Mela site, Kishoreganj district. FY-2026-27","Lot wise","Package wise","Package wise","500","Payment through Bank","01-Feb-2027","01-Feb-2027","Single","Civil and sanitary repair work for Subordinate Quarter No. 1 at the Alor Mela site, Kishoreganj district. FY-2026-27","Kishoreganj","7000","13-Sep-2026","27-Sep-2026","Md. Mohiuddin Jahangir","Executive Engineer","Address : Kishoreganj pwd division ,Kishoreganj City : Kishorerganj Thana : Kishoreganj Sadar District : Kishoreganj - 2300 Country : Bangladesh","Kishoreganj pwd division ,Kishoreganj","Kishorerganj","Kishoreganj Sadar","Kishoreganj - 2300","02-94161751","","300000.00, OTM","https://www.eprocure.gov.bd/resources/common/ViewTender.jsp?id=1324188"
"Ministry of Home Affairs","","Bangladesh Police","In-Service Training Center, Perojpur","","Perojpur","Goods","NCT","TENDER","Tender - Single Lot","Re-Comistc/In-service (3255105) /26-2027/-1","227315","1323303","Open Tendering Method (OTM)","Revenue","Government","Not applicable","Not applicable","Re-Comistc/In-service/26-2027/-1 3255105 - Other Manihari","Various types of pulp, paper and paper products; Various types of printed matter and articles for printing;Pulp, paper and paperboard;Pulp;Paper and paperboard;Paper or paperboard articles;Corrugated paper or paperboard;Household and hospital paper articles;Paper stationery and other items;Wallpaper and other coverings;Cigarette paper and filter paper;Printed books, brochures and leaflets;Printed books;Publications;Directories;Leaflets;Brochures;Booklets;Newspapers, journals, periodicals and magazines;Newspapers;Postcards, greeting cards and other printed matter;Postcards;Greeting cards;Stamps, cheque forms, banknotes, stock certificates, trade advertising material, catalogues and manuals;Stamps;Stamp-impressed paper;Banknotes;Cheque forms;Security-type printed matter;Trade-advertising material, commercial catalogues and manuals;Manuals;Printing plates or cylinders or other media for use in printing;Offset plates;Dry-etching equipment;Paper or paperboard registers, account books, binders, forms and other articles of printed stationery;Paper or paperboard registers;Forms;Exercise books;Albums for samples;Binders and related accessories;Printed stationery except forms;Miscellaneous printed matter;Car-tax discs;Driving licences;ID cards;Permits;Entrance cards;Bespoke printed matter;Tickets","27-Aug-2026 16:00","10-Sep-2026 12:00","1. Updated contractor and Business License. 2. Updated VAT and Income Tax License with PSR. 3. National Citizen Certificate andNID Certificate. 4. Ownership Certificate of the Institution. 5. Non-Blacklisted Certificate. 6. Experience Certificate. 7. Sample Signature. 8. Bank Solvency Certificate. 9. The bidder shall submit an undertaking on his own pad in the form specified in the tenderdocument stating that he will not engage in any corruption, fraud, conspiracy, coercion or obstruction of justice as mentioned inSection 64 of the Act. 10. And mention in TDS, PCC and GCC.","Re-Comistc/In-service/26-2027/-1 3255105 - Other Manihari","Lot wise","Package wise","Package wise","500","Payment through Bank","06-Jan-2027","06-Jan-2027","1","3255105 - Other Manihari","In service Traning Center Police Line Pirojpur","15000","13-Sep-2026","30-Jun-2027","MONIRA SULTANA","SP","Address : In-Service Training Center, Perojpur City : Perojpur Thana : Pirojpur Sadar District : Perojpur - 8500 Country : Bangladesh","In-Service Training Center, Perojpur","Perojpur","Pirojpur Sadar","Perojpur - 8500","02-0011","","500000.00, OTM","https://www.eprocure.gov.bd/resources/common/ViewTender.jsp?id=1323303"
"Ministry of Education","Secondary and Higher Education Division","National Curriculum and textbook Board (NCTB)","Member (Textbook), NCTB","","Dhaka","Goods","NCT","TENDER","Tender - Single Lot","37.06.0000.303.07.002.26.2285","225442","1323951","Open Tendering Method (OTM)","Revenue","Government","Not applicable","Not applicable","GD.11_EBT-SEC-DHA.1301 For Printing (with paper), Binding and Supplying  of textbooks of Ebtedayee Class-4 &  Secondary (Bangla & English Version), Dakhil,  Class-6 to be  distributed free of cost for the Academic Year 2027.","Various types of printed matter and articles for printing; Printing, publishing and related services;Printed books, brochures and leaflets;Printed books;Publications;Directories;Leaflets;Brochures;Booklets;Newspapers, journals, periodicals and magazines;Newspapers;Postcards, greeting cards and other printed matter;Postcards;Greeting cards;Stamps, cheque forms, banknotes, stock certificates, trade advertising material, catalogues and manuals;Stamps;Stamp-impressed paper;Banknotes;Cheque forms;Security-type printed matter;Trade-advertising material, commercial catalogues and manuals;Manuals;Printing plates or cylinders or other media for use in printing;Offset plates;Dry-etching equipment;Paper or paperboard registers, account books, binders, forms and other articles of printed stationery;Paper or paperboard registers;Forms;Exercise books;Albums for samples;Binders and related accessories;Printed stationery except forms;Miscellaneous printed matter;Car-tax discs;Driving licences;ID cards;Permits;Entrance cards;Bespoke printed matter;Tickets;Printing services;Printing services for books;Printing services for stationery;Printing services for security printed matter;Printing services for forms;Printing services for tickets;Printing services for calendars;Printing services for timetables;Newspaper printing services;Printing services for posters;Services related to printing;Print finishing services;Composition services;Printing and delivery services;Printing and distribution services;Publishing services;Bookbinding and finishing services;Subscription services","27-Aug-2026 16:00","09-Sep-2026 16:00","As Per TDS","For Printing (with paper), Binding and Supplying of textbooks of Ebtedayee Class-4 & Secondary (Bangla & English Version), Dakhil, Class-6 to be distributed free of cost for the Academic Year 2027.","Lot wise","Package wise","Package wise","4000","Payment through Bank","07-Mar-2027","07-Mar-2027","1301","For Printing (with paper), Binding and Supplying  of textbooks of Ebtedayee Class-4 &  Secondary (Bangla & English Version), Dakhil,  Class-6 to be  distributed free of cost for the Academic Year 2027.","As Per Delivery Schedule","850000","20-Sep-2026","26-Nov-2026","Mohammad Abu Nasher Tuku","Member (Textbook)","Address :  69-70, Motijheel, C/A, Dhaka-1000 City : Dhaka Thana : Dhaka South City Corporation District : Dhaka - 1000 Country : Bangladesh","69-70, Motijheel, C/A, Dhaka-1000","Dhaka","Dhaka South City Corporation","Dhaka - 1000","02-9550805","","28729677.50, OTM","https://www.eprocure.gov.bd/resources/common/ViewTender.jsp?id=1323951"
"Ministry of Housing and Public Works","","Public Works Department (PWD)","Kishoreganj pwd division","","Kishoreganj","Works","NCT","TENDER","Tender - Single Lot","25.36.6100.000.00.000.25.96, Date: 25/08/2026","226819","1324307","Open Tendering Method (OTM)","Revenue","Government","Not applicable","Not applicable","KPWD/APP/26-27/037 Internal electrical repair and renovation workâ??including the replacement of MDBs and circuit breakersâ??at the gazetted residential buildings (Shapla and Shaluk) in the Alor Mela area of â??â??Kishoreganj. FY-2026-27","Repair, maintenance and installation services;Repair, maintenance and associated services of vehicles and related equipment;Repair and maintenance services of motor vehicles and associated equipment;Demolition services of vehicles;Repair, maintenance and associated services related to aircraft, railways, roads and marine equipment;Repair, maintenance and associated services related to aircraft and other equipment;Repair, maintenance and associated services related to railways and other equipment;Repair, maintenance and associated services related to roads and other equipment;Repair, maintenance and associated services related to marine and other equipment;Repair, maintenance and associated services related to personal computers, office equipment, telecommunications and audio-visual equipment;Maintenance and repair of office machinery;Repair and maintenance services of personal computers;Maintenance services of telecommunications equipment;Repair and maintenance services of audio-visual and optical equipment;Repair and maintenance services of medical and precision equipment;Repair and maintenance services of measuring, testing and checking apparatus;Repair and maintenance services of medical and surgical equipment;Repair and maintenance services of precision equipment;Repair and maintenance services for pumps, valves, taps and metal containers and machinery;Repair and maintenance services of pumps, valves, taps and metal containers;Repair and maintenance services of machinery;Repair and maintenance services of building installations;Repair and maintenance services of electrical and mechanical building installations;Repair and maintenance services of central heating;Repair and maintenance services of cooler groups;Repair and maintenance services of escalators;Lift-maintenance services;Miscellaneous repair and maintenance services;Repair services of jewellery;Repair services of leather personal goods;Repair services of garments and textiles;Repair and maintenance services of weapons and weapon systems;Repair and maintenance services of furniture;Repair and maintenance services of musical instruments;Repair and maintenance services of playground equipment;Repair and maintenance services of hotel and restaurant equipment;Installation services;Installation services of electrical and mechanical equipment;Installation services of equipment for measuring, checking, testing and navigating;Installation services of communications equipment;Installation services of medical and surgical equipment;Installation services of machinery and equipment;Installation services of computers and office equipment;Installation services of metal containers","27-Aug-2026 16:17","06-Sep-2026 15:00","1. Reputed Contractors/firms who have minimum 5 (Five) years of general experience. 2. The minimum specific experience as a Prime Contractor in Electric repair work under public sector of at least 3.00 Lakh in one(01) contract of successfully completed within the last 03 years. Years counting backward from the date of publication of IFT in e-GP. 3. The Tenderers shall have a minimum Average Annual Construction Turnover shall be TK 3.75 Lakh during the last 5 (Five) Years. Detailed eligibility requirements and conditions applicable to the tenderer are stated in the Tender Data Sheet (TDS). 4. The Tenderers shall have minimum Liquid assets i.e line of credit shall be TK. 3.00 Lakh. Document Submitted along with the tender must be issued in between publication date and submission date of the tender. Prescribed from for Line of Credit for this purpose shall be submitted as per form PW-2(a) of tender and Contract forms. 5. The minimum Tender Capacity Tk 3.00 Lakh 6.The tenderer must have updated valid trade licence. 7. Income Tax Clearance Certificate. 8. VAT registration certificate. 9.Must have Updated and valid ABC Electrical Contractor and Supervisor License from Electricity Licensing Board","Internal electrical repair and renovation workâ??including the replacement of MDBs and circuit breakersâ??at the gazetted residential buildings (Shapla and Shaluk) in the Alor Mela area of â??â??Kishoreganj. FY-2026-27","Lot wise","Package wise","Package wise","500","Payment through Bank","03-Mar-2027","03-Mar-2027","Single","Internal electrical repair and renovation workâ??including the replacement of MDBs and circuit breakersâ??at the gazetted residential buildings (Shapla and Shaluk) in the Alor Mela area of â??â??Kishoreganj. FY-2026-27","Kishoreganj","10000","07-Sep-2026","22-Sep-2026","Md. Mohiuddin Jahangir","Executive Engineer","Address : Kishoreganj pwd division ,Kishoreganj City : Kishorerganj Thana : Kishoreganj Sadar District : Kishoreganj - 2300 Country : Bangladesh","Kishoreganj pwd division ,Kishoreganj","Kishorerganj","Kishoreganj Sadar","Kishoreganj - 2300","02-94161751","","400000.00, OTM","https://www.eprocure.gov.bd/resources/common/ViewTender.jsp?id=1324307"
"Ministry of Housing and Public Works","","Public Works Department (PWD)","Kishoreganj pwd division","","Kishoreganj","Works","NCT","TENDER","Tender - Single Lot","Memo No-1827, Date: 27-08-2026","226819","1324236","Open Tendering Method (OTM)","Revenue","Government","Not applicable","Not applicable","KPWD/APP/26-27/041 Civil and sanitary repair work for the 'Shiuli' and 'Doel' buildings (gazetted officers' quarters) at the 'Alor Mela' site in Kishoreganj district. FY-2026-27","Repair, maintenance and installation services;Repair, maintenance and associated services of vehicles and related equipment;Repair and maintenance services of motor vehicles and associated equipment;Demolition services of vehicles;Repair, maintenance and associated services related to aircraft, railways, roads and marine equipment;Repair, maintenance and associated services related to aircraft and other equipment;Repair, maintenance and associated services related to railways and other equipment;Repair, maintenance and associated services related to roads and other equipment;Repair, maintenance and associated services related to marine and other equipment;Repair, maintenance and associated services related to personal computers, office equipment, telecommunications and audio-visual equipment;Maintenance and repair of office machinery;Repair and maintenance services of personal computers;Maintenance services of telecommunications equipment;Repair and maintenance services of audio-visual and optical equipment;Repair and maintenance services of medical and precision equipment;Repair and maintenance services of measuring, testing and checking apparatus;Repair and maintenance services of medical and surgical equipment;Repair and maintenance services of precision equipment;Repair and maintenance services for pumps, valves, taps and metal containers and machinery;Repair and maintenance services of pumps, valves, taps and metal containers;Repair and maintenance services of machinery;Repair and maintenance services of building installations;Repair and maintenance services of electrical and mechanical building installations;Repair and maintenance services of central heating;Repair and maintenance services of cooler groups;Repair and maintenance services of escalators;Lift-maintenance services;Miscellaneous repair and maintenance services;Repair services of jewellery;Repair services of leather personal goods;Repair services of garments and textiles;Repair and maintenance services of weapons and weapon systems;Repair and maintenance services of furniture;Repair and maintenance services of musical instruments;Repair and maintenance services of playground equipment;Repair and maintenance services of hotel and restaurant equipment;Installation services;Installation services of electrical and mechanical equipment;Installation services of equipment for measuring, checking, testing and navigating;Installation services of communications equipment;Installation services of medical and surgical equipment;Installation services of machinery and equipment;Installation services of computers and office equipment;Installation services of metal containers","27-Aug-2026 16:13","06-Sep-2026 15:00","1. Reputed Contractors/firms who have minimum 5 (Five) years of general experience. 2. The minimum specific experience as a Prime Contractor in Civil repair work under public sector of at least 2.00 Lakh in one(01) contract of successfully completed within the last 03 years. Years counting backward from the date of publication of IFT in e-GP. 3. The Tenderers shall have a minimum Average Annual Construction Turnover shall be TK 2.50 Lakh during the last 5 (Five) Years. Detailed eligibility requirements and conditions applicable to the tenderer are stated in the Tender Data Sheet (TDS). 4. The Tenderers shall have minimum Liquid assets i.e line of credit shall be TK. 2.00 Lakh. Document Submitted along with the tender must be issued in between publication date and submission date of the tender. Prescribed from for Line of Credit for this purpose shall be submitted as per form PW-2(a) of tender and Contract forms. 5. The minimum Tender Capacity Tk 2.20 Lakh 6.The tenderer must have updated valid trade licence.","Civil and sanitary repair work for the 'Shiuli' and 'Doel' buildings (gazetted officers' quarters) at the 'Alor Mela' site in Kishoreganj district. FY-2026-27","Lot wise","Package wise","Package wise","500","Payment through Bank","01-Feb-2027","01-Feb-2027","Single","Civil and sanitary repair work for the 'Shiuli' and 'Doel' buildings (gazetted officers' quarters) at the 'Alor Mela' site in Kishoreganj district. FY-2026-27","Kishoreganj","5000","13-Sep-2026","27-Sep-2026","Md. Mohiuddin Jahangir","Executive Engineer","Address : Kishoreganj pwd division ,Kishoreganj City : Kishorerganj Thana : Kishoreganj Sadar District : Kishoreganj - 2300 Country : Bangladesh","Kishoreganj pwd division ,Kishoreganj","Kishorerganj","Kishoreganj Sadar","Kishoreganj - 2300","02-94161751","","300000.00, OTM","https://www.eprocure.gov.bd/resources/common/ViewTender.jsp?id=1324236"
"Ministry of Home Affairs","","Bangladesh Police","In-Service Training Center, Perojpur","","Perojpur","Goods","NCT","TENDER","Tender - Single Lot","Re-Comistc/In-service (3255101) /26-2027/-5","227315","1323312","Open Tendering Method (OTM)","Revenue","Government","Not applicable","Not applicable","Comistc/In-service/26-2027/-5 3255101- Computer accessories","Office and computing machinery, equipment and supplies;Office machinery, equipment and supplies except computers;Word-processing machines;Photocopying and printing equipment;Post-office equipment;Calculating and accounting machines;Typewriters;Parts and accessories of typewriters and calculating machines;Various office equipment and supplies;Computer equipment and supplies;Data-processing machines;Digital cartography equipment;Computer hardware;Software;Computer systems;Servers","27-Aug-2026 16:00","10-Sep-2026 12:00","1. Updated contractor and Business License. 2. Updated VAT and Income Tax License with PSR. 3. National Citizen Certificate andNID Certificate. 4. Ownership Certificate of the Institution. 5. Non-Blacklisted Certificate. 6. Experience Certificate. 7. Sample Signature. 8. Bank Solvency Certificate. 9. The bidder shall submit an undertaking on his own pad in the form specified in the tenderdocument stating that he will not engage in any corruption, fraud, conspiracy, coercion or obstruction of justice as mentioned inSection 64 of the Act. 10. And mention in TDS, PCC and GCC.","Re-Comistc/In-service/26-2027/-5 3255101- Computer accessories","Lot wise","Package wise","Package wise","500","Payment through Bank","06-Jan-2027","06-Jan-2027","1","3255101- Computer accessories","In service Traning Center Police Line Pirojpur","2500","13-Sep-2026","30-Jun-2027","MONIRA SULTANA","SP","Address : In-Service Training Center, Perojpur City : Perojpur Thana : Pirojpur Sadar District : Perojpur - 8500 Country : Bangladesh","In-Service Training Center, Perojpur","Perojpur","Pirojpur Sadar","Perojpur - 8500","02-0011","","220000.00, OTM","https://www.eprocure.gov.bd/resources/common/ViewTender.jsp?id=1323312"
"Ministry of Education","Technical & Madrasha Education Division","Directorate of Technical Education","Office of the Scheme Director, Strengthening Vocational Education in Bangladesh","","Dhaka","Goods","NCT","TENDER","Tender - Single Lot","DTE/SVEB/GD-25","230902","1323780","Open Tendering Method (OTM)","Revenue","Government","320000111","Strengthening Vocational Education in Bangladesh","DTE/SVEB/GD-25 Supply & Installation of Office Equipment for SIU","Office and computing machinery, equipment and supplies;Office machinery, equipment and supplies except computers;Word-processing machines;Photocopying and printing equipment;Post-office equipment;Calculating and accounting machines;Typewriters;Parts and accessories of typewriters and calculating machines;Various office equipment and supplies;Computer equipment and supplies;Data-processing machines;Digital cartography equipment;Computer hardware;Software;Computer systems;Servers","27-Aug-2026 16:00","10-Sep-2026 16:00","As per TDS","Office and computing machinery, equipment and supplies;Office machinery, equipment and supplies except computers;Word-processing machines;Photocopying and printing equipment;Post-office equipment;Calculating and accounting machines;Typewriters;Parts and accessories of typewriters and calculating machines;Various office equipment and supplies;Computer equipment and supplies;Data-processing machines;Digital cartography equipment;Computer hardware;Software;Computer systems;Servers","Lot wise","Package wise","Package wise","1500","Payment through Bank","07-Dec-2026","07-Dec-2026","01","Supply & Installation of Office Equipment for SIU","PE Office","140000","27-Sep-2026","29-Oct-2026","Fatema Jahan","Scheme Director","Address : Office of the Scheme Director, Strengthening Vocational Education in Bangladesh, F-4/B Agargaon Administrative Area, Dhaka-1207, Bangladesh City : Dhaka Thana : Dhaka South City Corporation District : Dhaka - 1207 Country : Bangladesh","Office of the Scheme Director, Strengthening Vocational Education in Bangladesh, F-4/B Agargaon Administrative Area, Dhaka-1207, Bangladesh","Dhaka","Dhaka South City Corporation","Dhaka - 1207","0176-3795272","","4905000.00, OTM","https://www.eprocure.gov.bd/resources/common/ViewTender.jsp?id=1323780"
"Ministry of Home Affairs","","Bangladesh Police","In-Service Training Center, Perojpur","","Perojpur","Goods","NCT","TENDER","Tender - Single Lot","Re-Comistc/In-service (4112314) /26-2027/-4","227315","1323317","Open Tendering Method (OTM)","Revenue","Government","Not applicable","Not applicable","Comistc/In-service/26-2027/-4 4112314- Purchase of furniture","Fabricated products and materials;Structural metal products;Metal structures and parts of structures;Builders joinery of metal;Metal tanks, reservoirs and containers; central-heating radiators and boilers;Metal tanks, reservoirs, containers and pressure vessels;Central-heating radiators and boilers and parts;Nuclear reactors and parts;Nuclear reactors;Parts of nuclear reactors;Cable, wire and related products;Wire products;Cable and related products;Miscellaneous fabricated metal products and related items;Metal articles for the bathroom and kitchen;Metal goods;Armour plating;Bearings;Mild steel;Props and mining struts;Cast-iron products;Miscellaneous fire-protection equipment;Cutlery, tools, locks, keys and hinges;Cutlery;Tools;Locks, keys and hinges;Fasteners, chain and springs;Fasteners;Chain;Springs;Construction materials and associated items;Construction materials;Road furniture;Sewer mains;Steel products related to construction materials;Oil country tubular goods;Pipeline, piping, pipes, casing, tubing and related items","27-Aug-2026 16:00","10-Sep-2026 12:00","1. Updated contractor and Business License. 2. Updated VAT and Income Tax License with PSR. 3. National Citizen Certificate andNID Certificate. 4. Ownership Certificate of the Institution. 5. Non-Blacklisted Certificate. 6. Experience Certificate. 7. Sample Signature. 8. Bank Solvency Certificate. 9. The bidder shall submit an undertaking on his own pad in the form specified in the tenderdocument stating that he will not engage in any corruption, fraud, conspiracy, coercion or obstruction of justice as mentioned inSection 64 of the Act. 10. And mention in TDS, PCC and GCC.","Re-Comistc/In-service/26-2027/-4 4112314- Purchase of furniture","Lot wise","Package wise","Package wise","500","Payment through Bank","06-Jan-2027","06-Jan-2027","1","4112314- Purchase of furniture","In service Traning Center Police Line Pirojpur","6000","13-Sep-2026","30-Jun-2027","MONIRA SULTANA","SP","Address : In-Service Training Center, Perojpur City : Perojpur Thana : Pirojpur Sadar District : Perojpur - 8500 Country : Bangladesh","In-Service Training Center, Perojpur","Perojpur","Pirojpur Sadar","Perojpur - 8500","02-0011","","600000.00, OTM","https://www.eprocure.gov.bd/resources/common/ViewTender.jsp?id=1323317"
"Ministry of Home Affairs","","Bangladesh Police","In-Service Training Center, Perojpur","","Perojpur","Goods","NCT","TENDER","Tender - Single Lot","Re-Comistc/In-service (3211102) /26-2027/-7","227315","1318218","Open Tendering Method (OTM)","Revenue","Government","Not applicable","Not applicable","Comistc/In-service/26-2027/-7 3211102- Cleaning Products","Chemicals, chemical products and man-made fibres;Chemicals;Gases;Dyes and pigments;Basic inorganic chemicals;Basic organic chemicals;Fertilisers and nitrogen compounds;Plastics in primary forms;Synthetic rubber;Enzymes;Agro-chemical products;Pesticides;Insecticides;Herbicides;Plant-growth regulators;Disinfectants;Rodenticides;Fungicides;Paints, varnishes, printing ink and mastics;Paints;Varnishes;Ink;Mastics, fillers, putty;Solvents;Medicinal products;Medicinal products for the alimentary tract and metabolism;Medicinal products for the blood, blood-forming organs and the cardiovascular system;Medicinal products for dermatology and the musculo-skeletal system;Medicinal products for the genitourinary system and hormones;General anti-infectives for systemic use, vaccines, antineoplastic and immunodulating agents;Medicinal products for the nervous system and sensory organs;Medicinal products for the respiratory system;Various medicinal products;Glycerol, soaps, detergents, cleaning and polishing preparations, perfumes and toilet preparations;Glycerol;Perfumes and toiletries;Explosives and fine chemical products;Prepared explosives;Glues;Essential oils;Photographic chemicals;Unrecorded media;Specialised chemical products;Man-made fibres;Synthetic fibres;Artificial fibres;Various chemical products;Radiator fluids;Water-treatment chemicals;Anti-corrosion products","27-Aug-2026 16:00","10-Sep-2026 12:00","1. Updated contractor and Business License. 2. Updated VAT and Income Tax License with PSR. 3. National Citizen Certificate andNID Certificate. 4. Ownership Certificate of the Institution. 5. Non-Blacklisted Certificate. 6. Experience Certificate. 7. Sample Signature. 8. Bank Solvency Certificate. 9. The bidder shall submit an undertaking on his own pad in the form specified in the tenderdocument stating that he will not engage in any corruption, fraud, conspiracy, coercion or obstruction of justice as mentioned inSection 64 of the Act. 10. And mention in TDS, PCC and GCC.","Re-Comistc/In-service (3211102) /26-2027/-7 3211102- Cleaning Products","Lot wise","Package wise","Package wise","500","Payment through Bank","06-Jan-2027","06-Jan-2027","1","3211102- Cleaning Products","In service Traning Center Police Line Pirojpur","3700","13-Sep-2026","30-Jun-2027","MONIRA SULTANA","SP","Address : In-Service Training Center, Perojpur City : Perojpur Thana : Pirojpur Sadar District : Perojpur - 8500 Country : Bangladesh","In-Service Training Center, Perojpur","Perojpur","Pirojpur Sadar","Perojpur - 8500","02-0011","","Not Found","https://www.eprocure.gov.bd/resources/common/ViewTender.jsp?id=1318218"
"Ministry of Education","Technical & Madrasha Education Division","Directorate of Technical Education","Office of the Scheme Director, Strengthening Vocational Education in Bangladesh","","Dhaka","Physical Services","NCT","PPS","","","230902","1323783","Open Tendering Method (OTM)","Revenue","Government","320000111","Strengthening Vocational Education in Bangladesh","DTE/SVEB/SD-01 Hiring of four (04) vehicles (01 car and 03 microbus) for SIU of SVEB Scheme","Motor vehicles, trailers and vehicle parts; Transport equipment;Motor vehicles;Passenger cars;Motor vehicles for the transport of 10 or more persons;Motor vehicles for the transport of goods;Heavy-duty motor vehicles;Vehicle bodies, trailers or semi-trailers;Vehicle bodies;Trailers, semi-trailers and mobile containers;Parts and accessories for vehicles and their engines;Engines and engine parts;Mechanical spare parts except engines and engine parts;Test benches;Vehicle conversion kits;Seat belts;Spare parts for goods vehicles;Spare parts for vans;Spare parts for cars;Tractor accessories;Motorcycles, bicycles and sidecars;Motorcycles;Motor scooters;Cycles with auxiliary motors;Bicycles;Ships and boats;Ships;Boats;Railway and tramway locomotives and rolling stock and associated parts;Rail locomotives and tenders;Rolling stock;Parts of railway or tramway locomotives or rolling stock; mechanical traffic-control equipment;Aircraft and spacecraft;Helicopters and aeroplanes;Spacecraft, satellites and launch vehicles;Balloons, dirigibles and other non-powered aircraft;Parts for aircraft and spacecraft;Aircraft or spacecraft equipment, trainers, simulators and associated parts;Miscellaneous transport equipment;Horse or hand-drawn carts and other non-mechanically-propelled vehicles;Baggage carts","27-Aug-2026 16:00","10-Sep-2026 16:00","As per TOR","Motor vehicles, trailers and vehicle parts; Transport equipment;Motor vehicles;Passenger cars;Motor vehicles for the transport of 10 or more persons;Motor vehicles for the transport of goods;Heavy-duty motor vehicles;Vehicle bodies, trailers or semi-trailers;Vehicle bodies;Trailers, semi-trailers and mobile containers;Parts and accessories for vehicles and their engines;Engines and engine parts;Mechanical spare parts except engines and engine parts;Test benches;Vehicle conversion kits;Seat belts;Spare parts for goods vehicles;Spare parts for vans;Spare parts for cars;Tractor accessories;Motorcycles, bicycles and sidecars;Motorcycles;Motor scooters;Cycles with auxiliary motors;Bicycles;Ships and boats;Ships;Boats;Railway and tramway locomotives and rolling stock and associated parts;Rail locomotives and tenders;Rolling stock;Parts of railway or tramway locomotives or rolling stock; mechanical traffic-control equipment;Aircraft and spacecraft;Helicopters and aeroplanes;Spacecraft, satellites and launch vehicles;Balloons, dirigibles and other non-powered aircraft;Parts for aircraft and spacecraft;Aircraft or spacecraft equipment, trainers, simulators and associated parts;Miscellaneous transport equipment;Horse or hand-drawn carts and other non-mechanically-propelled vehicles;Baggage carts","Package wise","","Package wise","2500","Payment through Bank","05-Feb-2027","05-Feb-2027","","","PE Office","","01-Oct-2026","30-Jun-2027","Fatema Jahan","Scheme Director","Address : Office of the Scheme Director, Strengthening Vocational Education in Bangladesh, F-4/B Agargaon Administrative Area, Dhaka-1207, Bangladesh City : Dhaka Thana : Dhaka South City Corporation District : Dhaka - 1207 Country : Bangladesh","Office of the Scheme Director, Strengthening Vocational Education in Bangladesh, F-4/B Agargaon Administrative Area, Dhaka-1207, Bangladesh","Dhaka","Dhaka South City Corporation","Dhaka - 1207","0176-3795272","","11520000.00, OTM","https://www.eprocure.gov.bd/resources/common/ViewTender.jsp?id=1323783"
"Ministry of Housing and Public Works","","Public Works Department (PWD)","Cumilla PWD Division, Cumilla","","Cumilla","Works","NCT","TENDER","Tender - Single Lot","memo no SE 165  DT 17.08.2026","226573","1320574","Open Tendering Method (OTM)","Revenue","Government","Not applicable","Not applicable","APP-NR-  2026-2027.. Electrical repair works  office rooms of  Sub-Assistant Engineers E/M and  Electrical repair works of   E/M Sub-Division office Under PWD Cumilla","Repair, maintenance and installation services;Repair, maintenance and associated services of vehicles and related equipment;Repair and maintenance services of motor vehicles and associated equipment;Demolition services of vehicles;Repair, maintenance and associated services related to aircraft, railways, roads and marine equipment;Repair, maintenance and associated services related to aircraft and other equipment;Repair, maintenance and associated services related to railways and other equipment;Repair, maintenance and associated services related to roads and other equipment;Repair, maintenance and associated services related to marine and other equipment;Repair, maintenance and associated services related to personal computers, office equipment, telecommunications and audio-visual equipment;Maintenance and repair of office machinery;Repair and maintenance services of personal computers;Maintenance services of telecommunications equipment;Repair and maintenance services of audio-visual and optical equipment;Repair and maintenance services of medical and precision equipment;Repair and maintenance services of measuring, testing and checking apparatus;Repair and maintenance services of medical and surgical equipment;Repair and maintenance services of precision equipment;Repair and maintenance services for pumps, valves, taps and metal containers and machinery;Repair and maintenance services of pumps, valves, taps and metal containers;Repair and maintenance services of machinery;Repair and maintenance services of building installations;Repair and maintenance services of electrical and mechanical building installations;Repair and maintenance services of central heating;Repair and maintenance services of cooler groups;Repair and maintenance services of escalators;Lift-maintenance services;Miscellaneous repair and maintenance services;Repair services of jewellery;Repair services of leather personal goods;Repair services of garments and textiles;Repair and maintenance services of weapons and weapon systems;Repair and maintenance services of furniture;Repair and maintenance services of musical instruments;Repair and maintenance services of playground equipment;Repair and maintenance services of hotel and restaurant equipment;Installation services;Installation services of electrical and mechanical equipment;Installation services of equipment for measuring, checking, testing and navigating;Installation services of communications equipment;Installation services of medical and surgical equipment;Installation services of machinery and equipment;Installation services of computers and office equipment;Installation services of metal containers","27-Aug-2026 16:40","17-Sep-2026 13:40","a) The tenderer shall have minimum 3 (three) years of general experience in construction works. b) The tenderer must have an experience in successful completion of at least 1 (one) number of Similar nature works with a value of at least Tk 4.00 lac through a single contract during last 3 (three) years in any Government/Semi-Government/Autonomous organization of Bangladesh i) In case of work done under PWD, the certifying and authenticating Authority shall be the Concern Executive Engineer. ii) In case of the work done under any Govt/ Semi Govt/ Autonomous Bodies/ Organization other than PWD the certifying authority shall be an officer not below the rank of Executive Engineer c) The Tenderers must have a minimum average annual Construction Turnover of Tk 4.00 lac during last 3 (three) Years. d) The minimum amount of liquid assets or working capital or credit facilities of the Tenderer shall be Tk 6.50 lac only. (e) The Tenderer must have upto date ABC & Supervisory License from ELB.(v) Scan copy of Original document mentioned to be submitted along with the Tender.. f)The minimum tender capacity shall be Tk- 4.50 lac only.","Electrical repair works office rooms of Sub-Assistant Engineers E/M and Electrical repair works of E/M Sub-Division office Under PWD Cumilla","Lot wise","Package wise","Package wise","500","Payment through Bank","14-Dec-2026","14-Dec-2026","1","Electrical repair works  office rooms of  Sub-Assistant Engineers E/M and  Electrical repair works of   E/M Sub-Division office Under PWD Cumilla","EM Sub Division office Under PWD Cumilla","15000","01-Oct-2026","01-Nov-2026","Nazmul Hasan Hera","Executive Engineer","Address : Cumilla City : Cumilla Thana : Cumilla Sadar District : Cumilla - 3500 Country : Bangladesh","Cumilla","Cumilla","Cumilla Sadar","Cumilla - 3500","081-63883","","Not Found","https://www.eprocure.gov.bd/resources/common/ViewTender.jsp?id=1320574"
"Ministry of Education","Secondary and Higher Education Division","National Curriculum and textbook Board (NCTB)","Member (Textbook), NCTB","","Dhaka","Goods","NCT","TENDER","Tender - Single Lot","37.06.0000.304.07.006.26/1901","225442","1324003","Open Tendering Method (OTM)","Revenue","Government","Not applicable","Not applicable","2027.GD.PRI.IV.2Books.12.416 For printing (with paper), binding and supplying of two subject textbooks (Culture of Bangladesh & Sports) of class four (primary level) to be distributed free of cost for the academic year 2027","Various types of printed matter and articles for printing; Printing, publishing and related services;Printed books, brochures and leaflets;Printed books;Publications;Directories;Leaflets;Brochures;Booklets;Newspapers, journals, periodicals and magazines;Newspapers;Postcards, greeting cards and other printed matter;Postcards;Greeting cards;Stamps, cheque forms, banknotes, stock certificates, trade advertising material, catalogues and manuals;Stamps;Stamp-impressed paper;Banknotes;Cheque forms;Security-type printed matter;Trade-advertising material, commercial catalogues and manuals;Manuals;Printing plates or cylinders or other media for use in printing;Offset plates;Dry-etching equipment;Paper or paperboard registers, account books, binders, forms and other articles of printed stationery;Paper or paperboard registers;Forms;Exercise books;Albums for samples;Binders and related accessories;Printed stationery except forms;Miscellaneous printed matter;Car-tax discs;Driving licences;ID cards;Permits;Entrance cards;Bespoke printed matter;Tickets;Printing services;Printing services for books;Printing services for stationery;Printing services for security printed matter;Printing services for forms;Printing services for tickets;Printing services for calendars;Printing services for timetables;Newspaper printing services;Printing services for posters;Services related to printing;Print finishing services;Composition services;Printing and delivery services;Printing and distribution services;Publishing services;Bookbinding and finishing services;Subscription services","27-Aug-2026 16:00","09-Sep-2026 16:00","As Per TDS","For printing (with paper), binding and supplying of two subject textbooks (Culture of Bangladesh & Sports) of class four (primary level) to be distributed free of cost for the academic year 2027","Lot wise","Package wise","Package wise","4000","Payment through Bank","07-Mar-2027","07-Mar-2027","416","For printing (with paper), binding and supplying of two subject textbooks (Culture of Bangladesh & Sports) of class four (primary level) to be distributed free of cost for the academic year 2027","As per Delivery Schedule","410000","20-Sep-2026","26-Nov-2026","Mohammad Abu Nasher Tuku","Member (Textbook)","Address :  69-70, Motijheel, C/A, Dhaka-1000 City : Dhaka Thana : Dhaka South City Corporation District : Dhaka - 1000 Country : Bangladesh","69-70, Motijheel, C/A, Dhaka-1000","Dhaka","Dhaka South City Corporation","Dhaka - 1000","02-9550805","","24200609.70, OTM","https://www.eprocure.gov.bd/resources/common/ViewTender.jsp?id=1324003"
"Ministry of Home Affairs","","Bangladesh Police","In-Service Training Center, Perojpur","","Perojpur","Goods","NCT","TENDER","Tender - Single Lot","Re-Comistc/In-service (4112310) /26-2027/-8","227315","1323302","Open Tendering Method (OTM)","Revenue","Government","Not applicable","Not applicable","Re-Comistc/In-service/26-2027/-8 4112310- Office Equipment","Office and computing machinery, equipment and supplies;Office machinery, equipment and supplies except computers;Word-processing machines;Photocopying and printing equipment;Post-office equipment;Calculating and accounting machines;Typewriters;Parts and accessories of typewriters and calculating machines;Various office equipment and supplies;Computer equipment and supplies;Data-processing machines;Digital cartography equipment;Computer hardware;Software;Computer systems;Servers","27-Aug-2026 16:00","10-Sep-2026 12:00","1. Updated contractor and Business License. 2. Updated VAT and Income Tax License with PSR. 3. National Citizen Certificate andNID Certificate. 4. Ownership Certificate of the Institution. 5. Non-Blacklisted Certificate. 6. Experience Certificate. 7. Sample Signature. 8. Bank Solvency Certificate. 9. The bidder shall submit an undertaking on his own pad in the form specified in the tenderdocument stating that he will not engage in any corruption, fraud, conspiracy, coercion or obstruction of justice as mentioned inSection 64 of the Act. 10. And mention in TDS, PCC and GCC.","Re-Comistc/In-service/26-2027/-8 4112310- Office Equipment","Lot wise","Package wise","Package wise","500","Payment through Bank","06-Jan-2027","06-Jan-2027","1","4112310- Office Equipment","In service Traning Center Police Line Pirojpur","3700","13-Sep-2026","30-Jun-2027","MONIRA SULTANA","SP","Address : In-Service Training Center, Perojpur City : Perojpur Thana : Pirojpur Sadar District : Perojpur - 8500 Country : Bangladesh","In-Service Training Center, Perojpur","Perojpur","Pirojpur Sadar","Perojpur - 8500","02-0011","","365000.00, OTM","https://www.eprocure.gov.bd/resources/common/ViewTender.jsp?id=1323302"
"Ministry of Home Affairs","","Bangladesh Police","In-Service Training Center, Perojpur","","Perojpur","Goods","NCT","TENDER","Tender - Single Lot","Re-Comistc/In-service (3252108) /26-2027/-2","227315","1323301","Open Tendering Method (OTM)","Revenue","Government","Not applicable","Not applicable","Re-Comistc/In-service/26-2027/-2 3252108- Health Provision Materials","Chemicals, chemical products and man-made fibres;Chemicals;Gases;Dyes and pigments;Basic inorganic chemicals;Basic organic chemicals;Fertilisers and nitrogen compounds;Plastics in primary forms;Synthetic rubber;Enzymes;Agro-chemical products;Pesticides;Insecticides;Herbicides;Plant-growth regulators;Disinfectants;Rodenticides;Fungicides;Paints, varnishes, printing ink and mastics;Paints;Varnishes;Ink;Mastics, fillers, putty;Solvents;Medicinal products;Medicinal products for the alimentary tract and metabolism;Medicinal products for the blood, blood-forming organs and the cardiovascular system;Medicinal products for dermatology and the musculo-skeletal system;Medicinal products for the genitourinary system and hormones;General anti-infectives for systemic use, vaccines, antineoplastic and immunodulating agents;Medicinal products for the nervous system and sensory organs;Medicinal products for the respiratory system;Various medicinal products;Glycerol, soaps, detergents, cleaning and polishing preparations, perfumes and toilet preparations;Glycerol;Perfumes and toiletries;Explosives and fine chemical products;Prepared explosives;Glues;Essential oils;Photographic chemicals;Unrecorded media;Specialised chemical products;Man-made fibres;Synthetic fibres;Artificial fibres;Various chemical products;Radiator fluids;Water-treatment chemicals;Anti-corrosion products","27-Aug-2026 16:00","10-Sep-2026 12:00","1. Updated contractor and Business License. 2. Updated VAT and Income Tax License with PSR. 3. National Citizen Certificate andNID Certificate. 4. Ownership Certificate of the Institution. 5. Non-Blacklisted Certificate. 6. Experience Certificate. 7. Sample Signature. 8. Bank Solvency Certificate. 9. The bidder shall submit an undertaking on his own pad in the form specified in the tenderdocument stating that he will not engage in any corruption, fraud, conspiracy, coercion or obstruction of justice as mentioned inSection 64 of the Act. 10. And mention in TDS, PCC and GCC.","Re-Comistc/In-service/26-2027/-2 3252108- Health Provision Materials","Lot wise","Package wise","Package wise","500","Payment through Bank","06-Jan-2027","06-Jan-2027","1","3252108- Health Provision Materials","In service Traning Center Police Line Pirojpur","8400","13-Sep-2026","30-Jun-2027","MONIRA SULTANA","SP","Address : In-Service Training Center, Perojpur City : Perojpur Thana : Pirojpur Sadar District : Perojpur - 8500 Country : Bangladesh","In-Service Training Center, Perojpur","Perojpur","Pirojpur Sadar","Perojpur - 8500","02-0011","","280000.00, OTM","https://www.eprocure.gov.bd/resources/common/ViewTender.jsp?id=1323301"
"Ministry of Housing and Public Works","","Public Works Department (PWD)","Cumilla PWD Division, Cumilla","","Cumilla","Goods (Framework Agreement)","NCT","TENDER","Tender - Single Lot","memo no SE 151 DT 12.08.2026","226573","1323252","Open Tendering Method (OTM)","Revenue","Government","Not applicable","Not applicable","APP-  NR-   2026- 2027 Supply of sanitary fittings for day-to-day emergency repairs at Medical College Hospital Cumilla","Repair, maintenance and installation services;Repair, maintenance and associated services of vehicles and related equipment;Repair and maintenance services of motor vehicles and associated equipment;Demolition services of vehicles;Repair, maintenance and associated services related to aircraft, railways, roads and marine equipment;Repair, maintenance and associated services related to aircraft and other equipment;Repair, maintenance and associated services related to railways and other equipment;Repair, maintenance and associated services related to roads and other equipment;Repair, maintenance and associated services related to marine and other equipment;Repair, maintenance and associated services related to personal computers, office equipment, telecommunications and audio-visual equipment;Maintenance and repair of office machinery;Repair and maintenance services of personal computers;Maintenance services of telecommunications equipment;Repair and maintenance services of audio-visual and optical equipment;Repair and maintenance services of medical and precision equipment;Repair and maintenance services of measuring, testing and checking apparatus;Repair and maintenance services of medical and surgical equipment;Repair and maintenance services of precision equipment;Repair and maintenance services for pumps, valves, taps and metal containers and machinery;Repair and maintenance services of pumps, valves, taps and metal containers;Repair and maintenance services of machinery;Repair and maintenance services of building installations;Repair and maintenance services of electrical and mechanical building installations;Repair and maintenance services of central heating;Repair and maintenance services of cooler groups;Repair and maintenance services of escalators;Lift-maintenance services;Miscellaneous repair and maintenance services;Repair services of jewellery;Repair services of leather personal goods;Repair services of garments and textiles;Repair and maintenance services of weapons and weapon systems;Repair and maintenance services of furniture;Repair and maintenance services of musical instruments;Repair and maintenance services of playground equipment;Repair and maintenance services of hotel and restaurant equipment;Installation services;Installation services of electrical and mechanical equipment;Installation services of equipment for measuring, checking, testing and navigating;Installation services of communications equipment;Installation services of medical and surgical equipment;Installation services of machinery and equipment;Installation services of computers and office equipment;Installation services of metal containers","27-Aug-2026 15:30","08-Sep-2026 16:00","a) The tenderer shall have minimum 3 (Three) years of general experience in the supply of Goods and related services b) The minimum specific experience as Supplier in supply of similar Goods of at least 1 contract successfully completed within the last 3 years, each with a value of at least Tk.4.00 Lac in any Government/Semi-Government/Autonomous organization of Bangladesh i) In case of work done under PWD, the certifying and authenticating Authority shall be the Concern Executive Engineer. ii) In case of the work done under any Govt/ Semi Govt/ Autonomous Bodies/ Organization other than PWD the certifying authority shall be an officer not below the rank of Executive Engineer c) The Tenderers must have a minimum average annual Construction Turnover of Tk 4.00 lac during last 3 (three) Years. d) The minimum amount of liquid assets or working capital or credit facilities of the Tenderer shall be Tk 6.00 lac only. f)The minimum tender capacity shall be Tk- 4.00 lac only.","Supply of sanitary fittings for day-to-day emergency repairs at Medical College Hospital Cumilla","Lot wise","Package wise","Package wise","500","Payment through Bank","05-Dec-2026","05-Dec-2026","1","Supply of sanitary fittings for day-to-day emergency repairs at Medical College Hospital Cumilla","Medical College Hospital Cumilla","15000","15-Sep-2026","30-Jun-2027","Nazmul Hasan Hera","Executive Engineer","Address : Cumilla City : Cumilla Thana : Cumilla Sadar District : Cumilla - 3500 Country : Bangladesh","Cumilla","Cumilla","Cumilla Sadar","Cumilla - 3500","081-63883","","Not Found","https://www.eprocure.gov.bd/resources/common/ViewTender.jsp?id=1323252"
"Ministry of Education","Technical & Madrasha Education Division","Directorate of Technical Education","Office of the Scheme Director, Strengthening Vocational Education in Bangladesh","","Dhaka","Goods","NCT","TENDER","Tender - Single Lot","DTE/SVEB/GD-42","230902","1323782","Open Tendering Method (OTM)","Revenue","Government","320000111","Strengthening Vocational Education in Bangladesh","DTE/SVEB/GD-42 Supply & Installation of Office Equipment for DTE MPO cell","Office and computing machinery, equipment and supplies; Miscellaneous services;Office machinery, equipment and supplies except computers;Word-processing machines;Photocopying and printing equipment;Post-office equipment;Calculating and accounting machines;Typewriters;Parts and accessories of typewriters and calculating machines;Various office equipment and supplies;Computer equipment and supplies;Data-processing machines;Digital cartography equipment;Computer hardware;Software;Computer systems;Servers;Washing and dry-cleaning services;Laundry-collection services;Textile-cleaning services;Fur-products cleaning services;Colouring services;Pressing services;Dyeing services;Hairdressing and beauty treatment services;Hairdressing services;Beauty treatment services;Physical well-being services;Turkish bath services;Spa services;Massage services;Accommodation and office services;Accommodation services;Civic-amenity services;Car-park management services;Marine services;Aquatic marine services;Port management services;Diving services;Funeral and related services;Funeral services;Miscellaneous services n.e.c.;Decommissioning services;Relocation services;Tailoring services;Upholstering services;Locksmith services;Clearing and Forwarding Agent;Service Provider (Others)","27-Aug-2026 16:00","10-Sep-2026 16:00","As per TDS","Office and computing machinery, equipment and supplies; Miscellaneous services;Office machinery, equipment and supplies except computers;Word-processing machines;Photocopying and printing equipment;Post-office equipment;Calculating and accounting machines;Typewriters;Parts and accessories of typewriters and calculating machines;Various office equipment and supplies;Computer equipment and supplies;Data-processing machines;Digital cartography equipment;Computer hardware;Software;Computer systems;Servers;Washing and dry-cleaning services;Laundry-collection services;Textile-cleaning services;Fur-products cleaning services;Colouring services;Pressing services;Dyeing services;Hairdressing and beauty treatment services;Hairdressing services;Beauty treatment services;Physical well-being services;Turkish bath services;Spa services;Massage services;Accommodation and office services;Accommodation services;Civic-amenity services;Car-park management services;Marine services;Aquatic marine services;Port management services;Diving services;Funeral and related services;Funeral services;Miscellaneous services n.e.c.;Decommissioning services;Relocation services;Tailoring services;Upholstering services;Locksmith services;Clearing and Forwarding Agent;Service Provider (Others)","Lot wise","Package wise","Package wise","1500","Payment through Bank","07-Dec-2026","07-Dec-2026","01","Supply & Installation of Office Equipment for DTE MPO cell","PE Office","110000","27-Sep-2026","29-Oct-2026","Fatema Jahan","Scheme Director","Address : Office of the Scheme Director, Strengthening Vocational Education in Bangladesh, F-4/B Agargaon Administrative Area, Dhaka-1207, Bangladesh City : Dhaka Thana : Dhaka South City Corporation District : Dhaka - 1207 Country : Bangladesh","Office of the Scheme Director, Strengthening Vocational Education in Bangladesh, F-4/B Agargaon Administrative Area, Dhaka-1207, Bangladesh","Dhaka","Dhaka South City Corporation","Dhaka - 1207","0176-3795272","","4297000.00, OTM","https://www.eprocure.gov.bd/resources/common/ViewTender.jsp?id=1323782"
"Ministry of Education","Secondary and Higher Education Division","National Curriculum and textbook Board (NCTB)","Member (Textbook), NCTB","","Dhaka","Goods","NCT","TENDER","Tender - Single Lot","37.06.0000.303.07.006.26.2292","225442","1323962","Open Tendering Method (OTM)","Revenue","Government","Not applicable","Not applicable","GD.11_EBT-SEC-DHA.1308 For Printing (with paper), Binding and Supplying  of textbooks of Ebtedayee Class-4 &  Secondary (Bangla & English Version), Dakhil,  Class-6 to be  distributed free of cost for the Academic Year 2027.","Various types of printed matter and articles for printing; Printing, publishing and related services;Printed books, brochures and leaflets;Printed books;Publications;Directories;Leaflets;Brochures;Booklets;Newspapers, journals, periodicals and magazines;Newspapers;Postcards, greeting cards and other printed matter;Postcards;Greeting cards;Stamps, cheque forms, banknotes, stock certificates, trade advertising material, catalogues and manuals;Stamps;Stamp-impressed paper;Banknotes;Cheque forms;Security-type printed matter;Trade-advertising material, commercial catalogues and manuals;Manuals;Printing plates or cylinders or other media for use in printing;Offset plates;Dry-etching equipment;Paper or paperboard registers, account books, binders, forms and other articles of printed stationery;Paper or paperboard registers;Forms;Exercise books;Albums for samples;Binders and related accessories;Printed stationery except forms;Miscellaneous printed matter;Car-tax discs;Driving licences;ID cards;Permits;Entrance cards;Bespoke printed matter;Tickets;Printing services;Printing services for books;Printing services for stationery;Printing services for security printed matter;Printing services for forms;Printing services for tickets;Printing services for calendars;Printing services for timetables;Newspaper printing services;Printing services for posters;Services related to printing;Print finishing services;Composition services;Printing and delivery services;Printing and distribution services;Publishing services;Bookbinding and finishing services;Subscription services","27-Aug-2026 16:00","09-Sep-2026 16:00","As par TDS","For Printing (with paper), Binding and Supplying of textbooks of Ebtedayee Class-4 & Secondary (Bangla & English Version), Dakhil, Class-6 to be distributed free of cost for the Academic Year 2027","Lot wise","Package wise","Package wise","2500","Payment through Bank","07-Mar-2027","07-Mar-2027","1308","For Printing (with paper), Binding and Supplying  of textbooks of Ebtedayee Class-4 &  Secondary (Bangla & English Version), Dakhil,  Class-6 to be  distributed free of cost for the Academic Year 2027.","As Per Delivery Schedule","500000","20-Sep-2026","26-Nov-2026","Mohammad Abu Nasher Tuku","Member (Textbook)","Address :  69-70, Motijheel, C/A, Dhaka-1000 City : Dhaka Thana : Dhaka South City Corporation District : Dhaka - 1000 Country : Bangladesh","69-70, Motijheel, C/A, Dhaka-1000","Dhaka","Dhaka South City Corporation","Dhaka - 1000","02-9550805","","18053925.00, OTM","https://www.eprocure.gov.bd/resources/common/ViewTender.jsp?id=1323962"
"Ministry of Education","Secondary and Higher Education Division","National Curriculum and textbook Board (NCTB)","Member (Textbook), NCTB","","Dhaka","Goods","NCT","TENDER","Tender - Single Lot","37.06.0000.303.07.002.26.2288","225442","1323955","Open Tendering Method (OTM)","Revenue","Government","Not applicable","Not applicable","GD.11_EBT-SEC-DHA.1304 For Printing (with paper), Binding and Supplying  of textbooks of Ebtedayee Class-4 &  Secondary (Bangla & English Version), Dakhil,  Class-6 to be  distributed free of cost for the Academic Year 2027.","Various types of printed matter and articles for printing; Printing, publishing and related services;Printed books, brochures and leaflets;Printed books;Publications;Directories;Leaflets;Brochures;Booklets;Newspapers, journals, periodicals and magazines;Newspapers;Postcards, greeting cards and other printed matter;Postcards;Greeting cards;Stamps, cheque forms, banknotes, stock certificates, trade advertising material, catalogues and manuals;Stamps;Stamp-impressed paper;Banknotes;Cheque forms;Security-type printed matter;Trade-advertising material, commercial catalogues and manuals;Manuals;Printing plates or cylinders or other media for use in printing;Offset plates;Dry-etching equipment;Paper or paperboard registers, account books, binders, forms and other articles of printed stationery;Paper or paperboard registers;Forms;Exercise books;Albums for samples;Binders and related accessories;Printed stationery except forms;Miscellaneous printed matter;Car-tax discs;Driving licences;ID cards;Permits;Entrance cards;Bespoke printed matter;Tickets;Printing services;Printing services for books;Printing services for stationery;Printing services for security printed matter;Printing services for forms;Printing services for tickets;Printing services for calendars;Printing services for timetables;Newspaper printing services;Printing services for posters;Services related to printing;Print finishing services;Composition services;Printing and delivery services;Printing and distribution services;Publishing services;Bookbinding and finishing services;Subscription services","27-Aug-2026 16:00","09-Sep-2026 16:00","As Per TDS","For Printing (with paper), Binding and Supplying of textbooks of Ebtedayee Class-4 & Secondary (Bangla & English Version), Dakhil, Class-6 to be distributed free of cost for the Academic Year 2027.","Lot wise","Package wise","Package wise","2500","Payment through Bank","07-Mar-2027","07-Mar-2027","1304","For Printing (with paper), Binding and Supplying  of textbooks of Ebtedayee Class-4 &  Secondary (Bangla & English Version), Dakhil,  Class-6 to be  distributed free of cost for the Academic Year 2027.","As per Delivery Schedule","500000","20-Sep-2026","26-Nov-2026","Mohammad Abu Nasher Tuku","Member (Textbook)","Address :  69-70, Motijheel, C/A, Dhaka-1000 City : Dhaka Thana : Dhaka South City Corporation District : Dhaka - 1000 Country : Bangladesh","69-70, Motijheel, C/A, Dhaka-1000","Dhaka","Dhaka South City Corporation","Dhaka - 1000","02-9550805","","17806025.00, OTM","https://www.eprocure.gov.bd/resources/common/ViewTender.jsp?id=1323955"
"Ministry of Education","Secondary and Higher Education Division","National Curriculum and textbook Board (NCTB)","Member (Textbook), NCTB","","Dhaka","Goods","NCT","TENDER","Tender - Single Lot","37.06.0000.303.07.002.26.2287","225442","1323954","Open Tendering Method (OTM)","Revenue","Government","Not applicable","Not applicable","GD.11_EBT-SEC-DHA.1303 For Printing (with paper), Binding and Supplying  of textbooks of Ebtedayee Class-4 &  Secondary (Bangla & English Version), Dakhil,  Class-6 to be  distributed free of cost for the Academic Year 2027.","Various types of printed matter and articles for printing; Printing, publishing and related services;Printed books, brochures and leaflets;Printed books;Publications;Directories;Leaflets;Brochures;Booklets;Newspapers, journals, periodicals and magazines;Newspapers;Postcards, greeting cards and other printed matter;Postcards;Greeting cards;Stamps, cheque forms, banknotes, stock certificates, trade advertising material, catalogues and manuals;Stamps;Stamp-impressed paper;Banknotes;Cheque forms;Security-type printed matter;Trade-advertising material, commercial catalogues and manuals;Manuals;Printing plates or cylinders or other media for use in printing;Offset plates;Dry-etching equipment;Paper or paperboard registers, account books, binders, forms and other articles of printed stationery;Paper or paperboard registers;Forms;Exercise books;Albums for samples;Binders and related accessories;Printed stationery except forms;Miscellaneous printed matter;Car-tax discs;Driving licences;ID cards;Permits;Entrance cards;Bespoke printed matter;Tickets;Printing services;Printing services for books;Printing services for stationery;Printing services for security printed matter;Printing services for forms;Printing services for tickets;Printing services for calendars;Printing services for timetables;Newspaper printing services;Printing services for posters;Services related to printing;Print finishing services;Composition services;Printing and delivery services;Printing and distribution services;Publishing services;Bookbinding and finishing services;Subscription services","27-Aug-2026 16:00","09-Sep-2026 16:00","As Per TDS","For Printing (with paper), Binding and Supplying of textbooks of Ebtedayee Class-4 & Secondary (Bangla & English Version), Dakhil, Class-6 to be distributed free of cost for the Academic Year 2027.","Lot wise","Package wise","Package wise","2500","Payment through Bank","07-Mar-2027","07-Mar-2027","1303","For Printing (with paper), Binding and Supplying  of textbooks of Ebtedayee Class-4 &  Secondary (Bangla & English Version), Dakhil,  Class-6 to be  distributed free of cost for the Academic Year 2027.","As Per Delivery Schedule","450000","20-Sep-2026","26-Nov-2026","Mohammad Abu Nasher Tuku","Member (Textbook)","Address :  69-70, Motijheel, C/A, Dhaka-1000 City : Dhaka Thana : Dhaka South City Corporation District : Dhaka - 1000 Country : Bangladesh","69-70, Motijheel, C/A, Dhaka-1000","Dhaka","Dhaka South City Corporation","Dhaka - 1000","02-9550805","","15411120.00, OTM","https://www.eprocure.gov.bd/resources/common/ViewTender.jsp?id=1323954"
"Ministry of Education","Secondary and Higher Education Division","National Curriculum and textbook Board (NCTB)","Member (Textbook), NCTB","","Dhaka","Goods","NCT","TENDER","Tender - Single Lot","37.06.0000.304.07.006.26/1902","225442","1324004","Open Tendering Method (OTM)","Revenue","Government","Not applicable","Not applicable","2027.GD.PRI.IV.2Books.12.417 For printing (with paper), binding and supplying of two subject textbooks (Culture of Bangladesh & Sports) of class four (primary level) to be distributed free of cost for the academic year 2027","Various types of printed matter and articles for printing; Printing, publishing and related services;Printed books, brochures and leaflets;Printed books;Publications;Directories;Leaflets;Brochures;Booklets;Newspapers, journals, periodicals and magazines;Newspapers;Postcards, greeting cards and other printed matter;Postcards;Greeting cards;Stamps, cheque forms, banknotes, stock certificates, trade advertising material, catalogues and manuals;Stamps;Stamp-impressed paper;Banknotes;Cheque forms;Security-type printed matter;Trade-advertising material, commercial catalogues and manuals;Manuals;Printing plates or cylinders or other media for use in printing;Offset plates;Dry-etching equipment;Paper or paperboard registers, account books, binders, forms and other articles of printed stationery;Paper or paperboard registers;Forms;Exercise books;Albums for samples;Binders and related accessories;Printed stationery except forms;Miscellaneous printed matter;Car-tax discs;Driving licences;ID cards;Permits;Entrance cards;Bespoke printed matter;Tickets;Printing services;Printing services for books;Printing services for stationery;Printing services for security printed matter;Printing services for forms;Printing services for tickets;Printing services for calendars;Printing services for timetables;Newspaper printing services;Printing services for posters;Services related to printing;Print finishing services;Composition services;Printing and delivery services;Printing and distribution services;Publishing services;Bookbinding and finishing services;Subscription services","27-Aug-2026 16:10","09-Sep-2026 16:10","As per TDS","For printing (with paper), binding and supplying of two subject textbooks (Culture of Bangladesh & Sports) of class four (primary level) to be distributed free of cost for the academic year 2027","Lot wise","Package wise","Package wise","4000","Payment through Bank","07-Mar-2027","07-Mar-2027","417","For printing (with paper), binding and supplying of two subject textbooks (Culture of Bangladesh & Sports) of class four (primary level) to be distributed free of cost for the academic year 2027","As Per Delivery Schedule","460000","20-Sep-2026","26-Nov-2026","Mohammad Abu Nasher Tuku","Member (Textbook)","Address :  69-70, Motijheel, C/A, Dhaka-1000 City : Dhaka Thana : Dhaka South City Corporation District : Dhaka - 1000 Country : Bangladesh","69-70, Motijheel, C/A, Dhaka-1000","Dhaka","Dhaka South City Corporation","Dhaka - 1000","02-9550805","","27395026.50, OTM","https://www.eprocure.gov.bd/resources/common/ViewTender.jsp?id=1324004"
"Ministry of Agriculture","","Bangladesh Agricultural Development Corporation (BADC)","Fertilizer Management Division","","Dhaka","Physical Services","NCT","PPS","","","227695","1319112","Open Tendering Method (OTM)","Revenue","Government","Not applicable","Not applicable","20261013 Appointment of carrying contractor for transportation, unloading and stacking including Clearing & forwading (C&F) in Chattogram and Mongla port of 3rd lot 30,000 MT (+/-10%) bagged TSP fertilizer imported from Morocco under G-2-G contract dated: 25/06/2026 of which 12,000 MT (10+/-%) from Chattogram & 18,000 MT (10+/-%) from Khulna to warehouses at different destinations in the country. Clearing & forwading (C&F) work has to be done by the valid C&F license holder and updated C&F license has to be submitted with the offer.","Land transport services and transport via pipeline services;Land transport services;Passenger land transport services.;Land freight transport services;Pipeline transport services;Transport by pipeline of petroleum products;Transport by pipeline of natural gas","27-Aug-2026 15:31","13-Sep-2026 11:00","a) A certificate in original/attested photocopy from Government/Semi Government/ Autonomous/Statutory bodies showing experience of transportation of fertilizer, rice, seed, pulse, wheat, sugar, salt etc of minimum 17,000 M Tons in the last 15(fifteen) years have to be submitted along with the offer. Failure to do so shall cause rejection of offer. The certificate must accompany copy of the respective work order/contract. Private sector fertilizer importer under government subsidy scheme of Ministry of Agriculture/Eligible international carrier of BCIC/Directorate of Food/BADC are also eligible for these work. b) Tenderer has to submit document (Bank statement for the period of August/2025 - July/2026) showing TK 3,00,00,000.00 (Three crore) liquid asset/credit facility from any schedule bank . c) Tenderer has to submit document (Bank statement for the period of August/2025 - July/2026) showing avarage annual turn over TK 2,00,00,000.00 (Two crore). d) Other terms and conditions are mentioned in the Tender schedule.","Appointment of carrying contractor for transportation, unloading and stacking including Clearing & forwading (C&F) in Chattogram and Mongla port of 3rd lot 30,000 MT (+/-10%) bagged TSP fertilizer imported from Morocco under G-2-G contract dated: 25/06/2026 of which 12,000 MT (10+/-%) from Chattogram & 18,000 MT (10+/-%) from Khulna to warehouses at different destinations in the country. Clearing & forwading (C&F) work has to be done by the valid C&F license holder and updated C&F license has to be submitted with the offer.","Package wise","","Package wise","4000","Payment through Bank","08-Feb-2027","08-Feb-2027","","","All over the country","","01-Oct-2026","30-Nov-2026","Md. Azim Uddin","General Manager","Address : Krishi Bhaban, 7th Floor, 49-51 Dilkusha C/A, Dhaka-1000. City : Dhaka Thana : Dhaka South City Corporation District : Dhaka - 1000 Country : Bangladesh","Krishi Bhaban, 7th Floor, 49-51 Dilkusha C/A, Dhaka-1000.","Dhaka","Dhaka South City Corporation","Dhaka - 1000","02-9554016","","49241033.00, OTM","https://www.eprocure.gov.bd/resources/common/ViewTender.jsp?id=1319112"
"Ministry of Industries","","Bangladesh Chemical Industries Corporation (BCIC)","Purchase Division","","Dhaka","Goods","NCT","TENDER","Tender - Single Lot","Pur-1.3492/2026-2027","228141","1323669","Open Tendering Method (OTM)","Revenue","Government","Not applicable","Not applicable","PUR-1.3492/2026-2027 Procurement of 25.00 (Twenty Five) Lac Pcs WPP + Pe Bag for SABIC, Saudi Arabia","Rubber, plastic and film products;Rubber products;Tyres and related products;Unvulcanised and vulcanised rubber articles;Rubberised textile fabrics;Reclaimed rubber;Rubber waste products;Medical articles of rubber;Articles of hard rubber;Plastic products;Plastic plates, sheets, tubes and profiles;Packaging products of plastics;Builders ware of plastic;Miscellaneous plastic products;Magnetic cards;Sound recordings;Resins;Film products;Radiology film;Cinematographic film;Video films","27-Aug-2026 16:00","20-Sep-2026 16:00","1. The minimum of years of general experience of the Tenderer in the supply of Goods and related services as Supplier shall be 05 (Five) years. 2. The minimum specific experience as Supplier in supply of similar Goods of at least 1 (one) contract ( 5.00 lakh pieces) successfully completed within the last 03 (three) years, each with a value of at least Tk. 1.80 Crore. 3. The minimum supply and/or production capacity of Goods is/ are: Daily production capacity minimum 50,000 (Fifty Thousand) pieces of WPP polypropylene bag (WPP) with inner liner. 4. The minimum amount of liquid assets i.e working capital or credit line(s) of the Tenderer shall be Tk. 10.00 Crore in supporting documents and letter of Commitments for Bank’s Undertaking for Line of Credit in the format (Form PG3-8) shall have to be submitted with the tender by the tenderer.","Procurement of 25.00 Lac Pcs WPP + Pe Bag from SABIC, Saudi Arabia","Lot wise","Package wise","Package wise","5000","Payment through Bank","17-Jan-2027","17-Jan-2027","1","Procurement of 25.00 (Twenty Five) Lac Pcs WPP + Pe Bag for SABIC, Saudi Arabia","BCIC, Dhaka","2500000","22-Sep-2026","25-Oct-2026","Serniabat Razaul Bary","General Manager(Comm)","Address : BCIC Bhaban, 12th floor, 30-31 Dilkusha Commercial Area,
Dhaka-1000 City : Dhaka Thana : Dhaka South City Corporation District : Dhaka - 1000 Country : Bangladesh","","Dhaka","Dhaka South City Corporation","Dhaka - 1000","02-9561627","02-9552642","112500000.00, OTM","https://www.eprocure.gov.bd/resources/common/ViewTender.jsp?id=1323669"
"Ministry of Home Affairs","","Bangladesh Police","In-Service Training Center, Perojpur","","Perojpur","Goods","NCT","TENDER","Tender - Single Lot","Re-Comistc/In-service (3231301) /26-2027/-3","227315","1323314","Open Tendering Method (OTM)","Revenue","Government","Not applicable","Not applicable","Comistc/In-service/26-2027/-3 3231301- Training Materials","Education services;Primary education services;Pre-school education services;Secondary education services;Technical and vocational secondary education services;Education services for handicapped students;Higher education services;Youth education services;Medical education services;Safety education services;Special education services;Adult and other education services;Various school services;Training services;Adult-education services at university level;Operation of an educational centre","27-Aug-2026 16:00","10-Sep-2026 12:00","The Bidder should have a valid Trade License, a Current Bank Solvency Certificate, an Income Tax Certificate, and a VAT Registration Certificate. The bidder should not be blacklisted by any government organisation in Bangladesh.","Re-Comistc/In-service/26-2027/-3 3231301- Training Materials","Lot wise","Package wise","Package wise","2500","Payment through Bank","06-Jan-2027","06-Jan-2027","1","3231301- Training Materials","In service Traning Center Police Line Pirojpur","85000","13-Sep-2026","30-Jun-2027","MONIRA SULTANA","SP","Address : In-Service Training Center, Perojpur City : Perojpur Thana : Pirojpur Sadar District : Perojpur - 8500 Country : Bangladesh","In-Service Training Center, Perojpur","Perojpur","Pirojpur Sadar","Perojpur - 8500","02-0011","","8500000.00, OTM","https://www.eprocure.gov.bd/resources/common/ViewTender.jsp?id=1323314"
"Ministry of Education","Secondary and Higher Education Division","National Curriculum and textbook Board (NCTB)","Member (Textbook), NCTB","","Dhaka","Goods","NCT","TENDER","Tender - Single Lot","37.06.0000.303.07.002.26.2294","225442","1323965","Open Tendering Method (OTM)","Revenue","Government","Not applicable","Not applicable","GD.11_EBT-SEC-DHA.1310 For Printing (with paper), Binding and Supplying  of textbooks of Ebtedayee Class-4 &  Secondary (Bangla & English Version), Dakhil,  Class-6 to be  distributed free of cost for the Academic Year 2027.","Various types of printed matter and articles for printing; Printing, publishing and related services;Printed books, brochures and leaflets;Printed books;Publications;Directories;Leaflets;Brochures;Booklets;Newspapers, journals, periodicals and magazines;Newspapers;Postcards, greeting cards and other printed matter;Postcards;Greeting cards;Stamps, cheque forms, banknotes, stock certificates, trade advertising material, catalogues and manuals;Stamps;Stamp-impressed paper;Banknotes;Cheque forms;Security-type printed matter;Trade-advertising material, commercial catalogues and manuals;Manuals;Printing plates or cylinders or other media for use in printing;Offset plates;Dry-etching equipment;Paper or paperboard registers, account books, binders, forms and other articles of printed stationery;Paper or paperboard registers;Forms;Exercise books;Albums for samples;Binders and related accessories;Printed stationery except forms;Miscellaneous printed matter;Car-tax discs;Driving licences;ID cards;Permits;Entrance cards;Bespoke printed matter;Tickets;Printing services;Printing services for books;Printing services for stationery;Printing services for security printed matter;Printing services for forms;Printing services for tickets;Printing services for calendars;Printing services for timetables;Newspaper printing services;Printing services for posters;Services related to printing;Print finishing services;Composition services;Printing and delivery services;Printing and distribution services;Publishing services;Bookbinding and finishing services;Subscription services","27-Aug-2026 16:00","09-Sep-2026 16:00","As Per TDS","For Printing (with paper), Binding and Supplying of textbooks of Ebtedayee Class-4 & Secondary (Bangla & English Version), Dakhil, Class-6 to be distributed free of cost for the Academic Year 2027.","Lot wise","Package wise","Package wise","2500","Payment through Bank","07-Mar-2027","07-Mar-2027","1310","For Printing (with paper), Binding and Supplying  of textbooks of Ebtedayee Class-4 &  Secondary (Bangla & English Version), Dakhil,  Class-6 to be  distributed free of cost for the Academic Year 2027.","As Per Delivery Schedule","500000","20-Sep-2026","26-Nov-2026","Mohammad Abu Nasher Tuku","Member (Textbook)","Address :  69-70, Motijheel, C/A, Dhaka-1000 City : Dhaka Thana : Dhaka South City Corporation District : Dhaka - 1000 Country : Bangladesh","69-70, Motijheel, C/A, Dhaka-1000","Dhaka","Dhaka South City Corporation","Dhaka - 1000","02-9550805","","17806025.00, OTM","https://www.eprocure.gov.bd/resources/common/ViewTender.jsp?id=1323965"
"Ministry of Housing and Public Works","","Public Works Department (PWD)","Kishoreganj pwd division","","Kishoreganj","Works","NCT","TENDER","Tender - Single Lot","Memo No-1825, Date: 27-08-2026","226819","1324186","Open Tendering Method (OTM)","Revenue","Government","Not applicable","Not applicable","KPWD/APP/26-27/039 Civil and sanitary repair work for 'Shaluk Bhaban' (a gazetted officer's quarter) at the 'Alor Mela' complex in Kishoreganj district. FY-2026-27","Repair, maintenance and installation services;Repair, maintenance and associated services of vehicles and related equipment;Repair and maintenance services of motor vehicles and associated equipment;Demolition services of vehicles;Repair, maintenance and associated services related to aircraft, railways, roads and marine equipment;Repair, maintenance and associated services related to aircraft and other equipment;Repair, maintenance and associated services related to railways and other equipment;Repair, maintenance and associated services related to roads and other equipment;Repair, maintenance and associated services related to marine and other equipment;Repair, maintenance and associated services related to personal computers, office equipment, telecommunications and audio-visual equipment;Maintenance and repair of office machinery;Repair and maintenance services of personal computers;Maintenance services of telecommunications equipment;Repair and maintenance services of audio-visual and optical equipment;Repair and maintenance services of medical and precision equipment;Repair and maintenance services of measuring, testing and checking apparatus;Repair and maintenance services of medical and surgical equipment;Repair and maintenance services of precision equipment;Repair and maintenance services for pumps, valves, taps and metal containers and machinery;Repair and maintenance services of pumps, valves, taps and metal containers;Repair and maintenance services of machinery;Repair and maintenance services of building installations;Repair and maintenance services of electrical and mechanical building installations;Repair and maintenance services of central heating;Repair and maintenance services of cooler groups;Repair and maintenance services of escalators;Lift-maintenance services;Miscellaneous repair and maintenance services;Repair services of jewellery;Repair services of leather personal goods;Repair services of garments and textiles;Repair and maintenance services of weapons and weapon systems;Repair and maintenance services of furniture;Repair and maintenance services of musical instruments;Repair and maintenance services of playground equipment;Repair and maintenance services of hotel and restaurant equipment;Installation services;Installation services of electrical and mechanical equipment;Installation services of equipment for measuring, checking, testing and navigating;Installation services of communications equipment;Installation services of medical and surgical equipment;Installation services of machinery and equipment;Installation services of computers and office equipment;Installation services of metal containers","27-Aug-2026 15:55","03-Sep-2026 15:00","1. Reputed Contractors/firms who have minimum 5 (Five) years of general experience. 2. The minimum specific experience as a Prime Contractor in Civil repair work under public sector of at least 2.00 Lakh in one(01) contract of successfully completed within the last 03 years. Years counting backward from the date of publication of IFT in e-GP. 3. The Tenderers shall have a minimum Average Annual Construction Turnover shall be TK 2.50 Lakh during the last 5 (Five) Years. Detailed eligibility requirements and conditions applicable to the tenderer are stated in the Tender Data Sheet (TDS). 4. The Tenderers shall have minimum Liquid assets i.e line of credit shall be TK. 2.00 Lakh. Document Submitted along with the tender must be issued in between publication date and submission date of the tender. Prescribed from for Line of Credit for this purpose shall be submitted as per form PW-2(a) of tender and Contract forms. 5. The minimum Tender Capacity Tk 2.20 Lakh 6.The tenderer must have updated valid trade licence. 7. Income Tax Clearance Certificate. 8. VAT registration certificate.","Civil and sanitary repair work for 'Shaluk Bhaban' (a gazetted officer's quarter) at the 'Alor Mela' complex in Kishoreganj district. FY-2026-27","Lot wise","Package wise","Package wise","500","Payment through Bank","29-Jan-2027","29-Jan-2027","Single","Civil and sanitary repair work for 'Shaluk Bhaban' (a gazetted officer's quarter) at the 'Alor Mela' complex in Kishoreganj district. FY-2026-27","Kishoreganj","5000","13-Sep-2026","27-Sep-2026","Md. Mohiuddin Jahangir","Executive Engineer","Address : Kishoreganj pwd division ,Kishoreganj City : Kishorerganj Thana : Kishoreganj Sadar District : Kishoreganj - 2300 Country : Bangladesh","Kishoreganj pwd division ,Kishoreganj","Kishorerganj","Kishoreganj Sadar","Kishoreganj - 2300","02-94161751","","300000.00, OTM","https://www.eprocure.gov.bd/resources/common/ViewTender.jsp?id=1324186"
"Ministry of Local Government","Rural Development and Co-operatives","Chittagong City Corporation","Office of Superintending Engineer (Civil), Zone-2","","Chattogram","Works","NCT","TENDER","Tender - Single Lot","App id no: 230631 (1)","230631","1323665","Open Tendering Method (OTM)","Own Fund","Own Fund","Not applicable","Not applicable","CCC/Xen-3/W16/26-27/WR-002 Development of road beside O.R. Nizam road opposite of Probartak School & College at Panchlaish R/A located in 16 no ward","Construction work;Site preparation work;Building demolition and wrecking work and earthmoving work;Test drilling and boring work;Works for complete or part construction and civil engineering work;Building construction work;Engineering works and construction works;Construction work for pipelines, communication and power lines, for highways, roads, airfields and railways; flatwork;Construction work for water projects;Construction works for plants, mining and manufacturing and for buildings relating to the oil and gas industry;Roof works and other special trade construction works;Building installation work;Electrical installation work;Insulation work;Plumbing and sanitary works;Fencing, railing and safety equipment installation work;Mechanical installations;Building completion work;Plastering work;Joinery and carpentry installation work;Floor and wall covering work;Painting and glazing work;Other building completion work;Hire of construction and civil engineering machinery and equipment with operator;Hire of cranes with operator;Hire of earthmoving equipment with operator","27-Aug-2026 15:00","14-Sep-2026 12:00","as per tender documents","Development of road beside O.R. Nizam road opposite of Probartak School & College at Panchlaish R/A located in 16 no ward","Lot wise","Package wise","Package wise","1000","Payment through Bank","09-Feb-2027","09-Feb-2027","single","Development of road beside O.R. Nizam road opposite of Probartak School & College at Panchlaish R/A located in 16 no ward","16 no ward","50000","15-Oct-2026","31-Mar-2027","Md. Farhadul Alam","Superintending Engineer","Address : Nagar Bhaban Tiger pass Chittagong City : Chattogram Thana : Chattogram City Corporation District : Chattogram - 4000 Country : Bangladesh","Nagar Bhaban Tiger pass Chittagong","Chattogram","Chattogram City Corporation","Chattogram - 4000","02-333388818","","2250000.00, OTM","https://www.eprocure.gov.bd/resources/common/ViewTender.jsp?id=1323665"
"Ministry of Education","Secondary and Higher Education Division","National Curriculum and textbook Board (NCTB)","Member (Textbook), NCTB","","Dhaka","Goods","NCT","TENDER","Tender - Single Lot","37.06.0000.304.07.006.26/1896","225442","1323996","Open Tendering Method (OTM)","Revenue","Government","Not applicable","Not applicable","2027.GD.PRI.IV.2Books.12.411 For printing (with paper), binding and supplying of two subject textbooks (Culture of Bangladesh & Sports) of class four (primary level) to be distributed free of cost for the academic year 2027","Various types of printed matter and articles for printing; Printing, publishing and related services;Printed books, brochures and leaflets;Printed books;Publications;Directories;Leaflets;Brochures;Booklets;Newspapers, journals, periodicals and magazines;Newspapers;Postcards, greeting cards and other printed matter;Postcards;Greeting cards;Stamps, cheque forms, banknotes, stock certificates, trade advertising material, catalogues and manuals;Stamps;Stamp-impressed paper;Banknotes;Cheque forms;Security-type printed matter;Trade-advertising material, commercial catalogues and manuals;Manuals;Printing plates or cylinders or other media for use in printing;Offset plates;Dry-etching equipment;Paper or paperboard registers, account books, binders, forms and other articles of printed stationery;Paper or paperboard registers;Forms;Exercise books;Albums for samples;Binders and related accessories;Printed stationery except forms;Miscellaneous printed matter;Car-tax discs;Driving licences;ID cards;Permits;Entrance cards;Bespoke printed matter;Tickets;Printing services;Printing services for books;Printing services for stationery;Printing services for security printed matter;Printing services for forms;Printing services for tickets;Printing services for calendars;Printing services for timetables;Newspaper printing services;Printing services for posters;Services related to printing;Print finishing services;Composition services;Printing and delivery services;Printing and distribution services;Publishing services;Bookbinding and finishing services;Subscription services","27-Aug-2026 16:00","09-Sep-2026 16:00","As Per TDS","For printing (with paper), binding and supplying of two subject textbooks (Culture of Bangladesh & Sports) of class four (primary level) to be distributed free of cost for the academic year 2027","Lot wise","Package wise","Package wise","4000","Payment through Bank","07-Mar-2027","07-Mar-2027","411","For printing (with paper), binding and supplying of two subject textbooks (Culture of Bangladesh & Sports) of class four (primary level) to be distributed free of cost for the academic year 2027","As Per Delivery Schedule","530000","20-Sep-2026","26-Nov-2026","Mohammad Abu Nasher Tuku","Member (Textbook)","Address :  69-70, Motijheel, C/A, Dhaka-1000 City : Dhaka Thana : Dhaka South City Corporation District : Dhaka - 1000 Country : Bangladesh","69-70, Motijheel, C/A, Dhaka-1000","Dhaka","Dhaka South City Corporation","Dhaka - 1000","02-9550805","","31600748.70, OTM","https://www.eprocure.gov.bd/resources/common/ViewTender.jsp?id=1323996"
"Ministry of Education","Technical & Madrasha Education Division","Directorate of Technical Education","Office of the Scheme Director, Strengthening Vocational Education in Bangladesh","","Dhaka","Services","NCT","RFA","","","230902","1323787","Individual Consultant (IC)","Revenue","Government","320000111","Strengthening Vocational Education in Bangladesh","DTE/SVEB/SD-02 B Selection of Junior Procurement Specialist","Research and development services and related consultancy services.; Research and experimental development services; Research and development consultancy services; Research consultancy services; Development consultancy services; Design and execution of research and development;Research services;Experimental development services","27-Aug-2026 16:00","10-Sep-2026 16:00","As per TOR","Research and development services and related consultancy services.; Research and experimental development services; Research and development consultancy services; Research consultancy services; Development consultancy services; Design and execution of research and development;Research services;Experimental development services","Package wise","","","","","","08-Jan-2027","","","PE Office","","01-Oct-2026","30-Jun-2027","Fatema Jahan","Scheme Director","Address : Office of the Scheme Director, Strengthening Vocational Education in Bangladesh, F-4/B Agargaon Administrative Area, Dhaka-1207, Bangladesh City : Dhaka Thana : Dhaka South City Corporation District : Dhaka - 1207 Country : Bangladesh","Office of the Scheme Director, Strengthening Vocational Education in Bangladesh, F-4/B Agargaon Administrative Area, Dhaka-1207, Bangladesh","Dhaka","Dhaka South City Corporation","Dhaka - 1207","0176-3795272","","Not Found","https://www.eprocure.gov.bd/resources/common/ViewTender.jsp?id=1323787"
"Ministry of Housing and Public Works","","Public Works Department (PWD)","Kishoreganj pwd division","","Kishoreganj","Works","NCT","TENDER","Tender - Single Lot","25.36.6100.000.00.000.25.88, Date: 25/08/2026","226819","1324284","Open Tendering Method (OTM)","Revenue","Government","Not applicable","Not applicable","KPWD/APP/26-27/032 Electrical works, including the installation of lightning arresters, in connection with the Honorable Prime Minister's visit to Kishoreganj district. Locations: Kishoreganj Old Stadium, Sholakia Eidgah Ground, Achmita George Institution Mini Stadium (Katiadi Upazila), Katiadi Carp Hatchery Complex, and the banks of the Old Brahmaputra River adjacent to Mirzapur Chairman Bari Ghat (Pakundia Upazila). Fiscal Year: 2026-27","Repair, maintenance and installation services;Repair, maintenance and associated services of vehicles and related equipment;Repair and maintenance services of motor vehicles and associated equipment;Demolition services of vehicles;Repair, maintenance and associated services related to aircraft, railways, roads and marine equipment;Repair, maintenance and associated services related to aircraft and other equipment;Repair, maintenance and associated services related to railways and other equipment;Repair, maintenance and associated services related to roads and other equipment;Repair, maintenance and associated services related to marine and other equipment;Repair, maintenance and associated services related to personal computers, office equipment, telecommunications and audio-visual equipment;Maintenance and repair of office machinery;Repair and maintenance services of personal computers;Maintenance services of telecommunications equipment;Repair and maintenance services of audio-visual and optical equipment;Repair and maintenance services of medical and precision equipment;Repair and maintenance services of measuring, testing and checking apparatus;Repair and maintenance services of medical and surgical equipment;Repair and maintenance services of precision equipment;Repair and maintenance services for pumps, valves, taps and metal containers and machinery;Repair and maintenance services of pumps, valves, taps and metal containers;Repair and maintenance services of machinery;Repair and maintenance services of building installations;Repair and maintenance services of electrical and mechanical building installations;Repair and maintenance services of central heating;Repair and maintenance services of cooler groups;Repair and maintenance services of escalators;Lift-maintenance services;Miscellaneous repair and maintenance services;Repair services of jewellery;Repair services of leather personal goods;Repair services of garments and textiles;Repair and maintenance services of weapons and weapon systems;Repair and maintenance services of furniture;Repair and maintenance services of musical instruments;Repair and maintenance services of playground equipment;Repair and maintenance services of hotel and restaurant equipment;Installation services;Installation services of electrical and mechanical equipment;Installation services of equipment for measuring, checking, testing and navigating;Installation services of communications equipment;Installation services of medical and surgical equipment;Installation services of machinery and equipment;Installation services of computers and office equipment;Installation services of metal containers","27-Aug-2026 15:40","03-Sep-2026 15:00","1. Reputed Contractors/firms who have minimum 5 (Five) years of general experience. 2. The minimum specific experience as a Prime Contractor in electric repair work under public sector of at least 4.00 Lakh in one(01) contract of successfully completed within the last 03 years. Years counting backward from the date of publication of IFT in e-GP. 3. The Tenderers shall have a minimum Average Annual Construction Turnover shall be TK 4.50 Lakh during the last 5 (Five) Years. Detailed eligibility requirements and conditions applicable to the tenderer are stated in the Tender Data Sheet (TDS). 4. The Tenderers shall have minimum Liquid assets i.e line of credit shall be TK. 4.50 Lakh. Document Submitted along with the tender must be issued in between publication date and submission date of the tender. Prescribed from for Line of Credit for this purpose shall be submitted as per form PW-2(a) of tender and Contract forms. 5. The minimum Tender Capacity Tk 3.60  Lakh 6.The tenderer must have updated valid trade licence. 7. Income Tax Clearance Certificate. 8. VAT registration certificate. 9.Must have Updated and valid ABC Electrical Contractor and Supervisor License from Electricity Licensing Board","Electrical works, including the installation of lightning arresters, in connection with the Honorable Prime Minister's visit to Kishoreganj district. Locations: Kishoreganj Old Stadium, Sholakia Eidgah Ground, Achmita George Institution Mini Stadium (Katiadi Upazila), Katiadi Carp Hatchery Complex, and the banks of the Old Brahmaputra River adjacent to Mirzapur Chairman Bari Ghat (Pakundia Upazila). Fiscal Year: 2026-27","Lot wise","Package wise","Package wise","500","Payment through Bank","28-Feb-2027","28-Feb-2027","Single","Electrical works, including the installation of lightning arresters, in connection with the Honorable Prime Minister's visit to Kishoreganj district. Locations: Kishoreganj Old Stadium, Sholakia Eidgah Ground, Achmita George Institution Mini Stadium (Katiadi Upazila), Katiadi Carp Hatchery Complex, and the banks of the Old Brahmaputra River adjacent to Mirzapur Chairman Bari Ghat (Pakundia Upazila). Fiscal Year: 2026-27","Kishoreganj","10000","07-Sep-2026","22-Sep-2026","Md. Mohiuddin Jahangir","Executive Engineer","Address : Kishoreganj pwd division ,Kishoreganj City : Kishorerganj Thana : Kishoreganj Sadar District : Kishoreganj - 2300 Country : Bangladesh","Kishoreganj pwd division ,Kishoreganj","Kishorerganj","Kishoreganj Sadar","Kishoreganj - 2300","02-94161751","","500000.00, OTM","https://www.eprocure.gov.bd/resources/common/ViewTender.jsp?id=1324284"
"Ministry of Education","Technical & Madrasha Education Division","Directorate of Technical Education","Office of the Scheme Director, Strengthening Vocational Education in Bangladesh","","Dhaka","Goods","NCT","TENDER","Tender - Single Lot","DTE/SVEB/GD-39","230902","1323781","Open Tendering Method (OTM)","Revenue","Government","320000111","Strengthening Vocational Education in Bangladesh","DTE/SVEB/GD-39 Supply & Installation of Furniture for SIU","Fabricated products and materials; Manufactured goods, furniture, handicrafts, special-purpose products and associated consumables;Structural metal products;Metal structures and parts of structures;Builders joinery of metal;Metal tanks, reservoirs and containers; central-heating radiators and boilers;Metal tanks, reservoirs, containers and pressure vessels;Central-heating radiators and boilers and parts;Nuclear reactors and parts;Nuclear reactors;Parts of nuclear reactors;Cable, wire and related products;Wire products;Cable and related products;Miscellaneous fabricated metal products and related items;Metal articles for the bathroom and kitchen;Metal goods;Armour plating;Bearings;Mild steel;Props and mining struts;Cast-iron products;Miscellaneous fire-protection equipment;Cutlery, tools, locks, keys and hinges;Cutlery;Tools;Locks, keys and hinges;Fasteners, chain and springs;Fasteners;Chain;Springs;Construction materials and associated items;Construction materials;Road furniture;Sewer mains;Steel products related to construction materials;Oil country tubular goods;Pipeline, piping, pipes, casing, tubing and related items;Furniture;Seats, chairs and associated parts;Non-domestic furniture;Domestic furniture;Miscellaneous furniture and equipment;School furniture;Jewellery and related articles;Coins and medals;Articles of jewellery;Musical instruments and parts;Musical instruments;Parts and accessories of musical instruments;Sports goods and equipment;Outdoor sports equipment;Gymnasium equipment;Games and toys; fairground amusements;Dolls;Toys;Articles for funfair, table or parlour games;Miscellaneous manufactured and other goods;Laundry supplies;School slates or boards with writing or drawing surfaces;Artificial products;Apparatus and equipment designed for demonstrational purposes;Umbrellas and sunshades; walking sticks and seat sticks;Funeral supplies;Kitchen equipment, household items and catering supplies;Barracks supplies;Consumables and consumer goods;Consumables;Tax-free goods;Disposable goods;Handicraft and art supplies;Handicraft supplies;Art supplies;Special-purpose product;Police equipment;Recycled products;Security devices;Animal ear tags;Compost boxes;Tokens;Spray booths;Snow poles","27-Aug-2026 16:00","10-Sep-2026 16:00","As per TDS","Fabricated products and materials; Manufactured goods, furniture, handicrafts, special-purpose products and associated consumables;Structural metal products;Metal structures and parts of structures;Builders joinery of metal;Metal tanks, reservoirs and containers; central-heating radiators and boilers;Metal tanks, reservoirs, containers and pressure vessels;Central-heating radiators and boilers and parts;Nuclear reactors and parts;Nuclear reactors;Parts of nuclear reactors;Cable, wire and related products;Wire products;Cable and related products;Miscellaneous fabricated metal products and related items;Metal articles for the bathroom and kitchen;Metal goods;Armour plating;Bearings;Mild steel;Props and mining struts;Cast-iron products;Miscellaneous fire-protection equipment;Cutlery, tools, locks, keys and hinges;Cutlery;Tools;Locks, keys and hinges;Fasteners, chain and springs;Fasteners;Chain;Springs;Construction materials and associated items;Construction materials;Road furniture;Sewer mains;Steel products related to construction materials;Oil country tubular goods;Pipeline, piping, pipes, casing, tubing and related items;Furniture;Seats, chairs and associated parts;Non-domestic furniture;Domestic furniture;Miscellaneous furniture and equipment;School furniture;Jewellery and related articles;Coins and medals;Articles of jewellery;Musical instruments and parts;Musical instruments;Parts and accessories of musical instruments;Sports goods and equipment;Outdoor sports equipment;Gymnasium equipment;Games and toys; fairground amusements;Dolls;Toys;Articles for funfair, table or parlour games;Miscellaneous manufactured and other goods","Lot wise","Package wise","Package wise","1000","Payment through Bank","07-Dec-2026","07-Dec-2026","01","Supply & Installation of Furniture for SIU","PE Office","60000","27-Sep-2026","29-Oct-2026","Fatema Jahan","Scheme Director","Address : Office of the Scheme Director, Strengthening Vocational Education in Bangladesh, F-4/B Agargaon Administrative Area, Dhaka-1207, Bangladesh City : Dhaka Thana : Dhaka South City Corporation District : Dhaka - 1207 Country : Bangladesh","Office of the Scheme Director, Strengthening Vocational Education in Bangladesh, F-4/B Agargaon Administrative Area, Dhaka-1207, Bangladesh","Dhaka","Dhaka South City Corporation","Dhaka - 1207","0176-3795272","","2099000.00, OTM","https://www.eprocure.gov.bd/resources/common/ViewTender.jsp?id=1323781"
"Ministry of Education","Secondary and Higher Education Division","National Curriculum and textbook Board (NCTB)","Member (Textbook), NCTB","","Dhaka","Goods","NCT","TENDER","Tender - Single Lot","37.06.0000.303.07.002.26.2286","225442","1323953","Open Tendering Method (OTM)","Revenue","Government","Not applicable","Not applicable","GD.11_EBT-SEC-DHA.1302 For Printing (with paper), Binding and Supplying  of textbooks of Ebtedayee Class-4 &  Secondary (Bangla & English Version), Dakhil,  Class-6 to be  distributed free of cost for the Academic Year 2027.","Various types of printed matter and articles for printing; Printing, publishing and related services;Printed books, brochures and leaflets;Printed books;Publications;Directories;Leaflets;Brochures;Booklets;Newspapers, journals, periodicals and magazines;Newspapers;Postcards, greeting cards and other printed matter;Postcards;Greeting cards;Stamps, cheque forms, banknotes, stock certificates, trade advertising material, catalogues and manuals;Stamps;Stamp-impressed paper;Banknotes;Cheque forms;Security-type printed matter;Trade-advertising material, commercial catalogues and manuals;Manuals;Printing plates or cylinders or other media for use in printing;Offset plates;Dry-etching equipment;Paper or paperboard registers, account books, binders, forms and other articles of printed stationery;Paper or paperboard registers;Forms;Exercise books;Albums for samples;Binders and related accessories;Printed stationery except forms;Miscellaneous printed matter;Car-tax discs;Driving licences;ID cards;Permits;Entrance cards;Bespoke printed matter;Tickets;Printing services;Printing services for books;Printing services for stationery;Printing services for security printed matter;Printing services for forms;Printing services for tickets;Printing services for calendars;Printing services for timetables;Newspaper printing services;Printing services for posters;Services related to printing;Print finishing services;Composition services;Printing and delivery services;Printing and distribution services;Publishing services;Bookbinding and finishing services;Subscription services","27-Aug-2026 16:00","09-Sep-2026 16:00","As Per TDS","For Printing (with paper), Binding and Supplying of textbooks of Ebtedayee Class-4 & Secondary (Bangla & English Version), Dakhil, Class-6 to be distributed free of cost for the Academic Year 2027.","Lot wise","Package wise","Package wise","2500","Payment through Bank","07-Mar-2027","07-Mar-2027","1302","For Printing (with paper), Binding and Supplying  of textbooks of Ebtedayee Class-4 &  Secondary (Bangla & English Version), Dakhil,  Class-6 to be  distributed free of cost for the Academic Year 2027.","As Per Delivery Schedule","500000","20-Sep-2026","26-Nov-2026","Mohammad Abu Nasher Tuku","Member (Textbook)","Address :  69-70, Motijheel, C/A, Dhaka-1000 City : Dhaka Thana : Dhaka South City Corporation District : Dhaka - 1000 Country : Bangladesh","69-70, Motijheel, C/A, Dhaka-1000","Dhaka","Dhaka South City Corporation","Dhaka - 1000","02-9550805","","18053925.00, OTM","https://www.eprocure.gov.bd/resources/common/ViewTender.jsp?id=1323953"
"Ministry of Education","Secondary and Higher Education Division","National Curriculum and textbook Board (NCTB)","Member (Textbook), NCTB","","Dhaka","Goods","NCT","TENDER","Tender - Single Lot","37.06.0000.303.07.002.26.2289","225442","1323957","Open Tendering Method (OTM)","Revenue","Government","Not applicable","Not applicable","GD.11_EBT-SEC-DHA.1305 For Printing (with paper), Binding and Supplying  of textbooks of Ebtedayee Class-4 &  Secondary (Bangla & English Version), Dakhil,  Class-6 to be  distributed free of cost for the Academic Year 2027.","Various types of printed matter and articles for printing; Printing, publishing and related services;Printed books, brochures and leaflets;Printed books;Publications;Directories;Leaflets;Brochures;Booklets;Newspapers, journals, periodicals and magazines;Newspapers;Postcards, greeting cards and other printed matter;Postcards;Greeting cards;Stamps, cheque forms, banknotes, stock certificates, trade advertising material, catalogues and manuals;Stamps;Stamp-impressed paper;Banknotes;Cheque forms;Security-type printed matter;Trade-advertising material, commercial catalogues and manuals;Manuals;Printing plates or cylinders or other media for use in printing;Offset plates;Dry-etching equipment;Paper or paperboard registers, account books, binders, forms and other articles of printed stationery;Paper or paperboard registers;Forms;Exercise books;Albums for samples;Binders and related accessories;Printed stationery except forms;Miscellaneous printed matter;Car-tax discs;Driving licences;ID cards;Permits;Entrance cards;Bespoke printed matter;Tickets;Printing services;Printing services for books;Printing services for stationery;Printing services for security printed matter;Printing services for forms;Printing services for tickets;Printing services for calendars;Printing services for timetables;Newspaper printing services;Printing services for posters;Services related to printing;Print finishing services;Composition services;Printing and delivery services;Printing and distribution services;Publishing services;Bookbinding and finishing services;Subscription services","27-Aug-2026 16:00","09-Sep-2026 16:00","As Per TDS","For Printing (with paper), Binding and Supplying of textbooks of Ebtedayee Class-4 & Secondary (Bangla & English Version), Dakhil, Class-6 to be distributed free of cost for the Academic Year 2027.","Lot wise","Package wise","Package wise","2500","Payment through Bank","07-Mar-2027","07-Mar-2027","1305","For Printing (with paper), Binding and Supplying  of textbooks of Ebtedayee Class-4 &  Secondary (Bangla & English Version), Dakhil,  Class-6 to be  distributed free of cost for the Academic Year 2027.","As per Delivery Schedule","550000","20-Sep-2026","26-Nov-2026","Mohammad Abu Nasher Tuku","Member (Textbook)","Address :  69-70, Motijheel, C/A, Dhaka-1000 City : Dhaka Thana : Dhaka South City Corporation District : Dhaka - 1000 Country : Bangladesh","69-70, Motijheel, C/A, Dhaka-1000","Dhaka","Dhaka South City Corporation","Dhaka - 1000","02-9550805","","19563895.00, OTM","https://www.eprocure.gov.bd/resources/common/ViewTender.jsp?id=1323957"
"Ministry of Local Government","Rural Development and Co-operatives","Local Government Engineering Department (LGED)","Office of the Executive Engineer, LGED, Rangpur","","Rangpur","Works","NCT","TENDER","Tender - Single Lot","APP ID :227802","227802","1318427","Open Tendering Method (OTM)","Development","Government","224400100","Rural Infrastructure Development Project in the Districts of Greater Rangpur Region","GRRIIP/RANG/GANG/BRIDGE/W-01 Construction of 20.00m Long RCC Girder bridge on Betgari GC - Kachua GC Via Sairabarihat Road at Ch. 2606m Under Gangachara Upazila, District: Rangpur.[Road ID:185272004] [Salvage Cost Tk.4,21,635.32]","Construction work;Site preparation work;Building demolition and wrecking work and earthmoving work;Test drilling and boring work;Works for complete or part construction and civil engineering work;Building construction work;Engineering works and construction works;Construction work for pipelines, communication and power lines, for highways, roads, airfields and railways; flatwork;Construction work for water projects;Construction works for plants, mining and manufacturing and for buildings relating to the oil and gas industry;Roof works and other special trade construction works;Building installation work;Electrical installation work;Insulation work;Plumbing and sanitary works;Fencing, railing and safety equipment installation work;Mechanical installations;Building completion work;Plastering work;Joinery and carpentry installation work;Floor and wall covering work;Painting and glazing work;Other building completion work;Hire of construction and civil engineering machinery and equipment with operator;Hire of cranes with operator;Hire of earthmoving equipment with operator","27-Aug-2026 15:45","13-Sep-2026 16:00","As per Tender Document","GRRIIP/RANG/GANG/BRIDGE/W-01 Construction of 20.00m Long RCC Girder bridge on Betgari GC - Kachua GC Via Sairabarihat Road at Ch. 2606m Under Gangachara Upazila, District: Rangpur.[Road ID:185272004] [Salvage Cost Tk.4,21,635.32]","Lot wise","Package wise","Package wise","4000","Payment through Bank","09-Feb-2027","09-Feb-2027","Single","Construction of 20.00m Long RCC Girder bridge on Betgari GC - Kachua GC Via Sairabarihat Road at Ch. 2606m Under Gangachara Upazila, District: Rangpur.[Road ID:185272004] [Salvage Cost Tk.4,21,635.32]","Gangachara Upazila","570000","29-Oct-2026","27-Jan-2028","Md. Musa","Executive Engineer","Address : XEN Office, LGED, Dhap, Jail Road, Rangpur City : Rangpur Thana : Rangpur City Corporation District : Rangpur - 5400 Country : Bangladesh","XEN Office, LGED, Dhap, Jail Road, Rangpur","Rangpur","Rangpur City Corporation","Rangpur - 5400","0521-62362","","22900000.00, OTM","https://www.eprocure.gov.bd/resources/common/ViewTender.jsp?id=1318427"
"Ministry of Housing and Public Works","","Public Works Department (PWD)","Mymensingh PWD Division, Mymensingh","","Mymensingh","Works","NCT","TENDER","Tender - Single Lot","APP-Mymen-2026-27-Res-3","226820","1323589","Open Tendering Method (OTM)","Revenue","Government","Not applicable","Not applicable","APP-Mymen-2026-27-Res-3 Replacement of old and damaged doors, installation of tiles and Thai glass works, along with other repair and renovation works at the residence of the Sub-Divisional Engineer, Mymensingh Public Works Sub-Division, Mymensingh.","Repair, maintenance and installation services;Repair, maintenance and associated services of vehicles and related equipment;Repair and maintenance services of motor vehicles and associated equipment;Demolition services of vehicles;Repair, maintenance and associated services related to aircraft, railways, roads and marine equipment;Repair, maintenance and associated services related to aircraft and other equipment;Repair, maintenance and associated services related to railways and other equipment;Repair, maintenance and associated services related to roads and other equipment;Repair, maintenance and associated services related to marine and other equipment;Repair, maintenance and associated services related to personal computers, office equipment, telecommunications and audio-visual equipment;Maintenance and repair of office machinery;Repair and maintenance services of personal computers;Maintenance services of telecommunications equipment;Repair and maintenance services of audio-visual and optical equipment;Repair and maintenance services of medical and precision equipment;Repair and maintenance services of measuring, testing and checking apparatus;Repair and maintenance services of medical and surgical equipment;Repair and maintenance services of precision equipment;Repair and maintenance services for pumps, valves, taps and metal containers and machinery;Repair and maintenance services of pumps, valves, taps and metal containers;Repair and maintenance services of machinery;Repair and maintenance services of building installations;Repair and maintenance services of electrical and mechanical building installations;Repair and maintenance services of central heating;Repair and maintenance services of cooler groups;Repair and maintenance services of escalators;Lift-maintenance services;Miscellaneous repair and maintenance services;Repair services of jewellery;Repair services of leather personal goods;Repair services of garments and textiles;Repair and maintenance services of weapons and weapon systems;Repair and maintenance services of furniture;Repair and maintenance services of musical instruments;Repair and maintenance services of playground equipment;Repair and maintenance services of hotel and restaurant equipment;Installation services;Installation services of electrical and mechanical equipment;Installation services of equipment for measuring, checking, testing and navigating;Installation services of communications equipment;Installation services of medical and surgical equipment;Installation services of machinery and equipment;Installation services of computers and office equipment;Installation services of metal containers","27-Aug-2026 15:30","06-Sep-2026 15:45","This invitation for Tender is open to all eligible Tenderers as mentioned below: 1. The Tenderers must have minimum 05(Five) years of general experience of construction works. 2. The minimum specific experience as a prime contractor in construction works of at least 1(one) number of similar natures of any building related worksuccessfully completed within the last 05 (Five) years with a value of at least Tk. 15.00 (Fifteen) lac in single contract under Government/ Semi Government/ Autonomous Organization of Bangladesh. 3. The required average annual construction turnover shall be greater than Tk. 15.00 (Fifteen) lac in the last 5 (Five) years. Payment certificates for contract in progress or completed under public sector during last 5 (five) years must be submitted along with the tender in support of average annual construction turnover. 4. The Tenderer must have a minimum liquid assets/ working capital/credit facilities (in the PW2A-8 Form Published by BPPA) Tk. 10.00 (Ten) Lac. 5. The minimum Tender Capacity of the Tenderer shall have Tk. 15.00 (Fifteen) lac 6. The Tenderer must enclose VAT registration certificate, up-to-date income tax clearance certificate, up to-date trade license, return slip of Assessment year mentioned in TDS. 7. All other conditions as mentioned in TDS & PCC of e-tender document must be fulfilled. **Years counting backward from the date of publication of IFT.","Replacement of old and damaged doors, installation of tiles and Thai glass works, along with other repair and renovation works at the residence of the Sub-Divisional Engineer, Mymensingh Public Works Sub-Division, Mymensingh.","Lot wise","Package wise","Package wise","1000","Payment through Bank","02-Jan-2027","02-Jan-2027","1","Replacement of old and damaged doors, installation of tiles and Thai glass works, along with other repair and renovation works at the residence of the Sub-Divisional Engineer, Mymensingh Public Works Sub-Division, Mymensingh.","Mymensingh","35000","10-Sep-2026","15-Oct-2026","Arnab Biswas","Executive Engineer","Address : PWD Division, Shaheb Quarter, Kachijhuly City : Mymensingh Thana : Mymensingh Sadar District : Mymensingh - 2200 Country : Bangladesh","PWD Division, Shaheb Quarter, Kachijhuly","Mymensingh","Mymensingh Sadar","Mymensingh - 2200","091-65855","091-62699","2000000.00, OTM","https://www.eprocure.gov.bd/resources/common/ViewTender.jsp?id=1323589"
"Ministry of Energy","Power and Mineral Resources","Dhaka Power Distribution Company Ltd. (DPDC)","Superintending Engineer, NOCS Circle, Shyamoli","","Dhaka","Goods","NCT","TENDER","Tender - Single Lot","G/SE-NOCS-Shamoli/26-27-015","231037","1323007","Open Tendering Method (OTM)","Own Fund","Own Fund","Not applicable","Not applicable","G/SE-NOCS-Shamoli/26-27-015 Procurement of bill printer ribbon & tonner  for NOCS Shamoli, DPDC for the financial year 2026-27.","Office and computing machinery, equipment and supplies; Office machinery, equipment and supplies except computers; Word-processing machines; Photocopying and printing equipment; Post-office equipment; Calculating and accounting machines; Typewriters; Parts and accessories of typewriters and calculating machines; Various office equipment and supplies; Computer equipment and supplies; Data-processing machines; Digital cartography equipment; Computer hardware; Software; Computer systems; Servers;","27-Aug-2026 15:20","10-Sep-2026 13:00","1.The minimum specific experience as Supplier in supply of similar Goods of at least one (1) contract successfully completed within the last 5  years, with a value of at least Tk. 60,000.00 2. The minimum amount of financial resources as liquid asset or working capital or credit line(s) or specific credit commitment or in any combination of them, of the Tenderers shall be Tk 90,000.00 3. Tenderer must have the 13-digit BIN, valid up-to-dated trade license and latest tax return acknowledgement/certificate. 4. Tenderer must submit work order/contract with work completion certificate. 5 The minimum of years of general experience of the Tenderer in the supply of Goods and related services as Supplier shall be 1 year.","Procurement of bill printer ribbon & tonner for NOCS Shamoli, DPDC for the financial year 2026-27.","Lot wise","Package wise","Package wise","500","Payment through Bank","05-Feb-2027","05-Feb-2027","1","Procurement of bill printer ribbon & tonner  for NOCS Shamoli, DPDC for the financial year 2026-27.","NOCS Circle Shamoli, DPDC","2900","24-Sep-2026","01-Oct-2026","Md. Tariqul Islam","Superintending Engineer","Address : 33/11 KV GIS Substation, Japan Garden City, Ring Road, Adabar, Dhaka. City : Dhaka Thana : Dhaka South City Corporation District : Dhaka - 1207 Country : Bangladesh","33/11 KV GIS Substation, Japan Garden City, Ring Road, Adabar, Dhaka.","Dhaka","Dhaka South City Corporation","Dhaka - 1207","02-8105518","","100000.00, OTM","https://www.eprocure.gov.bd/resources/common/ViewTender.jsp?id=1323007"
"Ministry of Education","Secondary and Higher Education Division","National Curriculum and textbook Board (NCTB)","Member (Textbook), NCTB","","Dhaka","Goods","NCT","TENDER","Tender - Single Lot","37.06.0000.303.07.002.26.2291","225442","1323961","Open Tendering Method (OTM)","Revenue","Government","Not applicable","Not applicable","GD.11_EBT-SEC-DHA.1307 For Printing (with paper), Binding and Supplying  of textbooks of Ebtedayee Class-4 &  Secondary (Bangla & English Version), Dakhil,  Class-6 to be  distributed free of cost for the Academic Year 2027.","Various types of printed matter and articles for printing; Printing, publishing and related services;Printed books, brochures and leaflets;Printed books;Publications;Directories;Leaflets;Brochures;Booklets;Newspapers, journals, periodicals and magazines;Newspapers;Postcards, greeting cards and other printed matter;Postcards;Greeting cards;Stamps, cheque forms, banknotes, stock certificates, trade advertising material, catalogues and manuals;Stamps;Stamp-impressed paper;Banknotes;Cheque forms;Security-type printed matter;Trade-advertising material, commercial catalogues and manuals;Manuals;Printing plates or cylinders or other media for use in printing;Offset plates;Dry-etching equipment;Paper or paperboard registers, account books, binders, forms and other articles of printed stationery;Paper or paperboard registers;Forms;Exercise books;Albums for samples;Binders and related accessories;Printed stationery except forms;Miscellaneous printed matter;Car-tax discs;Driving licences;ID cards;Permits;Entrance cards;Bespoke printed matter;Tickets;Printing services;Printing services for books;Printing services for stationery;Printing services for security printed matter;Printing services for forms;Printing services for tickets;Printing services for calendars;Printing services for timetables;Newspaper printing services;Printing services for posters;Services related to printing;Print finishing services;Composition services;Printing and delivery services;Printing and distribution services;Publishing services;Bookbinding and finishing services;Subscription services","27-Aug-2026 16:00","09-Sep-2026 16:00","As per TDS","For Printing (with paper), Binding and Supplying of textbooks of Ebtedayee Class-4 & Secondary (Bangla & English Version), Dakhil, Class-6 to be distributed free of cost for the Academic Year 2027.","Lot wise","Package wise","Package wise","4000","Payment through Bank","07-Mar-2027","07-Mar-2027","1307","For Printing (with paper), Binding and Supplying  of textbooks of Ebtedayee Class-4 &  Secondary (Bangla & English Version), Dakhil,  Class-6 to be  distributed free of cost for the Academic Year 2027.","As Per Delivery Schedule","520000","20-Sep-2026","26-Nov-2026","Mohammad Abu Nasher Tuku","Member (Textbook)","Address :  69-70, Motijheel, C/A, Dhaka-1000 City : Dhaka Thana : Dhaka South City Corporation District : Dhaka - 1000 Country : Bangladesh","69-70, Motijheel, C/A, Dhaka-1000","Dhaka","Dhaka South City Corporation","Dhaka - 1000","02-9550805","","28729677.50, OTM","https://www.eprocure.gov.bd/resources/common/ViewTender.jsp?id=1323961"
"Ministry of Energy","Power and Mineral Resources","Power Grid Bangladesh PLC","Grid Circle, Dhaka North","","Dhaka","Works","NCT","TENDER","Tender - Single Lot","27.21.0000.624.07.207.26.830 Date: 25/08/2026","230234","1324074","Open Tendering Method (OTM)","Own Fund","Own Fund","Not applicable","Not applicable","27.21.0000.624.07.207.26.787 Date: 16/08/2026 Deadline Checking & Deep Cleaning of Disc Insulator Work of 400kV and 230kV Transmission Lines under Aminbazar 400/230/132kV Grid Substation under Grid Circle Dhaka (North)","Electrical machinery, apparatus, equipment and consumables; Electric motors, generators and transformers; Electric motors; Generators; Alternators; Cooling towers; Ballasts for discharge lamps or tubes; Parts of electric motors, generators and transformers; Transformers; Electricity distribution and control apparatus; Insulated wire and cable; Accumulators, primary cells and primary batteries; Lighting equipment and electric lamps; Electrical equipment and apparatus; Electronic, electromechanical and electrotechnical supplies; Electricity; Electricity, gas, nuclear energy and fuels, steam, hot water and other sources of energy; Installation services of machinery and equipment; Engineering services; Architectural, engineering, construction and related technical consultancy services; Miscellaneous cleaning services;Electrical apparatus for switching or protecting electrical circuits;Electrical circuit components;Parts of electricity distribution or control apparatus;Mains;Power distribution cables;Coaxial cable;Insulated cable accessories;Electric conductors for data and control purposes;Primary cells;Primary batteries;Electric accumulators;Electric filament lamps;Lamps and light fittings;Parts of lamps and lighting equipment;Electrical equipment for engines and vehicles;Sound or visual signalling apparatus;Magnets;Machines and apparatus with individual functions;Insulating fittings;Carbon electrodes;Electrical parts of machinery or apparatus;Electrical supplies and accessories;Electronic equipment;Electromechanical equipment;Electrotechnical equipment","27-Aug-2026 15:00","23-Sep-2026 13:00","1. ABC Category Electrical Supervisory License from Bangladesh Electrical Licensing Board and as per TDS. 2. Updated Trade License. 3. Updated BIN. 4. Updated Income Tax Certificate. 5. Similar work experience (supported by completion certificate) from (PGCB/BPDB/NWPGCB/EGCB/DPDC/DESCO/NESCO/WZPDCL Etc.). 6. Others as per TDS.","Deadline Checking & Deep Cleaning of Disc Insulator Work of 400kV and 230kV Transmission Lines under Aminbazar 400/230/132kV Grid Substation under Grid Circle Dhaka (North).","Lot wise","Package wise","Package wise","1000","Payment through Bank","19-Jan-2027","19-Jan-2027","1","Deadline Checking & Deep Cleaning of Disc Insulator Work of 400kV and 230kV Transmission Lines under Aminbazar 400/230/132kV Grid Substation under Grid Circle Dhaka (North)","Aminbazar 400kV Grid Substation, Salehpur, Aminbazar, Savar","40000","01-Nov-2026","31-Mar-2027","Md Shamim Hossain","Superintendent Engineer","Address : Level 07, NLDC Bhaban, Avenue-3, Jahurul Islam City, Aftabnagar City : Dhaka Thana : Dhaka North City Corporation District : Dhaka - 1212 Country : Bangladesh","Level 07, NLDC Bhaban, Avenue-3, Jahurul Islam City, Aftabnagar","Dhaka","Dhaka North City Corporation","Dhaka - 1212","02-55046736","02-55046736","Not Found","https://www.eprocure.gov.bd/resources/common/ViewTender.jsp?id=1324074"
"Ministry of Education","Secondary and Higher Education Division","National Curriculum and textbook Board (NCTB)","Member (Textbook), NCTB","","Dhaka","Goods","NCT","TENDER","Tender - Single Lot","37.06.0000.304.07.006.26/1897","225442","1323998","Open Tendering Method (OTM)","Revenue","Government","Not applicable","Not applicable","2027.GD.PRI.IV.2Books.12.412 For printing (with paper), binding and supplying of two subject textbooks (Culture of Bangladesh & Sports) of class four (primary level) to be distributed free of cost for the academic year 2027","Various types of printed matter and articles for printing; Printing, publishing and related services;Printed books, brochures and leaflets;Printed books;Publications;Directories;Leaflets;Brochures;Booklets;Newspapers, journals, periodicals and magazines;Newspapers;Postcards, greeting cards and other printed matter;Postcards;Greeting cards;Stamps, cheque forms, banknotes, stock certificates, trade advertising material, catalogues and manuals;Stamps;Stamp-impressed paper;Banknotes;Cheque forms;Security-type printed matter;Trade-advertising material, commercial catalogues and manuals;Manuals;Printing plates or cylinders or other media for use in printing;Offset plates;Dry-etching equipment;Paper or paperboard registers, account books, binders, forms and other articles of printed stationery;Paper or paperboard registers;Forms;Exercise books;Albums for samples;Binders and related accessories;Printed stationery except forms;Miscellaneous printed matter;Car-tax discs;Driving licences;ID cards;Permits;Entrance cards;Bespoke printed matter;Tickets;Printing services;Printing services for books;Printing services for stationery;Printing services for security printed matter;Printing services for forms;Printing services for tickets;Printing services for calendars;Printing services for timetables;Newspaper printing services;Printing services for posters;Services related to printing;Print finishing services;Composition services;Printing and delivery services;Printing and distribution services;Publishing services;Bookbinding and finishing services;Subscription services","27-Aug-2026 16:00","09-Sep-2026 16:00","As Per TDS","For printing (with paper), binding and supplying of two subject textbooks (Culture of Bangladesh & Sports) of class four (primary level) to be distributed free of cost for the academic year 2027","Lot wise","Package wise","Package wise","4000","Payment through Bank","07-Mar-2027","07-Mar-2027","412","For printing (with paper), binding and supplying of two subject textbooks (Culture of Bangladesh & Sports) of class four (primary level) to be distributed free of cost for the academic year 2027","As Per Delivery Schedule","440000","20-Sep-2026","26-Nov-2026","Mohammad Abu Nasher Tuku","Member (Textbook)","Address :  69-70, Motijheel, C/A, Dhaka-1000 City : Dhaka Thana : Dhaka South City Corporation District : Dhaka - 1000 Country : Bangladesh","69-70, Motijheel, C/A, Dhaka-1000","Dhaka","Dhaka South City Corporation","Dhaka - 1000","02-9550805","","26351989.20, OTM","https://www.eprocure.gov.bd/resources/common/ViewTender.jsp?id=1323998"
"Ministry of Education","Secondary and Higher Education Division","National Curriculum and textbook Board (NCTB)","Member (Textbook), NCTB","","Dhaka","Goods","NCT","TENDER","Tender - Single Lot","37.06.0000.304.07.006.26/1900","225442","1324002","Open Tendering Method (OTM)","Revenue","Government","Not applicable","Not applicable","2027.GD.PRI.IV.2Books.12.415 For printing (with paper), binding and supplying of two subject textbooks (Culture of Bangladesh & Sports) of class four (primary level) to be distributed free of cost for the academic year 2027","Various types of printed matter and articles for printing; Printing, publishing and related services;Printed books, brochures and leaflets;Printed books;Publications;Directories;Leaflets;Brochures;Booklets;Newspapers, journals, periodicals and magazines;Newspapers;Postcards, greeting cards and other printed matter;Postcards;Greeting cards;Stamps, cheque forms, banknotes, stock certificates, trade advertising material, catalogues and manuals;Stamps;Stamp-impressed paper;Banknotes;Cheque forms;Security-type printed matter;Trade-advertising material, commercial catalogues and manuals;Manuals;Printing plates or cylinders or other media for use in printing;Offset plates;Dry-etching equipment;Paper or paperboard registers, account books, binders, forms and other articles of printed stationery;Paper or paperboard registers;Forms;Exercise books;Albums for samples;Binders and related accessories;Printed stationery except forms;Miscellaneous printed matter;Car-tax discs;Driving licences;ID cards;Permits;Entrance cards;Bespoke printed matter;Tickets;Printing services;Printing services for books;Printing services for stationery;Printing services for security printed matter;Printing services for forms;Printing services for tickets;Printing services for calendars;Printing services for timetables;Newspaper printing services;Printing services for posters;Services related to printing;Print finishing services;Composition services;Printing and delivery services;Printing and distribution services;Publishing services;Bookbinding and finishing services;Subscription services","27-Aug-2026 16:00","09-Sep-2026 16:00","As Per TDS","For printing (with paper), binding and supplying of two subject textbooks (Culture of Bangladesh & Sports) of class four (primary level) to be distributed free of cost for the academic year 2027","Lot wise","Package wise","Package wise","4000","Payment through Bank","07-Mar-2027","07-Mar-2027","415","For printing (with paper), binding and supplying of two subject textbooks (Culture of Bangladesh & Sports) of class four (primary level) to be distributed free of cost for the academic year 2027","As per Delivery Schedule","400000","20-Sep-2026","26-Nov-2026","Mohammad Abu Nasher Tuku","Member (Textbook)","Address :  69-70, Motijheel, C/A, Dhaka-1000 City : Dhaka Thana : Dhaka South City Corporation District : Dhaka - 1000 Country : Bangladesh","69-70, Motijheel, C/A, Dhaka-1000","Dhaka","Dhaka South City Corporation","Dhaka - 1000","02-9550805","","23490486.60, OTM","https://www.eprocure.gov.bd/resources/common/ViewTender.jsp?id=1324002"
"Ministry of Housing and Public Works","","Public Works Department (PWD)","Mymensingh PWD Division, Mymensingh","","Mymensingh","Works","NCT","TENDER","Tender - Single Lot","APP-Mymen-2026-27-Res-12","226820","1323592","Open Tendering Method (OTM)","Revenue","Government","Not applicable","Not applicable","APP-Mymen-2026-27-Res-12 Replacement of broken Thai glass in various units of the A-Type Quarters at Katakhali, along with civil, sanitary, and electrical repair and renovation works.","Repair, maintenance and installation services;Repair, maintenance and associated services of vehicles and related equipment;Repair and maintenance services of motor vehicles and associated equipment;Demolition services of vehicles;Repair, maintenance and associated services related to aircraft, railways, roads and marine equipment;Repair, maintenance and associated services related to aircraft and other equipment;Repair, maintenance and associated services related to railways and other equipment;Repair, maintenance and associated services related to roads and other equipment;Repair, maintenance and associated services related to marine and other equipment;Repair, maintenance and associated services related to personal computers, office equipment, telecommunications and audio-visual equipment;Maintenance and repair of office machinery;Repair and maintenance services of personal computers;Maintenance services of telecommunications equipment;Repair and maintenance services of audio-visual and optical equipment;Repair and maintenance services of medical and precision equipment;Repair and maintenance services of measuring, testing and checking apparatus;Repair and maintenance services of medical and surgical equipment;Repair and maintenance services of precision equipment;Repair and maintenance services for pumps, valves, taps and metal containers and machinery;Repair and maintenance services of pumps, valves, taps and metal containers;Repair and maintenance services of machinery;Repair and maintenance services of building installations;Repair and maintenance services of electrical and mechanical building installations;Repair and maintenance services of central heating;Repair and maintenance services of cooler groups;Repair and maintenance services of escalators;Lift-maintenance services;Miscellaneous repair and maintenance services;Repair services of jewellery;Repair services of leather personal goods;Repair services of garments and textiles;Repair and maintenance services of weapons and weapon systems;Repair and maintenance services of furniture;Repair and maintenance services of musical instruments;Repair and maintenance services of playground equipment;Repair and maintenance services of hotel and restaurant equipment;Installation services;Installation services of electrical and mechanical equipment;Installation services of equipment for measuring, checking, testing and navigating;Installation services of communications equipment;Installation services of medical and surgical equipment;Installation services of machinery and equipment;Installation services of computers and office equipment;Installation services of metal containers","27-Aug-2026 15:30","06-Sep-2026 15:45","This invitation for Tender is open to all eligible Tenderers as mentioned below: 1. The Tenderers must have minimum 05(Five) years of general experience of construction works. 2. The minimum specific experience as a prime contractor in construction works of at least 1(one) number of similar natures of any building related worksuccessfully completed within the last 05 (Five) years with a value of at least Tk. 7.00 (Seven) lac in single contract under Government/ Semi Government/ Autonomous Organization of Bangladesh. 3. The required average annual construction turnover shall be greater than Tk. 7.00 (Seven) lac in the last 5 (Five) years. Payment certificates for contract in progress or completed under public sector during last 5 (five) years must be submitted along with the tender in support of average annual construction turnover. 4. The Tenderer must have a minimum liquid assets/ working capital/credit facilities (in the PW2A-8 Form Published by BPPA) Tk. 5.00 (Five) Lac. 5. The minimum Tender Capacity of the Tenderer shall have Tk. 7.00 (Seven) lac 6. The Tenderer must enclose VAT registration certificate, up-to-date income tax clearance certificate, ABC License, up to-date trade license, return slip of Assessment year mentioned in TDS. 7. All other conditions as mentioned in TDS & PCC of e-tender document must be fulfilled. **Years counting backward from the date of publication of IFT.","Replacement of broken Thai glass in various units of the A-Type Quarters at Katakhali, along with civil, sanitary, and electrical repair and renovation works.","Lot wise","Package wise","Package wise","500","Payment through Bank","02-Jan-2027","02-Jan-2027","1","Replacement of broken Thai glass in various units of the A-Type Quarters at Katakhali, along with civil, sanitary, and electrical repair and renovation works.","Mymensingh","20000","17-Sep-2026","15-Oct-2026","Arnab Biswas","Executive Engineer","Address : PWD Division, Shaheb Quarter, Kachijhuly City : Mymensingh Thana : Mymensingh Sadar District : Mymensingh - 2200 Country : Bangladesh","PWD Division, Shaheb Quarter, Kachijhuly","Mymensingh","Mymensingh Sadar","Mymensingh - 2200","091-65855","091-62699","1000000.00, OTM","https://www.eprocure.gov.bd/resources/common/ViewTender.jsp?id=1323592"
"Ministry of Housing and Public Works","","Public Works Department (PWD)","Cumilla PWD Division, Cumilla","","Cumilla","Goods (Framework Agreement)","NCT","TENDER","Tender - Single Lot","memo no SE 154  DT 12.08.2026","226573","1323192","Open Tendering Method (OTM)","Revenue","Government","Not applicable","Not applicable","APP- NR- 2026- 2027 Replacement of unusable sanitary fittings in/c repair work at Deputy Commissioner's office building Cumilla","Repair, maintenance and installation services;Repair, maintenance and associated services of vehicles and related equipment;Repair and maintenance services of motor vehicles and associated equipment;Demolition services of vehicles;Repair, maintenance and associated services related to aircraft, railways, roads and marine equipment;Repair, maintenance and associated services related to aircraft and other equipment;Repair, maintenance and associated services related to railways and other equipment;Repair, maintenance and associated services related to roads and other equipment;Repair, maintenance and associated services related to marine and other equipment;Repair, maintenance and associated services related to personal computers, office equipment, telecommunications and audio-visual equipment;Maintenance and repair of office machinery;Repair and maintenance services of personal computers;Maintenance services of telecommunications equipment;Repair and maintenance services of audio-visual and optical equipment;Repair and maintenance services of medical and precision equipment;Repair and maintenance services of measuring, testing and checking apparatus;Repair and maintenance services of medical and surgical equipment;Repair and maintenance services of precision equipment;Repair and maintenance services for pumps, valves, taps and metal containers and machinery;Repair and maintenance services of pumps, valves, taps and metal containers;Repair and maintenance services of machinery;Repair and maintenance services of building installations;Repair and maintenance services of electrical and mechanical building installations;Repair and maintenance services of central heating;Repair and maintenance services of cooler groups;Repair and maintenance services of escalators;Lift-maintenance services;Miscellaneous repair and maintenance services;Repair services of jewellery;Repair services of leather personal goods;Repair services of garments and textiles;Repair and maintenance services of weapons and weapon systems;Repair and maintenance services of furniture;Repair and maintenance services of musical instruments;Repair and maintenance services of playground equipment;Repair and maintenance services of hotel and restaurant equipment;Installation services;Installation services of electrical and mechanical equipment;Installation services of equipment for measuring, checking, testing and navigating;Installation services of communications equipment;Installation services of medical and surgical equipment;Installation services of machinery and equipment;Installation services of computers and office equipment;Installation services of metal containers","27-Aug-2026 15:30","08-Sep-2026 16:00","a) The tenderer shall have minimum 3 (Three) years of general experience in the supply of Goods and related services b) The minimum specific experience as Supplier in supply of similar Goods of at least 1 contract(s) successfully completed within the last 3 years, each with a value of at least Tk.3.00 Lac in any Government/Semi-Government/Autonomous organization of Bangladesh i) In case of work done under PWD, the certifying and authenticating Authority shall be the Concern Executive Engineer. ii) In case of the work done under any Govt/ Semi Govt/ Autonomous Bodies/ Organization other than PWD the certifying authority shall be an officer not below the rank of Executive Engineer c) The Tenderers must have a minimum average annual Construction Turnover of Tk 3.00 lac during last 3 (three) Years. d) The minimum amount of liquid assets or working capital or credit facilities of the Tenderer shall be Tk 5.00 lac only. f)The minimum tender capacity shall be Tk- 3.25 lac only.","Replacement of unusable sanitary fittings in/c repair work at Deputy Commissioner's office building Cumilla","Lot wise","Package wise","Package wise","500","Payment through Bank","05-Dec-2026","05-Dec-2026","1","Replacement of unusable sanitary fittings in/c repair work at Deputy Commissioner's office building Cumilla","Deputy Commissioner office","12000","15-Sep-2026","30-Jun-2027","Nazmul Hasan Hera","Executive Engineer","Address : Cumilla City : Cumilla Thana : Cumilla Sadar District : Cumilla - 3500 Country : Bangladesh","Cumilla","Cumilla","Cumilla Sadar","Cumilla - 3500","081-63883","","Not Found","https://www.eprocure.gov.bd/resources/common/ViewTender.jsp?id=1323192"
"Ministry of Energy","Power and Mineral Resources","Bangladesh Power Development Board","Sales and Distribution Division, Daulatgonj, BPDB, Laksam, Comilla.","","Cumilla","Works","NCT","TENDER","Tender - Single Lot","27.11.1972.816.003.07.26.621; 25/8/2026","228288","1321591","Open Tendering Method (OTM)","Revenue","Government","Not applicable","Not applicable","D2_WR-O and M-07 Clearning Right of Way and Trimming Tree Brunches of 11kV & 0.4kV Distribution Lines of Junction, Stadium, Kundra & Gunti-Uttarkul Feeders under Sales and Distribution Division-Daulatganj, BPDB, Laksam, Cumilla","Electricity distribution and related services; Public utilities;Electricity distribution;Operation of electrical installations","27-Aug-2026 14:30","13-Sep-2026 11:30","As Per Tender Data Sheet (TDS)","Clearning Right of Way and Trimming Tree Brunches of 11kV & 0.4kV Distribution Lines of Junction, Stadium, Kundra & Gunti-Uttarkul Feeders under Sales and Distribution Division-Daulatganj, BPDB, Laksam, Cumilla","Lot wise","Package wise","Package wise","500","Payment through Bank","09-Jan-2027","09-Jan-2027","01","Clearning Right of Way and Trimming Tree Brunches of 11kV & 0.4kV Distribution Lines of Junction, Stadium, Kundra & Gunti-Uttarkul Feeders under Sales and Distribution Division-Daulatganj, BPDB, Laksam, Cumilla","Sales and Distribution Division Daulatgonj BPDB Comilla","13000","11-Oct-2026","16-May-2027","MD. SHOHAG BEPARY","Executive Engineer","Address : Sales and Distribution Division, Daulatgonj, BPDB, Laksam, Comilla. City : Comilla Thana : Laksham District : Cumilla - 3570 Country : Bangladesh","Sales and Distribution Division, Daulatgonj, BPDB, Laksam, Comilla.","Comilla","Laksham","Cumilla - 3570","08032-51270","","Not Found","https://www.eprocure.gov.bd/resources/common/ViewTender.jsp?id=1321591"
"Ministry of Education","Secondary and Higher Education Division","National Curriculum and textbook Board (NCTB)","Member (Textbook), NCTB","","Dhaka","Goods","NCT","TENDER","Tender - Single Lot","37.06.0000.303.07.006.26.2293","225442","1323964","Open Tendering Method (OTM)","Revenue","Government","Not applicable","Not applicable","GD.11_EBT-SEC-DHA.1309 For Printing (with paper), Binding and Supplying  of textbooks of Ebtedayee Class-4 &  Secondary (Bangla & English Version), Dakhil,  Class-6 to be  distributed free of cost for the Academic Year 2027.","Various types of printed matter and articles for printing; Printing, publishing and related services;Printed books, brochures and leaflets;Printed books;Publications;Directories;Leaflets;Brochures;Booklets;Newspapers, journals, periodicals and magazines;Newspapers;Postcards, greeting cards and other printed matter;Postcards;Greeting cards;Stamps, cheque forms, banknotes, stock certificates, trade advertising material, catalogues and manuals;Stamps;Stamp-impressed paper;Banknotes;Cheque forms;Security-type printed matter;Trade-advertising material, commercial catalogues and manuals;Manuals;Printing plates or cylinders or other media for use in printing;Offset plates;Dry-etching equipment;Paper or paperboard registers, account books, binders, forms and other articles of printed stationery;Paper or paperboard registers;Forms;Exercise books;Albums for samples;Binders and related accessories;Printed stationery except forms;Miscellaneous printed matter;Car-tax discs;Driving licences;ID cards;Permits;Entrance cards;Bespoke printed matter;Tickets;Printing services;Printing services for books;Printing services for stationery;Printing services for security printed matter;Printing services for forms;Printing services for tickets;Printing services for calendars;Printing services for timetables;Newspaper printing services;Printing services for posters;Services related to printing;Print finishing services;Composition services;Printing and delivery services;Printing and distribution services;Publishing services;Bookbinding and finishing services;Subscription services","27-Aug-2026 16:00","09-Sep-2026 16:00","As par TDS","For Printing (with paper), Binding and Supplying of textbooks of Ebtedayee Class-4 & Secondary (Bangla & English Version), Dakhil, Class-6 to be distributed free of cost for the Academic Year 2027.","Lot wise","Package wise","Package wise","2500","Payment through Bank","07-Mar-2027","07-Mar-2027","1309","For Printing (with paper), Binding and Supplying  of textbooks of Ebtedayee Class-4 &  Secondary (Bangla & English Version), Dakhil,  Class-6 to be  distributed free of cost for the Academic Year 2027.","As Per Delivery Schedule","400000","20-Sep-2026","26-Nov-2026","Mohammad Abu Nasher Tuku","Member (Textbook)","Address :  69-70, Motijheel, C/A, Dhaka-1000 City : Dhaka Thana : Dhaka South City Corporation District : Dhaka - 1000 Country : Bangladesh","69-70, Motijheel, C/A, Dhaka-1000","Dhaka","Dhaka South City Corporation","Dhaka - 1000","02-9550805","","Not Found","https://www.eprocure.gov.bd/resources/common/ViewTender.jsp?id=1323964"
"Ministry of Housing and Public Works","","Public Works Department (PWD)","Kishoreganj pwd division","","Kishoreganj","Works","NCT","TENDER","Tender - Single Lot","25.36.6100.000.00.000.25.92, Date: 25/08/2026","226819","1324285","Open Tendering Method (OTM)","Revenue","Government","Not applicable","Not applicable","KPWD/APP/26-27/034 Works involving the replacement of switches, sockets, electric fans, and light fittings, the installation of an air conditioner, and the supply and installation of security lights at the residence of the Principal of Shaheed Syed Nazrul Islam Medical College, Kishoreganj. FY-2026-27","Repair, maintenance and installation services;Repair, maintenance and associated services of vehicles and related equipment;Repair and maintenance services of motor vehicles and associated equipment;Demolition services of vehicles;Repair, maintenance and associated services related to aircraft, railways, roads and marine equipment;Repair, maintenance and associated services related to aircraft and other equipment;Repair, maintenance and associated services related to railways and other equipment;Repair, maintenance and associated services related to roads and other equipment;Repair, maintenance and associated services related to marine and other equipment;Repair, maintenance and associated services related to personal computers, office equipment, telecommunications and audio-visual equipment;Maintenance and repair of office machinery;Repair and maintenance services of personal computers;Maintenance services of telecommunications equipment;Repair and maintenance services of audio-visual and optical equipment;Repair and maintenance services of medical and precision equipment;Repair and maintenance services of measuring, testing and checking apparatus;Repair and maintenance services of medical and surgical equipment;Repair and maintenance services of precision equipment;Repair and maintenance services for pumps, valves, taps and metal containers and machinery;Repair and maintenance services of pumps, valves, taps and metal containers;Repair and maintenance services of machinery;Repair and maintenance services of building installations;Repair and maintenance services of electrical and mechanical building installations;Repair and maintenance services of central heating;Repair and maintenance services of cooler groups;Repair and maintenance services of escalators;Lift-maintenance services;Miscellaneous repair and maintenance services;Repair services of jewellery;Repair services of leather personal goods;Repair services of garments and textiles;Repair and maintenance services of weapons and weapon systems;Repair and maintenance services of furniture;Repair and maintenance services of musical instruments;Repair and maintenance services of playground equipment;Repair and maintenance services of hotel and restaurant equipment;Installation services;Installation services of electrical and mechanical equipment;Installation services of equipment for measuring, checking, testing and navigating;Installation services of communications equipment;Installation services of medical and surgical equipment;Installation services of machinery and equipment;Installation services of computers and office equipment;Installation services of metal containers","27-Aug-2026 14:45","03-Sep-2026 15:00","1. Reputed Contractors/firms who have minimum 5 (Five) years of general experience. 2. The minimum specific experience as a Prime Contractor in Electric repair work under public sector of at least 3.00 Lakh in one(01) contract of successfully completed within the last 03 years. Years counting backward from the date of publication of IFT in e-GP. 3. The Tenderers shall have a minimum Average Annual Construction Turnover shall be TK 3.75 Lakh during the last 5 (Five) Years. Detailed eligibility requirements and conditions applicable to the tenderer are stated in the Tender Data Sheet (TDS). 4. The Tenderers shall have minimum Liquid assets i.e line of credit shall be TK. 3.00 Lakh. Document Submitted along with the tender must be issued in between publication date and submission date of the tender. Prescribed from for Line of Credit for this purpose shall be submitted as per form PW-2(a) of tender and Contract forms. 5. The minimum Tender Capacity Tk 3.00 Lakh 6.The tenderer must have updated valid trade licence. 7. Income Tax Clearance Certificate. 8. VAT registration certificate. 9.Must have Updated and valid ABC Electrical Contractor and Supervisor License from Electricity Licensing Board.","Works involving the replacement of switches, sockets, electric fans, and light fittings, the installation of an air conditioner, and the supply and installation of security lights at the residence of the Principal of Shaheed Syed Nazrul Islam Medical College, Kishoreganj. FY-2026-27","Lot wise","Package wise","Package wise","500","Payment through Bank","28-Feb-2027","28-Feb-2027","Single","Works involving the replacement of switches, sockets, electric fans, and light fittings, the installation of an air conditioner, and the supply and installation of security lights at the residence of the Principal of Shaheed Syed Nazrul Islam Medical College, Kishoreganj. FY-2026-27","Kishoreganj","10000","07-Sep-2026","22-Sep-2026","Md. Mohiuddin Jahangir","Executive Engineer","Address : Kishoreganj pwd division ,Kishoreganj City : Kishorerganj Thana : Kishoreganj Sadar District : Kishoreganj - 2300 Country : Bangladesh","Kishoreganj pwd division ,Kishoreganj","Kishorerganj","Kishoreganj Sadar","Kishoreganj - 2300","02-94161751","","400000.00, OTM","https://www.eprocure.gov.bd/resources/common/ViewTender.jsp?id=1324285"
"Ministry of Education","Secondary and Higher Education Division","National Curriculum and textbook Board (NCTB)","Member (Textbook), NCTB","","Dhaka","Goods","NCT","TENDER","Tender - Single Lot","37.06.0000.304.07.006.26/1899","225442","1324001","Open Tendering Method (OTM)","Revenue","Government","Not applicable","Not applicable","2027.GD.PRI.IV.2Books.12.414 For printing (with paper), binding and supplying of two subject textbooks (Culture of Bangladesh & Sports) of class four (primary level) to be distributed free of cost for the academic year 2027","Various types of printed matter and articles for printing; Printing, publishing and related services;Printed books, brochures and leaflets;Printed books;Publications;Directories;Leaflets;Brochures;Booklets;Newspapers, journals, periodicals and magazines;Newspapers;Postcards, greeting cards and other printed matter;Postcards;Greeting cards;Stamps, cheque forms, banknotes, stock certificates, trade advertising material, catalogues and manuals;Stamps;Stamp-impressed paper;Banknotes;Cheque forms;Security-type printed matter;Trade-advertising material, commercial catalogues and manuals;Manuals;Printing plates or cylinders or other media for use in printing;Offset plates;Dry-etching equipment;Paper or paperboard registers, account books, binders, forms and other articles of printed stationery;Paper or paperboard registers;Forms;Exercise books;Albums for samples;Binders and related accessories;Printed stationery except forms;Miscellaneous printed matter;Car-tax discs;Driving licences;ID cards;Permits;Entrance cards;Bespoke printed matter;Tickets;Printing services;Printing services for books;Printing services for stationery;Printing services for security printed matter;Printing services for forms;Printing services for tickets;Printing services for calendars;Printing services for timetables;Newspaper printing services;Printing services for posters;Services related to printing;Print finishing services;Composition services;Printing and delivery services;Printing and distribution services;Publishing services;Bookbinding and finishing services;Subscription services","27-Aug-2026 16:00","09-Sep-2026 16:00","As Per TDS","For printing (with paper), binding and supplying of two subject textbooks (Culture of Bangladesh & Sports) of class four (primary level) to be distributed free of cost for the academic year 2027","Lot wise","Package wise","Package wise","4000","Payment through Bank","07-Mar-2027","07-Mar-2027","414","For printing (with paper), binding and supplying of two subject textbooks (Culture of Bangladesh & Sports) of class four (primary level) to be distributed free of cost for the academic year 2027","As Per Delivery Schedule","520000","20-Sep-2026","26-Nov-2026","Mohammad Abu Nasher Tuku","Member (Textbook)","Address :  69-70, Motijheel, C/A, Dhaka-1000 City : Dhaka Thana : Dhaka South City Corporation District : Dhaka - 1000 Country : Bangladesh","69-70, Motijheel, C/A, Dhaka-1000","Dhaka","Dhaka South City Corporation","Dhaka - 1000","02-9550805","","30877954.50, OTM","https://www.eprocure.gov.bd/resources/common/ViewTender.jsp?id=1324001"
"Ministry of Energy","Power and Mineral Resources","Bangladesh Power Development Board","Sales and Distribution Division, Daulatgonj, BPDB, Laksam, Comilla.","","Cumilla","Works","NCT","TENDER","Tender - Single Lot","27.11.1972.816.003.07.26.618; 25/8/2026","228288","1321513","Open Tendering Method (OTM)","Revenue","Government","Not applicable","Not applicable","D2_WR-DW-01 Relocation Works of Existing Electric Poles Along DaulatganjÃ¢-Shriyang Road Under the Jurisdiction of Laksam Upazila Engineer's Office Under the Sales and Distribution Division, Daulatganj, BPDB, Laksam, Cumilla office.","Electricity distribution and related services; Public utilities;Electricity distribution;Operation of electrical installations","27-Aug-2026 14:30","13-Sep-2026 11:30","As Per Tender Data Sheet (TDS). N.B. Estimate Prepared as per Distribution Line Unified Rate Schedule-2014 (Part-3) & Part-4","Relocation Works of Existing Electric Poles Along DaulatganjÃ¢-Shriyang Road Under the Jurisdiction of Laksam Upazila Engineer's Office Under the Sales and Distribution Division, Daulatganj, BPDB, Laksam, Cumilla office.","Lot wise","Package wise","Package wise","500","Payment through Bank","09-Jan-2027","09-Jan-2027","01","Relocation Works of Existing Electric Poles Along DaulatganjÃ¢-Shriyang Road Under the Jurisdiction of Laksam Upazila Engineer's Office Under the Sales and Distribution Division, Daulatganj, BPDB, Laksam, Cumilla office.","Sales and Distribution Division Daulatgonj BPDB Comilla","9000","11-Oct-2026","11-Nov-2026","MD. SHOHAG BEPARY","Executive Engineer","Address : Sales and Distribution Division, Daulatgonj, BPDB, Laksam, Comilla. City : Comilla Thana : Laksham District : Cumilla - 3570 Country : Bangladesh","Sales and Distribution Division, Daulatgonj, BPDB, Laksam, Comilla.","Comilla","Laksham","Cumilla - 3570","08032-51270","","320300.00, OTM","https://www.eprocure.gov.bd/resources/common/ViewTender.jsp?id=1321513"
"Ministry of Housing and Public Works","","Public Works Department (PWD)","Mymensingh PWD Division, Mymensingh","","Mymensingh","Works","NCT","TENDER","Tender - Single Lot","APP-Mymen-2026-27-Res-15","226820","1323590","Open Tendering Method (OTM)","Revenue","Government","Not applicable","Not applicable","APP-Mymen-2026-27-Res-15 Weed clearance, drain cleaning, repair of sewerage lines, and cleaning of septic tanks, pits, and soak wells at the premises of Divisional Residences Shraboni, Boishakhi and Amanat Chattar, Government A-Type, B-Type and D-Type Residences, and the residences of Sub-Divisional Engineers under Mymensingh Public Works Sub-Division, Mymensingh, Branch-1","Repair, maintenance and installation services;Repair, maintenance and associated services of vehicles and related equipment;Repair and maintenance services of motor vehicles and associated equipment;Demolition services of vehicles;Repair, maintenance and associated services related to aircraft, railways, roads and marine equipment;Repair, maintenance and associated services related to aircraft and other equipment;Repair, maintenance and associated services related to railways and other equipment;Repair, maintenance and associated services related to roads and other equipment;Repair, maintenance and associated services related to marine and other equipment;Repair, maintenance and associated services related to personal computers, office equipment, telecommunications and audio-visual equipment;Maintenance and repair of office machinery;Repair and maintenance services of personal computers;Maintenance services of telecommunications equipment;Repair and maintenance services of audio-visual and optical equipment;Repair and maintenance services of medical and precision equipment;Repair and maintenance services of measuring, testing and checking apparatus;Repair and maintenance services of medical and surgical equipment;Repair and maintenance services of precision equipment;Repair and maintenance services for pumps, valves, taps and metal containers and machinery;Repair and maintenance services of pumps, valves, taps and metal containers;Repair and maintenance services of machinery;Repair and maintenance services of building installations;Repair and maintenance services of electrical and mechanical building installations;Repair and maintenance services of central heating;Repair and maintenance services of cooler groups;Repair and maintenance services of escalators;Lift-maintenance services;Miscellaneous repair and maintenance services;Repair services of jewellery;Repair services of leather personal goods;Repair services of garments and textiles;Repair and maintenance services of weapons and weapon systems;Repair and maintenance services of furniture;Repair and maintenance services of musical instruments;Repair and maintenance services of playground equipment;Repair and maintenance services of hotel and restaurant equipment;Installation services;Installation services of electrical and mechanical equipment;Installation services of equipment for measuring, checking, testing and navigating;Installation services of communications equipment;Installation services of medical and surgical equipment;Installation services of machinery and equipment;Installation services of computers and office equipment;Installation services of metal containers","27-Aug-2026 15:30","06-Sep-2026 15:45","This invitation for Tender is open to all eligible Tenderers as mentioned below: 1. The Tenderers must have minimum 05(Five) years of general experience of construction works. 2. The minimum specific experience as a prime contractor in construction works of at least 1(one) number of similar natures of any building related worksuccessfully completed within the last 05 (Five) years with a value of at least Tk. 15.00 (Fifteen) lac in single contract under Government/ Semi Government/ Autonomous Organization of Bangladesh. 3. The required average annual construction turnover shall be greater than Tk. 15.00 (Fifteen) lac in the last 5 (Five) years. Payment certificates for contract in progress or completed under public sector during last 5 (five) years must be submitted along with the tender in support of average annual construction turnover. 4. The Tenderer must have a minimum liquid assets/ working capital/credit facilities (in the PW2A-8 Form Published by BPPA) Tk. 10.00 (Ten) Lac. 5. The minimum Tender Capacity of the Tenderer shall have Tk. 15.00 (Fifteen) lac 6. The Tenderer must enclose VAT registration certificate, up-to-date income tax clearance certificate, up to-date trade license, return slip of Assessment year mentioned in TDS. 7. All other conditions as mentioned in TDS & PCC of e-tender document must be fulfilled. **Years counting backward from the date of publication of IFT.","Weed clearance, drain cleaning, repair of sewerage lines, and cleaning of septic tanks, pits, and soak wells at the premises of Divisional Residences Shraboni, Boishakhi and Amanat Chattar, Government A-Type, B-Type and D-Type Residences, and the residences of Sub-Divisional Engineers under Mymensingh Public Works Sub-Division, Mymensingh, Branch-1","Lot wise","Package wise","Package wise","500","Payment through Bank","02-Jan-2027","02-Jan-2027","1","Weed clearance, drain cleaning, repair of sewerage lines, and cleaning of septic tanks, pits, and soak wells at the premises of Divisional Residences Shraboni, Boishakhi and Amanat Chattar, Government A-Type, B-Type and D-Type Residences, and the residences of Sub-Divisional Engineers under Mymensingh Public Works Sub-Division, Mymensingh, Branch-1","Mymensingh","10000","17-Sep-2026","15-Oct-2026","Arnab Biswas","Executive Engineer","Address : PWD Division, Shaheb Quarter, Kachijhuly City : Mymensingh Thana : Mymensingh Sadar District : Mymensingh - 2200 Country : Bangladesh","PWD Division, Shaheb Quarter, Kachijhuly","Mymensingh","Mymensingh Sadar","Mymensingh - 2200","091-65855","091-62699","500000.00, OTM","https://www.eprocure.gov.bd/resources/common/ViewTender.jsp?id=1323590"
"Ministry of Housing and Public Works","","Public Works Department (PWD)","Mymensingh PWD Division, Mymensingh","","Mymensingh","Works","NCT","TENDER","Tender - Single Lot","APP-Mymen-2026-27-Res-14","226820","1323591","Open Tendering Method (OTM)","Revenue","Government","Not applicable","Not applicable","APP-Mymen-2026-27-Res-14 Cleaning of roofs and drains, repair of sewerage lines, cleaning of pits and soak wells, weed clearance, and urgent sanitary repair works at the residences of the Superintending Engineer, Deputy Commissioner, District Judge, Superintendent of Police, Executive Engineer, ADC (General), and other buildings under Mymensingh Public Works Sub-Division, Mymensingh, Branch-1.","Repair, maintenance and installation services;Repair, maintenance and associated services of vehicles and related equipment;Repair and maintenance services of motor vehicles and associated equipment;Demolition services of vehicles;Repair, maintenance and associated services related to aircraft, railways, roads and marine equipment;Repair, maintenance and associated services related to aircraft and other equipment;Repair, maintenance and associated services related to railways and other equipment;Repair, maintenance and associated services related to roads and other equipment;Repair, maintenance and associated services related to marine and other equipment;Repair, maintenance and associated services related to personal computers, office equipment, telecommunications and audio-visual equipment;Maintenance and repair of office machinery;Repair and maintenance services of personal computers;Maintenance services of telecommunications equipment;Repair and maintenance services of audio-visual and optical equipment;Repair and maintenance services of medical and precision equipment;Repair and maintenance services of measuring, testing and checking apparatus;Repair and maintenance services of medical and surgical equipment;Repair and maintenance services of precision equipment;Repair and maintenance services for pumps, valves, taps and metal containers and machinery;Repair and maintenance services of pumps, valves, taps and metal containers;Repair and maintenance services of machinery;Repair and maintenance services of building installations;Repair and maintenance services of electrical and mechanical building installations;Repair and maintenance services of central heating;Repair and maintenance services of cooler groups;Repair and maintenance services of escalators;Lift-maintenance services;Miscellaneous repair and maintenance services;Repair services of jewellery;Repair services of leather personal goods;Repair services of garments and textiles;Repair and maintenance services of weapons and weapon systems;Repair and maintenance services of furniture;Repair and maintenance services of musical instruments;Repair and maintenance services of playground equipment;Repair and maintenance services of hotel and restaurant equipment;Installation services;Installation services of electrical and mechanical equipment;Installation services of equipment for measuring, checking, testing and navigating;Installation services of communications equipment;Installation services of medical and surgical equipment;Installation services of machinery and equipment;Installation services of computers and office equipment;Installation services of metal containers","27-Aug-2026 15:30","06-Sep-2026 15:45","This invitation for Tender is open to all eligible Tenderers as mentioned below: 1. The Tenderers must have minimum 05(Five) years of general experience of construction works. 2. The minimum specific experience as a prime contractor in construction works of at least 1(one) number of similar natures of any building related worksuccessfully completed within the last 05 (Five) years with a value of at least Tk. 3.00 (Three) lac in single contract under Government/ Semi Government/ Autonomous Organization of Bangladesh. 3. The required average annual construction turnover shall be greater than Tk. 3.00 (Three) lac in the last 5 (Five) years. Payment certificates for contract in progress or completed under public sector during last 5 (five) years must be submitted along with the tender in support of average annual construction turnover. 4. The Tenderer must have a minimum liquid assets/ working capital/credit facilities (in the PW2A-8 Form Published by BPPA) Tk. 3.00 (Three) lac 5. The minimum Tender Capacity of the Tenderer shall have Tk. 3.00 (Three) lac 6. The Tenderer must enclose VAT registration certificate, up-to-date income tax clearance certificate, up to-date trade license, return slip of Assessment year mentioned in TDS. 7. All other conditions as mentioned in TDS & PCC of e-tender document must be fulfilled. **Years counting backward from the date of publication of IFT.","Cleaning of roofs and drains, repair of sewerage lines, cleaning of pits and soak wells, weed clearance, and urgent sanitary repair works at the residences of the Superintending Engineer, Deputy Commissioner, District Judge, Superintendent of Police, Executive Engineer, ADC (General), and other buildings under Mymensingh Public Works Sub-Division, Mymensingh, Branch-1.","Lot wise","Package wise","Package wise","500","Payment through Bank","02-Jan-2027","02-Jan-2027","1","Cleaning of roofs and drains, repair of sewerage lines, cleaning of pits and soak wells, weed clearance, and urgent sanitary repair works at the residences of the Superintending Engineer, Deputy Commissioner, District Judge, Superintendent of Police, Executive Engineer, ADC (General), and other buildings under Mymensingh Public Works Sub-Division, Mymensingh, Branch-1.","Mymensingh","9000","17-Sep-2026","15-Oct-2026","Arnab Biswas","Executive Engineer","Address : PWD Division, Shaheb Quarter, Kachijhuly City : Mymensingh Thana : Mymensingh Sadar District : Mymensingh - 2200 Country : Bangladesh","PWD Division, Shaheb Quarter, Kachijhuly","Mymensingh","Mymensingh Sadar","Mymensingh - 2200","091-65855","091-62699","450000.00, OTM","https://www.eprocure.gov.bd/resources/common/ViewTender.jsp?id=1323591"
"Ministry of Energy","Power and Mineral Resources","Karnaphuli Gas Distribution Company Limited","Budget, Fund and Welfare Department","","Chattogram","Services","NCT","REOI","","","230204","1320848","Quality Cost Based Selection (QCBS)","Own Fund","Own Fund","Not applicable","Not applicable","KGDCL/Fund/Gratuity/Interest/2011-2025 Providing consultant services to evaluate and verify the distribution mechanism of interest earned on the Employee Gratuity Fund of Karnaphuli Gas Distribution Company Limited (KGDCL) for the fiscal years 2011-12 through 2024-25.","Legal, accounting, auditing, business, management and related services; Architectural, engineering, construction, legal, accounting and other professional services; Legal services; Accounting, auditing and fiscal services; Market research, public-opinion polling and related services; Business and management consultancy and related services; Management holdings services;","27-Aug-2026 15:00","","1) The firm must be registered with ICAB and possess a valid practicing certificate. (2) The firm must be actively listed on the panel of auditors maintained by the Financial Reporting Council (FRC) Bangladesh, Bangladesh Bank/ Bangladesh Securities and Exchange Commission (BSEC). (3) The firm shall submit documentary evidence in support of its eligibility and qualifications; including: I) ICAB Registration and Valid Practicing Certificate, II) Evidence of Enlistment with FRC, Bangladesh Bank/ BSEC, III) Firm Profile along with Brochure summarizing its key facilities and areas of expertise. IV) List of Key Professionals and their Qualifications and Experiences in similar working conditions, V) List of Similar Assignments completed during the last Five (5) years along with supporting Documents, VI) Updated Trade License (If any), TIN and BIN Certificates, Income Tax Certificate along with Tax Return Acknowledgment Receipt for the latest Assessment Year, VII) Audit Report of the Firm of last 03 (Three) Fiscal Years, VIII) Bank Solvency Certificate along with Bank Statement from 01/07/2025 to 30/06/2026. (4) All Certificates of Experience from the clients shall be in client's letterhead indicating address, telephone numbers and e-mail of the clients and shall include name of the assignment, duration of service and contract amount. (5) The firm shall not have any Conflict of Interest in relation to this assignment and shall provide a declaration to that effect. (6) Black Listed firms from FRC, Bangladesh Bank and BSEC are strongly discouraged to apply.","Providing consultant services to evaluate and verify the distribution mechanism of interest earned on the Employee Gratuity Fund of Karnaphuli Gas Distribution Company Limited (KGDCL) for the fiscal years 2011-12 through 2024-25. (As per ToR)","Package wise","","","","","","","","","Karnaphuli Gas Distribution Company Limited (KGDCL)","","06-Jan-2027","25-Feb-2027","Md. Abul Kalam Azad","Deputy General Manager","Address : 137/A CDA Avenue, Sholoshahar, Chattogram City : Chattogram Thana : Chattogram City Corporation District : Chattogram - 4200 Country : Bangladesh","137/A CDA Avenue, Sholoshahar, Chattogram","Chattogram","Chattogram City Corporation","Chattogram - 4200","031-650130","","250000.00, QCBS","https://www.eprocure.gov.bd/resources/common/ViewTender.jsp?id=1320848"
"Ministry of Energy","Power and Mineral Resources","Bangladesh Power Development Board","Sylhet 225MW CCPP, Kumargaon, Sylhet","","Sylhet","Goods","NCT","TENDER","Tender - Single Lot","27.11.9100.406.02.504.26-407, Date:25/08/2026","230633","1323952","Open Tendering Method (OTM)","Revenue","Government","Not applicable","Not applicable","OPN_GR_08_Non_Est. Procurement of Slime Stripping Agent for STG Cooling Tower of Sylhet 225  MW CCPP","Chemicals, chemical products and man-made fibres;Chemicals;Gases;Dyes and pigments;Basic inorganic chemicals;Basic organic chemicals;Fertilisers and nitrogen compounds;Plastics in primary forms;Synthetic rubber;Enzymes;Agro-chemical products;Pesticides;Insecticides;Herbicides;Plant-growth regulators;Disinfectants;Rodenticides;Fungicides;Paints, varnishes, printing ink and mastics;Paints;Varnishes;Ink;Mastics, fillers, putty;Solvents;Medicinal products;Medicinal products for the alimentary tract and metabolism;Medicinal products for the blood, blood-forming organs and the cardiovascular system;Medicinal products for dermatology and the musculo-skeletal system;Medicinal products for the genitourinary system and hormones;General anti-infectives for systemic use, vaccines, antineoplastic and immunodulating agents;Medicinal products for the nervous system and sensory organs;Medicinal products for the respiratory system;Various medicinal products;Glycerol, soaps, detergents, cleaning and polishing preparations, perfumes and toilet preparations;Glycerol;Perfumes and toiletries;Explosives and fine chemical products;Prepared explosives;Glues;Essential oils;Photographic chemicals;Unrecorded media;Specialised chemical products;Man-made fibres;Synthetic fibres;Artificial fibres;Various chemical products;Radiator fluids;Water-treatment chemicals;Anti-corrosion products","27-Aug-2026 14:00","08-Sep-2026 11:00","As per TDS & PCC","Procurement of Slime Stripping Agent for STG Cooling Tower of Sylhet 225 MW CCPP,BPDB,Kumargaon,Sylhet.","Lot wise","Package wise","Package wise","1000","Payment through Bank","04-Jan-2027","04-Jan-2027","1","Procurement of Slime Stripping Agent for STG Cooling Tower of Sylhet 225  MW CCPP","Sylhet 225MW Combined Cycle Power Plant store","50000","15-Sep-2026","15-Nov-2026","Muhammad Jalal Uddin","Executive Engineer","Address : Sylhet 225MW Combined Cycle Power Plant City : Sylhet Thana : Sylhet Sadar District : Sylhet - 3100 Country : Bangladesh","Sylhet 225MW Combined Cycle Power Plant","Sylhet","Sylhet Sadar","Sylhet - 3100","08-21728814","","2000000.00, OTM","https://www.eprocure.gov.bd/resources/common/ViewTender.jsp?id=1323952"
"Ministry of Housing and Public Works","","Public Works Department (PWD)","Cumilla PWD Division, Cumilla","","Cumilla","Goods (Framework Agreement)","NCT","TENDER","Tender - Single Lot","memo no SE 152  DT 12.08.2026","226573","1323237","Open Tendering Method (OTM)","Revenue","Government","Not applicable","Not applicable","APP- NR-   2026-  2027 Replacement of unusable sanitary fittings, in/c repair work at District Judge Court building Cumilla","Repair, maintenance and installation services;Repair, maintenance and associated services of vehicles and related equipment;Repair and maintenance services of motor vehicles and associated equipment;Demolition services of vehicles;Repair, maintenance and associated services related to aircraft, railways, roads and marine equipment;Repair, maintenance and associated services related to aircraft and other equipment;Repair, maintenance and associated services related to railways and other equipment;Repair, maintenance and associated services related to roads and other equipment;Repair, maintenance and associated services related to marine and other equipment;Repair, maintenance and associated services related to personal computers, office equipment, telecommunications and audio-visual equipment;Maintenance and repair of office machinery;Repair and maintenance services of personal computers;Maintenance services of telecommunications equipment;Repair and maintenance services of audio-visual and optical equipment;Repair and maintenance services of medical and precision equipment;Repair and maintenance services of measuring, testing and checking apparatus;Repair and maintenance services of medical and surgical equipment;Repair and maintenance services of precision equipment;Repair and maintenance services for pumps, valves, taps and metal containers and machinery;Repair and maintenance services of pumps, valves, taps and metal containers;Repair and maintenance services of machinery;Repair and maintenance services of building installations;Repair and maintenance services of electrical and mechanical building installations;Repair and maintenance services of central heating;Repair and maintenance services of cooler groups;Repair and maintenance services of escalators;Lift-maintenance services;Miscellaneous repair and maintenance services;Repair services of jewellery;Repair services of leather personal goods;Repair services of garments and textiles;Repair and maintenance services of weapons and weapon systems;Repair and maintenance services of furniture;Repair and maintenance services of musical instruments;Repair and maintenance services of playground equipment;Repair and maintenance services of hotel and restaurant equipment;Installation services;Installation services of electrical and mechanical equipment;Installation services of equipment for measuring, checking, testing and navigating;Installation services of communications equipment;Installation services of medical and surgical equipment;Installation services of machinery and equipment;Installation services of computers and office equipment;Installation services of metal containers","27-Aug-2026 15:00","08-Sep-2026 16:00","a) The tenderer shall have minimum 3 (Three) years of general experience in the supply of Goods and related services b) The minimum specific experience as Supplier in supply of similar Goods of at least 1 contract successfully completed within the last 3 years, each with a value of at least Tk.3.00 Lac in any Government/Semi-Government/Autonomous organization of Bangladesh i) In case of work done under PWD, the certifying and authenticating Authority shall be the Concern Executive Engineer. ii) In case of the work done under any Govt/ Semi Govt/ Autonomous Bodies/ Organization other than PWD the certifying authority shall be an officer not below the rank of Executive Engineer c) The Tenderers must have a minimum average annual Construction Turnover of Tk 3.00 lac during last 3 (three) Years. d) The minimum amount of liquid assets or working capital or credit facilities of the Tenderer shall be Tk 5.00 lac only. f)The minimum tender capacity shall be Tk- 3.25 lac only.","Replacement of unusable sanitary fittings, in/c repair work at District Judge Court building Cumilla","Lot wise","Package wise","Package wise","500","Payment through Bank","05-Dec-2026","05-Dec-2026","1","Replacement of unusable sanitary fittings, in/c repair work at District Judge Court building Cumilla","District Judge Court building Cumilla","12000","15-Sep-2026","30-Jun-2027","Nazmul Hasan Hera","Executive Engineer","Address : Cumilla City : Cumilla Thana : Cumilla Sadar District : Cumilla - 3500 Country : Bangladesh","Cumilla","Cumilla","Cumilla Sadar","Cumilla - 3500","081-63883","","Not Found","https://www.eprocure.gov.bd/resources/common/ViewTender.jsp?id=1323237"
"Ministry of Housing and Public Works","","Public Works Department (PWD)","Kishoreganj pwd division","","Kishoreganj","Works","NCT","TENDER","Tender - Single Lot","25.36.6100.000.00.000.25.93, Date: 25/08/2026","226819","1324298","Open Tendering Method (OTM)","Revenue","Government","Not applicable","Not applicable","KPWD/APP/26-27/035 Electrical repair, renovation, and refurbishment worksâ??including the installation and servicing of air conditionersâ??at the official residence in Kishoreganj district upon the arrival of the new District and Sessions Judge. FY-2026-27","Repair, maintenance and installation services;Repair, maintenance and associated services of vehicles and related equipment;Repair and maintenance services of motor vehicles and associated equipment;Demolition services of vehicles;Repair, maintenance and associated services related to aircraft, railways, roads and marine equipment;Repair, maintenance and associated services related to aircraft and other equipment;Repair, maintenance and associated services related to railways and other equipment;Repair, maintenance and associated services related to roads and other equipment;Repair, maintenance and associated services related to marine and other equipment;Repair, maintenance and associated services related to personal computers, office equipment, telecommunications and audio-visual equipment;Maintenance and repair of office machinery;Repair and maintenance services of personal computers;Maintenance services of telecommunications equipment;Repair and maintenance services of audio-visual and optical equipment;Repair and maintenance services of medical and precision equipment;Repair and maintenance services of measuring, testing and checking apparatus;Repair and maintenance services of medical and surgical equipment;Repair and maintenance services of precision equipment;Repair and maintenance services for pumps, valves, taps and metal containers and machinery;Repair and maintenance services of pumps, valves, taps and metal containers;Repair and maintenance services of machinery;Repair and maintenance services of building installations;Repair and maintenance services of electrical and mechanical building installations;Repair and maintenance services of central heating;Repair and maintenance services of cooler groups;Repair and maintenance services of escalators;Lift-maintenance services;Miscellaneous repair and maintenance services;Repair services of jewellery;Repair services of leather personal goods;Repair services of garments and textiles;Repair and maintenance services of weapons and weapon systems;Repair and maintenance services of furniture;Repair and maintenance services of musical instruments;Repair and maintenance services of playground equipment;Repair and maintenance services of hotel and restaurant equipment;Installation services;Installation services of electrical and mechanical equipment;Installation services of equipment for measuring, checking, testing and navigating;Installation services of communications equipment;Installation services of medical and surgical equipment;Installation services of machinery and equipment;Installation services of computers and office equipment;Installation services of metal containers","27-Aug-2026 14:26","03-Sep-2026 15:00","1. Reputed Contractors/firms who have minimum 5 (Five) years of general experience. 2. The minimum specific experience as a Prime Contractor in Civil repair work under public sector of at least 4.50 Lakh in one(01) contract of successfully completed within the last 03 years. Years counting backward from the date of publication of IFT in e-GP. 3. The Tenderers shall have a minimum Average Annual Construction Turnover shall be TK 5.50 Lakh during the last 5 (Five) Years. Detailed eligibility requirements and conditions applicable to the tenderer are stated in the Tender Data Sheet (TDS). 4. The Tenderers shall have minimum Liquid assets i.e line of credit shall be TK. 4.50 Lakh. Document Submitted along with the tender must be issued in between publication date and submission date of the tender. Prescribed from for Line of Credit for this purpose shall be submitted as per form PW-2(a) of tender and Contract forms. 5. The minimum Tender Capacity Tk 4.40 Lakh 6.The tenderer must have updated valid trade licence. 7. Income Tax Clearance Certificate. 8. VAT registration certificate. 9.Must have Updated and valid ABC Electrical Contractor and Supervisor License from Electricity Licensing Board","Electrical repair, renovation, and refurbishment worksâ??including the installation and servicing of air conditionersâ??at the official residence in Kishoreganj district upon the arrival of the new District and Sessions Judge. FY-2026-27","Lot wise","Package wise","Package wise","500","Payment through Bank","28-Feb-2027","28-Feb-2027","Single","Electrical repair, renovation, and refurbishment worksâ??including the installation and servicing of air conditionersâ??at the official residence in Kishoreganj district upon the arrival of the new District and Sessions Judge. FY-2026-27","Kishoreganj","16000","07-Sep-2026","22-Sep-2026","Md. Mohiuddin Jahangir","Executive Engineer","Address : Kishoreganj pwd division ,Kishoreganj City : Kishorerganj Thana : Kishoreganj Sadar District : Kishoreganj - 2300 Country : Bangladesh","Kishoreganj pwd division ,Kishoreganj","Kishorerganj","Kishoreganj Sadar","Kishoreganj - 2300","02-94161751","","600000.00, OTM","https://www.eprocure.gov.bd/resources/common/ViewTender.jsp?id=1324298"
"Ministry of Energy","Power and Mineral Resources","Bangladesh Power Development Board","Sylhet 225MW CCPP, Kumargaon, Sylhet","","Sylhet","Goods","NCT","TENDER","Tender - Single Lot","27.11.9100.406.02.504.26-408, Date:25/08/2026","230633","1323970","Open Tendering Method (OTM)","Revenue","Government","Not applicable","Not applicable","OPN_GR_06_Non_Est. Procurement of Hydrochloric Acid & Sodium Hydroxide for Water Treatment Plant (WTP)  of Sylhet 225  MW CCPP","Chemicals, chemical products and man-made fibres;Chemicals;Gases;Dyes and pigments;Basic inorganic chemicals;Basic organic chemicals;Fertilisers and nitrogen compounds;Plastics in primary forms;Synthetic rubber;Enzymes;Agro-chemical products;Pesticides;Insecticides;Herbicides;Plant-growth regulators;Disinfectants;Rodenticides;Fungicides;Paints, varnishes, printing ink and mastics;Paints;Varnishes;Ink;Mastics, fillers, putty;Solvents;Medicinal products;Medicinal products for the alimentary tract and metabolism;Medicinal products for the blood, blood-forming organs and the cardiovascular system;Medicinal products for dermatology and the musculo-skeletal system;Medicinal products for the genitourinary system and hormones;General anti-infectives for systemic use, vaccines, antineoplastic and immunodulating agents;Medicinal products for the nervous system and sensory organs;Medicinal products for the respiratory system;Various medicinal products;Glycerol, soaps, detergents, cleaning and polishing preparations, perfumes and toilet preparations;Glycerol;Perfumes and toiletries;Explosives and fine chemical products;Prepared explosives;Glues;Essential oils;Photographic chemicals;Unrecorded media;Specialised chemical products;Man-made fibres;Synthetic fibres;Artificial fibres;Various chemical products;Radiator fluids;Water-treatment chemicals;Anti-corrosion products","27-Aug-2026 14:00","08-Sep-2026 11:00","As per TDS & PCC.","Procurement of Hydrochloric Acid & Sodium Hydroxide for Water Treatment Plant (WTP) of Sylhet 225 MW CCPP,BPDB,Kumargaon,Sylhet.","Lot wise","Package wise","Package wise","1000","Payment through Bank","04-Jan-2027","04-Jan-2027","1","Procurement of Hydrochloric Acid & Sodium Hydroxide for Water Treatment Plant (WTP)  of Sylhet 225  MW CCPP","Sylhet 225MW Combined Cycle Power Plant store","45000","15-Sep-2026","15-Jun-2027","Muhammad Jalal Uddin","Executive Engineer","Address : Sylhet 225MW Combined Cycle Power Plant City : Sylhet Thana : Sylhet Sadar District : Sylhet - 3100 Country : Bangladesh","Sylhet 225MW Combined Cycle Power Plant","Sylhet","Sylhet Sadar","Sylhet - 3100","08-21728814","","1700000.00, OTM","https://www.eprocure.gov.bd/resources/common/ViewTender.jsp?id=1323970"
"Ministry of Local Government","Rural Development and Co-operatives","Chittagong City Corporation","Office of Superintending Engineer (Civil), Zone-2","","Chattogram","Works","NCT","TENDER","Tender - Single Lot","App id no: 230631 (2)","230631","1323666","Open Tendering Method (OTM)","Own Fund","Own Fund","Not applicable","Not applicable","CCC/Xen-3/W16/26-27/WR-003 Development of road inside Kapasgola City Corporation Mohila College part-02 at 16 no ward","Construction work;Site preparation work;Building demolition and wrecking work and earthmoving work;Test drilling and boring work;Works for complete or part construction and civil engineering work;Building construction work;Engineering works and construction works;Construction work for pipelines, communication and power lines, for highways, roads, airfields and railways; flatwork;Construction work for water projects;Construction works for plants, mining and manufacturing and for buildings relating to the oil and gas industry;Roof works and other special trade construction works;Building installation work;Electrical installation work;Insulation work;Plumbing and sanitary works;Fencing, railing and safety equipment installation work;Mechanical installations;Building completion work;Plastering work;Joinery and carpentry installation work;Floor and wall covering work;Painting and glazing work;Other building completion work;Hire of construction and civil engineering machinery and equipment with operator;Hire of cranes with operator;Hire of earthmoving equipment with operator","27-Aug-2026 15:00","14-Sep-2026 12:00","as per tender documents","Development of road inside Kapasgola City Corporation Mohila College part-02 at 16 no ward","Lot wise","Package wise","Package wise","1000","Payment through Bank","09-Feb-2027","09-Feb-2027","single","Development of road inside Kapasgola City Corporation Mohila College part-02 at 16 no ward","16 no ward","60000","01-Oct-2026","31-Jan-2027","Md. Farhadul Alam","Superintending Engineer","Address : Nagar Bhaban Tiger pass Chittagong City : Chattogram Thana : Chattogram City Corporation District : Chattogram - 4000 Country : Bangladesh","Nagar Bhaban Tiger pass Chittagong","Chattogram","Chattogram City Corporation","Chattogram - 4000","02-333388818","","2500000.00, OTM","https://www.eprocure.gov.bd/resources/common/ViewTender.jsp?id=1323666"
"Ministry of Education","Secondary and Higher Education Division","Bangladesh University of Professionals (BUP)","Registrar Office(Procurement Section)","","Dhaka","Goods","NCT","TENDER","Tender - Single Lot","BUP/PROC/2026-27/GDs/G23","230393","1322210","Open Tendering Method (OTM)","Revenue","Government","Not applicable","Not applicable","BUP/PROC/2026-27/GDs/G23 Supply of Office Equipment","Various office equipment and supplies; Office machinery, equipment and supplies except computers;","27-Aug-2026 13:00","06-Sep-2026 11:00","As per TDs and PCC with a view of E-tender Documents.","Supply of Office Equipment","Lot wise","Package wise","Package wise","1000","Payment through Bank","01-Feb-2027","01-Feb-2027","Lot-1","Supply of Office Equipment","BUP, Mirpur Cantonment","41066","04-Oct-2026","31-Dec-2026","MD RABBI AHSAN","Registrar","Address : Bangladesh University of Professionals, Mirpur Cantt, Dhaka City : Dhaka Thana : Dhaka North City Corporation District : Dhaka - 1216 Country : Bangladesh","Bangladesh University of Professionals, Mirpur Cantt, Dhaka","Dhaka","Dhaka North City Corporation","Dhaka - 1216","02-8000488","","1466624.67, OTM","https://www.eprocure.gov.bd/resources/common/ViewTender.jsp?id=1322210"
"Ministry of Road Transport and Bridges","Road Transport and Highways Division","Roads & Highways Department (RHD)","Lalmonirhat Road Division","eelalmonirhat","Lalmonirhat","Works","NCT","TENDER","Tender - Single Lot","eGP-04/EE/LRD/PMP Major Road/2026-2027","228988","1322634","Open Tendering Method (OTM)","Revenue","Government","Not applicable","Not applicable","eGP-04/EE/LRD/PMP Major Road/2026-2027 Periodic Maintenance Program (PMP Major-Road) by Widening, Surfacing  & others ancillary works  at Ch.28+290 km  to Ch.32+750 km (Kalirpat to Barabari Bazar) and Construction of  Teesta Toll Plaza at 23rd km (p) of  Rangpur-Barabari-Kurigram National Highway (N-506) Road, under Road Division Lalmonirhat during the FY 2026-2027.","Engineering works and construction works; Works for complete or part construction and civil engineering work;","27-Aug-2026 15:00","20-Sep-2026 17:00","1. Any/All tenderers who have registration in the Government e-GP system may participate in the tender provided they fulfill the criteria stated in the Tender Data Sheet (TDS). The Tenderer shall be evaluated based on the latest revision of PPA-2006 & PPR-2025. 2. The Tenderers must upload Rate Analysis in support of their quoted rates. 3. The Tenderer will be evaluated in the e-GP system. 4. The Tenderer will have to set up required Laboratory Facilities at the respective work site at his own cost & arrange with proper equipment and manpower. 5. The tenderer has to ensure by a certification that Manpower & Equipments as submitted along with the tender document will be used only for this particular package. 6. The Tenderer must ensure a signed copy of the attached formats in Section 7and 8.","Periodic Maintenance Program (PMP Major-Road) by Widening, Surfacing & others ancillary works at Ch.28+290 km to Ch.32+750 km (Kalirpat to Barabari Bazar) and Construction of Teesta Toll Plaza at 23rd km (p) of Rangpur-Barabari-Kurigram National Highway (N-506) Road, under Road Division Lalmonirhat during the FY 2026-2027.","Lot wise","Package wise","Package wise","5000","Payment through Bank","18-Mar-2027","18-Mar-2027","1","Periodic Maintenance Program (PMP Major-Road) by Widening, Surfacing  & others ancillary works  at Ch.28+290 km  to Ch.32+750 km (Kalirpat to Barabari Bazar) and Construction of  Teesta Toll Plaza at 23rd km (p) of  Rangpur-Barabari-Kurigram National Highway (N-506) Road, under Road Division Lalmonirhat during the FY 2026-2027.","As given in the brief Description of works","6000000","01-Nov-2026","29-Jul-2027","Debashish Saha","Executive Engineer","Address : Executive Engineer, Lalmonirhat Road Division, Lalmonirhat City : Lalmonirhat Thana : Lalmonirhat Sadar District : Lalmonirhat - 1234 Country : Bangladesh","Executive Engineer, Lalmonirhat Road Division, Lalmonirhat","Lalmonirhat","Lalmonirhat Sadar","Lalmonirhat - 1234","0591-61770","0591-61770","Not Found","https://www.eprocure.gov.bd/resources/common/ViewTender.jsp?id=1322634"
"Ministry of Education","Secondary and Higher Education Division","National Curriculum and textbook Board (NCTB)","Member (Textbook), NCTB","","Dhaka","Goods","NCT","TENDER","Tender - Single Lot","37.06.0000.303.07.002.26.2295","225442","1323966","Open Tendering Method (OTM)","Revenue","Government","Not applicable","Not applicable","GD.11_EBT-SEC-DHA.1311 For Printing (with paper), Binding and Supplying  of textbooks of Ebtedayee Class-4 &  Secondary (Bangla & English Version), Dakhil,  Class-6 to be  distributed free of cost for the Academic Year 2027.","Various types of printed matter and articles for printing; Printing, publishing and related services;Printed books, brochures and leaflets;Printed books;Publications;Directories;Leaflets;Brochures;Booklets;Newspapers, journals, periodicals and magazines;Newspapers;Postcards, greeting cards and other printed matter;Postcards;Greeting cards;Stamps, cheque forms, banknotes, stock certificates, trade advertising material, catalogues and manuals;Stamps;Stamp-impressed paper;Banknotes;Cheque forms;Security-type printed matter;Trade-advertising material, commercial catalogues and manuals;Manuals;Printing plates or cylinders or other media for use in printing;Offset plates;Dry-etching equipment;Paper or paperboard registers, account books, binders, forms and other articles of printed stationery;Paper or paperboard registers;Forms;Exercise books;Albums for samples;Binders and related accessories;Printed stationery except forms;Miscellaneous printed matter;Car-tax discs;Driving licences;ID cards;Permits;Entrance cards;Bespoke printed matter;Tickets;Printing services;Printing services for books;Printing services for stationery;Printing services for security printed matter;Printing services for forms;Printing services for tickets;Printing services for calendars;Printing services for timetables;Newspaper printing services;Printing services for posters;Services related to printing;Print finishing services;Composition services;Printing and delivery services;Printing and distribution services;Publishing services;Bookbinding and finishing services;Subscription services","27-Aug-2026 16:00","09-Sep-2026 16:00","As Per TDS","For Printing (with paper), Binding and Supplying of textbooks of Ebtedayee Class-4 & Secondary (Bangla & English Version), Dakhil, Class-6 to be distributed free of cost for the Academic Year 2027.","Lot wise","Package wise","Package wise","2500","Payment through Bank","07-Mar-2027","07-Mar-2027","1311","For Printing (with paper), Binding and Supplying  of textbooks of Ebtedayee Class-4 &  Secondary (Bangla & English Version), Dakhil,  Class-6 to be  distributed free of cost for the Academic Year 2027.","As Per Delivery Schedule","50000","20-Sep-2026","26-Nov-2026","Mohammad Abu Nasher Tuku","Member (Textbook)","Address :  69-70, Motijheel, C/A, Dhaka-1000 City : Dhaka Thana : Dhaka South City Corporation District : Dhaka - 1000 Country : Bangladesh","69-70, Motijheel, C/A, Dhaka-1000","Dhaka","Dhaka South City Corporation","Dhaka - 1000","02-9550805","","Not Found","https://www.eprocure.gov.bd/resources/common/ViewTender.jsp?id=1323966"
"Ministry of Housing and Public Works","","Public Works Department (PWD)","Cumilla PWD Division, Cumilla","","Cumilla","Goods (Framework Agreement)","NCT","TENDER","Tender - Single Lot","memo no SE 153  DT 12.08.2026","226573","1323145","Open Tendering Method (OTM)","Revenue","Government","Not applicable","Not applicable","APP- NR-   2026- 2027. Replacement of unusable sanitary fittings in/c repair work at District Chief Judicial Magistrate Court building Cumilla","Repair, maintenance and installation services;Repair, maintenance and associated services of vehicles and related equipment;Repair and maintenance services of motor vehicles and associated equipment;Demolition services of vehicles;Repair, maintenance and associated services related to aircraft, railways, roads and marine equipment;Repair, maintenance and associated services related to aircraft and other equipment;Repair, maintenance and associated services related to railways and other equipment;Repair, maintenance and associated services related to roads and other equipment;Repair, maintenance and associated services related to marine and other equipment;Repair, maintenance and associated services related to personal computers, office equipment, telecommunications and audio-visual equipment;Maintenance and repair of office machinery;Repair and maintenance services of personal computers;Maintenance services of telecommunications equipment;Repair and maintenance services of audio-visual and optical equipment;Repair and maintenance services of medical and precision equipment;Repair and maintenance services of measuring, testing and checking apparatus;Repair and maintenance services of medical and surgical equipment;Repair and maintenance services of precision equipment;Repair and maintenance services for pumps, valves, taps and metal containers and machinery;Repair and maintenance services of pumps, valves, taps and metal containers;Repair and maintenance services of machinery;Repair and maintenance services of building installations;Repair and maintenance services of electrical and mechanical building installations;Repair and maintenance services of central heating;Repair and maintenance services of cooler groups;Repair and maintenance services of escalators;Lift-maintenance services;Miscellaneous repair and maintenance services;Repair services of jewellery;Repair services of leather personal goods;Repair services of garments and textiles;Repair and maintenance services of weapons and weapon systems;Repair and maintenance services of furniture;Repair and maintenance services of musical instruments;Repair and maintenance services of playground equipment;Repair and maintenance services of hotel and restaurant equipment;Installation services;Installation services of electrical and mechanical equipment;Installation services of equipment for measuring, checking, testing and navigating;Installation services of communications equipment;Installation services of medical and surgical equipment;Installation services of machinery and equipment;Installation services of computers and office equipment;Installation services of metal containers","27-Aug-2026 15:40","08-Sep-2026 15:00","a) The tenderer shall have minimum 3 (Three) years of general experience in the supply of Goods and related services b) The minimum specific experience as Supplier in supply of similar Goods of at least 1 contract(s) successfully completed within the last 3 years, each with a value of at least Tk.3.00 Lac in any Government/Semi-Government/Autonomous organization of Bangladesh i) In case of work done under PWD, the certifying and authenticating Authority shall be the Concern Executive Engineer. ii) In case of the work done under any Govt/ Semi Govt/ Autonomous Bodies/ Organization other than PWD the certifying authority shall be an officer not below the rank of Executive Engineer c) The Tenderers must have a minimum average annual Construction Turnover of Tk 3.00 lac during last 3 (three) Years. d) The minimum amount of liquid assets or working capital or credit facilities of the Tenderer shall be Tk 5.00 lac only. f)The minimum tender capacity shall be Tk- 3.25 lac only.","Replacement of unusable sanitary fittings in/c repair work at District Chief Judicial Magistrate Court building Cumilla","Lot wise","Package wise","Package wise","500","Payment through Bank","05-Dec-2026","05-Dec-2026","1","Replacement of unusable sanitary fittings in/c repair work at District Chief Judicial Magistrate Court building Cumilla","District Chief Judicial Magistrate Court","12000","15-Sep-2026","30-Jun-2027","Nazmul Hasan Hera","Executive Engineer","Address : Cumilla City : Cumilla Thana : Cumilla Sadar District : Cumilla - 3500 Country : Bangladesh","Cumilla","Cumilla","Cumilla Sadar","Cumilla - 3500","081-63883","","Not Found","https://www.eprocure.gov.bd/resources/common/ViewTender.jsp?id=1323145"
"Ministry of Finance","Financial Institutions Division","Rajshahi Krishi Unnayan Bank (RAKUB)","Common Services Department","CSD","Rajshahi","Goods","NCT","TENDER","Tender - Single Lot","CSD/GD/e-GP/2026-2027/OTM-2","230759","1322312","Open Tendering Method (OTM)","Own Fund","Own Fund","Not applicable","Not applicable","CSD/GD/e-gp/2026-2027/OTM-2 Design, Printing, Binding and Supply of Non MICR Savings Cheque Books (10 leaf/book) and Non MICR Current Cheque Books (20 leaf/ book).","Printing services for security printed matter; Printing services;","27-Aug-2026 13:01","08-Sep-2026 15:00","(a) The tenderer should have minimum 4 (four) years of general experience in supplying cheque books. (b) The tenderer should have Completed supplying cheque books of minimum (BDT) 45.00 lac under maximum 2 (Two) contracts in last 4 years. (i.e. years counting backwards from the date of publication of IFT in the e-GP system).","Design, Printing, Binding and Supply of 3,10,000 nos. Non MICR Savings Cheque Books (10 leaves/book) and 15,000 nos. Non MICR Current Cheque Books (20 leaves/ book).","Lot wise","Package wise","Package wise","2500","Payment through Bank","05-Jan-2027","05-Jan-2027","1","Design, Printing, Binding and Supply of Non MICR Savings Cheque Books (10 leaf/book) and Non MICR Current Cheque Books (20 leaf/ book).","RAKUB Central Godawn Rajshahi","150000","23-Sep-2026","08-Dec-2026","MOHAMMAD ZAFAR ALI MOLLIK","DGM","Address : Common Services Department, Rajshahi Krishi Unnayan Bank, Head Office, 272, Banalata C/A, Airport Road, Rajshahi. City : Rajshahi Thana : Rajshahi City Corporation District : Rajshahi - 6203 Country : Bangladesh","Common Services Department, Rajshahi Krishi Unnayan Bank, Head Office, 272, Banalata C/A, Airport Road, Rajshahi.","Rajshahi","Rajshahi City Corporation","Rajshahi - 6203","0247-860502","0247-860516","6200000.00, OTM","https://www.eprocure.gov.bd/resources/common/ViewTender.jsp?id=1322312"
"Ministry of Energy","Power and Mineral Resources","Power Grid Bangladesh PLC","Grid Circle, Dhaka North","","Dhaka","Works","NCT","TENDER","Tender - Single Lot","27.21.0000.624.07.207.26.815 Date:23/08/2026","230234","1322759","Open Tendering Method (OTM)","Own Fund","Own Fund","Not applicable","Not applicable","27.21.0000.624.07.207.26.783 Date:16/08/2026 Yearly cleaning works of different control rooms, door, windows, toilets, drain and roads of Kaliakair 400/230/132kV Grid Sub-station under Grid Circle, Dhaka (North), Power Grid Bangladesh PLC.","Electrical parts of machinery or apparatus; Electrical equipment and apparatus; Electrical supplies and accessories; Electricity; Electricity, gas, nuclear energy and fuels, steam, hot water and other sources of energy; Construction work; Miscellaneous repair and maintenance services; Installation services; Repair, maintenance and installation services; Sewage and refuse collection and disposal services; Cleaning and sanitation services in urban or rural areas, and related services; Sewage- and refuse-disposal services, sanitation and environmental services; Miscellaneous services;Site preparation work;Building demolition and wrecking work and earthmoving work;Test drilling and boring work;Works for complete or part construction and civil engineering work;Building construction work;Engineering works and construction works;Construction work for pipelines, communication and power lines, for highways, roads, airfields and railways; flatwork;Construction work for water projects;Construction works for plants, mining and manufacturing and for buildings relating to the oil and gas industry;Roof works and other special trade construction works;Building installation work;Electrical installation work;Insulation work;Plumbing and sanitary works;Fencing, railing and safety equipment installation work;Mechanical installations;Building completion work;Plastering work;Joinery and carpentry installation work;Floor and wall covering work;Painting and glazing work;Other building completion work;Hire of construction and civil engineering machinery and equipment with operator;Hire of cranes with operator;Hire of earthmoving equipment with operator;Repair services of jewellery;Repair services of leather personal goods;Repair services of garments and textiles;Repair and maintenance services of weapons and weapon systems;Repair and maintenance services of furniture;Repair and maintenance services of musical instruments;Repair and maintenance services of playground equipment;Repair and maintenance services of hotel and restaurant equipment;Installation services of electrical and mechanical equipment;Installation services of equipment for measuring, checking, testing and navigating;Installation services of communications equipment;Installation services of medical and surgical equipment;Installation services of machinery and equipment;Installation services of computers and office equipment;Installation services of metal containers;Sewage services;Refuse services;Street-cleaning services;Gully-cleaning services;Asbestos removal services;Deleading services;Disinfecting and exterminating services in urban or rural areas;Beach cleaning services;Washing and dry-cleaning services;Laundry-collection services;Textile-cleaning services;Fur-products cleaning services;Colouring services;Pressing services;Dyeing services;Hairdressing and beauty treatment services;Hairdressing services;Beauty treatment services;Physical well-being services;Turkish bath services;Spa services;Massage services;Accommodation and office services;Accommodation services;Civic-amenity services;Car-park management services;Marine services;Aquatic marine services;Port management services;Diving services;Funeral and related services;Funeral services;Miscellaneous services n.e.c.;Decommissioning services;Relocation services;Tailoring services;Upholstering services;Locksmith services;Clearing and Forwarding Agent;Service Provider (Others)","27-Aug-2026 15:00","17-Sep-2026 13:00","1. ABC Category Electrical Supervisory License from Bangladesh Electrical Licensing Board and as per TDS. 2. Updated Trade License. 3. Updated BIN. 4. Updated Income Tax Certificate. 5. Similar work experience (supported by completion certificate) from (PGCB/BPDB/NWPGCB/EGCB/DPDC/DESCO/NESCO/WZPDCL Etc.). 6. Others as per TDS.","Yearly cleaning works of different control rooms, door, windows, toilets, drain and roads of Kaliakair 400/230/132kV Grid Sub-station under Grid Circle, Dhaka (North), Power Grid Bangladesh PLC.","Lot wise","Package wise","Package wise","500","Payment through Bank","12-Feb-2027","12-Feb-2027","1","Yearly cleaning works of different control rooms, door, windows, toilets, drain and roads of Kaliakair 400/230/132kV Grid Sub-station.","Kaliakair 400kV230kV13kV Grid Substation, Kaliakair, Gazipur","24000","24-Sep-2026","28-Jun-2027","Md Shamim Hossain","Superintendent Engineer","Address : Level 07, NLDC Bhaban, Avenue-3, Jahurul Islam City, Aftabnagar City : Dhaka Thana : Dhaka North City Corporation District : Dhaka - 1212 Country : Bangladesh","Level 07, NLDC Bhaban, Avenue-3, Jahurul Islam City, Aftabnagar","Dhaka","Dhaka North City Corporation","Dhaka - 1212","02-55046736","02-55046736","Not Found","https://www.eprocure.gov.bd/resources/common/ViewTender.jsp?id=1322759"
"Ministry of Energy","Power and Mineral Resources","Bangladesh Power Development Board","Sales and Distribution Division, Daulatgonj, BPDB, Laksam, Comilla.","","Cumilla","Works","NCT","TENDER","Tender - Single Lot","27.11.1972.816.003.07.26.623; 25/8/2026","228288","1322010","Open Tendering Method (OTM)","Revenue","Government","Not applicable","Not applicable","D2_WR-O and M-08 Repair & Maintenance work of 11kV Gunti-Uttarkul Feeder including Replacing Faulty Transformers, Installing Transformer Body & Neutral Earthing, Changing Damaged HT Drops & LT Loops, Shifting or Installing Trasnformers to Load Center, Re-Tensioning HT & LT Conductors, Replacing Damaged HT & LT Conductors, Strengthening Inclined Poles, Replacing Damaged Poles and related works under Sales and Distribution Division-Daulatganj, BPDB, Laksam, Cumilla.","Gas distribution and related services; Public utilities;Gas distribution","27-Aug-2026 14:30","13-Sep-2026 11:30","As Per Tender Data Sheet (TDS)","Repair & Maintenance work of 11kV Gunti-Uttarkul Feeder including Replacing Faulty Transformers, Installing Transformer Body & Neutral Earthing, Changing Damaged HT Drops & LT Loops, Shifting or Installing Trasnformers to Load Center, Re-Tensioning HT & LT Conductors, Replacing Damaged HT & LT Conductors, Strengthening Inclined Poles, Replacing Damaged Poles and related works under Sales and Distribution Division-Daulatganj, BPDB, Laksam, Cumilla.","Lot wise","Package wise","Package wise","500","Payment through Bank","09-Jan-2027","09-Jan-2027","01","Repair & Maintenance work of 11kV Gunti-Uttarkul Feeder including Replacing Faulty Transformers, Installing Transformer Body & Neutral Earthing, Changing Damaged HT Drops & LT Loops, Shifting or Installing Trasnformers to Load Center, Re-Tensioning HT & LT Conductors, Replacing Damaged HT & LT Conductors, Strengthening Inclined Poles, Replacing Damaged Poles and related works under Sales and Distribution Division-Daulatganj, BPDB, Laksam, Cumilla.","Sales and Distribution Division Daulatgonj BPDB Comilla","8000","11-Oct-2026","10-Nov-2026","MD. SHOHAG BEPARY","Executive Engineer","Address : Sales and Distribution Division, Daulatgonj, BPDB, Laksam, Comilla. City : Comilla Thana : Laksham District : Cumilla - 3570 Country : Bangladesh","Sales and Distribution Division, Daulatgonj, BPDB, Laksam, Comilla.","Comilla","Laksham","Cumilla - 3570","08032-51270","","Not Found","https://www.eprocure.gov.bd/resources/common/ViewTender.jsp?id=1322010"
"Ministry of Energy","Power and Mineral Resources","Bangladesh Power Development Board","Sales and Distribution Division, Daulatgonj, BPDB, Laksam, Comilla.","","Cumilla","Physical Services","NCT","PPS","","","228288","1321592","Open Tendering Method (OTM)","Revenue","Government","Not applicable","Not applicable","D2_PS-01 Transportation of Electrical Poles, Hardware Materials, and Distribution Substation Equipment from Various BPDB Stores to the Sales and Distribution Division, Daulatganj, BPDB, Laksham, Cumilla (July-December 2026).","Land transport services; Land transport services and transport via pipeline services; Passenger land transport services.; Land freight transport services;","27-Aug-2026 14:30","13-Sep-2026 11:30","As Per Tender Data Sheet (TDS)","Transportation of Electrical Poles, Hardware Materials, and Distribution Substation Equipment from Various BPDB Stores to the Sales and Distribution Division, Daulatganj, BPDB, Laksham, Cumilla (July-December 2026).","Package wise","","Package wise","500","Payment through Bank","09-Jan-2027","09-Jan-2027","","","Sales and Distribution Division Daulatgonj BPDB Comilla","","11-Oct-2026","31-Dec-2026","MD. SHOHAG BEPARY","Executive Engineer","Address : Sales and Distribution Division, Daulatgonj, BPDB, Laksam, Comilla. City : Comilla Thana : Laksham District : Cumilla - 3570 Country : Bangladesh","Sales and Distribution Division, Daulatgonj, BPDB, Laksam, Comilla.","Comilla","Laksham","Cumilla - 3570","08032-51270","","400000.00, OTM","https://www.eprocure.gov.bd/resources/common/ViewTender.jsp?id=1321592"
"Ministry of Energy","Power and Mineral Resources","Bangladesh Power Development Board","Sales and Distribution Division, Daulatgonj, BPDB, Laksam, Comilla.","","Cumilla","Works","NCT","TENDER","Tender - Single Lot","27.11.1972.816.003.07.26.620; 25/8/2026","228288","1321580","Open Tendering Method (OTM)","Revenue","Government","Not applicable","Not applicable","D2_WR-O and M-06 Clearning Right of Way and Trimming Tree Brunches of 11kV & 0.4kV Distribution Lines of Upazila, Hospital, Bazar-1, Bazar-2 Feeders under Sales and Distribution Division-Daulatganj, BPDB, Laksam, Cumilla.","Electricity distribution and related services; Public utilities;Electricity distribution;Operation of electrical installations","27-Aug-2026 14:30","13-Sep-2026 11:30","As Per Tender Data Sheet (TDS)","Clearning Right of Way and Trimming Tree Brunches of 11kV & 0.4kV Distribution Lines of Upazila, Hospital, Bazar-1, Bazar-2 Feeders under Sales and Distribution Division-Daulatganj, BPDB, Laksam, Cumilla.","Lot wise","Package wise","Package wise","500","Payment through Bank","09-Jan-2027","09-Jan-2027","01","Clearning Right of Way and Trimming Tree Brunches of 11kV & 0.4kV Distribution Lines of Upazila, Hospital, Bazar-1, Bazar-2 Feeders under Sales and Distribution Division-Daulatganj, BPDB, Laksam, Cumilla.","Sales and Distribution Division Daulatgonj BPDB Comilla","13000","11-Oct-2026","20-May-2027","MD. SHOHAG BEPARY","Executive Engineer","Address : Sales and Distribution Division, Daulatgonj, BPDB, Laksam, Comilla. City : Comilla Thana : Laksham District : Cumilla - 3570 Country : Bangladesh","Sales and Distribution Division, Daulatgonj, BPDB, Laksam, Comilla.","Comilla","Laksham","Cumilla - 3570","08032-51270","","Not Found","https://www.eprocure.gov.bd/resources/common/ViewTender.jsp?id=1321580"
"Ministry of Housing and Public Works","","Public Works Department (PWD)","Dinajpur PWD Division","RngDnj","Dinajpur","Physical Services","NCT","PPS","","","228776","1323670","Open Tendering Method (OTM)","Revenue","Government","Not applicable","Not applicable","Outsourcing/30 Nos/Tender/26-27 Supply work involving of a total of 30 workers on a purely temporary basis under PWD Division, Dinajpur, in accordance with outsourcing policies, for the period from July 2026 to June 2027. The required workers are: 02 Sanitary/Plumbing Technicians, 01 Sanitary Helper, 01 Carpenter, 01 Carpenters Helper, 07 Security Guards, 01 Gardener, 01 Cook, 04 Cleaners, 08 Lift Operators, 02 Electricians, 01 Assistant Electrician, and 01 Pump Motor Operator. FY:2026-27.","Manpower services; Services of commercial and industrial workers; Domestic services;","27-Aug-2026 13:30","13-Sep-2026 11:00","This invitation for Tender is open to all eligible Tenderers as mentioned below: 1.The minimum number of years of general experience of the Tenderer shall be 03 (Three) years. 2. The minimum specific experience as a Prime Contractor in supplying manpower over a period of last 03 (Three) years in a single contract with a value of minimum Tk. 50 (Fifty) lac shall be required. 3. The required average annual turnover of the Tenderer shall be at least Tk.100.00 (Hundred) lac over the last 03 (Three) years. 4. The minimum amount of liquid assets or credit line(s)of the Tenderer shall be Tk. 40.00 (Forty) lac (Form e-PPS2-5). 5. The Tenderer must submit the following updated documents: valid Trade License, VAT registration certificate, Income Tax Clearance Certificate, Bank solvency certificate, Papers related to previous manpower supply experience. 6. Updated License/ Registration Document as manpower provider firm issued by Department of Inspection for Factories and Establishments (DIFE) in compliance of Section 3Ka(1) of Bangladesh Labour Act 2006. Failure in submitting of such document shall lead to the non-responsiveness of the concerned bidder. 7. Years counting backward from the date of publication of IFT in the newspaper. [The full eligibility and qualification criteria will be available in details in the Tender Data Sheet (TDS, Section-2) of Tender Document].","Supply work involving of a total of 30 workers on a purely temporary basis under PWD Division, Dinajpur, in accordance with outsourcing policies, for the period from July 2026 to June 2027. The required workers are: 02 Sanitary/Plumbing Technicians, 01 Sanitary Helper, 01 Carpenter, 01 Carpenters Helper, 07 Security Guards, 01 Gardener, 01 Cook, 04 Cleaners, 08 Lift Operators, 02 Electricians, 01 Assistant Electrician, and 01 Pump Motor Operator. FY:2026-27.","Package wise","","Package wise","2500","Payment through Bank","08-Feb-2027","08-Feb-2027","","","PWD Division","","01-Oct-2026","30-Jun-2027","Md. Maniruzzaman Sarker","Executive Engineer","Address : Purta Bhaban, Dinajpur City : Dinajpur Thana : Dinajpur Sadar District : Dinajpur - 1000 Country : Bangladesh","Purta Bhaban, Dinajpur","Dinajpur","Dinajpur Sadar","Dinajpur - 1000","0531-65129","0531-62121","Not Found","https://www.eprocure.gov.bd/resources/common/ViewTender.jsp?id=1323670"
"Ministry of Energy","Power and Mineral Resources","Sylhet Gas Fields Limited","Procurement Department","","Sylhet","Goods","NCT","TENDER","Tender - Single Lot","28.20.9153.14.14.0002.26/3","227737","1313001","Open Tendering Method (OTM)","Own Fund","Own Fund","Not applicable","Not applicable","28.20.9153.14.14.0002.26/3 Procurement of Stationery goods for Head office under Sylhet Gas Fields Limited.","Office and computing machinery, equipment and supplies; Office machinery, equipment and supplies except computers; Word-processing machines; Photocopying and printing equipment; Post-office equipment; Calculating and accounting machines; Typewriters; Parts and accessories of typewriters and calculating machines; Various office equipment and supplies; Computer equipment and supplies;Data-processing machines;Digital cartography equipment;Computer hardware;Software;Computer systems;Servers","27-Aug-2026 15:15","20-Sep-2026 16:00","As per tender document","Procurement of Stationery goods for Head office under Sylhet Gas Fields Limited.","Lot wise","Package wise","Package wise","1000","Payment through Bank","17-Jan-2027","17-Jan-2027","1","Procurement of Stationery goods for Head office under Sylhet Gas Fields Limited.","SGFL Head Office, Chiknagool, Jaintapur, Sylhet","50000","30-Nov-2026","31-Jan-2027","MD EKRAMUL HAQUE","General Manager","Address : Sylhet Gas Fields Limited,
Chiknagool, Sylhet City : Sylhet Thana : Jointiapur District : Sylhet - 3152 Country : Bangladesh","","Sylhet","Jointiapur","Sylhet - 3152","0821-760630","","1900000.00, OTM","https://www.eprocure.gov.bd/resources/common/ViewTender.jsp?id=1313001"
"Ministry of Energy","Power and Mineral Resources","Bangladesh Power Development Board","Sales and Distribution Division, Daulatgonj, BPDB, Laksam, Comilla.","","Cumilla","Works","NCT","TENDER","Tender - Single Lot","27.11.1972.816.003.07.26.624; 25/8/2026","228288","1322642","Open Tendering Method (OTM)","Revenue","Government","Not applicable","Not applicable","D2_WR-O and M-09 Repair & Maintenance work of 11kV Upazila Feeder including Replacing Faulty Transformers, Installing Transformer Body & Neutral Earthing, Changing Damaged HT Drops & LT Loops, Shifting or Installing Trasnformers to Load Center, Re-Tensioning HT & LT Conductors, Replacing Damaged HT & LT Conductors, Strengthening Inclined Poles, Replacing Damaged Poles and related works under Sales and Distribution Division-Daulatganj, BPDB, Laksam, Cumilla.","Electricity distribution and related services; Public utilities;Electricity distribution;Operation of electrical installations","27-Aug-2026 14:30","13-Sep-2026 11:30","As Per Tender Data Sheet (TDS)","Repair & Maintenance work of 11kV Upazila Feeder including Replacing Faulty Transformers, Installing Transformer Body & Neutral Earthing, Changing Damaged HT Drops & LT Loops, Shifting or Installing Trasnformers to Load Center, Re-Tensioning HT & LT Conductors, Replacing Damaged HT & LT Conductors, Strengthening Inclined Poles, Replacing Damaged Poles and related works under Sales and Distribution Division-Daulatganj, BPDB, Laksam, Cumilla.","Lot wise","Package wise","Package wise","500","Payment through Bank","09-Jan-2027","09-Jan-2027","01","Repair & Maintenance work of 11kV Upazila Feeder including Replacing Faulty Transformers, Installing Transformer Body & Neutral Earthing, Changing Damaged HT Drops & LT Loops, Shifting or Installing Trasnformers to Load Center, Re-Tensioning HT & LT Conductors, Replacing Damaged HT & LT Conductors, Strengthening Inclined Poles, Replacing Damaged Poles and related works under Sales and Distribution Division-Daulatganj, BPDB, Laksam, Cumilla.","Sales and Distribution Division Daulatgonj BPDB Comilla","9000","11-Oct-2026","10-Nov-2026","MD. SHOHAG BEPARY","Executive Engineer","Address : Sales and Distribution Division, Daulatgonj, BPDB, Laksam, Comilla. City : Comilla Thana : Laksham District : Cumilla - 3570 Country : Bangladesh","Sales and Distribution Division, Daulatgonj, BPDB, Laksam, Comilla.","Comilla","Laksham","Cumilla - 3570","08032-51270","","Not Found","https://www.eprocure.gov.bd/resources/common/ViewTender.jsp?id=1322642"
"Ministry of Energy","Power and Mineral Resources","Bangladesh Power Development Board","Sales and Distribution Division, Daulatgonj, BPDB, Laksam, Comilla.","","Cumilla","Works","NCT","TENDER","Tender - Single Lot","27.11.1972.816.003.07.26.619; 25/8/2026","228288","1321540","Open Tendering Method (OTM)","Revenue","Government","Not applicable","Not applicable","D2_WMR-04 Outsourcing work for the prepayment metering project of the vending operator against the post of staff salary Under Sales & Distribution Division-Daulatgonj, BPDB, Laksam, Cumilla office","Service Provider (Others); Miscellaneous services;","27-Aug-2026 14:30","13-Sep-2026 11:30","As Per Tender Data Sheet (TDS)","Outsourcing work for the prepayment metering project of the vending operator against the post of staff salary Under Sales & Distribution Division-Daulatgonj, BPDB, Laksam, Cumilla office","Lot wise","Package wise","Package wise","1000","Payment through Bank","09-Jan-2027","09-Jan-2027","1","Outsourcing work for the prepayment metering project of the vending operator against the post of staff salary Under Sales & Distribution Division-Daulatgonj, BPDB, Laksam, Cumilla office","Sales and Distribution Division Daulatgonj BPDB Comilla","35000","11-Oct-2026","11-Nov-2026","MD. SHOHAG BEPARY","Executive Engineer","Address : Sales and Distribution Division, Daulatgonj, BPDB, Laksam, Comilla. City : Comilla Thana : Laksham District : Cumilla - 3570 Country : Bangladesh","Sales and Distribution Division, Daulatgonj, BPDB, Laksam, Comilla.","Comilla","Laksham","Cumilla - 3570","08032-51270","","1600000.00, OTM","https://www.eprocure.gov.bd/resources/common/ViewTender.jsp?id=1321540"
"Ministry of Housing and Public Works","","Public Works Department (PWD)","Kishoreganj pwd division","","Kishoreganj","Works","NCT","TENDER","Tender - Single Lot","25.36.6100.000.00.000.25.97, Date: 25/08/2026","226819","1324313","Open Tendering Method (OTM)","Revenue","Government","Not applicable","Not applicable","KPWD/APP/26-27/038 Replacement works of defective lights, switches, and sockets in 15 courtrooms and corridors of the Kishoreganj District Chief Judicial Magistrate Court building; servicing of air conditioners in various Judicial Magistrate chambers; repair and maintenance of internet and telephone lines; and incidental electrical repair and maintenance work.FY-2026-27","Repair, maintenance and installation services;Repair, maintenance and associated services of vehicles and related equipment;Repair and maintenance services of motor vehicles and associated equipment;Demolition services of vehicles;Repair, maintenance and associated services related to aircraft, railways, roads and marine equipment;Repair, maintenance and associated services related to aircraft and other equipment;Repair, maintenance and associated services related to railways and other equipment;Repair, maintenance and associated services related to roads and other equipment;Repair, maintenance and associated services related to marine and other equipment;Repair, maintenance and associated services related to personal computers, office equipment, telecommunications and audio-visual equipment;Maintenance and repair of office machinery;Repair and maintenance services of personal computers;Maintenance services of telecommunications equipment;Repair and maintenance services of audio-visual and optical equipment;Repair and maintenance services of medical and precision equipment;Repair and maintenance services of measuring, testing and checking apparatus;Repair and maintenance services of medical and surgical equipment;Repair and maintenance services of precision equipment;Repair and maintenance services for pumps, valves, taps and metal containers and machinery;Repair and maintenance services of pumps, valves, taps and metal containers;Repair and maintenance services of machinery;Repair and maintenance services of building installations;Repair and maintenance services of electrical and mechanical building installations;Repair and maintenance services of central heating;Repair and maintenance services of cooler groups;Repair and maintenance services of escalators;Lift-maintenance services;Miscellaneous repair and maintenance services;Repair services of jewellery;Repair services of leather personal goods;Repair services of garments and textiles;Repair and maintenance services of weapons and weapon systems;Repair and maintenance services of furniture;Repair and maintenance services of musical instruments;Repair and maintenance services of playground equipment;Repair and maintenance services of hotel and restaurant equipment;Installation services;Installation services of electrical and mechanical equipment;Installation services of equipment for measuring, checking, testing and navigating;Installation services of communications equipment;Installation services of medical and surgical equipment;Installation services of machinery and equipment;Installation services of computers and office equipment;Installation services of metal containers","27-Aug-2026 13:32","03-Sep-2026 15:00","1. Reputed Contractors/firms who have minimum 5 (Five) years of general experience. 2. The minimum specific experience as a Prime Contractor in Electric repair work under public sector of at least 6.00 Lakh in one(01) contract of successfully completed within the last 03 years. Years counting backward from the date of publication of IFT in e-GP. 3. The Tenderers shall have a minimum Average Annual Construction Turnover shall be TK 7.50 Lakh during the last 5 (Five) Years. Detailed eligibility requirements and conditions applicable to the tenderer are stated in the Tender Data Sheet (TDS). 4. The Tenderers shall have minimum Liquid assets i.e line of credit shall be TK. 7.00 Lakh. Document Submitted along with the tender must be issued in between publication date and submission date of the tender. Prescribed from for Line of Credit for this purpose shall be submitted as per form PW-2(a) of tender and Contract forms. 5. The minimum Tender Capacity Tk 6.00 Lakh 6.The tenderer must have updated valid trade licence. 7. Income Tax Clearance Certificate. 8. VAT registration certificate. 9.Must have Updated and valid ABC Electrical Contractor and Supervisor License from Electricity Licensing Board.","Replacement works of defective lights, switches, and sockets in 15 courtrooms and corridors of the Kishoreganj District Chief Judicial Magistrate Court building; servicing of air conditioners in various Judicial Magistrate chambers; repair and maintenance of internet and telephone lines; and incidental electrical repair and maintenance work.FY-2026-27","Lot wise","Package wise","Package wise","500","Payment through Bank","28-Feb-2027","28-Feb-2027","Single","Replacement works of defective lights, switches, and sockets in 15 courtrooms and corridors of the Kishoreganj District Chief Judicial Magistrate Court building; servicing of air conditioners in various Judicial Magistrate chambers; repair and maintenance of internet and telephone lines; and incidental electrical repair and maintenance work.FY-2026-27","Kishoreganj","22000","07-Sep-2026","22-Sep-2026","Md. Mohiuddin Jahangir","Executive Engineer","Address : Kishoreganj pwd division ,Kishoreganj City : Kishorerganj Thana : Kishoreganj Sadar District : Kishoreganj - 2300 Country : Bangladesh","Kishoreganj pwd division ,Kishoreganj","Kishorerganj","Kishoreganj Sadar","Kishoreganj - 2300","02-94161751","","800000.00, OTM","https://www.eprocure.gov.bd/resources/common/ViewTender.jsp?id=1324313"
"Ministry of Energy","Power and Mineral Resources","Meghna Petroleum Limited","Operation Division","","Chattogram","Goods","NCT","TENDER","Tender - Single Lot","PUR: 020 (2026-27)","227306","1318593","Open Tendering Method (OTM)","Own Fund","Own Fund","Not applicable","Not applicable","Ops : 002_2026-27 PROCUREMENT OF HARDWARE ITEMS (LEAD SEAL, SEALING WIRE) FOR MAIN INSTALLATION AND UP COUNTRY DEPOTS","Basic iron and steel; Basic metals;","27-Aug-2026 13:00","06-Sep-2026 17:00","As per TDS","PROCUREMENT OF HARDWARE ITEMS (LEAD SEAL, SEALING WIRE) FOR MAIN INSTALLATION AND UP COUNTRY DEPOTS","Lot wise","Package wise","Package wise","1000","Payment through Bank","03-Jan-2027","03-Jan-2027","1","PROCUREMENT OF HARDWARE ITEMS (LEAD SEAL, SEALING WIRE) FOR MAIN INSTALLATION AND UP COUNTRY DEPOTS","Store House, Main Insstallation, Guptokhal, Patenga, Chattogram","62000","27-Oct-2026","26-Nov-2026","Md. Mujibur Rahman Chowdhury","DGM(Ops.), Additional Charge","Address : Meghna Petroleum Limited, 58-59, Agrabad Commercial Area, Chattogram. City : Chattogram Thana : Chattogram City Corporation District : Chattogram - 4100 Country : Bangladesh","Meghna Petroleum Limited, 58-59, Agrabad Commercial Area, Chattogram.","Chattogram","Chattogram City Corporation","Chattogram - 4100","02-333311484","02-333314661","Not Found","https://www.eprocure.gov.bd/resources/common/ViewTender.jsp?id=1318593"
"Ministry of Housing and Public Works","","Public Works Department (PWD)","Mymensingh PWD Division, Mymensingh","","Mymensingh","Works","NCT","TENDER","Tender - Single Lot","APP-Mymen-2026-27-Res-16","226820","1323586","Open Tendering Method (OTM)","Revenue","Government","Not applicable","Not applicable","APP-Mymen-2026-27-Res-16 Repair and painting of cut wires and other miscellaneous repair works at the residence of the Deputy Commissioner of Mymensingh District.","Repair, maintenance and installation services;Repair, maintenance and associated services of vehicles and related equipment;Repair and maintenance services of motor vehicles and associated equipment;Demolition services of vehicles;Repair, maintenance and associated services related to aircraft, railways, roads and marine equipment;Repair, maintenance and associated services related to aircraft and other equipment;Repair, maintenance and associated services related to railways and other equipment;Repair, maintenance and associated services related to roads and other equipment;Repair, maintenance and associated services related to marine and other equipment;Repair, maintenance and associated services related to personal computers, office equipment, telecommunications and audio-visual equipment;Maintenance and repair of office machinery;Repair and maintenance services of personal computers;Maintenance services of telecommunications equipment;Repair and maintenance services of audio-visual and optical equipment;Repair and maintenance services of medical and precision equipment;Repair and maintenance services of measuring, testing and checking apparatus;Repair and maintenance services of medical and surgical equipment;Repair and maintenance services of precision equipment;Repair and maintenance services for pumps, valves, taps and metal containers and machinery;Repair and maintenance services of pumps, valves, taps and metal containers;Repair and maintenance services of machinery;Repair and maintenance services of building installations;Repair and maintenance services of electrical and mechanical building installations;Repair and maintenance services of central heating;Repair and maintenance services of cooler groups;Repair and maintenance services of escalators;Lift-maintenance services;Miscellaneous repair and maintenance services;Repair services of jewellery;Repair services of leather personal goods;Repair services of garments and textiles;Repair and maintenance services of weapons and weapon systems;Repair and maintenance services of furniture;Repair and maintenance services of musical instruments;Repair and maintenance services of playground equipment;Repair and maintenance services of hotel and restaurant equipment;Installation services;Installation services of electrical and mechanical equipment;Installation services of equipment for measuring, checking, testing and navigating;Installation services of communications equipment;Installation services of medical and surgical equipment;Installation services of machinery and equipment;Installation services of computers and office equipment;Installation services of metal containers","27-Aug-2026 15:30","06-Sep-2026 15:45","This invitation for Tender is open to all eligible Tenderers as mentioned below: 1. The Tenderers must have minimum 05(Five) years of general experience of construction works. 2. The minimum specific experience as a prime contractor in construction works of at least 1(one) number of similar natures of any building related worksuccessfully completed within the last 05 (Five) years with a value of at least Tk. 10.00 (Ten) Lac. in single contract under Government/ Semi Government/ Autonomous Organization of Bangladesh. 3. The required average annual construction turnover shall be greater than Tk. 10.00 (Ten) Lac. in the last 5 (Five) years. Payment certificates for contract in progress or completed under public sector during last 5 (five) years must be submitted along with the tender in support of average annual construction turnover. 4. The Tenderer must have a minimum liquid assets/ working capital/credit facilities (in the PW2A-8 Form Published by BPPA) Tk. 5.00 (Five) Lac. 5. The minimum Tender Capacity of the Tenderer shall have Tk. Tk. 10.00 (Ten) Lac. 6. The Tenderer must enclose VAT registration certificate, up-to-date income tax clearance certificate, up to-date trade license, return slip of Assessment year mentioned in TDS. 7. All other conditions as mentioned in TDS & PCC of e-tender document must be fulfilled. **Years counting backward from the date of publication of IFT.","Repair and painting of cut wires and other miscellaneous repair works at the residence of the Deputy Commissioner of Mymensingh District.","Lot wise","Package wise","Package wise","1000","Payment through Bank","02-Jan-2027","02-Jan-2027","1","Repair and painting of cut wires and other miscellaneous repair works at the residence of the Deputy Commissioner of Mymensingh District.","Mymensingh","25000","17-Sep-2026","15-Oct-2026","Arnab Biswas","Executive Engineer","Address : PWD Division, Shaheb Quarter, Kachijhuly City : Mymensingh Thana : Mymensingh Sadar District : Mymensingh - 2200 Country : Bangladesh","PWD Division, Shaheb Quarter, Kachijhuly","Mymensingh","Mymensingh Sadar","Mymensingh - 2200","091-65855","091-62699","Not Found","https://www.eprocure.gov.bd/resources/common/ViewTender.jsp?id=1323586"
"Ministry of Education","Secondary and Higher Education Division","Noakhali Science & Technology University","HEAT PROJECT (PIN-12125)","12125","Noakhali","Goods","NCT","TENDER","Tender - Single Lot","NSTU/Pharmacy/HEAT/PIN-12125/2026-63","227346","1322954","Open Tendering Method (OTM)","Development","Government","12125","HEAT PROJECT (PIN-12125)","NSTU/12125/G-8 Procurement and Installation of Laboratory Equipment for the General Laboratories of the Department of Pharmacy, NSTU","Miscellaneous equipment; Machinery, equipment, appliances, apparatus and associated products; Medical and laboratory devices, optical and precision devices, watches and clocks, pharmaceuticals and related medical consumables; Medical devices; Instruments and appliances for measuring, checking, testing and navigating; Industrial process control equipment; Optical instruments; Horological instruments;Transport related equipment;Workshop equipment;Construction equipment;Catering equipment;Emergency and security equipment;Technical equipment;Miscellaneous equipment n.e.c.;Imaging equipment for medical, dental and veterinary use;Functional exploration;Dentistry;Medical non-chemical consumables and haematological consumables;Therapy;Operating techniques;Anaesthesia and resuscitation;Functional support;Miscellaneous medical devices;Navigational, meteorological, geological and geophysical instruments;Remote-control equipment;Precision balances, instruments for drawing, calculating and measuring length;Instruments for measuring quantities;Instruments for checking physical characteristics;Checking and testing apparatus;Regulating and controlling instruments and apparatus;Non-medical equipment based on the use of radiations;Spectacles and lenses;Polarising material;Astronomical and optical instruments;Liquid crystal devices;Photographic equipment;Watches and clocks","27-Aug-2026 14:00","10-Sep-2026 13:00","As mentioned in the tender document.","Procurement and Installation of Laboratory Equipment for the General Laboratories of the Department of Pharmacy, NSTU.","Lot wise","Package wise","Package wise","2500","Payment through Bank","05-Feb-2027","05-Feb-2027","1","Procurement and Installation of Laboratory Equipment for the General Laboratories of the Department of Pharmacy, NSTU","Office of the SPM, HEAT Project, PIN 12125, Department of Pharmacy, NSTU","187500","01-Oct-2026","31-Jan-2027","ABHIJIT DAS","Associate Professor","Address : Department of Pharmacy, Noakhali Science and Technology University. City : Noakhali Thana : Noakhali Sadar District : Noakhali - 3814 Country : Bangladesh","Department of Pharmacy, Noakhali Science and Technology University.","Noakhali","Noakhali Sadar","Noakhali - 3814","02-334496529","","7500000.00, OTM","https://www.eprocure.gov.bd/resources/common/ViewTender.jsp?id=1322954"
"Ministry of Education","Secondary and Higher Education Division","Bangladesh University of Professionals (BUP)","Registrar Office(Procurement Section)","","Dhaka","Goods (Framework Agreement)","NCT","TENDER","Tender - Single Lot","BUP/PROC/2026-27/GDs/G15","230393","1322202","Open Tendering Method (OTM)","Revenue","Government","Not applicable","Not applicable","BUP/PROC/2026-27/GDs/G15 Supply of Vehicle Batteries","Motor vehicles, trailers and vehicle parts;Motor vehicles;Passenger cars;Motor vehicles for the transport of 10 or more persons;Motor vehicles for the transport of goods;Heavy-duty motor vehicles;Vehicle bodies, trailers or semi-trailers;Vehicle bodies;Trailers, semi-trailers and mobile containers;Parts and accessories for vehicles and their engines;Engines and engine parts;Mechanical spare parts except engines and engine parts;Test benches;Vehicle conversion kits;Seat belts;Spare parts for goods vehicles;Spare parts for vans;Spare parts for cars;Tractor accessories;Motorcycles, bicycles and sidecars;Motorcycles;Motor scooters;Cycles with auxiliary motors;Bicycles","27-Aug-2026 13:00","06-Sep-2026 11:00","As per TDs and PCC with a view of e-tender Documents","Supply of Vehicle Batteries","Lot wise","Package wise","Package wise","500","Payment through Bank","01-Feb-2027","01-Feb-2027","Lot-1","Supply of Vehicle Batteries","BUP, Mirpur Cantonment","20360","11-Oct-2026","11-Oct-2027","MD RABBI AHSAN","Registrar","Address : Bangladesh University of Professionals, Mirpur Cantt, Dhaka City : Dhaka Thana : Dhaka North City Corporation District : Dhaka - 1216 Country : Bangladesh","Bangladesh University of Professionals, Mirpur Cantt, Dhaka","Dhaka","Dhaka North City Corporation","Dhaka - 1216","02-8000488","","727104.00, OTM","https://www.eprocure.gov.bd/resources/common/ViewTender.jsp?id=1322202"
"Ministry of Social Welfare","","Department of Social Services(DSS)","Establishment Re-Establishment of Sarkari Shishu Paribar and Baby Home-2nd Revised Project.","224256700","Dhaka","Goods","NCT","TENDER","Tender - Single Lot","DSS/SSP2nd/POB/GD-10 Lot- 01","229446","1320150","Open Tendering Method (OTM)","Development","Government","224256700","Establishment/ Re-Establishment of Sarkari Shishu Paribar and Baby Home (2nd Revised) Project.","GD-10 Lot- 01 Procurement of mattresses, blankets, bed sheets, pillows (with covers), mosquito nets, thin quilts (Katha), prayer mats (Jainamaz), and door & window curtains for residents living in 5 centers (Feni, Noakhali, Khagrachhari, Roufabad-Chittagong, and Farhadabad-Chittagong).","Textile fabrics and related items; Textiles and textile articles; Woven fabrics; Woollen fabrics; Linen fabrics; Special fabrics; Knitted or crocheted fabrics; Cloth; Non-woven fabrics; Textile articles; Textile household articles; Made-up textile articles; Carpets, mats and rugs; Miscellaneous cordage, rope, twine and netting; Non-woven articles; Miscellaneous textile articles; Knitwear, hosiery and related articles;","27-Aug-2026 13:00","13-Sep-2026 14:00","AS per ITT and TDS.","Procurement of mattresses, blankets, bed sheets, pillows (with covers), mosquito nets, thin (light weight) quilts (Katha), prayer mats (Jainamaz), and door & window curtains for residents living in 5 centers (Feni, Noakhali, Khagrachhari, Roufabad-Chittagong, and Farhadabad-Chittagong).","Lot wise","Package wise","Package wise","2500","Payment through Bank","08-Feb-2027","08-Feb-2027","Lot-01","Procurement of mattresses, blankets, bed sheets, pillows (with covers), mosquito nets, thin quilts (Katha), prayer mats (Jainamaz), and door & window curtains for residents living in 5 centers (Feni, Noakhali, Khagrachhari, Roufabad-Chittagong, and Farhadabad-Chittagong).","5 Districts","350000","30-Sep-2026","30-Sep-2027","Md. Barkatur Rahman","Project Director","Address : 102/1,West Agargaon, Dhaka-1207 City : Dhaka Thana : Dhaka North City Corporation District : Dhaka - 1207 Country : Bangladesh","102/1,West Agargaon, Dhaka-1207","Dhaka","Dhaka North City Corporation","Dhaka - 1207","02-223314367","","Not Found","https://www.eprocure.gov.bd/resources/common/ViewTender.jsp?id=1320150"
"Ministry of Energy","Power and Mineral Resources","Bangladesh Power Development Board","Sylhet 225MW CCPP, Kumargaon, Sylhet","","Sylhet","Goods","NCT","TENDER","Tender - Single Lot","27.11.9100.406.02.504.26-406, Date:25/08/2026","230633","1323941","Open Tendering Method (OTM)","Revenue","Government","Not applicable","Not applicable","OPN_GR_07-Non_Est. Procurement of Solid Active Bromine biocide of Sylhet 225 MW CCPP, BPDB, Kumargaon,Sylhet.","Chemicals, chemical products and man-made fibres;Chemicals;Gases;Dyes and pigments;Basic inorganic chemicals;Basic organic chemicals;Fertilisers and nitrogen compounds;Plastics in primary forms;Synthetic rubber;Enzymes;Agro-chemical products;Pesticides;Insecticides;Herbicides;Plant-growth regulators;Disinfectants;Rodenticides;Fungicides;Paints, varnishes, printing ink and mastics;Paints;Varnishes;Ink;Mastics, fillers, putty;Solvents;Medicinal products;Medicinal products for the alimentary tract and metabolism;Medicinal products for the blood, blood-forming organs and the cardiovascular system;Medicinal products for dermatology and the musculo-skeletal system;Medicinal products for the genitourinary system and hormones;General anti-infectives for systemic use, vaccines, antineoplastic and immunodulating agents;Medicinal products for the nervous system and sensory organs;Medicinal products for the respiratory system;Various medicinal products;Glycerol, soaps, detergents, cleaning and polishing preparations, perfumes and toilet preparations;Glycerol;Perfumes and toiletries;Explosives and fine chemical products;Prepared explosives;Glues;Essential oils;Photographic chemicals;Unrecorded media;Specialised chemical products;Man-made fibres;Synthetic fibres;Artificial fibres;Various chemical products;Radiator fluids;Water-treatment chemicals;Anti-corrosion products","27-Aug-2026 14:00","08-Sep-2026 11:00","As per TDS & PCC.","Procurement of Solid Active Bromine biocide for STG Cooling Tower of Sylhet 225 MW CCPP, BPDB, Kumargaon,Sylhet.","Lot wise","Package wise","Package wise","1500","Payment through Bank","04-Jan-2027","04-Jan-2027","1","Procurement of Solid Active Bromine biocide of Sylhet 225 MW CCPP, BPDB, Kumargaon,Sylhet.","Sylhet 225MW Combined Cycle Power Plant store","80000","15-Sep-2026","15-Nov-2026","Muhammad Jalal Uddin","Executive Engineer","Address : Sylhet 225MW Combined Cycle Power Plant City : Sylhet Thana : Sylhet Sadar District : Sylhet - 3100 Country : Bangladesh","Sylhet 225MW Combined Cycle Power Plant","Sylhet","Sylhet Sadar","Sylhet - 3100","08-21728814","","3000000.00, OTM","https://www.eprocure.gov.bd/resources/common/ViewTender.jsp?id=1323941"
"Ministry of Energy","Power and Mineral Resources","Bangladesh Power Development Board","Sylhet 225MW CCPP, Kumargaon, Sylhet","","Sylhet","Goods","NCT","TENDER","Tender - Single Lot","27.11.9100.406.02.504.26-405, Date:25/08/2026","230633","1323624","Open Tendering Method (OTM)","Revenue","Government","Not applicable","Not applicable","OPN_GR_03_Non_Est. Procurement of Ammonium Hydroxide, Hydrazine Hydrate etc. for HRSG Dosing of Sylhet 225 MW Combined Cycle Power Plant (CCPP), BPDB, Kumargaon, Sylhet.","Chemicals, chemical products and man-made fibres;Chemicals;Gases;Dyes and pigments;Basic inorganic chemicals;Basic organic chemicals;Fertilisers and nitrogen compounds;Plastics in primary forms;Synthetic rubber;Enzymes;Agro-chemical products;Pesticides;Insecticides;Herbicides;Plant-growth regulators;Disinfectants;Rodenticides;Fungicides;Paints, varnishes, printing ink and mastics;Paints;Varnishes;Ink;Mastics, fillers, putty;Solvents;Medicinal products;Medicinal products for the alimentary tract and metabolism;Medicinal products for the blood, blood-forming organs and the cardiovascular system;Medicinal products for dermatology and the musculo-skeletal system;Medicinal products for the genitourinary system and hormones;General anti-infectives for systemic use, vaccines, antineoplastic and immunodulating agents;Medicinal products for the nervous system and sensory organs;Medicinal products for the respiratory system;Various medicinal products;Glycerol, soaps, detergents, cleaning and polishing preparations, perfumes and toilet preparations;Glycerol;Perfumes and toiletries;Explosives and fine chemical products;Prepared explosives;Glues;Essential oils;Photographic chemicals;Unrecorded media;Specialised chemical products;Man-made fibres;Synthetic fibres;Artificial fibres;Various chemical products;Radiator fluids;Water-treatment chemicals;Anti-corrosion products","27-Aug-2026 14:00","08-Sep-2026 11:00","As per TDS & PCC.","Procurement of Ammonium Hydroxide, Hydrazine Hydrate etc. for HRSG Dosing of Sylhet 225 MW Combined Cycle Power Plant (CCPP), BPDB, Kumargaon, Sylhet.","Lot wise","Package wise","Package wise","500","Payment through Bank","04-Jan-2027","04-Jan-2027","1","Procurement of Ammonium Hydroxide, Hydrazine Hydrate etc. for HRSG Dosing of Sylhet 225 MW Combined Cycle Power Plant (CCPP), BPDB, Kumargaon, Sylhet.","Sylhet 225MW Combined Cycle Power Plant store","20000","15-Sep-2026","15-Nov-2026","Muhammad Jalal Uddin","Executive Engineer","Address : Sylhet 225MW Combined Cycle Power Plant City : Sylhet Thana : Sylhet Sadar District : Sylhet - 3100 Country : Bangladesh","Sylhet 225MW Combined Cycle Power Plant","Sylhet","Sylhet Sadar","Sylhet - 3100","08-21728814","","700000.00, OTM","https://www.eprocure.gov.bd/resources/common/ViewTender.jsp?id=1323624"
"Ministry of Education","Secondary and Higher Education Division","Bangladesh University of Professionals (BUP)","Registrar Office(Procurement Section)","","Dhaka","Goods (Framework Agreement)","NCT","TENDER","Tender - Single Lot","BUP/PROC/2026-27/GDs/G09","230393","1322195","Open Tendering Method (OTM)","Revenue","Government","Not applicable","Not applicable","BUP/PROC/2026-27/GDs/G09 Supply of Printing","Printing, publishing and related services; Printing services; Services related to printing; Print finishing services; Composition services; Printing and delivery services; Printing and distribution services; Publishing services; Subscription services;Printing services for books;Printing services for stationery;Printing services for security printed matter;Printing services for forms;Printing services for tickets;Printing services for calendars;Printing services for timetables;Newspaper printing services;Printing services for posters;Bookbinding and finishing services","27-Aug-2026 13:00","06-Sep-2026 11:00","As per TDs and PCC with a view of e-tender Documents.","Supply of Printing","Lot wise","Package wise","Package wise","1500","Payment through Bank","01-Feb-2027","01-Feb-2027","Lot-1","Supply of Printing","BUP, Mirpur Cantonment","130225","04-Oct-2026","04-Oct-2027","MD RABBI AHSAN","Registrar","Address : Bangladesh University of Professionals, Mirpur Cantt, Dhaka City : Dhaka Thana : Dhaka North City Corporation District : Dhaka - 1216 Country : Bangladesh","Bangladesh University of Professionals, Mirpur Cantt, Dhaka","Dhaka","Dhaka North City Corporation","Dhaka - 1216","02-8000488","","4650865.80, OTM","https://www.eprocure.gov.bd/resources/common/ViewTender.jsp?id=1322195"
"Ministry of Health and Family Welfare","Health Services Division","Directorate General of Health Services (DGHS)","Hakimpur Upazila Health Complex , Dinajpur","","Dinajpur","Goods (Framework Agreement)","NCT","TENDER","Tender - Single Lot","45.01.2747.000.00.001.26/490","227933","1314943","Open Tendering Method (OTM)","Revenue","Government","Not applicable","Not applicable","UHC/Hakim/Dinaj/Diet/2026-27 Procurement of Diet For the FY 2026-27 at Upazila Health Complex, Hakimpur, Dinajpur","Food products and beverages; Animal products, meat and meat products; Prepared and preserved fish; Fruit, vegetables and related products; Animal or vegetable oils and fats; Dairy products; Grain mill products, starches and starch products; Animal feedstuffs; Miscellaneous food products; Beverages;Meat;Animal wool, hides and skins;Meat products;Fish fillets, fish livers and roe;Frozen fish, fish fillets and other fish meat;Dried or salted fish; fish in brine; smoked fish;Canned or tinned fish and other prepared or preserved fish;Seafood;Potatoes and potato products;Fruit and vegetable juices;Fruit and vegetables;Crude animal or vegetable oils and fats;Refined oils and fats;Edible fats;Milk and cream;Butter;Cheese products;Assorted dairy products;Grain mill products;Starches and starch products;Prepared animal feeds for farm and other animals;Bread products, fresh pastry goods and cakes;Rusks and biscuits; preserved pastry goods and cakes;Sugar and related products;Cocoa; chocolate and sugar confectionery;Pasta products;Coffee, tea and related products;Condiments and seasonings;Special nutritional products;Miscellaneous food products n.e.c. and dried goods;Distilled alcoholic beverages;Wines;Cider and other fruit wines;Non-distilled fermented beverages;Malt beer;Non-alcoholic beverages","27-Aug-2026 12:00","09-Sep-2026 16:00","As Per TDS & PCC","Procurement of Diet For the FY 2026-27 at Upazila Health Complex, Hakimpur, Dinajpur","Lot wise","Package wise","Package wise","1500","Payment through Bank","06-Jan-2027","06-Jan-2027","1","Procurement of Diet For the FY 2026-27 at Upazila Health Complex, Hakimpur, Dinajpur","UHC Hakimpur","80000","01-Oct-2026","30-Jun-2027","MOHAMMAD TANVIR HASNAT ROBIN","UH&FPO","Address : Hakimpur Upazila Health Complex , Dinajpur City : Dinajpur Thana : Hakimpur District : Dinajpur - 5270 Country : Bangladesh","Hakimpur Upazila Health Complex , Dinajpur","Dinajpur","Hakimpur","Dinajpur - 5270","0170-1248705","","3200000.00, OTM","https://www.eprocure.gov.bd/resources/common/ViewTender.jsp?id=1314943"
"Ministry of Education","Secondary and Higher Education Division","Bangladesh University of Professionals (BUP)","Registrar Office(Procurement Section)","","Dhaka","Goods (Framework Agreement)","NCT","TENDER","Tender - Single Lot","BUP/PROC/2026-27/GDs/G14","230393","1322201","Open Tendering Method (OTM)","Revenue","Government","Not applicable","Not applicable","BUP/PROC/2026-27/GDs/G14 Supply of Vehicle Tyres","Motor vehicles, trailers and vehicle parts;Motor vehicles;Passenger cars;Motor vehicles for the transport of 10 or more persons;Motor vehicles for the transport of goods;Heavy-duty motor vehicles;Vehicle bodies, trailers or semi-trailers;Vehicle bodies;Trailers, semi-trailers and mobile containers;Parts and accessories for vehicles and their engines;Engines and engine parts;Mechanical spare parts except engines and engine parts;Test benches;Vehicle conversion kits;Seat belts;Spare parts for goods vehicles;Spare parts for vans;Spare parts for cars;Tractor accessories;Motorcycles, bicycles and sidecars;Motorcycles;Motor scooters;Cycles with auxiliary motors;Bicycles","27-Aug-2026 13:00","06-Sep-2026 11:00","As per TDs and PCC with a view of  E-Tender Documents","Supply of Vehicle Tyres","Lot wise","Package wise","Package wise","1500","Payment through Bank","01-Feb-2027","01-Feb-2027","Lot-1","Supply of Vehicle Tyres","BUP, Mirpur Cantonment","75284","11-Oct-2026","11-Oct-2027","MD RABBI AHSAN","Registrar","Address : Bangladesh University of Professionals, Mirpur Cantt, Dhaka City : Dhaka Thana : Dhaka North City Corporation District : Dhaka - 1216 Country : Bangladesh","Bangladesh University of Professionals, Mirpur Cantt, Dhaka","Dhaka","Dhaka North City Corporation","Dhaka - 1216","02-8000488","","2688700.00, OTM","https://www.eprocure.gov.bd/resources/common/ViewTender.jsp?id=1322201"
"Ministry of Disaster Management & Relief","","Department of Disaster Management","Department of Disaster Management","","Dhaka","Physical Services","NCT","PPS","","","227284","1319759","Open Tendering Method (OTM)","Revenue","Government","Not applicable","Not applicable","DDM/Relief/Meat Transport-01 Selection of Meat Transport Service Provider.","Water transport services; Air transport services; Supporting and auxiliary transport services; travel agencies services; Miscellaneous services;Passenger transport services by water;Ferry transport services;Transport by water of freight;Transport by water of refrigerated goods;Transport by water of oil;Transport by water of bulk goods;Transport by water of container freight;Transport by water of mail;Cable-laying ship services;Shipping operations;Hire of water transport equipment with crew;Hire of vessels with crew;Hire of boats with crew;Scheduled air transport services;Scheduled passenger transport services by air;Scheduled air freight transport services;Non-scheduled air transport services;Non-scheduled passenger transport services by air;Non-scheduled air freight transport services;Air-charter services;Hire of air transport equipment with crew;Space transport services;Aerial and related services;Aerial spraying services;Aerial forest-firefighting services;Air-rescue services;Aircraft-operation services;Aircraft operating services;Cargo handling and storage services;Cargo handling services;Storage and warehousing services;Support services for land transport;Support services for railway transport;Support services for road transport;Support services for water transport;Port and waterway operation services and associated services;Ship-piloting services;Berthing services;Navigation services;Salvage and refloating services;Miscellaneous water transport support services;Towing and pushing services of ships;Support services for air transport;Airport operation services;Air-traffic control services;Aircraft refuelling services;Travel agency, tour operator and tourist assistance services;Travel agency and similar services;Transport agency services;Logistics services;Washing and dry-cleaning services;Laundry-collection services;Textile-cleaning services;Fur-products cleaning services;Colouring services;Pressing services;Dyeing services;Hairdressing and beauty treatment services;Hairdressing services;Beauty treatment services;Physical well-being services;Turkish bath services;Spa services;Massage services;Accommodation and office services;Accommodation services;Civic-amenity services;Car-park management services;Marine services;Aquatic marine services;Port management services;Diving services;Funeral and related services;Funeral services;Miscellaneous services n.e.c.;Decommissioning services;Relocation services;Tailoring services;Upholstering services;Locksmith services;Clearing and Forwarding Agent;Service Provider (Others)","27-Aug-2026 14:00","13-Sep-2026 15:00","As Per TDS","Transportation of 13,680 Cartons of Saudi Qurbani Meat from Chattogram Port to All 64 Districts of Bangladesh Exclusively by Freezing Vans.","Package wise","","Package wise","2500","Payment through Bank","09-Feb-2027","09-Feb-2027","","","All Districts/Upazilas of Bangladesh as per the requirement of the Procuring Entity (PE)","","24-Sep-2026","24-Dec-2026","Md. Rasel Sabrin","Director (Relief)","Address : Disaster Management Bhaban, 92-93 Mohakhali C/A, Dhaka-1212. City : Dhaka Thana : Dhaka North City Corporation District : Dhaka - 1212 Country : Bangladesh","Disaster Management Bhaban, 92-93 Mohakhali C/A, Dhaka-1212.","Dhaka","Dhaka North City Corporation","Dhaka - 1212","02-9860386","02-9885816","Not Found","https://www.eprocure.gov.bd/resources/common/ViewTender.jsp?id=1319759"
"Ministry of Energy","Power and Mineral Resources","Bangladesh Power Development Board","Sales and Distribution Division, Daulatgonj, BPDB, Laksam, Comilla.","","Cumilla","Works","NCT","TENDER","Tender - Single Lot","27.11.1972.816.003.07.26.625; 25/8/26","228288","1323497","Open Tendering Method (OTM)","Revenue","Government","Not applicable","Not applicable","D2_WR-O and M-05 Emergency corrective repair and maintenance work including replacement of damaged or burned transformers, repair of torn or broken conductors, and strengthening or replacement of inclined or damaged poles caused by natural or man-made disasters of 11kV Junction, Stadium, Upazila, Hospital, Gunti-Uttarkul Feeders under Sales and Distribution Division-Daulatganj, BPDB, Laksam, Cumilla.","Electricity distribution and related services; Public utilities;Electricity distribution;Operation of electrical installations","27-Aug-2026 14:30","13-Sep-2026 11:30","As Per Tender Data Sheet (TDS)","Emergency corrective repair and maintenance work including replacement of damaged or burned transformers, repair of torn or broken conductors, and strengthening or replacement of inclined or damaged poles caused by natural or man-made disasters of 11kV Junction, Stadium, Upazila, Hospital, Gunti-Uttarkul Feeders under Sales and Distribution Division-Daulatganj, BPDB, Laksam, Cumilla.","Lot wise","Package wise","Package wise","500","Payment through Bank","09-Jan-2027","09-Jan-2027","01","Emergency corrective repair and maintenance work including replacement of damaged or burned transformers, repair of torn or broken conductors, and strengthening or replacement of inclined or damaged poles caused by natural or man-made disasters of 11kV Junction, Stadium, Upazila, Hospital, Gunti-Uttarkul Feeders under Sales and Distribution Division-Daulatganj, BPDB, Laksam, Cumilla.","Sales and Distribution Division Daulatgonj BPDB Comilla","10000","11-Oct-2026","15-Feb-2027","MD. SHOHAG BEPARY","Executive Engineer","Address : Sales and Distribution Division, Daulatgonj, BPDB, Laksam, Comilla. City : Comilla Thana : Laksham District : Cumilla - 3570 Country : Bangladesh","Sales and Distribution Division, Daulatgonj, BPDB, Laksam, Comilla.","Comilla","Laksham","Cumilla - 3570","08032-51270","","Not Found","https://www.eprocure.gov.bd/resources/common/ViewTender.jsp?id=1323497"
"Ministry of Health and Family Welfare","Health Services Division","Directorate General of Health Services (DGHS)","Hakimpur Upazila Health Complex , Dinajpur","","Dinajpur","Goods (Framework Agreement)","NCT","TENDER","Tender - Single Lot","45.01.2747.000.00.001.26/490","227933","1314944","Open Tendering Method (OTM)","Revenue","Government","Not applicable","Not applicable","UHC/Hakim/Dinaj/Stationery/2026-27 Procurement of Stationery for the FY 2026-27 at Upazila Health Complex, Hakimpur, Dinajpur","Various types of pulp, paper and paper products; Pulp, paper and paperboard; Paper or paperboard articles;Pulp;Paper and paperboard;Corrugated paper or paperboard;Household and hospital paper articles;Paper stationery and other items;Wallpaper and other coverings;Cigarette paper and filter paper","27-Aug-2026 12:00","09-Sep-2026 16:00","As Per TDS & PCC","Procurement of Stationery for the FY 2026-27 at Upazila Health Complex, Hakimpur, Dinajpur","Lot wise","Package wise","Package wise","500","Payment through Bank","06-Jan-2027","06-Jan-2027","1","Procurement of Stationery for the FY 2026-27 at Upazila Health Complex, Hakimpur, Dinajpur","UHC Hakimpur","12500","01-Oct-2026","30-Jun-2027","MOHAMMAD TANVIR HASNAT ROBIN","UH&FPO","Address : Hakimpur Upazila Health Complex , Dinajpur City : Dinajpur Thana : Hakimpur District : Dinajpur - 5270 Country : Bangladesh","Hakimpur Upazila Health Complex , Dinajpur","Dinajpur","Hakimpur","Dinajpur - 5270","0170-1248705","","500000.00, OTM","https://www.eprocure.gov.bd/resources/common/ViewTender.jsp?id=1314944"
"Ministry of Education","Secondary and Higher Education Division","Bangladesh University of Professionals (BUP)","Registrar Office(Procurement Section)","","Dhaka","Goods (Framework Agreement)","NCT","TENDER","Tender - Single Lot","BUP/PROC/2026-27/GDs/G08","230393","1322194","Open Tendering Method (OTM)","Revenue","Government","Not applicable","Not applicable","BUP/PROC/2026-27/GDs/G08 Supply of Paper Purchase and Printing Items","Various types of printed matter and articles for printing; Printed books, brochures and leaflets; Newspapers, journals, periodicals and magazines; Postcards, greeting cards and other printed matter; Stamps, cheque forms, banknotes, stock certificates, trade advertising material, catalogues and manuals; Printing plates or cylinders or other media for use in printing; Paper or paperboard registers, account books, binders, forms and other articles of printed stationery; Miscellaneous printed matter;Printed books;Publications;Directories;Leaflets;Brochures;Booklets;Newspapers;Postcards;Greeting cards;Stamps;Stamp-impressed paper;Banknotes;Cheque forms;Security-type printed matter;Trade-advertising material, commercial catalogues and manuals;Manuals;Offset plates;Dry-etching equipment;Paper or paperboard registers;Forms;Exercise books;Albums for samples;Binders and related accessories;Printed stationery except forms;Car-tax discs;Driving licences;ID cards;Permits;Entrance cards;Bespoke printed matter;Tickets","27-Aug-2026 13:00","06-Sep-2026 11:00","As per TDs and PCC with view the E-tender Documents.","Supply of Paper Purchase and Printing Items","Lot wise","Package wise","Package wise","2500","Payment through Bank","01-Feb-2027","01-Feb-2027","Lot-1","Supply of Paper Purchase and Printing Items","BUP, Mirpur Cantonment","263045","04-Oct-2026","04-Oct-2027","MD RABBI AHSAN","Registrar","Address : Bangladesh University of Professionals, Mirpur Cantt, Dhaka City : Dhaka Thana : Dhaka North City Corporation District : Dhaka - 1216 Country : Bangladesh","Bangladesh University of Professionals, Mirpur Cantt, Dhaka","Dhaka","Dhaka North City Corporation","Dhaka - 1216","02-8000488","","9394439.90, OTM","https://www.eprocure.gov.bd/resources/common/ViewTender.jsp?id=1322194"
"Ministry of Education","Secondary and Higher Education Division","Bangladesh University of Professionals (BUP)","Registrar Office(Procurement Section)","","Dhaka","Goods (Framework Agreement)","NCT","TENDER","Tender - Single Lot","BUP/PROC/2026-27/GDs/G16","230393","1322203","Open Tendering Method (OTM)","Revenue","Government","Not applicable","Not applicable","BUP/PROC/2026-27/GDs/G16 Supply of Vehicle Spare Parts","Motor vehicles, trailers and vehicle parts;Motor vehicles;Passenger cars;Motor vehicles for the transport of 10 or more persons;Motor vehicles for the transport of goods;Heavy-duty motor vehicles;Vehicle bodies, trailers or semi-trailers;Vehicle bodies;Trailers, semi-trailers and mobile containers;Parts and accessories for vehicles and their engines;Engines and engine parts;Mechanical spare parts except engines and engine parts;Test benches;Vehicle conversion kits;Seat belts;Spare parts for goods vehicles;Spare parts for vans;Spare parts for cars;Tractor accessories;Motorcycles, bicycles and sidecars;Motorcycles;Motor scooters;Cycles with auxiliary motors;Bicycles","27-Aug-2026 13:00","06-Sep-2026 11:00","As per TDs and PCC with a view of E-tender Documents","Supply of Vehicle Parts","Lot wise","Package wise","Package wise","2500","Payment through Bank","01-Feb-2027","01-Feb-2027","Lot-1","Supply of Vehicle Spare Parts","BUP, Mirpur Cantonment","198720","11-Oct-2026","11-Oct-2027","MD RABBI AHSAN","Registrar","Address : Bangladesh University of Professionals, Mirpur Cantt, Dhaka City : Dhaka Thana : Dhaka North City Corporation District : Dhaka - 1216 Country : Bangladesh","Bangladesh University of Professionals, Mirpur Cantt, Dhaka","Dhaka","Dhaka North City Corporation","Dhaka - 1216","02-8000488","","7097170.95, OTM","https://www.eprocure.gov.bd/resources/common/ViewTender.jsp?id=1322203"
"Ministry of Education","Secondary and Higher Education Division","National University","Engineering Department","03","Gazipur","Goods","NCT","TENDER","Tender - Single Lot","ENGG17-0/00304/2025(1)/1/1506, Dated: 27-Aug-2026","227165","1324093","Open Tendering Method (OTM)","Own Fund","Own Fund","Not applicable","Not applicable","NU-ENGG-2026-001 Supply, Installation, Testing, and Commissioning of Video Surveillance System for National University Bangladesh","Computer and related services;Hardware consultancy services;Hardware selection consultancy services;Hardware disaster-recovery consultancy services;Computer-site planning consultancy services;Computer hardware acceptance testing consultancy services;Computer audit consultancy and hardware consultancy services;Software programming and consultancy services;Programming services of packaged software products;Systems and technical consultancy services;Custom software development services;Systems analysis and programming services;System maintenance and support services;Software-related services;Data services;Data-processing services;Database services;Computer-related services;Computer-related management services;Computer support and consultancy services;Computer network services;Computer upgrade services;Computer audit services;Computer testing services;Computer back-up services;Computer catalogue conversion services;Computer-related professional services","27-Aug-2026 12:05","20-Sep-2026 16:00","• The Tenderer shall have a minimum of 10 years of experience in the relevant business including an IT-based profession. • The Tenderer shall have a minimum of 5 (Five) years of experience in the supply of similar goods and related services. • The Tenderer shall have successfully completed a minimum of 3 (Three) numbers supply contract of similar Goods and related services within the last 5 (Five) years, amounting to at least Tk. 4 Crore in each contract in any Govt./Semi Govt. /Autonomous organization. i.e years counting backward from the date of publication of IFT in the newspaper. • The tenderer shall be a certified partner/distributor of the original equipment manufacturer (OEM). • The tenderer shall have a Manufacturer Authorization Letter directed from the original equipment manufacturer (OEM) for the mentioned project. The tenderer shall submit technical specification compliance sheet along with reference datasheet (See the attached of Section-6, Drawings section). Original Brochure must be submitted (mentioned single, like Origin, Manufacturer, Brand, Model etc). • The tenderer shall have sales & service centers in nearest places as if after calling they can provide support within maximum 5 hours. • The tenderer should submit valid Import Registration Certificate (IRC), Incorporation Certificate, ISO 9001:2015, ISO 27001:2022, BCS & BASIS Membership Certificate. • Having an up-to-date Income Tax Clearance Certificate, Three years audit report, TIN Certificate, up to date Trade License Certificate and VAT Registration Certificate with BIN number. • Others eligibility criteria as mentioned in e-TDS, PCC & Others part of e-tender document must be fulfilled.","Supply, Installation, Testing, and Commissioning of Video Surveillance System for National University, Gazipur","Lot wise","Package wise","Package wise","4000","Payment through Bank","16-Feb-2027","16-Feb-2027","1","Supply, Installation, Testing, and Commissioning of Video Surveillance System for National University Bangladesh","National University, Gazipur","1875000","01-Oct-2026","29-Apr-2027","Md. Mizanoor Rahman","Chief Engineer","Address : National University
Boardbazar, Gazipur-1704 City : Gazipur Thana : Gazipur City Corporation District : Gazipur - 1704 Country : Bangladesh","","Gazipur","Gazipur City Corporation","Gazipur - 1704","02-996691534","","98000000.00, OTM","https://www.eprocure.gov.bd/resources/common/ViewTender.jsp?id=1324093"
"Ministry of Education","Secondary and Higher Education Division","Bangladesh University of Professionals (BUP)","Registrar Office(Procurement Section)","","Dhaka","Goods","NCT","TENDER","Tender - Single Lot","BUP/PROC/2026-27/GDs/G01","230393","1322176","Open Tendering Method (OTM)","Revenue","Government","Not applicable","Not applicable","BUP/PROC/2026-27/GDs/G01 Supply of Publication(Newsletter, Journal, Magazine etc)","Various types of printed matter and articles for printing; Printed books, brochures and leaflets; Newspapers, journals, periodicals and magazines; Postcards, greeting cards and other printed matter; Stamps, cheque forms, banknotes, stock certificates, trade advertising material, catalogues and manuals; Printing plates or cylinders or other media for use in printing; Paper or paperboard registers, account books, binders, forms and other articles of printed stationery; Miscellaneous printed matter;Printed books;Publications;Directories;Leaflets;Brochures;Booklets;Newspapers;Postcards;Greeting cards;Stamps;Stamp-impressed paper;Banknotes;Cheque forms;Security-type printed matter;Trade-advertising material, commercial catalogues and manuals;Manuals;Offset plates;Dry-etching equipment;Paper or paperboard registers;Forms;Exercise books;Albums for samples;Binders and related accessories;Printed stationery except forms;Car-tax discs;Driving licences;ID cards;Permits;Entrance cards;Bespoke printed matter;Tickets","27-Aug-2026 13:00","06-Sep-2026 11:00","As per TDS and PCC with view the e-tender Documents","Supply of Publication (News Letter, Journal, Magazine etc.)","Lot wise","Package wise","Package wise","1000","Payment through Bank","01-Feb-2027","01-Feb-2027","Lot-1","Supply of Publication(Newsletter, Journal, Magazine etc)","BUP, Mirpur Cantonment","58165","04-Oct-2026","28-Feb-2027","MD RABBI AHSAN","Registrar","Address : Bangladesh University of Professionals, Mirpur Cantt, Dhaka City : Dhaka Thana : Dhaka North City Corporation District : Dhaka - 1216 Country : Bangladesh","Bangladesh University of Professionals, Mirpur Cantt, Dhaka","Dhaka","Dhaka North City Corporation","Dhaka - 1216","02-8000488","","2077320.00, OTM","https://www.eprocure.gov.bd/resources/common/ViewTender.jsp?id=1322176"
"Ministry of Energy","Power and Mineral Resources","Power Grid Bangladesh PLC","Grid Circle, Dhaka North","","Dhaka","Works","NCT","TENDER","Tender - Single Lot","27.21.0000.624.07.207.26.823 Date: 24/08/2026","230234","1323466","Open Tendering Method (OTM)","Own Fund","Own Fund","Not applicable","Not applicable","27.21.0000.624.07.207.26.786 Date: 16/08/2026 Cutting Grass, Jungles and Shrub for Fiscal Year 2026-27 at Aminbazar 400/230/132kV Grid Substation under Grid Circle Dhaka (North).","Miscellaneous cleaning services; Cleaning services; Sewage- and refuse-disposal services, sanitation and environmental services; Sewage and refuse collection and disposal services; Cleaning and sanitation services in urban or rural areas, and related services; Street-cleaning services; Gully-cleaning services; Asbestos removal services; Deleading services; Disinfecting and exterminating services in urban or rural areas; Beach cleaning services; Environmental and ecological services; Environmental services; Ecological services;Sewage services;Refuse services","27-Aug-2026 15:00","17-Sep-2026 13:00","1. ABC Category Electrical Supervisory License from Bangladesh Electrical Licensing Board and as per TDS. 2. Updated Trade License. 3. Updated BIN. 4. Updated Income Tax Certificate. 5. Similar work experience from (PGCB/BPDB/NWPGCB/EGCB/DPDC/DESCO/NESCO/WZPDCL Etc.). 6. Others as per TDS.","Cutting Grass, Jungles and Shrub for Fiscal Year 2026-27 at Aminbazar 400/230/132kV Grid Substation under Grid Circle Dhaka (North).","Lot wise","Package wise","Package wise","1000","Payment through Bank","13-Jan-2027","13-Jan-2027","1","Cutting Grass, Jungles and Shrub for Fiscal Year 2026-27 at Aminbazar 400/230/132kV Grid Substation under Grid Circle Dhaka (North).","Aminbazar 400kV Grid Substation, Salehpur, Aminbazar, Savar","30000","01-Oct-2026","20-Jun-2027","Md Shamim Hossain","Superintendent Engineer","Address : Level 07, NLDC Bhaban, Avenue-3, Jahurul Islam City, Aftabnagar City : Dhaka Thana : Dhaka North City Corporation District : Dhaka - 1212 Country : Bangladesh","Level 07, NLDC Bhaban, Avenue-3, Jahurul Islam City, Aftabnagar","Dhaka","Dhaka North City Corporation","Dhaka - 1212","02-55046736","02-55046736","Not Found","https://www.eprocure.gov.bd/resources/common/ViewTender.jsp?id=1323466"
"Ministry of Energy","Power and Mineral Resources","Northern Electricity Supply Company Ltd.","Procurement Department, NESCO, Rajshahi","","Rajshahi","Goods","NCT","TENDER","Tender - Single Lot","27.29.0000.012.07.059.26-600, Date- 25/08/2026","217537","1256609","Open Tendering Method (OTM)","Own Fund","Own Fund","Not applicable","Not applicable","2025-2026/GR-42 Procurement of Oil Purifying Machine for Power Tranformer.","Electrical equipment and apparatus; Electrical machinery, apparatus, equipment and consumables; Electrical equipment for engines and vehicles; Sound or visual signalling apparatus; Magnets; Machines and apparatus with individual functions; Insulating fittings; Carbon electrodes; Electrical parts of machinery or apparatus; Electrical supplies and accessories;","27-Aug-2026 12:00","13-Sep-2026 11:00","As Per Document.","Procurement of Oil Purifying Machine for Power Tranformer.","Lot wise","Package wise","Package wise","4000","Payment through Bank","10-Mar-2027","10-Mar-2027","1","Procurement of Oil Purifying Machine for Power Tranformer.","ZRS, NESCO, Bogura","400000","20-Sep-2026","21-Feb-2027","DEWAN MD. ABU HENA MOSTAFA KAMAL","Superintending Engineer","Address : Biddyut Bhaban, Hetemkhan, Rajshahi. City : Rajshahi Thana : Rajshahi City Corporation District : Rajshahi - 6000 Country : Bangladesh","Biddyut Bhaban, Hetemkhan, Rajshahi.","Rajshahi","Rajshahi City Corporation","Rajshahi - 6000","0721-774686","","25000000.00, OTM","https://www.eprocure.gov.bd/resources/common/ViewTender.jsp?id=1256609"
"Ministry of Home Affairs","","Bangladesh Police","Office of the Superintendent of Police, Lakshmipur","00126","Laksmipur","Goods (Framework Agreement)","NCT","TENDER","Tender - Single Lot","Pac-3/LAK-SP/New/2026-2027","226268","1323199","Open Tendering Method (OTM)","Revenue","Government","Not applicable","Not applicable","e-GP-Pac-3/Lak/SP/New/2026-2027 Transportation services for postal items, agricultural, fisheries and livestock products, public examination evaluation materials and other goods (Financial Budget Code-3221106 Transport Charge)","Land transport services and transport via pipeline services; Land transport services; Pipeline transport services; Water transport services; Supporting and auxiliary transport services; travel agencies services; Architectural, engineering, construction, legal, accounting and other professional services; Legal, accounting, auditing, business, management and related services; Architectural, engineering, construction and related technical consultancy services; Testing, inspection, analysis, monitoring and control services; Advertising and marketing services; Labour recruitment and provision of personnel services.; Investigation and security services; Cleaning services; Miscellaneous business and business-related services; Agricultural, forestry and horticultural services; Agricultural services; Forestry services; Horticultural services; Zoological services; Animal husbandry services; Hunting services; Services incidental to fishing;Passenger land transport services.;Land freight transport services;Transport by pipeline of petroleum products;Transport by pipeline of natural gas;Passenger transport services by water;Ferry transport services;Transport by water of freight;Transport by water of refrigerated goods;Transport by water of oil;Transport by water of bulk goods;Transport by water of container freight;Transport by water of mail;Cable-laying ship services;Shipping operations;Hire of water transport equipment with crew;Hire of vessels with crew;Hire of boats with crew;Cargo handling and storage services;Cargo handling services;Storage and warehousing services;Support services for land transport;Support services for railway transport;Support services for road transport;Support services for water transport;Port and waterway operation services and associated services;Ship-piloting services;Berthing services;Navigation services;Salvage and refloating services;Miscellaneous water transport support services;Towing and pushing services of ships;Support services for air transport;Airport operation services;Air-traffic control services;Aircraft refuelling services;Travel agency, tour operator and tourist assistance services;Travel agency and similar services;Transport agency services;Logistics services;Legal services;Accounting, auditing and fiscal services;Market research, public-opinion polling and related services;Business and management consultancy and related services;Management holdings services;Technical consultancy services;Architectural and related services;Engineering services;Integrated engineering services;Urban planning and landscape architectural services;Construction-related services;Engineering-related scientific and technical services;Technical testing and analysis services;Monitoring and control services;Advertising services;Marketing services;Placement services of personnel.;Supply services of personnel.;Recruitment services.;Personnel services except placement and supply services;Security services;Investigation services;Accommodation cleaning services;Industrial cleaning services;Specialised cleaning services;Miscellaneous cleaning services;Office cleaning services;School cleaning services;Photographic and ancillary services;Packaging and related services;Secretarial and related services;Specialty design services;Collection agency services;Exhibition, fair and congress organisation services;Miscellaneous business-related services;Services incidental to agricultural production;Composting services;Logging services;Timber-impregnation services;Services incidental to forestry;Planting and maintenance services of green areas;Sports fields maintenance services;Floral-display services;Tree pruning and hedge trimming;Game-propagation services;Trapping services","27-Aug-2026 12:00","06-Sep-2026 16:00","1. Vaild Trade License for 2026-2027 financial year (Attested by a 1st class gazetted officer) 2. Bank Solvency Certificate or Line of credit and bank Statement of Last 3 Months 3. Income Tax Certificate 2026-2027 Year (Attested by a 1st class gazetted mofficer) 4. VAT Registration Certificate & Tin Certificate (Attested by a 1st class gazetted officer) 5. Authorization Letter (To be taken from the Manufacturer's Pad) 6. 80% Liquid Asset of total price according to form-8 of e-PG3A 7. Citizenship Certificate & NID Card (Attested by a 1st class gazetted officer) 8. Declaration/Agreement signed by a Gazetted Officer to the effect that the bidder is not blacklisted. 9. General Experience of 5 years in supply of goods and related services and 3 years of specific experience in supply of similar goods (Attested by a 1st class gazetted officer) 10. Sample Signature on the pad of Tenderar's own organization (Attested by a 1st class gazetted officer) 11. Ownership Affidavit 300 Taka Non-judicial Stamp (Attested by a 1st class gazetted officer) 12. Prices must be consistent with the market rate and remain fixed despite market fluctuations. 13. The authority reserves the right to accept or reject any tender; lowest bid is not obligatory. 14. Production Capacity/Supply Capacity, Company Eligibility & Litigation History. 15. One copy of passport size color photograph (Attested by a 1st class gazetted officer) 16. And All other qualification criteria will be As per Tender Document (ITT, TDS, GCC, PCC).","Transportation services for postal items, agricultural, fisheries and livestock products, public examination evaluation materials and other goods (Financial Budget Code-3221106 Transport Charge)","Lot wise","Package wise","Package wise","1500","Payment through Bank","04-Dec-2026","04-Dec-2026","Single lot","Transportation services for postal items, agricultural, fisheries and livestock products, public examination evaluation materials and other goods (Financial Budget Code-3221106 Transport Charge)","Office of the Superintendent of Police, Lakshmipur","83700","15-Sep-2026","30-Jun-2027","MD. ABU TAREQ","SP","Address : Office of the Superintendent of Police, Lakshmipur City : Lakshmipur Thana : Laxmipur Sadar District : Laksmipur - 3700 Country : Bangladesh","Office of the Superintendent of Police, Lakshmipur","Lakshmipur","Laxmipur Sadar","Laksmipur - 3700","0381-55333","0381-55479","3800000.00, OTM","https://www.eprocure.gov.bd/resources/common/ViewTender.jsp?id=1323199"
"Ministry of Railways","","Bangladesh Railway","Office of the Chief Planning Officer, Bangladesh Railway.","","Dhaka","Physical Services","NCT","PPS","","","228867","1321279","Open Tendering Method (OTM)","Revenue","Government","Not applicable","Not applicable","PL-PSN-2/2026-27 Procurement of Non-Consulting Services for Hiring of 02 (Two) 52/55-Seater bus and 01 (One) 32/35-Seater Minibus","Motor vehicles for the transport of 10 or more persons; Motor vehicles;","27-Aug-2026 14:15","10-Sep-2026 12:00","As Per TDS","Procurement of Non-Consulting Services for Hiring of 02 (Two) 52/55-Seater bus and 01 (One) 32/35-Seater Minibus","Package wise","","Package wise","2500","Payment through Bank","06-Jan-2027","06-Jan-2027","","","Railbhaban","","25-Oct-2026","24-Oct-2028","MD. ROFIQUL ISLAM","CPO","Address : Room No: 305, 16 Abdul Gani Road, Railbhaban, Dhaka. City : Dhaka Thana : Dhaka South City Corporation District : Dhaka - 1000 Country : Bangladesh","Room No: 305, 16 Abdul Gani Road, Railbhaban, Dhaka.","Dhaka","Dhaka South City Corporation","Dhaka - 1000","02-41050920","","12000000.00, OTM","https://www.eprocure.gov.bd/resources/common/ViewTender.jsp?id=1321279"
"Ministry of Road Transport and Bridges","Road Transport and Highways Division","Roads & Highways Department (RHD)","Madaripur Road Division","mad001","Madaripur","Works","NCT","TENDER","Tender - Single Lot","e-GP/03/EE/MRD/PMP-Minor/2026-2027","229357","1323340","Open Tendering Method (OTM)","Revenue","Government","Not applicable","Not applicable","e-GP/03/EE/MRD/PMP-Minor/2026-2027 Repair of Existing Pavement & Seal Coat work at Ch: 6+900m to Ch:7+100 m & Ch:7+750-Ch:8+450 of Bhanga Bridge Bottola-Kamalapur- Eisher-Dhamusha -Pirarbari Road (Z-8036) road under Road Division, Madaripur during the year 2026-2027.","Repair, maintenance and installation services;Repair, maintenance and associated services of vehicles and related equipment;Repair and maintenance services of motor vehicles and associated equipment;Demolition services of vehicles;Repair, maintenance and associated services related to aircraft, railways, roads and marine equipment;Repair, maintenance and associated services related to aircraft and other equipment;Repair, maintenance and associated services related to railways and other equipment;Repair, maintenance and associated services related to roads and other equipment;Repair, maintenance and associated services related to marine and other equipment;Repair, maintenance and associated services related to personal computers, office equipment, telecommunications and audio-visual equipment;Maintenance and repair of office machinery;Repair and maintenance services of personal computers;Maintenance services of telecommunications equipment;Repair and maintenance services of audio-visual and optical equipment;Repair and maintenance services of medical and precision equipment;Repair and maintenance services of measuring, testing and checking apparatus;Repair and maintenance services of medical and surgical equipment;Repair and maintenance services of precision equipment;Repair and maintenance services for pumps, valves, taps and metal containers and machinery;Repair and maintenance services of pumps, valves, taps and metal containers;Repair and maintenance services of machinery;Repair and maintenance services of building installations;Repair and maintenance services of electrical and mechanical building installations;Repair and maintenance services of central heating;Repair and maintenance services of cooler groups;Repair and maintenance services of escalators;Lift-maintenance services;Miscellaneous repair and maintenance services;Repair services of jewellery;Repair services of leather personal goods;Repair services of garments and textiles;Repair and maintenance services of weapons and weapon systems;Repair and maintenance services of furniture;Repair and maintenance services of musical instruments;Repair and maintenance services of playground equipment;Repair and maintenance services of hotel and restaurant equipment;Installation services;Installation services of electrical and mechanical equipment;Installation services of equipment for measuring, checking, testing and navigating;Installation services of communications equipment;Installation services of medical and surgical equipment;Installation services of machinery and equipment;Installation services of computers and office equipment;Installation services of metal containers","27-Aug-2026 12:30","14-Sep-2026 16:00","As pre TDS","Repair of Existing Pavement & Seal Coat work at Ch: 6+900m to Ch:7+100 m & Ch:7+750-Ch:8+450 of Bhanga Bridge Bottola-Kamalapur- Eisher-Dhamusha -Pirarbari Road (Z-8036) road under Road Division, Madaripur during the year 2026-2027","Lot wise","Package wise","Package wise","1500","Payment through Bank","10-Jan-2027","10-Jan-2027","1","Repair of Existing Pavement & Seal Coat work","Z 8036","110000","13-Oct-2026","12-Nov-2026","K. M. Naquibul Bari","Executive Engineer","Address : Madaripur Road Division, Sarak Bhaban, Madaripur City : Madaripur Thana : Madaripur Sadar District : Madaripur - 0000 Country : Bangladesh","Madaripur Road Division, Sarak Bhaban, Madaripur","Madaripur","Madaripur Sadar","Madaripur - 0000","0661-62451","","4120000.00, OTM","https://www.eprocure.gov.bd/resources/common/ViewTender.jsp?id=1323340"
"Ministry of Home Affairs","","Bangladesh Police","Office of the Superintendent of Police, Brahmmanbaria","00123","Brahmanbaria","Goods","NCT","TENDER","Tender - Single Lot","APP ID-226162","226162","1323713","Open Tendering Method (OTM)","Revenue","Government","Not applicable","Not applicable","SP/BRA/P-36/2026-27 SP/BRA/P-36/2026-2027 Procurement of 42 ton fortified Soyabin oil for Brahmanbaria District Police","Oil and associated products; Petroleum, natural gas, oil and associated products;Bituminous or oil shale","27-Aug-2026 12:30","13-Sep-2026 12:30","a. Updated copy of valid trade license. b. Updated income tax clearance certificate & E-tin certificate. c. Updated vat registration certificate. d. latest certified copy of bank solvency certificate & detail bank statement. e. A certificate of ownership of the company. f. Citizenship certificate & national indenty card copy. g. Authorization letter(soyabin oil) i. Agricultural certificate (Lentil)","SP/BRA/P-36/2026-27 SP/BRA/P-36/2026-2027 Procurement of 42 ton fortified Soyabin oil for Brahmanbaria District Police","Lot wise","Package wise","Package wise","2500","Payment through Bank","10-Jan-2027","10-Jan-2027","Single","SP/BRA/P-36/2026-2027
Procurement of 42 ton  fortified Soyabin oil for Brahmanbaria District Police","police line brahmanbaria","210000","15-Sep-2026","30-Dec-2026","Shah Md Abdur Rauf","SP","Address : Office of the Superintendent of Police, Brahmmanbaria City : Brahmanbaria Thana : Brahmanbaria Sadar District : Brahmanbaria - 3400 Country : Bangladesh","Office of the Superintendent of Police, Brahmmanbaria","Brahmanbaria","Brahmanbaria Sadar","Brahmanbaria - 3400","0851-57680","0851-62024","8530200.00, OTM","https://www.eprocure.gov.bd/resources/common/ViewTender.jsp?id=1323713"
"Ministry of Energy","Power and Mineral Resources","Northern Electricity Supply Company Ltd.","Procurement Department, NESCO, Rajshahi","","Rajshahi","Goods","NCT","TENDER","Tender - Single Lot","27.29.0000.000.012.07.0016.26-    ; Date: 23/08/20","217537","1322106","Open Tendering Method (OTM)","Own Fund","Own Fund","Not applicable","Not applicable","2025-2026/GR-44 Supply & Installation of electrical goods & related civil works for Horizontal Extension of Goalpara 33/11 KV substation control room and 33 KV PCM panel shifting from Saidpur grid control room","Electrical equipment and apparatus; Electrical machinery, apparatus, equipment and consumables;Electrical equipment for engines and vehicles;Sound or visual signalling apparatus;Magnets;Machines and apparatus with individual functions;Insulating fittings;Carbon electrodes;Electrical parts of machinery or apparatus;Electrical supplies and accessories","27-Aug-2026 12:00","06-Sep-2026 11:00","As Per Tender Document","Supply & Installation of electrical goods & related civil works for Horizontal Extension of Golahat 33/11 KV substation control room and 33 KV PCM panel shifting from Saidpur grid control room (3rd Re-Tender)","Lot wise","Package wise","Package wise","4000","Payment through Bank","03-Mar-2027","03-Mar-2027","1","Supply & Installation of electrical goods & related civil works for Horizontal Extension of Goalpara 33/11 KV substation control room and 33 KV PCM panel shifting from Saidpur grid control room","Saidpur, Rangpur, Bangladesh","500000","01-Oct-2026","31-Mar-2027","DEWAN MD. ABU HENA MOSTAFA KAMAL","Superintending Engineer","Address : Biddyut Bhaban, Hetemkhan, Rajshahi. City : Rajshahi Thana : Rajshahi City Corporation District : Rajshahi - 6000 Country : Bangladesh","Biddyut Bhaban, Hetemkhan, Rajshahi.","Rajshahi","Rajshahi City Corporation","Rajshahi - 6000","0721-774686","","30000000.00, OTM","https://www.eprocure.gov.bd/resources/common/ViewTender.jsp?id=1322106"
"Ministry of Home Affairs","","Bangladesh Police","Office of the Superintendent of Police, Brahmmanbaria","00123","Brahmanbaria","Goods","NCT","TENDER","Tender - Single Lot","APP ID-226162","226162","1323717","Open Tendering Method (OTM)","Revenue","Government","Not applicable","Not applicable","SP/BRA/P-37/2026-27 SP/BRA/P-37/2026-2027 Procurement of 42 ton high quality Lentils for Brahmanbaria District Police.","Grain mill products, starches and starch products; Food products and beverages;Grain mill products;Starches and starch products","27-Aug-2026 12:30","13-Sep-2026 12:30","a. Updated copy of valid trade license. b. Updated income tax clearance certificate & E-tin certificate. c. Updated vat registration certificate. d. latest certified copy of bank solvency certificate & detail bank statement. e. A certificate of ownership of the company. f. Citizenship certificate & national indenty card copy. i. Agricultural certificate (Lentil)","SP/BRA/P-37/2026-27 SP/BRA/P-37/2026-2027 Procurement of 42 ton high quality Lentils for Brahmanbaria District Police.","Lot wise","Package wise","Package wise","2500","Payment through Bank","10-Jan-2027","10-Jan-2027","Single","SP/BRA/P-37/2026-2027
Procurement of 42 ton high quality Lentils for Brahmanbaria District Police.","police line brahmanbaria","192000","15-Sep-2026","30-Dec-2026","Shah Md Abdur Rauf","SP","Address : Office of the Superintendent of Police, Brahmmanbaria City : Brahmanbaria Thana : Brahmanbaria Sadar District : Brahmanbaria - 3400 Country : Bangladesh","Office of the Superintendent of Police, Brahmmanbaria","Brahmanbaria","Brahmanbaria Sadar","Brahmanbaria - 3400","0851-57680","0851-62024","6419700.00, OTM","https://www.eprocure.gov.bd/resources/common/ViewTender.jsp?id=1323717"
"Ministry of Home Affairs","","Bangladesh Coast Guard Force","OFFICE OF THE ZONAL COMMANDER SOUTH ZONE","","Bhola","Physical Services","NCT","PPS","","","229696","1323087","Open Tendering Method (OTM)","Revenue","Government","Not applicable","Not applicable","GR LOG GS OUTSOURCING-001 Outsourcing Manpower: (Sanitary & Plumbing-01, Cleaning & Housekeeping-01, Driver-06 Person) Financial Year 2026-2027& 2027-2028.","Miscellaneous services; Washing and dry-cleaning services; Hairdressing and beauty treatment services; Physical well-being services; Accommodation and office services; Civic-amenity services; Marine services; Funeral and related services; Miscellaneous services n.e.c.; Clearing and Forwarding Agent; Service Provider (Others);Laundry-collection services;Textile-cleaning services;Fur-products cleaning services;Colouring services;Pressing services;Dyeing services;Hairdressing services;Beauty treatment services;Turkish bath services;Spa services;Massage services;Accommodation services;Car-park management services;Aquatic marine services;Port management services;Diving services;Funeral services;Decommissioning services;Relocation services;Tailoring services;Upholstering services;Locksmith services","27-Aug-2026 12:30","10-Sep-2026 16:00","AS PER PPS DOC","Following post 1.Sanitary & Plumbing-01 2.Cleaning & Housekeeping-01 3.Driver-06 For two years no phase","Package wise","","Package wise","1500","Payment through Bank","06-Jan-2027","06-Jan-2027","","","Zonal Commander South Zone","","14-Sep-2026","29-Jun-2028","Muhammad Arif Hossain","Zonal Commander South","Address : খেযাঘাট, ভোলা সদর, ভোলা City : Bhola Thana : Bhola Sadar District : Bhola - 8300 Country : Bangladesh","খেযাঘাট, ভোলা সদর, ভোলা","Bhola","Bhola Sadar","Bhola - 8300","04-9162544","02-8181276","Not Found","https://www.eprocure.gov.bd/resources/common/ViewTender.jsp?id=1323087"
"Ministry of Health and Family Welfare","Health Services Division","Directorate General of Health Services (DGHS)","Hakimpur Upazila Health Complex , Dinajpur","","Dinajpur","Goods","NCT","TENDER","Tender - Single Lot","45.01.2747.000.00.001.26/490","227933","1314950","Open Tendering Method (OTM)","Revenue","Government","Not applicable","Not applicable","UHC/Hakim/Dinaj/MSR/2026-27/G-Umo Procurement of Chemical Reagent for the FY 2026-27 at Upazila Health Complex, Hakimpur, Dinajpur","Medical and laboratory devices, optical and precision devices, watches and clocks, pharmaceuticals and related medical consumables;Medical devices;Imaging equipment for medical, dental and veterinary use;Functional exploration;Dentistry;Medical non-chemical consumables and haematological consumables;Therapy;Operating techniques;Anaesthesia and resuscitation;Functional support;Miscellaneous medical devices;Instruments and appliances for measuring, checking, testing and navigating;Navigational, meteorological, geological and geophysical instruments;Remote-control equipment;Precision balances, instruments for drawing, calculating and measuring length;Instruments for measuring quantities;Instruments for checking physical characteristics;Checking and testing apparatus;Regulating and controlling instruments and apparatus;Non-medical equipment based on the use of radiations;Industrial process control equipment;Optical instruments;Spectacles and lenses;Polarising material;Astronomical and optical instruments;Liquid crystal devices;Photographic equipment;Horological instruments;Watches and clocks","27-Aug-2026 12:00","09-Sep-2026 16:00","As Per TDS & PCC","Procurement of Chemical Reagent for the FY 2026-27 at Upazila Health Complex, Hakimpur, Dinajpur","Lot wise","Package wise","Package wise","500","Payment through Bank","06-Jan-2027","06-Jan-2027","1","Procurement of Chemical Reagent for the FY 2026-27 at Upazila Health Complex, Hakimpur, Dinajpur","UHC Hakimpur","12500","01-Nov-2026","01-Dec-2026","MOHAMMAD TANVIR HASNAT ROBIN","UH&FPO","Address : Hakimpur Upazila Health Complex , Dinajpur City : Dinajpur Thana : Hakimpur District : Dinajpur - 5270 Country : Bangladesh","Hakimpur Upazila Health Complex , Dinajpur","Dinajpur","Hakimpur","Dinajpur - 5270","0170-1248705","","491007.00, OTM","https://www.eprocure.gov.bd/resources/common/ViewTender.jsp?id=1314950"
"Ministry of Home Affairs","","Bangladesh Police","Office of the Superintendent of Police, Lakshmipur","00126","Laksmipur","Goods (Framework Agreement)","NCT","TENDER","Tender - Single Lot","Pac-4/LAK-SP/New/2026-2027","226268","1323200","Open Tendering Method (OTM)","Revenue","Government","Not applicable","Not applicable","e-GP-Pac-4/Lak/SP/New/2026-2027 Conveyance and transport services for short-distance travel for official purposes (Financial Budget Code-3211130 Conveyance Expenditure)","Land transport services and transport via pipeline services; Land transport services; Pipeline transport services; Water transport services; Supporting and auxiliary transport services; travel agencies services;Passenger land transport services.;Land freight transport services;Transport by pipeline of petroleum products;Transport by pipeline of natural gas;Passenger transport services by water;Ferry transport services;Transport by water of freight;Transport by water of refrigerated goods;Transport by water of oil;Transport by water of bulk goods;Transport by water of container freight;Transport by water of mail;Cable-laying ship services;Shipping operations;Hire of water transport equipment with crew;Hire of vessels with crew;Hire of boats with crew;Cargo handling and storage services;Cargo handling services;Storage and warehousing services;Support services for land transport;Support services for railway transport;Support services for road transport;Support services for water transport;Port and waterway operation services and associated services;Ship-piloting services;Berthing services;Navigation services;Salvage and refloating services;Miscellaneous water transport support services;Towing and pushing services of ships;Support services for air transport;Airport operation services;Air-traffic control services;Aircraft refuelling services;Travel agency, tour operator and tourist assistance services;Travel agency and similar services;Transport agency services;Logistics services","27-Aug-2026 12:00","06-Sep-2026 16:00","1. Vaild Trade License for 2026-2027 financial year (Attested by a 1st class gazetted officer) 2. Bank Solvency Certificate or Line of credit and bank Statement of Last 3 Months 3. Income Tax Certificate 2026-2027 Year (Attested by a 1st class gazetted mofficer) 4. VAT Registration Certificate & Tin Certificate (Attested by a 1st class gazetted officer) 5. Authorization Letter (To be taken from the Manufacturer's Pad) 6. 80% Liquid Asset of total price according to form-8 of e-PG3A 7. Citizenship Certificate & NID Card (Attested by a 1st class gazetted officer) 8. Declaration/Agreement signed by a Gazetted Officer to the effect that the bidder is not blacklisted. 9. General Experience of 5 years in supply of goods and related services and 3 years of specific experience in supply of similar goods (Attested by a 1st class gazetted officer) 10. Sample Signature on the pad of Tenderar's own organization (Attested by a 1st class gazetted officer) 11. Ownership Affidavit 300 Taka Non-judicial Stamp (Attested by a 1st class gazetted officer) 12. Prices must be consistent with the market rate and remain fixed despite market fluctuations. 13. The authority reserves the right to accept or reject any tender; lowest bid is not obligatory. 14. Production Capacity/Supply Capacity, Company Eligibility & Litigation History. 15. One copy of passport size color photograph (Attested by a 1st class gazetted officer) 16. And All other qualification criteria will be As per Tender Document (ITT, TDS, GCC, PCC).","Conveyance and transport services for short-distance travel for official purposes (Financial Budget Code-3211130 Conveyance Expenditure)","Lot wise","Package wise","Package wise","1500","Payment through Bank","04-Dec-2026","04-Dec-2026","Single lot","Conveyance and transport services for short-distance travel for official purposes (Financial Budget Code-3211130 Conveyance Expenditure)","Police Lince, Lakshmipur","80000","15-Sep-2026","30-Jun-2027","MD. ABU TAREQ","SP","Address : Office of the Superintendent of Police, Lakshmipur City : Lakshmipur Thana : Laxmipur Sadar District : Laksmipur - 3700 Country : Bangladesh","Office of the Superintendent of Police, Lakshmipur","Lakshmipur","Laxmipur Sadar","Laksmipur - 3700","0381-55333","0381-55479","3500000.00, OTM","https://www.eprocure.gov.bd/resources/common/ViewTender.jsp?id=1323200"
"Ministry of Health and Family Welfare","Health Services Division","Directorate General of Health Services (DGHS)","Hakimpur Upazila Health Complex , Dinajpur","","Dinajpur","Goods","NCT","TENDER","Tender - Single Lot","45.01.2747.000.00.001.26/490","227933","1314946","Open Tendering Method (OTM)","Revenue","Government","Not applicable","Not applicable","UHC/Hakim/Dinaj/MSR/2026-27/G-Ka Procurement of Medicine (Non-EDCL) for the FY 2026-27 at Upazila Health Complex, Hakimpur, Dinajpur","Medical and laboratory devices, optical and precision devices, watches and clocks, pharmaceuticals and related medical consumables; Medical devices; Imaging equipment for medical, dental and veterinary use; Functional exploration; Dentistry; Medical non-chemical consumables and haematological consumables; Therapy; Operating techniques; Anaesthesia and resuscitation; Functional support; Miscellaneous medical devices; Instruments and appliances for measuring, checking, testing and navigating; Navigational, meteorological, geological and geophysical instruments; Remote-control equipment; Precision balances, instruments for drawing, calculating and measuring length; Instruments for measuring quantities; Instruments for checking physical characteristics; Checking and testing apparatus; Regulating and controlling instruments and apparatus; Non-medical equipment based on the use of radiations; Industrial process control equipment; Optical instruments; Horological instruments; Watches and clocks;Spectacles and lenses;Polarising material;Astronomical and optical instruments;Liquid crystal devices;Photographic equipment","27-Aug-2026 12:00","09-Sep-2026 16:00","As Per TDS & PCC","Procurement of Medicine (Non-EDCL) for the FY 2026-27 at Upazila Health Complex, Hakimpur, Dinajpur","Lot wise","Package wise","Package wise","1500","Payment through Bank","06-Jan-2027","06-Jan-2027","1","Procurement of Medicine (Non-EDCL) for the FY 2026-27 at Upazila Health Complex, Hakimpur, Dinajpur","UHC Hakimpur","75000","01-Nov-2026","01-Dec-2026","MOHAMMAD TANVIR HASNAT ROBIN","UH&FPO","Address : Hakimpur Upazila Health Complex , Dinajpur City : Dinajpur Thana : Hakimpur District : Dinajpur - 5270 Country : Bangladesh","Hakimpur Upazila Health Complex , Dinajpur","Dinajpur","Hakimpur","Dinajpur - 5270","0170-1248705","","3027876.50, OTM","https://www.eprocure.gov.bd/resources/common/ViewTender.jsp?id=1314946"
"Ministry of Health and Family Welfare","Health Services Division","Directorate General of Health Services (DGHS)","Hakimpur Upazila Health Complex , Dinajpur","","Dinajpur","Goods (Framework Agreement)","NCT","TENDER","Tender - Single Lot","45.01.2747.000.00.001.26/490","227933","1314945","Open Tendering Method (OTM)","Revenue","Government","Not applicable","Not applicable","UHC/Hakim/Dinaj/Washing/2026-27 Procurement of Washing Linen for the FY 2026-27 at Upazila Health Complex, Hakimpur, Dinajpur","Washing and dry-cleaning services; Miscellaneous services;Laundry-collection services;Textile-cleaning services;Fur-products cleaning services;Colouring services;Pressing services;Dyeing services","27-Aug-2026 12:00","09-Sep-2026 16:00","As Per TDS & PCC","Procurement of Washing Linen for the FY 2026-27 at Upazila Health Complex, Hakimpur, Dinajpur","Lot wise","Package wise","Package wise","500","Payment through Bank","06-Jan-2027","06-Jan-2027","1","Procurement of Washing Linen for the F.Y 2026-27 at Upazila Health Complex, Hakimpur, Dinajpur","UHC Hakimpur","22500","01-Oct-2026","30-Jun-2027","MOHAMMAD TANVIR HASNAT ROBIN","UH&FPO","Address : Hakimpur Upazila Health Complex , Dinajpur City : Dinajpur Thana : Hakimpur District : Dinajpur - 5270 Country : Bangladesh","Hakimpur Upazila Health Complex , Dinajpur","Dinajpur","Hakimpur","Dinajpur - 5270","0170-1248705","","900000.00, OTM","https://www.eprocure.gov.bd/resources/common/ViewTender.jsp?id=1314945"
"Ministry of Home Affairs","","Bangladesh Coast Guard Force","Directorate of Engineering","","Dhaka","Goods","NCT","TENDER","Tender - Single Lot","44.08.2680.050.61.001.26.","227877","1318924","Open Tendering Method (OTM)","Revenue","Government","Not applicable","Not applicable","GR ENGG-16 Portable HP Air Compressor for BCGS APARAJEYO BANGLA","Electrical machinery, apparatus, equipment and consumables; Electric motors, generators and transformers; Electricity distribution and control apparatus; Insulated wire and cable; Accumulators, primary cells and primary batteries; Lighting equipment and electric lamps; Electrical equipment and apparatus; Electronic, electromechanical and electrotechnical supplies;Electric motors;Generators;Alternators;Cooling towers;Ballasts for discharge lamps or tubes;Parts of electric motors, generators and transformers;Transformers;Electrical apparatus for switching or protecting electrical circuits;Electrical circuit components;Parts of electricity distribution or control apparatus;Mains;Power distribution cables;Coaxial cable;Insulated cable accessories;Electric conductors for data and control purposes;Primary cells;Primary batteries;Electric accumulators;Electric filament lamps;Lamps and light fittings;Parts of lamps and lighting equipment;Electrical equipment for engines and vehicles;Sound or visual signalling apparatus;Magnets;Machines and apparatus with individual functions;Insulating fittings;Carbon electrodes;Electrical parts of machinery or apparatus;Electrical supplies and accessories;Electronic equipment;Electromechanical equipment;Electrotechnical equipment","27-Aug-2026 12:00","09-Sep-2026 12:00","1.The Tenderer Shall have a minimum of 1 years of General Experience in the supply of good and related services. 2. The minimum specific experience as Supplier in supply of Goods of at least one (1) contract successfully completed within the last 5 (Five) years, with a value of at least BDT 7 Lakh. 3. The Minimum amount of liquid asset or working capital or credit facilities of the tender shall be BDT 9.5 Lakh. 4. Authorized agents/dealers/distributor of manufacturer can only submit quotations. The manufacturer is to provided authorization certificate in favour of the agents/ dealers / distributor with the offer. 5. Latest Trade License. 6. Latest VAT certificate. 7. Latest Income Tax Certificate. 8. Bank Solvency","Portable HP Air Compressor","Lot wise","Package wise","Package wise","1000","Payment through Bank","07-Mar-2027","07-Mar-2027","Single","Portable HP Air Compressor for BCGS APARAJEYO BANGLA","BCGHQ As Required","30000","30-Sep-2026","30-Jun-2027","Riyadh Ibne Jamal","Director Engineering","Address : Bangladesh Coast Guard Headquarters, Agargaon Administrative Area, Sher-E-Bangla Nagar, Dhaka-1207 City : Dhaka Thana : Dhaka North City Corporation District : Dhaka - 1207 Country : Bangladesh","Bangladesh Coast Guard Headquarters, Agargaon Administrative Area, Sher-E-Bangla Nagar, Dhaka-1207","Dhaka","Dhaka North City Corporation","Dhaka - 1207","02-41025605","02-41025605","Not Found","https://www.eprocure.gov.bd/resources/common/ViewTender.jsp?id=1318924"
"Ministry of Health and Family Welfare","Health Services Division","Directorate General of Health Services (DGHS)","Rajnagar Upazila Health Complex, Moulvibazar","","Moulvibazar","Goods (Framework Agreement)","NCT","TENDER","Tender - Single Lot","UHC/Rajnagar/Tender/2026-27/925","229312","1323463","Open Tendering Method (OTM)","Revenue","Government","Not applicable","Not applicable","UHC/Rajn/MSR/Furniture/2026-27 Procurement of Furniture Items for Upazila Health Complex, Rajnagar, Moulvibazar in FY 2026-2027","Medical and laboratory devices, optical and precision devices, watches and clocks, pharmaceuticals and related medical consumables;Medical devices;Imaging equipment for medical, dental and veterinary use;Functional exploration;Dentistry;Medical non-chemical consumables and haematological consumables;Therapy;Operating techniques;Anaesthesia and resuscitation;Functional support;Miscellaneous medical devices;Instruments and appliances for measuring, checking, testing and navigating;Navigational, meteorological, geological and geophysical instruments;Remote-control equipment;Precision balances, instruments for drawing, calculating and measuring length;Instruments for measuring quantities;Instruments for checking physical characteristics;Checking and testing apparatus;Regulating and controlling instruments and apparatus;Non-medical equipment based on the use of radiations;Industrial process control equipment;Optical instruments;Spectacles and lenses;Polarising material;Astronomical and optical instruments;Liquid crystal devices;Photographic equipment;Horological instruments;Watches and clocks","27-Aug-2026 12:00","09-Sep-2026 16:00","As per TDS and PCC","Procurement of Furniture Items for Upazila Health Complex, Rajnagar, Moulvibazar in FY 2026-2027","Lot wise","Package wise","Package wise","500","Payment through Bank","06-Jan-2027","06-Jan-2027","06","Procurement of Furniture Items for Upazila Health Complex, Rajnagar, Moulvibazar in FY 2026-2027","Rajnagar Upazila Health Complex, Moulvibazar","7500","30-Sep-2026","30-Dec-2026","Bornali Das","UH&FPO","Address : Rajnagar , Moulvibazar City : Rajnagar Thana : Rajnagar District : Moulvibazar - 3240 Country : Bangladesh","Rajnagar , Moulvibazar","Rajnagar","Rajnagar","Moulvibazar - 3240","08625-75012","","300000.00, OTM","https://www.eprocure.gov.bd/resources/common/ViewTender.jsp?id=1323463"
"Ministry of Health and Family Welfare","Health Services Division","Directorate General of Health Services (DGHS)","Hakimpur Upazila Health Complex , Dinajpur","","Dinajpur","Goods","NCT","TENDER","Tender - Single Lot","45.01.2747.000.00.001.26/490","227933","1314949","Open Tendering Method (OTM)","Revenue","Government","Not applicable","Not applicable","UHC/Hakim/Dinaj/MSR/2026-27/G-Gha Procurement of Linen for the FY 2026-27 at Upazila Health Complex, Hakimpur, Dinajpur","Medical and laboratory devices, optical and precision devices, watches and clocks, pharmaceuticals and related medical consumables;Medical devices;Imaging equipment for medical, dental and veterinary use;Functional exploration;Dentistry;Medical non-chemical consumables and haematological consumables;Therapy;Operating techniques;Anaesthesia and resuscitation;Functional support;Miscellaneous medical devices;Instruments and appliances for measuring, checking, testing and navigating;Navigational, meteorological, geological and geophysical instruments;Remote-control equipment;Precision balances, instruments for drawing, calculating and measuring length;Instruments for measuring quantities;Instruments for checking physical characteristics;Checking and testing apparatus;Regulating and controlling instruments and apparatus;Non-medical equipment based on the use of radiations;Industrial process control equipment;Optical instruments;Spectacles and lenses;Polarising material;Astronomical and optical instruments;Liquid crystal devices;Photographic equipment;Horological instruments;Watches and clocks","27-Aug-2026 12:00","09-Sep-2026 16:00","As Per TDS & PCC","Procurement of Linen for the FY 2026-27 at Upazila Health Complex, Hakimpur, Dinajpur","Lot wise","Package wise","Package wise","500","Payment through Bank","06-Jan-2027","06-Jan-2027","1","Procurement of Linen for the FY 2026-27 at Upazila Health Complex, Hakimpur, Dinajpur","UHC Hakimpur","20000","01-Nov-2026","01-Dec-2026","MOHAMMAD TANVIR HASNAT ROBIN","UH&FPO","Address : Hakimpur Upazila Health Complex , Dinajpur City : Dinajpur Thana : Hakimpur District : Dinajpur - 5270 Country : Bangladesh","Hakimpur Upazila Health Complex , Dinajpur","Dinajpur","Hakimpur","Dinajpur - 5270","0170-1248705","","818345.00, OTM","https://www.eprocure.gov.bd/resources/common/ViewTender.jsp?id=1314949"
"Ministry of Energy","Power and Mineral Resources","Bangladesh Power Development Board","Sales and Distribution Division, Daulatgonj, BPDB, Laksam, Comilla.","","Cumilla","Works","NCT","TENDER","Tender - Single Lot","27.11.1972.816.003.07.26.632; 25/8/2026","228288","1323477","Open Tendering Method (OTM)","Revenue","Government","Not applicable","Not applicable","D2_WR-O and M-02 Emergency corrective repair and maintenance work of 33 kV Jangalia-Daulatgonj and Laksam-Daulatgonj source line including Tree Trimming of Right of Way, Replacing Damaged Poles, Strengthening Inclined Poles, Pole Earthings, Installing Guy Assemblies, Re-Tensioning Conductors and related works under Sales and Distribution Division-Daulatganj, BPDB, Laksam, Cumilla.","Electricity distribution and related services; Public utilities;Electricity distribution;Operation of electrical installations","27-Aug-2026 14:30","13-Sep-2026 11:30","As Per Tender Data Sheet (TDS)","Emergency corrective repair and maintenance work of 33 kV Jangalia-Daulatgonj and Laksam-Daulatgonj source line including Tree Trimming of Right of Way, Replacing Damaged Poles, Strengthening Inclined Poles, Pole Earthings, Installing Guy Assemblies, Re-Tensioning Conductors and related works under Sales and Distribution Division-Daulatganj, BPDB, Laksam, Cumilla.","Lot wise","Package wise","Package wise","500","Payment through Bank","09-Jan-2027","09-Jan-2027","01","Emergency corrective repair and maintenance work of 33 kV Jangalia-Daulatgonj and Laksam-Daulatgonj source line including Tree Trimming of Right of Way, Replacing Damaged Poles, Strengthening Inclined Poles, Pole Earthings, Installing Guy Assemblies, Re-Tensioning Conductors and related works under Sales and Distribution Division-Daulatganj, BPDB, Laksam, Cumilla.","Sales and Distribution Division Daulatgonj BPDB Comilla","15000","11-Oct-2026","29-Apr-2027","MD. SHOHAG BEPARY","Executive Engineer","Address : Sales and Distribution Division, Daulatgonj, BPDB, Laksam, Comilla. City : Comilla Thana : Laksham District : Cumilla - 3570 Country : Bangladesh","Sales and Distribution Division, Daulatgonj, BPDB, Laksam, Comilla.","Comilla","Laksham","Cumilla - 3570","08032-51270","","Not Found","https://www.eprocure.gov.bd/resources/common/ViewTender.jsp?id=1323477"
"Ministry of Health and Family Welfare","Health Services Division","Directorate General of Health Services (DGHS)","Hakimpur Upazila Health Complex , Dinajpur","","Dinajpur","Goods","NCT","TENDER","Tender - Single Lot","45.01.2747.000.00.001.26/490","227933","1314951","Open Tendering Method (OTM)","Revenue","Government","Not applicable","Not applicable","UHC/Hakim/Dinaj/MSR/2026-27/G-Ca Procurement of Furniture for the FY 2026-27 at Upazila Health Complex, Hakimpur, Dinajpur","Medical and laboratory devices, optical and precision devices, watches and clocks, pharmaceuticals and related medical consumables;Medical devices;Imaging equipment for medical, dental and veterinary use;Functional exploration;Dentistry;Medical non-chemical consumables and haematological consumables;Therapy;Operating techniques;Anaesthesia and resuscitation;Functional support;Miscellaneous medical devices;Instruments and appliances for measuring, checking, testing and navigating;Navigational, meteorological, geological and geophysical instruments;Remote-control equipment;Precision balances, instruments for drawing, calculating and measuring length;Instruments for measuring quantities;Instruments for checking physical characteristics;Checking and testing apparatus;Regulating and controlling instruments and apparatus;Non-medical equipment based on the use of radiations;Industrial process control equipment;Optical instruments;Spectacles and lenses;Polarising material;Astronomical and optical instruments;Liquid crystal devices;Photographic equipment;Horological instruments;Watches and clocks","27-Aug-2026 12:00","09-Sep-2026 16:00","As Per TDS & PCC","Procurement of Furniture for the FY 2026-27 at Upazila Health Complex, Hakimpur, Dinajpur","Lot wise","Package wise","Package wise","500","Payment through Bank","06-Jan-2027","06-Jan-2027","1","Procurement of Furniture for the FY 2026-27 at Upazila Health Complex, Hakimpur, Dinajpur","UHC Hakimpur","8500","01-Nov-2026","01-Dec-2026","MOHAMMAD TANVIR HASNAT ROBIN","UH&FPO","Address : Hakimpur Upazila Health Complex , Dinajpur City : Dinajpur Thana : Hakimpur District : Dinajpur - 5270 Country : Bangladesh","Hakimpur Upazila Health Complex , Dinajpur","Dinajpur","Hakimpur","Dinajpur - 5270","0170-1248705","","327338.00, OTM","https://www.eprocure.gov.bd/resources/common/ViewTender.jsp?id=1314951"
"Ministry of Home Affairs","","Bangladesh Police","Office of the Superintendent of Police, Lakshmipur","00126","Laksmipur","Goods (Framework Agreement)","NCT","TENDER","Tender - Single Lot","Pac-1/LAK-SP/Re/2026-2027","226268","1323196","Open Tendering Method (OTM)","Revenue","Government","Not applicable","Not applicable","e-GP-Pac-1/Lak/SP/Re/2026-2027 Procurement of Office Equipment for use by Lakshmipur District Police (Financial Budget Code-4112310 Office Equipment)","Machinery for the production and use of mechanical power; Machinery, equipment, appliances, apparatus and associated products; General-purpose machinery; Agricultural, horticultural and forestry machinery; Machinery, equipment, appliances, apparatus and associated products; Machine tools; Special-purpose machinery and parts; Machinery, equipment, appliances, apparatus and associated products; Domestic appliances; Miscellaneous equipment; Machinery, equipment, appliances, apparatus and associated products; Office and computing machinery, equipment and supplies; Office machinery, equipment and supplies except computers; Computer equipment and supplies; Electrical machinery, apparatus, equipment and consumables; Electric motors, generators and transformers; Electricity distribution and control apparatus; Insulated wire and cable; Accumulators, primary cells and primary batteries; Lighting equipment and electric lamps; Electrical equipment and apparatus; Electronic, electromechanical and electrotechnical supplies; Transmission apparatus for radiotelephony, radiotelegraphy, radio broadcasting and television; Television and radio receivers, and sound or video recording or reproducing apparatus; Radio, television, communication, telecommunication and related equipment and apparatus; Networks; Telecommunications equipment and supplies; Radio, television, communication, telecommunication and related equipment and apparatus;Turbines and motors;Pumps and compressors;Taps, cocks, valves and similar appliances;Gears, gearing and driving elements;Industrial or laboratory furnaces, incinerators and ovens;Lifting and handling equipment and parts;Cooling and ventilation equipment;Miscellaneous general-purpose machinery;Agricultural and forestry machinery for soil preparation or cultivation;Harvesting machinery;Spraying machinery for agriculture or horticulture;Self-loading or unloading trailers and semi-trailers for agriculture;Specialist agricultural or forestry machinery;Tractors;Parts of agricultural and forestry machinery;Machine tools operated by laser and machining centres;Lathes, boring and milling machine tools;Metal-working machine tools;Machine tools for working hard materials except metals;Pneumatic or motorised hand tools;Soldering, brazing and welding tools, surface tempering and hot-spraying machines and equipment;Parts and accessories of machine tools;Machinery for metallurgy and associated parts;Machinery for mining, quarrying and construction;Machinery for food, beverage and tobacco processing and associated parts;Machinery for textile, apparel and leather production;Machinery for paper or paperboard production;Miscellaneous special-purpose machinery;Electrical domestic appliances;Non-electric domestic appliances;Transport related equipment;Workshop equipment;Construction equipment;Catering equipment;Emergency and security equipment;Technical equipment;Miscellaneous equipment n.e.c.;Word-processing machines;Photocopying and printing equipment;Post-office equipment;Calculating and accounting machines;Typewriters;Parts and accessories of typewriters and calculating machines;Various office equipment and supplies;Data-processing machines;Digital cartography equipment;Computer hardware;Software;Computer systems;Servers;Electric motors;Generators;Alternators;Cooling towers;Ballasts for discharge lamps or tubes;Parts of electric motors, generators and transformers;Transformers;Electrical apparatus for switching or protecting electrical circuits;Electrical circuit components;Parts of electricity distribution or control apparatus;Mains;Power distribution cables;Coaxial cable;Insulated cable accessories;Electric conductors for data and control purposes;Primary cells;Primary batteries;Electric accumulators;Electric filament lamps;Lamps and light fittings;Parts of lamps and lighting equipment;Electrical equipment for engines and vehicles;Sound or visual signalling apparatus;Magnets;Machines and apparatus with individual functions;Insulating fittings;Carbon electrodes;Electrical parts of machinery or apparatus;Electrical supplies and accessories;Electronic equipment;Electromechanical equipment;Electrotechnical equipment;Broadcasting equipment;Television transmission apparatus without reception apparatus;Radio transmission apparatus with reception apparatus;Television cameras;Mobile telephones;Data-transmission equipment;Digital transmission apparatus;Radio broadcast receivers;Television and audio-visual equipment;Apparatus for sound, video-recording and reproduction;Microphones and loudspeakers;Parts of sound and video equipment;Intercom equipment;Local area network;Network equipment;Wide area network;Telemetry and terminal equipment;Wireless telecommunications system;Telecommunications cable and equipment;Satellite-related communications equipment;Switchboards;Telephone equipment;Fibre-optic materials;Communications equipment;Data equipment","27-Aug-2026 12:00","06-Sep-2026 16:00","1. Vaild Trade License for 2026-2027 financial year (Attested by a 1st class gazetted officer) 2. Bank Solvency Certificate or Line of credit and bank Statement of Last 3 Months 3. Income Tax Certificate 2026-2027 Year (Attested by a 1st class gazetted mofficer) 4. VAT Registration Certificate & Tin Certificate (Attested by a 1st class gazetted officer) 5. Authorization Letter (To be taken from the Manufacturer's Pad) 6. 80% Liquid Asset of total price according to form-8 of e-PG3A 7. Citizenship Certificate & NID Card (Attested by a 1st class gazetted officer) 8. Declaration/Agreement signed by a Gazetted Officer to the effect that the bidder is not blacklisted. 9. General Experience of 5 years in supply of goods and related services and 3 years of specific experience in supply of similar goods (Attested by a 1st class gazetted officer) 10. Sample Signature on the pad of Tenderar's own organization (Attested by a 1st class gazetted officer) 11. Ownership Affidavit 300 Taka Non-judicial Stamp (Attested by a 1st class gazetted officer) 12. Prices must be consistent with the market rate and remain fixed despite market fluctuations. 13. The authority reserves the right to accept or reject any tender; lowest bid is not obligatory. 14. Production Capacity/Supply Capacity, Company Eligibility & Litigation History. 15. One copy of passport size color photograph (Attested by a 1st class gazetted officer) 16. And All other qualification criteria will be As per Tender Document (ITT, TDS, GCC, PCC).","Procurement of Office Equipment for use by Lakshmipur District Police (Financial Budget Code-4112310 Office Equipment)","Lot wise","Package wise","Package wise","2500","Payment through Bank","04-Dec-2026","04-Dec-2026","Single lot","Procurement of Office Equipment for use by Lakshmipur District Police (Financial Budget Code-4112310 Office Equipment)","Office of the Superintendent of Police, Lakshmipur","210000","15-Sep-2026","30-Jun-2027","MD. ABU TAREQ","SP","Address : Office of the Superintendent of Police, Lakshmipur City : Lakshmipur Thana : Laxmipur Sadar District : Laksmipur - 3700 Country : Bangladesh","Office of the Superintendent of Police, Lakshmipur","Lakshmipur","Laxmipur Sadar","Laksmipur - 3700","0381-55333","0381-55479","9000000.00, OTM","https://www.eprocure.gov.bd/resources/common/ViewTender.jsp?id=1323196"
"Ministry of Health and Family Welfare","Health Services Division","Directorate General of Health Services (DGHS)","Rajnagar Upazila Health Complex, Moulvibazar","","Moulvibazar","Goods (Framework Agreement)","NCT","TENDER","Tender - Single Lot","UHC/Rajnagar/Tender/2026-27/925","229312","1323464","Open Tendering Method (OTM)","Revenue","Government","Not applicable","Not applicable","UHC/Rajn/MSR/Diet/2026-27 Procurement of Diet supply for Upazila Health Complex, Rajnagar, Moulvibazar in FY 2026-2027","Food products and beverages;Animal products, meat and meat products;Meat;Animal wool, hides and skins;Meat products;Prepared and preserved fish;Fish fillets, fish livers and roe;Frozen fish, fish fillets and other fish meat;Dried or salted fish; fish in brine; smoked fish;Canned or tinned fish and other prepared or preserved fish;Seafood;Fruit, vegetables and related products;Potatoes and potato products;Fruit and vegetable juices;Fruit and vegetables;Animal or vegetable oils and fats;Crude animal or vegetable oils and fats;Refined oils and fats;Edible fats;Dairy products;Milk and cream;Butter;Cheese products;Assorted dairy products;Grain mill products, starches and starch products;Grain mill products;Starches and starch products;Animal feedstuffs;Prepared animal feeds for farm and other animals;Miscellaneous food products;Bread products, fresh pastry goods and cakes;Rusks and biscuits; preserved pastry goods and cakes;Sugar and related products;Cocoa; chocolate and sugar confectionery;Pasta products;Coffee, tea and related products;Condiments and seasonings;Special nutritional products;Miscellaneous food products n.e.c. and dried goods;Beverages;Distilled alcoholic beverages;Wines;Cider and other fruit wines;Non-distilled fermented beverages;Malt beer;Non-alcoholic beverages","27-Aug-2026 12:00","09-Sep-2026 16:00","As per TDS and PCC","Procurement of Diet supply for Upazila Health Complex, Rajnagar, Moulvibazar in FY 2026-2027","Lot wise","Package wise","Package wise","1000","Payment through Bank","05-Feb-2027","05-Feb-2027","01","Procurement of Diet supply for Upazila Health Complex, Rajnagar, Moulvibazar in FY 2026-2027","Rajnagar Upazila Health Complex, Moulvibazar","50000","30-Sep-2026","30-Mar-2027","Bornali Das","UH&FPO","Address : Rajnagar , Moulvibazar City : Rajnagar Thana : Rajnagar District : Moulvibazar - 3240 Country : Bangladesh","Rajnagar , Moulvibazar","Rajnagar","Rajnagar","Moulvibazar - 3240","08625-75012","","2000000.00, OTM","https://www.eprocure.gov.bd/resources/common/ViewTender.jsp?id=1323464"
"Ministry of Energy","Power and Mineral Resources","Dhaka Electric Supply Company LTD (DESCO)","P,I & T Division","PE01","Dhaka","Services","NCT","RFA","","","227220","1309818","Individual Consultant (IC)","Own Fund","Own Fund","Not applicable","Not applicable","Package No: M-1 of APP 2026-27 Selection of Individual Financial Consultant (National)","Architectural, engineering, construction, legal, accounting and other professional services;Legal, accounting, auditing, business, management and related services;Legal services;Accounting, auditing and fiscal services;Market research, public-opinion polling and related services;Business and management consultancy and related services;Management holdings services;Architectural, engineering, construction and related technical consultancy services;Technical consultancy services;Architectural and related services;Engineering services;Integrated engineering services;Urban planning and landscape architectural services;Construction-related services;Engineering-related scientific and technical services;Testing, inspection, analysis, monitoring and control services;Technical testing and analysis services;Monitoring and control services;Advertising and marketing services;Advertising services;Marketing services;Labour recruitment and provision of personnel services.;Placement services of personnel.;Supply services of personnel.;Recruitment services.;Personnel services except placement and supply services;Investigation and security services;Security services;Investigation services;Cleaning services;Accommodation cleaning services;Industrial cleaning services;Specialised cleaning services;Miscellaneous cleaning services;Office cleaning services;School cleaning services;Miscellaneous business and business-related services;Photographic and ancillary services;Packaging and related services;Secretarial and related services;Specialty design services;Collection agency services;Exhibition, fair and congress organisation services;Miscellaneous business-related services","27-Aug-2026 13:30","16-Sep-2026 15:30","As mentioned in the Terms of Reference (TOR)","Selection of Individual Financial Consultant (National)","Package wise","","","","","","16-Dec-2026","","","F&A division of DESCO","","01-Oct-2026","30-Sep-2027","Md Monjurul Hasan","Superintending Engineer","Address : Office of the SE (P,I&T),  DESCO,
House # 22/B (1st floor), Faruque Sarani, Nikunja#2, Dhaka-1229. City : Dhaka Thana : Dhaka North City Corporation District : Dhaka - 1229 Country : Bangladesh","","Dhaka","Dhaka North City Corporation","Dhaka - 1229","02-8900110","02-8900100","Not Found","https://www.eprocure.gov.bd/resources/common/ViewTender.jsp?id=1309818"
"Ministry of Home Affairs","","Bangladesh Police","Office of the Superintendent of Police, Lakshmipur","00126","Laksmipur","Goods (Framework Agreement)","NCT","TENDER","Tender - Single Lot","Pac-2/LAK-SP/Re/2026-2027","226268","1323198","Open Tendering Method (OTM)","Revenue","Government","Not applicable","Not applicable","e-GP-Pac-2/Lak/SP/Re/2026-2027 Procurement of Other Machineries and Equipment for use by Lakshmipur District Police (Financial Budget Code-4112316 Other Machineries and Equipment)","Machinery, equipment, appliances, apparatus and associated products; Office and computing machinery, equipment and supplies; Electrical machinery, apparatus, equipment and consumables; Radio, television, communication, telecommunication and related equipment and apparatus; Electronic valves, tubes and electronic components; Transmission apparatus for radiotelephony, radiotelegraphy, radio broadcasting and television; Television and radio receivers, and sound or video recording or reproducing apparatus; Networks; Telecommunications equipment and supplies;Machinery for the production and use of mechanical power;Turbines and motors;Pumps and compressors;Taps, cocks, valves and similar appliances;Gears, gearing and driving elements;General-purpose machinery;Industrial or laboratory furnaces, incinerators and ovens;Lifting and handling equipment and parts;Cooling and ventilation equipment;Miscellaneous general-purpose machinery;Agricultural, horticultural and forestry machinery;Agricultural and forestry machinery for soil preparation or cultivation;Harvesting machinery;Spraying machinery for agriculture or horticulture;Self-loading or unloading trailers and semi-trailers for agriculture;Specialist agricultural or forestry machinery;Tractors;Parts of agricultural and forestry machinery;Machine tools;Machine tools operated by laser and machining centres;Lathes, boring and milling machine tools;Metal-working machine tools;Machine tools for working hard materials except metals;Pneumatic or motorised hand tools;Soldering, brazing and welding tools, surface tempering and hot-spraying machines and equipment;Parts and accessories of machine tools;Special-purpose machinery and parts;Machinery for metallurgy and associated parts;Machinery for mining, quarrying and construction;Machinery for food, beverage and tobacco processing and associated parts;Machinery for textile, apparel and leather production;Machinery for paper or paperboard production;Miscellaneous special-purpose machinery;Weapons, ammunition and associated parts;Motorised tanks and armoured fighting vehicles;Military weapons;Firearms;Ammunition;Parts of military weapons;Truncheons or night sticks;Domestic appliances;Electrical domestic appliances;Non-electric domestic appliances;Miscellaneous equipment;Transport related equipment;Workshop equipment;Construction equipment;Catering equipment;Emergency and security equipment;Technical equipment;Miscellaneous equipment n.e.c.;Office machinery, equipment and supplies except computers;Word-processing machines;Photocopying and printing equipment;Post-office equipment;Calculating and accounting machines;Typewriters;Parts and accessories of typewriters and calculating machines;Various office equipment and supplies;Computer equipment and supplies;Data-processing machines;Digital cartography equipment;Computer hardware;Software;Computer systems;Servers;Electric motors, generators and transformers;Electric motors;Generators;Alternators;Cooling towers;Ballasts for discharge lamps or tubes;Parts of electric motors, generators and transformers;Transformers;Electricity distribution and control apparatus;Electrical apparatus for switching or protecting electrical circuits;Electrical circuit components;Parts of electricity distribution or control apparatus;Insulated wire and cable;Mains;Power distribution cables;Coaxial cable;Insulated cable accessories;Electric conductors for data and control purposes;Accumulators, primary cells and primary batteries;Primary cells;Primary batteries;Electric accumulators;Lighting equipment and electric lamps;Electric filament lamps;Lamps and light fittings;Parts of lamps and lighting equipment;Electrical equipment and apparatus;Electrical equipment for engines and vehicles;Sound or visual signalling apparatus;Magnets;Machines and apparatus with individual functions;Insulating fittings;Carbon electrodes;Electrical parts of machinery or apparatus;Electrical supplies and accessories;Electronic, electromechanical and electrotechnical supplies;Electronic equipment;Electromechanical equipment;Electrotechnical equipment;Electrical capacitors;Electrical resistors;Printed circuits;Valves and tubes;Semiconductors;Electronic integrated circuits and microassemblies;Parts of electronic assemblies;Modules;Broadcasting equipment;Television transmission apparatus without reception apparatus;Radio transmission apparatus with reception apparatus;Television cameras;Mobile telephones;Data-transmission equipment;Digital transmission apparatus;Radio broadcast receivers;Television and audio-visual equipment;Apparatus for sound, video-recording and reproduction;Microphones and loudspeakers;Parts of sound and video equipment;Intercom equipment;Local area network;Network equipment;Wide area network;Telemetry and terminal equipment;Wireless telecommunications system;Telecommunications cable and equipment;Satellite-related communications equipment;Switchboards;Telephone equipment;Fibre-optic materials;Communications equipment;Data equipment","27-Aug-2026 12:00","06-Sep-2026 16:00","1. Vaild Trade License for 2026-2027 financial year (Attested by a 1st class gazetted officer) 2. Bank Solvency Certificate or Line of credit and bank Statement of Last 3 Months 3. Income Tax Certificate 2026-2027 Year (Attested by a 1st class gazetted mofficer) 4. VAT Registration Certificate & Tin Certificate (Attested by a 1st class gazetted officer) 5. Authorization Letter (To be taken from the Manufacturer's Pad) 6. 80% Liquid Asset of total price according to form-8 of e-PG3A 7. Citizenship Certificate & NID Card (Attested by a 1st class gazetted officer) 8. Declaration/Agreement signed by a Gazetted Officer to the effect that the bidder is not blacklisted. 9. General Experience of 5 years in supply of goods and related services and 3 years of specific experience in supply of similar goods (Attested by a 1st class gazetted officer) 10. Sample Signature on the pad of Tenderar's own organization (Attested by a 1st class gazetted officer) 11. Ownership Affidavit 300 Taka Non-judicial Stamp (Attested by a 1st class gazetted officer) 12. Prices must be consistent with the market rate and remain fixed despite market fluctuations. 13. The authority reserves the right to accept or reject any tender; lowest bid is not obligatory. 14. Production Capacity/Supply Capacity, Company Eligibility & Litigation History. 15. One copy of passport size color photograph (Attested by a 1st class gazetted officer) 16. And All other qualification criteria will be As per Tender Document (ITT, TDS, GCC, PCC).","Procurement of Other Machineries and Equipment for use by Lakshmipur District Police (Financial Budget Code-4112316 Other Machineries and Equipment)","Lot wise","Package wise","Package wise","1500","Payment through Bank","04-Dec-2026","04-Dec-2026","Single lot","Procurement of Other Machineries and Equipment for use by Lakshmipur District Police (Financial Budget Code-4112316 Other Machineries and Equipment)","Office of the Superintendent of Police, Lakshmipur","125000","15-Sep-2026","30-Jun-2027","MD. ABU TAREQ","SP","Address : Office of the Superintendent of Police, Lakshmipur City : Lakshmipur Thana : Laxmipur Sadar District : Laksmipur - 3700 Country : Bangladesh","Office of the Superintendent of Police, Lakshmipur","Lakshmipur","Laxmipur Sadar","Laksmipur - 3700","0381-55333","0381-55479","5000000.00, OTM","https://www.eprocure.gov.bd/resources/common/ViewTender.jsp?id=1323198"
"Ministry of Fisheries & Livestock","","Department of Livestock Services (DLS)","Director Account, Budget and Audit Office","","Dhaka","Goods","NCT","TENDER","Tender - Single Lot","33.01.0000.102.99.010.26-546","227412","1321862","Open Tendering Method (OTM)","Revenue","Government","Not applicable","Not applicable","DLS/GR-5 Procurement of Stationery Items for DLS","Wood, wood products, cork products, basketware and wickerwork; Kitchen equipment, household items and catering supplies; Miscellaneous manufactured and other goods;Sawn wood;Railway sleepers;Mining timber;Prepared softwood;Hardwood;Parquet;Prepared or treated wooden products;Sawdust;Wooden sheets and veneers;Wooden boards and panels;Densified wood;Builders wood joinery and carpentry;Builders wood joinery;Builders wood carpentry;Prefabricated wooden buildings;Wooden containers, pallets, boxes and other containers;Wooden containers;Wooden pallets;Articles of wood and cork;Products of wood and related articles;Articles of cork, basketware and wickerwork","27-Aug-2026 12:00","06-Sep-2026 12:00","As per TDS","Procurement of Stationery Items for DLS","Lot wise","Package wise","Package wise","1500","Payment through Bank","01-Feb-2027","01-Feb-2027","lot 1","Procurement of Stationery Items for DLS","Office of PE","85000","30-Sep-2026","29-Oct-2026","A  B M Khaleduzzaman","Director","Address : Director Account, Budget and Audit Office, Department of Livestock Services (DLS)
Krishi Khamar Sarak, Farmgate, Dhaka-1215 City : Dhaka Thana : Dhaka North City Corporation District : Dhaka - 1215 Country : Bangladesh","","Dhaka","Dhaka North City Corporation","Dhaka - 1215","02-222242213","","3500000.00, OTM","https://www.eprocure.gov.bd/resources/common/ViewTender.jsp?id=1321862"
"Ministry of Fisheries & Livestock","","Department of Livestock Services (DLS)","Director Account, Budget and Audit Office","","Dhaka","Goods","NCT","TENDER","Tender - Single Lot","33.01.0000.102.99.010.26-547","227412","1321816","Open Tendering Method (OTM)","Revenue","Government","Not applicable","Not applicable","DLS/GR-07 Procurement of Spare parts, Tyres and Maintenance Services of Vehicles of DLS","Repair, maintenance and associated services of vehicles and related equipment; Repair, maintenance and installation services;Repair and maintenance services of motor vehicles and associated equipment;Demolition services of vehicles","27-Aug-2026 12:00","06-Sep-2026 12:40","As per Tender","Procurement of Spare parts, Tyres and Maintenance Services of Vehicles of DLS","Lot wise","Package wise","Package wise","1000","Payment through Bank","01-Feb-2027","01-Feb-2027","lot 1","Procurement of Spare parts, Tyres and Maintenance Services of Vehicles of DLS","Office of PE","61000","30-Sep-2026","29-Oct-2026","A  B M Khaleduzzaman","Director","Address : Director Account, Budget and Audit Office, Department of Livestock Services (DLS)
Krishi Khamar Sarak, Farmgate, Dhaka-1215 City : Dhaka Thana : Dhaka North City Corporation District : Dhaka - 1215 Country : Bangladesh","","Dhaka","Dhaka North City Corporation","Dhaka - 1215","02-222242213","","2300000.00, OTM","https://www.eprocure.gov.bd/resources/common/ViewTender.jsp?id=1321816"
"Ministry of Health and Family Welfare","Health Services Division","Directorate General of Health Services (DGHS)","Rajnagar Upazila Health Complex, Moulvibazar","","Moulvibazar","Goods (Framework Agreement)","NCT","TENDER","Tender - Single Lot","UHC/Rajnagar/Tender/2026-27/925","229312","1323458","Open Tendering Method (OTM)","Revenue","Government","Not applicable","Not applicable","UHC/Rajn/MSR/Medicine/2026-27 Procurement of Medicine Non-EDCL for Upazila Health Complex, Rajnagar, Moulvibazar in FY 2026-2027","Medical and laboratory devices, optical and precision devices, watches and clocks, pharmaceuticals and related medical consumables;Medical devices;Imaging equipment for medical, dental and veterinary use;Functional exploration;Dentistry;Medical non-chemical consumables and haematological consumables;Therapy;Operating techniques;Anaesthesia and resuscitation;Functional support;Miscellaneous medical devices;Instruments and appliances for measuring, checking, testing and navigating;Navigational, meteorological, geological and geophysical instruments;Remote-control equipment;Precision balances, instruments for drawing, calculating and measuring length;Instruments for measuring quantities;Instruments for checking physical characteristics;Checking and testing apparatus;Regulating and controlling instruments and apparatus;Non-medical equipment based on the use of radiations;Industrial process control equipment;Optical instruments;Spectacles and lenses;Polarising material;Astronomical and optical instruments;Liquid crystal devices;Photographic equipment;Horological instruments;Watches and clocks","27-Aug-2026 12:00","09-Sep-2026 16:00","As per TDS and PCC","Procurement of Medicine Non-EDCL for Upazila Health Complex, Rajnagar, Moulvibazar in FY 2026-2027","Lot wise","Package wise","Package wise","1500","Payment through Bank","06-Jan-2027","06-Jan-2027","01","Procurement of Medicine Non-EDCL for Upazila Health Complex, Rajnagar, Moulvibazar in FY 2026-2027","Rajnagar Upazila Health Complex, Moulvibazar","65500","30-Sep-2026","30-Dec-2026","Bornali Das","UH&FPO","Address : Rajnagar , Moulvibazar City : Rajnagar Thana : Rajnagar District : Moulvibazar - 3240 Country : Bangladesh","Rajnagar , Moulvibazar","Rajnagar","Rajnagar","Moulvibazar - 3240","08625-75012","","2700000.00, OTM","https://www.eprocure.gov.bd/resources/common/ViewTender.jsp?id=1323458"
"Ministry of Housing and Public Works","","Cox's Bazar Development Authority","Cox's Bazar Development Authority","","Cox's Bazar","Goods","NCT","TENDER","Tender - Single Lot","CoxDA/Rev/2026-27/Stationery","228315","1323323","Open Tendering Method (OTM)","Revenue","Government","Not applicable","Not applicable","CoxDA/Rev/2026-27/Stationery Procurement and Supply/Installation of Stationery Items for CoxDA, FY 2026-27","Various types of pulp, paper and paper products; Various types of printed matter and articles for printing; Printing, publishing and related services;Pulp, paper and paperboard;Pulp;Paper and paperboard;Paper or paperboard articles;Corrugated paper or paperboard;Household and hospital paper articles;Paper stationery and other items;Wallpaper and other coverings;Cigarette paper and filter paper;Printed books, brochures and leaflets;Printed books;Publications;Directories;Leaflets;Brochures;Booklets;Newspapers, journals, periodicals and magazines;Newspapers;Postcards, greeting cards and other printed matter;Postcards;Greeting cards;Stamps, cheque forms, banknotes, stock certificates, trade advertising material, catalogues and manuals;Stamps;Stamp-impressed paper;Banknotes;Cheque forms;Security-type printed matter;Trade-advertising material, commercial catalogues and manuals;Manuals;Printing plates or cylinders or other media for use in printing;Offset plates;Dry-etching equipment;Paper or paperboard registers, account books, binders, forms and other articles of printed stationery;Paper or paperboard registers;Forms;Exercise books;Albums for samples;Binders and related accessories;Printed stationery except forms;Miscellaneous printed matter;Car-tax discs;Driving licences;ID cards;Permits;Entrance cards;Bespoke printed matter;Tickets;Printing services;Printing services for books;Printing services for stationery;Printing services for security printed matter;Printing services for forms;Printing services for tickets;Printing services for calendars;Printing services for timetables;Newspaper printing services;Printing services for posters;Services related to printing;Print finishing services;Composition services;Printing and delivery services;Printing and distribution services;Publishing services;Bookbinding and finishing services;Subscription services","27-Aug-2026 12:00","10-Sep-2026 14:00","as per TDS","Procurement and Supply/Installation of Stationery Items for CoxDA, FY 2026-27","Lot wise","Package wise","Package wise","1000","Payment through Bank","07-Dec-2026","07-Dec-2026","1","Procurement and Supply/Installation of Stationery Items for CoxDA, FY 2026-27","Coxs Bazar","60000","01-Oct-2026","30-Jun-2027","Abu Nayeem Md.Talat","Member (Engineer)","Address : CoxDA Bhaban, Circuit House Road, Cox's Bazar. City : Cox's Bazar Thana : Cox'S Bazar Sadar District : Cox's Bazar - 4700 Country : Bangladesh","CoxDA Bhaban, Circuit House Road, Cox's Bazar.","Cox's Bazar","Cox'S Bazar Sadar","Cox's Bazar - 4700","02-334462520","02-334462522","2200000.00, OTM","https://www.eprocure.gov.bd/resources/common/ViewTender.jsp?id=1323323"
"Ministry of Home Affairs","","Bangladesh Coast Guard Force","OFFICE OF THE ZONAL COMMANDER DHAKA ZONE","","Dhaka","Works","NCT","TENDER","Tender - Single Lot","44.08.2680.100.08.008.26.83","225141","1322616","Open Tendering Method (OTM)","Revenue","Government","Not applicable","Not applicable","GR ENGG WCR-25/1 Repair of outline fenders for the boats 'Sebatari-02' and 'Metal Shark-07' at BCG Station Pagla under the Bangladesh Coast Guard Dhaka Zone.","Rubberised textile fabrics; Rubber products;","27-Aug-2026 12:00","06-Sep-2026 15:00","Trade License (2026-2027) TIN Certificate BIN Certificate Income Tax (2025-2026) Bank solvency NID Outline Fenders Works Complection Certificate","Repair of outline fenders for the boats 'Sebatari-02' and 'Metal Shark-07' at BCG Station Pagla under the Bangladesh Coast Guard Dhaka Zone.","Lot wise","Package wise","Package wise","500","Payment through Bank","02-Feb-2027","02-Feb-2027","01","Repair of outline fenders for the boats 'Sebatari-02' and 'Metal Shark-07' at BCG Station Pagla under the Bangladesh Coast Guard Dhaka Zone.","BCG Station Pagla","20030","15-Sep-2026","15-Oct-2026","MD. IMTIAZ HOSSAIN","Zonal Commander Dhaka","Address : কোস্ট গার্ড সদর দপ্তর
ব্লক-ই, প্লট-১২বি,
আগারগাঁও, শের-ই-বাংলা নগর,
প্রশাসনিক এলাকা, ঢাকা-১২০৭ City : Dhaka Thana : Dhaka North City Corporation District : Dhaka - 1207 Country : Bangladesh","","Dhaka","Dhaka North City Corporation","Dhaka - 1207","02-41025611","02-41025601","Not Found","https://www.eprocure.gov.bd/resources/common/ViewTender.jsp?id=1322616"
"Ministry of Home Affairs","","Bangladesh Coast Guard Force","Directorate of Engineering","","Dhaka","Goods","NCT","TENDER","Tender - Single Lot","44.08.2680.050.61.001.26.714","227877","1319477","Open Tendering Method (OTM)","Revenue","Government","Not applicable","Not applicable","GR ENGG EMP-7 Chiller Water Pump for Ships","Pumps and compressors; Machinery for the production and use of mechanical power;","27-Aug-2026 12:00","09-Sep-2026 14:00","1.The Tenderer Shall have a minimum of 1 years of General Experience in the supply of good and related services. 2. The minimum specific experience as Supplier in supply of Goods of at least one (1) contract successfully completed within the last 5 (Five) years, with a value of at least BDT 15 Lakh. 3. The Minimum amount of liquid asset or working capital or credit facilities of the tender shall be BDT 20 Lakh. 4. Authorized agents/dealers/distributor of manufacturer can only submit quotations. The manufacturer is to provided authorization certificate in favour of the agents/ dealers / distributor with the offer. 5. Latest Trade License. 6. Latest VAT certificate. 7. Latest Income Tax Certificate. 8. Bank Solvency","Chiller Water Pump","Lot wise","Package wise","Package wise","1500","Payment through Bank","07-Mar-2027","07-Mar-2027","Single","Chiller Water Pump for Ships","BCGHQ As Required","50000","30-Sep-2026","30-Jun-2027","Riyadh Ibne Jamal","Director Engineering","Address : Bangladesh Coast Guard Headquarters, Agargaon Administrative Area, Sher-E-Bangla Nagar, Dhaka-1207 City : Dhaka Thana : Dhaka North City Corporation District : Dhaka - 1207 Country : Bangladesh","Bangladesh Coast Guard Headquarters, Agargaon Administrative Area, Sher-E-Bangla Nagar, Dhaka-1207","Dhaka","Dhaka North City Corporation","Dhaka - 1207","02-41025605","02-41025605","Not Found","https://www.eprocure.gov.bd/resources/common/ViewTender.jsp?id=1319477"
"Ministry of Road Transport and Bridges","Road Transport and Highways Division","Roads & Highways Department (RHD)","Madaripur Road Division","mad001","Madaripur","Works","NCT","TENDER","Tender - Single Lot","e-GP/02/EE/MRD/PMP-Minor/2026-2027","229357","1323339","Open Tendering Method (OTM)","Revenue","Government","Not applicable","Not applicable","e-GP/02/EE/MRD/PMP-Minor/2026-2027 Repair of Potholes, Undulation, Depression & Seal Coat Work at Ch. 11+988 to 14+500km of Panchar-Shibchar-Madaripur Road (R-862) under Madaripur Road Division During the Year 2026-2027.","Repair, maintenance and installation services;Repair, maintenance and associated services of vehicles and related equipment;Repair and maintenance services of motor vehicles and associated equipment;Demolition services of vehicles;Repair, maintenance and associated services related to aircraft, railways, roads and marine equipment;Repair, maintenance and associated services related to aircraft and other equipment;Repair, maintenance and associated services related to railways and other equipment;Repair, maintenance and associated services related to roads and other equipment;Repair, maintenance and associated services related to marine and other equipment;Repair, maintenance and associated services related to personal computers, office equipment, telecommunications and audio-visual equipment;Maintenance and repair of office machinery;Repair and maintenance services of personal computers;Maintenance services of telecommunications equipment;Repair and maintenance services of audio-visual and optical equipment;Repair and maintenance services of medical and precision equipment;Repair and maintenance services of measuring, testing and checking apparatus;Repair and maintenance services of medical and surgical equipment;Repair and maintenance services of precision equipment;Repair and maintenance services for pumps, valves, taps and metal containers and machinery;Repair and maintenance services of pumps, valves, taps and metal containers;Repair and maintenance services of machinery;Repair and maintenance services of building installations;Repair and maintenance services of electrical and mechanical building installations;Repair and maintenance services of central heating;Repair and maintenance services of cooler groups;Repair and maintenance services of escalators;Lift-maintenance services;Miscellaneous repair and maintenance services;Repair services of jewellery;Repair services of leather personal goods;Repair services of garments and textiles;Repair and maintenance services of weapons and weapon systems;Repair and maintenance services of furniture;Repair and maintenance services of musical instruments;Repair and maintenance services of playground equipment;Repair and maintenance services of hotel and restaurant equipment;Installation services;Installation services of electrical and mechanical equipment;Installation services of equipment for measuring, checking, testing and navigating;Installation services of communications equipment;Installation services of medical and surgical equipment;Installation services of machinery and equipment;Installation services of computers and office equipment;Installation services of metal containers","27-Aug-2026 12:00","14-Sep-2026 14:00","As per TDS","Repair of Potholes, Undulation, Depression & Seal Coat Work at Ch. 11+988 to 14+500km of Panchar-Shibchar-Madaripur Road (R-862) under Madaripur Road Division During the Year 2026-2027.","Lot wise","Package wise","Package wise","2500","Payment through Bank","10-Jan-2027","10-Jan-2027","1","Repair of Potholes, Undulation, Depression & Seal Coat Work","R-862","180000","15-Oct-2026","15-Dec-2026","K. M. Naquibul Bari","Executive Engineer","Address : Madaripur Road Division, Sarak Bhaban, Madaripur City : Madaripur Thana : Madaripur Sadar District : Madaripur - 0000 Country : Bangladesh","Madaripur Road Division, Sarak Bhaban, Madaripur","Madaripur","Madaripur Sadar","Madaripur - 0000","0661-62451","","7045000.00, OTM","https://www.eprocure.gov.bd/resources/common/ViewTender.jsp?id=1323339"
"Ministry of Fisheries & Livestock","","Department of Livestock Services (DLS)","Director Account, Budget and Audit Office","","Dhaka","Goods","NCT","TENDER","Tender - Single Lot","33.01.0000.102.99.021.26-545","227412","1324018","Open Tendering Method (OTM)","Revenue","Government","Not applicable","Not applicable","DLS/GR- 02 Procurement of Furniture for DLS","Manufactured goods, furniture, handicrafts, special-purpose products and associated consumables; Furniture; Jewellery and related articles; Musical instruments and parts; Sports goods and equipment; Games and toys; fairground amusements; Miscellaneous manufactured and other goods; Consumables and consumer goods; Handicraft and art supplies; Special-purpose product;Seats, chairs and associated parts;Non-domestic furniture;Domestic furniture;Miscellaneous furniture and equipment;School furniture;Coins and medals;Articles of jewellery;Musical instruments;Parts and accessories of musical instruments;Outdoor sports equipment;Gymnasium equipment;Dolls;Toys;Articles for funfair, table or parlour games;Laundry supplies;School slates or boards with writing or drawing surfaces;Artificial products;Apparatus and equipment designed for demonstrational purposes;Umbrellas and sunshades; walking sticks and seat sticks;Funeral supplies;Kitchen equipment, household items and catering supplies;Barracks supplies;Consumables;Tax-free goods;Disposable goods;Handicraft supplies;Art supplies;Police equipment;Recycled products;Security devices;Animal ear tags;Compost boxes;Tokens;Spray booths;Snow poles","27-Aug-2026 12:00","06-Sep-2026 11:40","As per TDS","Procurement of Furniture for DLS","Lot wise","Package wise","Package wise","1000","Payment through Bank","01-Feb-2027","01-Feb-2027","lot 1","Procurement of Furniture for DLS","Office of PE","41000","30-Sep-2026","29-Oct-2026","A  B M Khaleduzzaman","Director","Address : Director Account, Budget and Audit Office, Department of Livestock Services (DLS)
Krishi Khamar Sarak, Farmgate, Dhaka-1215 City : Dhaka Thana : Dhaka North City Corporation District : Dhaka - 1215 Country : Bangladesh","","Dhaka","Dhaka North City Corporation","Dhaka - 1215","02-222242213","","Not Found","https://www.eprocure.gov.bd/resources/common/ViewTender.jsp?id=1324018"
"Ministry of Health and Family Welfare","Health Services Division","Directorate General of Health Services (DGHS)","Rajnagar Upazila Health Complex, Moulvibazar","","Moulvibazar","Goods (Framework Agreement)","NCT","TENDER","Tender - Single Lot","UHC/Rajnagar/Tender/2026-27/925","229312","1323462","Open Tendering Method (OTM)","Revenue","Government","Not applicable","Not applicable","UHC/Rajn/MSR/Linen/2026-27 Procurement of Linen Items for Upazila Health Complex, Rajnagar, Moulvibazar in FY 2026-2027","Medical and laboratory devices, optical and precision devices, watches and clocks, pharmaceuticals and related medical consumables;Medical devices;Imaging equipment for medical, dental and veterinary use;Functional exploration;Dentistry;Medical non-chemical consumables and haematological consumables;Therapy;Operating techniques;Anaesthesia and resuscitation;Functional support;Miscellaneous medical devices;Instruments and appliances for measuring, checking, testing and navigating;Navigational, meteorological, geological and geophysical instruments;Remote-control equipment;Precision balances, instruments for drawing, calculating and measuring length;Instruments for measuring quantities;Instruments for checking physical characteristics;Checking and testing apparatus;Regulating and controlling instruments and apparatus;Non-medical equipment based on the use of radiations;Industrial process control equipment;Optical instruments;Spectacles and lenses;Polarising material;Astronomical and optical instruments;Liquid crystal devices;Photographic equipment;Horological instruments;Watches and clocks","27-Aug-2026 12:00","09-Sep-2026 16:00","As per TDS and PCC","Procurement of Linen Items for Upazila Health Complex, Rajnagar, Moulvibazar in FY 2026-2027","Lot wise","Package wise","Package wise","500","Payment through Bank","06-Jan-2027","06-Jan-2027","01","Procurement of Linen Items for Upazila Health Complex, Rajnagar, Moulvibazar in FY 2026-2027","Rajnagar Upazila Health Complex, Moulvibazar","18500","30-Sep-2026","30-Dec-2026","Bornali Das","UH&FPO","Address : Rajnagar , Moulvibazar City : Rajnagar Thana : Rajnagar District : Moulvibazar - 3240 Country : Bangladesh","Rajnagar , Moulvibazar","Rajnagar","Rajnagar","Moulvibazar - 3240","08625-75012","","750000.00, OTM","https://www.eprocure.gov.bd/resources/common/ViewTender.jsp?id=1323462"
"Ministry of Local Government","Rural Development and Co-operatives","Local Government Engineering Department (LGED)","Office of the Executive Engineer, LGED, Dhaka","","Dhaka","Works","NCT","TENDER","Tender - Single Lot","APP ID 226561","226561","1323474","Open Tendering Method (OTM)","Revenue","Government","Not applicable","Not applicable","LGED/GOBM/Dha/26-27/RW-01 Rehabilitation of Dhaka - Aricha RHD. (Military Farm) - Miton & BPATC Road from Ch. 00m-3572m [Road ID: 326724229] under Savar Upazila, District: Dhaka.  Package No: LGED/GOBM/Dha/26-27/RW-01","Construction work;Site preparation work;Building demolition and wrecking work and earthmoving work;Test drilling and boring work;Works for complete or part construction and civil engineering work;Building construction work;Engineering works and construction works;Construction work for pipelines, communication and power lines, for highways, roads, airfields and railways; flatwork;Construction work for water projects;Construction works for plants, mining and manufacturing and for buildings relating to the oil and gas industry;Roof works and other special trade construction works;Building installation work;Electrical installation work;Insulation work;Plumbing and sanitary works;Fencing, railing and safety equipment installation work;Mechanical installations;Building completion work;Plastering work;Joinery and carpentry installation work;Floor and wall covering work;Painting and glazing work;Other building completion work;Hire of construction and civil engineering machinery and equipment with operator;Hire of cranes with operator;Hire of earthmoving equipment with operator","27-Aug-2026 14:00","08-Sep-2026 17:00","As per ITT & TDS.","Rehabilitation of Dhaka - Aricha RHD. (Military Farm) - Miton & BPATC Road from Ch. 00m-3572m [Road ID: 326724229] under Savar Upazila, District: Dhaka. Package No: LGED/GOBM/Dha/26-27/RW-01","Lot wise","Package wise","Package wise","4000","Payment through Bank","06-Mar-2027","06-Mar-2027","1","Rehabilitation of Dhaka - Aricha RHD. (Military Farm) - Miton & BPATC Road from Ch. 00m-3572m [Road ID: 326724229] under Savar Upazila, District: Dhaka. 
Package No: LGED/GOBM/Dha/26-27/RW-01","Savar Upazila, District- Dhaka","1000000","01-Nov-2026","28-Feb-2027","Md Sharifuzzaman","Executive Engineer","Address : XEN Office, LGED, 62 West Agargaon, Sher-e-Bangla Nagar, Dhaka City : Dhaka Thana : Dhaka North City Corporation District : Dhaka - 1207 Country : Bangladesh","XEN Office, LGED, 62 West Agargaon, Sher-e-Bangla Nagar, Dhaka","Dhaka","Dhaka North City Corporation","Dhaka - 1207","88-02-8155657","88-02-8155655","Not Found","https://www.eprocure.gov.bd/resources/common/ViewTender.jsp?id=1323474"
"Ministry of Local Government","Rural Development and Co-operatives","Khulna City Corporation","Executive Engineer (Mech.) at Office of the Executive Engineer (Mech.) , Khulna City Corporation","","Khulna","Goods","NCT","TENDER","Tender - Single Lot","APP ID : 	216057","216057","1320633","Open Tendering Method (OTM)","Own Fund","Own Fund","Not applicable","Not applicable","KCC/Won/XEN-M/2025-26/G-85 Purchasing and Repairing works of Khulna Metro Kha-11-0122 No Car, Khulna Metro Kha-11-0103 No Car, Khulna Metro Ha-12-3355 No Motorcycle, Garage branch mobile purchase, Eicher- 6/11 No Truck, Eicher- 9/20 No Truck, Eicher- 10/20 No Truck,  Eicher- 11/20 No Truck, Eicher- 16/20 No Truck, Wheel loader- 08 & LGED (China)- 01 No Truck.","Machinery, equipment, appliances, apparatus and associated products;Machinery for the production and use of mechanical power;Turbines and motors;Pumps and compressors;Taps, cocks, valves and similar appliances;Gears, gearing and driving elements;General-purpose machinery;Industrial or laboratory furnaces, incinerators and ovens;Lifting and handling equipment and parts;Cooling and ventilation equipment;Miscellaneous general-purpose machinery;Agricultural, horticultural and forestry machinery;Agricultural and forestry machinery for soil preparation or cultivation;Harvesting machinery;Spraying machinery for agriculture or horticulture;Self-loading or unloading trailers and semi-trailers for agriculture;Specialist agricultural or forestry machinery;Tractors;Parts of agricultural and forestry machinery;Machine tools;Machine tools operated by laser and machining centres;Lathes, boring and milling machine tools;Metal-working machine tools;Machine tools for working hard materials except metals;Pneumatic or motorised hand tools;Soldering, brazing and welding tools, surface tempering and hot-spraying machines and equipment;Parts and accessories of machine tools;Special-purpose machinery and parts;Machinery for metallurgy and associated parts;Machinery for mining, quarrying and construction;Machinery for food, beverage and tobacco processing and associated parts;Machinery for textile, apparel and leather production;Machinery for paper or paperboard production;Miscellaneous special-purpose machinery;Weapons, ammunition and associated parts;Motorised tanks and armoured fighting vehicles;Military weapons;Firearms;Ammunition;Parts of military weapons;Truncheons or night sticks;Domestic appliances;Electrical domestic appliances;Non-electric domestic appliances;Miscellaneous equipment;Transport related equipment;Workshop equipment;Construction equipment;Catering equipment;Emergency and security equipment;Technical equipment;Miscellaneous equipment n.e.c.","27-Aug-2026 11:34","16-Sep-2026 17:00","As per TDS and ITT 1. The minimum specific experience as Supplier in supply of similar Goods of at least one (1) contract successfully completed within the last [state number] years, with a value of at least  TK 2,75,000.00 2. The minimum amount of financial resources as liquid asset or working capital or credit line(s) or specific credit commitment or in any combination of them, of the Tenderers shall be  TK: 4,12,000.00 3. Payment will be made upon the availability of funds. For this,s no claim will be entertained. 4. VAT & IT from the bill will be as per the prevailing Government Rate. No extra claim will be entertained in this regard. 5. To ensure the Quality of the material, Various tests shall be performed by the tenderer as per instructions.","KCC/Won/XEN-M/2025-26/G-85 Purchasing and Repairing works of Khulna Metro Kha-11-0122 No Car, Khulna Metro Kha-11-0103 No Car, Khulna Metro Ha-12-3355 No Motorcycle, Garage branch mobile purchase, Eicher- 6/11 No Truck, Eicher- 9/20 No Truck, Eicher- 10/20 No Truck, Eicher- 11/20 No Truck, Eicher- 16/20 No Truck, Wheel loader- 08 & LGED (China)- 01 No Truck.","Lot wise","Package wise","Package wise","500","Payment through Bank","12-Feb-2027","12-Feb-2027","1","Purchasing and Repairing works of Khulna Metro Kha-11-0122 No Car, Khulna Metro Kha-11-0103 No Car, Khulna Metro Ha-12-3355 No Motorcycle, Garage branch mobile purchase, Eicher- 6/11 No Truck, Eicher- 9/20 No Truck, Eicher- 10/20 No Truck,  Eicher- 11/20 No Truck, Eicher- 16/20 No Truck, Wheel loader- 08 & LGED (China)- 01 No Truck.","Khulna City Corporation","12800","22-Oct-2026","30-Jun-2027","Bidyut Kumar Das","Executive Engineer","Address : 28 KD GHOSH ROAD ,KHULNA City : Khulna Thana : Khulna City Corporation District : Khulna - 9100 Country : Bangladesh","28 KD GHOSH ROAD ,KHULNA","Khulna","Khulna City Corporation","Khulna - 9100","041-721337","","480000.00, OTM","https://www.eprocure.gov.bd/resources/common/ViewTender.jsp?id=1320633"
"Ministry of Energy","Power and Mineral Resources","Meghna Petroleum Limited","Operation Division","","Chattogram","Goods","NCT","TENDER","Tender - Single Lot","PUR: 021 (2026-27)","227306","1318594","Open Tendering Method (OTM)","Own Fund","Own Fund","Not applicable","Not applicable","Purchase : 006_2026-27 PROCUREMENT OF BRAND NEW PHOTOCOPY MACHINE","Photocopying and printing equipment; Office machinery, equipment and supplies except computers;","27-Aug-2026 13:00","06-Sep-2026 17:00","As per TDS","PROCUREMENT OF BRAND NEW PHOTOCOPY MACHINE","Lot wise","Package wise","Package wise","500","Payment through Bank","03-Jan-2027","03-Jan-2027","1","PROCUREMENT OF BRAND NEW PHOTOCOPY MACHINE","FATULLAH, MOGHLABAZAR, BARISHAL, JHALAKATHI, DAULATPUR DEPOT AND MMSC, DHAKA","21000","27-Oct-2026","26-Nov-2026","Md. Mujibur Rahman Chowdhury","DGM(Ops.), Additional Charge","Address : Meghna Petroleum Limited, 58-59, Agrabad Commercial Area, Chattogram. City : Chattogram Thana : Chattogram City Corporation District : Chattogram - 4100 Country : Bangladesh","Meghna Petroleum Limited, 58-59, Agrabad Commercial Area, Chattogram.","Chattogram","Chattogram City Corporation","Chattogram - 4100","02-333311484","02-333314661","Not Found","https://www.eprocure.gov.bd/resources/common/ViewTender.jsp?id=1318594"
"Ministry of Health and Family Welfare","Health Services Division","Directorate General of Health Services (DGHS)","Rajnagar Upazila Health Complex, Moulvibazar","","Moulvibazar","Goods (Framework Agreement)","NCT","TENDER","Tender - Single Lot","UHC/Rajnagar/Tender/2026-27/925","229312","1323465","Open Tendering Method (OTM)","Revenue","Government","Not applicable","Not applicable","UHC/Rajn/Linenwashing/Medicine/2026-27 Procurement of Linen washing for Upazila Health Complex, Rajnagar, Moulvibazar in FY 2026-2027","Sewage- and refuse-disposal services, sanitation and environmental services; Miscellaneous services;Sewage and refuse collection and disposal services;Sewage services;Refuse services;Cleaning and sanitation services in urban or rural areas, and related services;Street-cleaning services;Gully-cleaning services;Asbestos removal services;Deleading services;Disinfecting and exterminating services in urban or rural areas;Beach cleaning services;Environmental and ecological services;Environmental services;Ecological services;Washing and dry-cleaning services;Laundry-collection services;Textile-cleaning services;Fur-products cleaning services;Colouring services;Pressing services;Dyeing services;Hairdressing and beauty treatment services;Hairdressing services;Beauty treatment services;Physical well-being services;Turkish bath services;Spa services;Massage services;Accommodation and office services;Accommodation services;Civic-amenity services;Car-park management services;Marine services;Aquatic marine services;Port management services;Diving services;Funeral and related services;Funeral services;Miscellaneous services n.e.c.;Decommissioning services;Relocation services;Tailoring services;Upholstering services;Locksmith services;Clearing and Forwarding Agent;Service Provider (Others)","27-Aug-2026 12:00","09-Sep-2026 16:00","As per TDS and PCC","Procurement of Linen washing for Upazila Health Complex, Rajnagar, Moulvibazar in FY 2026-2027","Lot wise","Package wise","Package wise","500","Payment through Bank","05-Feb-2027","05-Feb-2027","01","Procurement of Linen washing for Upazila Health Complex, Rajnagar, Moulvibazar in FY 2026-2027","Rajnagar Upazila Health Complex, Moulvibazar","17500","30-Sep-2026","30-Mar-2027","Bornali Das","UH&FPO","Address : Rajnagar , Moulvibazar City : Rajnagar Thana : Rajnagar District : Moulvibazar - 3240 Country : Bangladesh","Rajnagar , Moulvibazar","Rajnagar","Rajnagar","Moulvibazar - 3240","08625-75012","","700000.00, OTM","https://www.eprocure.gov.bd/resources/common/ViewTender.jsp?id=1323465"
"Ministry of Health and Family Welfare","Health Services Division","Directorate General of Health Services (DGHS)","Rajnagar Upazila Health Complex, Moulvibazar","","Moulvibazar","Goods (Framework Agreement)","NCT","TENDER","Tender - Single Lot","UHC/Rajnagar/Tender/2026-27/925","229312","1323459","Open Tendering Method (OTM)","Revenue","Government","Not applicable","Not applicable","UHC/Rajn/MSR/Surgical/2026-27 Procurement of MSR Surgical for Upazila Health Complex, Rajnagar, Moulvibazar in FY 2026-2027","Medical and laboratory devices, optical and precision devices, watches and clocks, pharmaceuticals and related medical consumables;Medical devices;Imaging equipment for medical, dental and veterinary use;Functional exploration;Dentistry;Medical non-chemical consumables and haematological consumables;Therapy;Operating techniques;Anaesthesia and resuscitation;Functional support;Miscellaneous medical devices;Instruments and appliances for measuring, checking, testing and navigating;Navigational, meteorological, geological and geophysical instruments;Remote-control equipment;Precision balances, instruments for drawing, calculating and measuring length;Instruments for measuring quantities;Instruments for checking physical characteristics;Checking and testing apparatus;Regulating and controlling instruments and apparatus;Non-medical equipment based on the use of radiations;Industrial process control equipment;Optical instruments;Spectacles and lenses;Polarising material;Astronomical and optical instruments;Liquid crystal devices;Photographic equipment;Horological instruments;Watches and clocks","27-Aug-2026 12:00","09-Sep-2026 16:00","As per TDS and PCC","Procurement of MSR Surgical for Upazila Health Complex, Rajnagar, Moulvibazar in FY 2026-2027","Lot wise","Package wise","Package wise","1000","Payment through Bank","06-Jan-2027","06-Jan-2027","02","Procurement of MSR Surgical for Upazila Health Complex, Rajnagar, Moulvibazar in FY 2026-2027","Rajnagar Upazila Health Complex, Moulvibazar","37500","30-Sep-2026","30-Dec-2026","Bornali Das","UH&FPO","Address : Rajnagar , Moulvibazar City : Rajnagar Thana : Rajnagar District : Moulvibazar - 3240 Country : Bangladesh","Rajnagar , Moulvibazar","Rajnagar","Rajnagar","Moulvibazar - 3240","08625-75012","","1500000.00, OTM","https://www.eprocure.gov.bd/resources/common/ViewTender.jsp?id=1323459"
"Ministry of Energy","Power and Mineral Resources","Northern Electricity Supply Company Ltd.","Procurement Department, NESCO, Rajshahi","","Rajshahi","Goods","NCT","TENDER","Tender - Single Lot","27.29.0000.000.012.07.0015.26-599, Date-25/08/2026","227467","1323415","Open Tendering Method (OTM)","Own Fund","Own Fund","Not applicable","Not applicable","2026-2027/GR-18 Procurement of 11 KV Metering CT (30-60/5A) for returning to WZPDCL","Electrical equipment and apparatus; Electrical machinery, apparatus, equipment and consumables; Electrical equipment for engines and vehicles; Sound or visual signalling apparatus; Magnets; Machines and apparatus with individual functions; Insulating fittings; Carbon electrodes; Electrical parts of machinery or apparatus; Electrical supplies and accessories;","27-Aug-2026 12:00","07-Sep-2026 11:00","As Per Document.","Procurement of 11kV Metering CT (30-60/5A) for Returning to WZPDCL.","Lot wise","Package wise","Package wise","1000","Payment through Bank","04-Mar-2027","04-Mar-2027","2026-2027/GR-18","Procurement of 11 KV Metering CT (30-60/5A) for returning to WZPDCL","RAJSHAHI","50000","17-Sep-2026","15-Oct-2026","DEWAN MD. ABU HENA MOSTAFA KAMAL","Superintending Engineer","Address : Biddyut Bhaban, Hetemkhan, Rajshahi. City : Rajshahi Thana : Rajshahi City Corporation District : Rajshahi - 6000 Country : Bangladesh","Biddyut Bhaban, Hetemkhan, Rajshahi.","Rajshahi","Rajshahi City Corporation","Rajshahi - 6000","0721-774686","","2500000.00, OTM","https://www.eprocure.gov.bd/resources/common/ViewTender.jsp?id=1323415"
"Ministry of Health and Family Welfare","","Bangladesh Medical University","Office of Executive  Engineer (Electrical), BMU, Dhaka.","","Dhaka","Works","NCT","TENDER","Tender - Single Lot","e-tender/bmu/elect./2026-27/01","226504","1312041","Open Tendering Method (OTM)","Revenue","Government","Not applicable","Not applicable","e-tender/bmu/elect./2026-27/01 Yearly checking, testing, cleaning, servicing & re-commissioning of 16 Nos. 11/0.415 KV electrical sub-station equipment at Bangladesh Medical University, Shahbag, Dhaka-1000","Electrical machinery, apparatus, equipment and consumables;Electric motors, generators and transformers;Electric motors;Generators;Alternators;Cooling towers;Ballasts for discharge lamps or tubes;Parts of electric motors, generators and transformers;Transformers;Electricity distribution and control apparatus;Electrical apparatus for switching or protecting electrical circuits;Electrical circuit components;Parts of electricity distribution or control apparatus;Insulated wire and cable;Mains;Power distribution cables;Coaxial cable;Insulated cable accessories;Electric conductors for data and control purposes;Accumulators, primary cells and primary batteries;Primary cells;Primary batteries;Electric accumulators;Lighting equipment and electric lamps;Electric filament lamps;Lamps and light fittings;Parts of lamps and lighting equipment;Electrical equipment and apparatus;Electrical equipment for engines and vehicles;Sound or visual signalling apparatus;Magnets;Machines and apparatus with individual functions;Insulating fittings;Carbon electrodes;Electrical parts of machinery or apparatus;Electrical supplies and accessories;Electronic, electromechanical and electrotechnical supplies;Electronic equipment;Electromechanical equipment;Electrotechnical equipment","27-Aug-2026 11:55","07-Sep-2026 12:00","1. Having experience in successful completion of similar nature of works in a single tender amounting to Tk.10,50,000.00 ( Ten lac fifty thousand) only in a single Tender during last five years [the years counting backward from the date of invitation of this tender (IFT)] under any Government/Semi Govt./Autonomous Bodies/Private Organization. i)The certifying authority for that work completion shall be an officer not below the rank of Executive Engineer . ii) In case of the work done under any Private Organization, the Certificate shall be given by an owner/ CEO/ Managing Director of that Organization. 2. The tenderer shall have a minimum Average Annual Construction Turnover in the last 05 (five) years Tk.12,00,000.00 (Twelve lac) only which will be supported by the certificate of NBR/ Work completion certificate (The years counting backward from the date of invitation of tender). 3. The minimum amount of liquid asset or working capital or Letter of Commitment for Bank’s Undertaking for Line of Credit (as per Form PW2a-8) of Tender and Contract Forms must be submitted for this purpose of the successful Tenderer shall not be less than Tk.12,00,000.00 (Twelve lac) only. The supporting Bank document submitted along with the tender must be issued in between publication date and submission date of this Tender. 4. Tenderer should have sub-station equipment local manufacturing plant. Tenderer must be submitted that documents. 5. Tenderer should have membership of BMATS (Bangladesh Manufacturer’s Association of Transformers and Switchgears).Tenderer must be submitted that documents. 6. Necessary others supporting documents mustbe be submitted in accordance with TDS  of tender documents. Brief Description of Works : Yearly checking, testing, cleaning, servicing & re-commissioning of 16 Nos. 11/0.415 KV electrical sub-station equipment at Bangladesh Medical University, Shahbag, Dhaka-1000 Evaluation Type : Lot wise Document Available : Package wise Document Fees : Package wise Tender/Proposal Document Price (In BDT)
                            : 1000 Mode of Payment : Payment through Bank Tender/Proposal Security Valid Up to : 04-Mar-2027 Tender/Proposal Valid Up to : 04-Feb-2027 Lot No. Identification of Lot Location Tender/Proposal security (Amount in BDT) Tentative Start Date Tentative Completion Date 1 Yearly checking, testing, cleaning, servicing & re-commissioning of 16 Nos. 11/0.415 KV electrical sub-station equipment at Bangladesh Medical University, Shahbag, Dhaka-1000 Bangladesh Medical University 41000 01-Oct-2026 30-Sep-2027 Procuring Entity Details: Name of Official Inviting  Tender/Proposal : Md. Shahid  Akter Designation of Official Inviting  Tender/Proposal : Executive Engr. (Elect.) Address of Official Inviting  Tender/Proposal : Address : BMU, Shahabag, Dhaka. City : Shahabag Thana : Dhaka South City Corporation District : Dhaka - 1000 Country : Bangladesh Contact details of Official Inviting  Tender/Proposal : Phone No : 02-9666002 Fax No : The procuring entity reserves the right to accept or reject all Tenders/Proposals / Pre-Qualifications / EOIs Note: Bank will update the payment transactions only at the end of the day, so the tenderers should make sure the securities and other payments are made at least one day before the submission date. Documents Amendment / Corrigendum Detail Save As PDF","Yearly checking, testing, cleaning, servicing & re-commissioning of 16 Nos. 11/0.415 KV electrical sub-station equipment at Bangladesh Medical University, Shahbag, Dhaka-1000","Lot wise","Package wise","Package wise","1000","Payment through Bank","04-Mar-2027","04-Mar-2027","1","Yearly checking, testing, cleaning, servicing & re-commissioning of 16 Nos. 11/0.415 KV electrical sub-station equipment at Bangladesh Medical University, Shahbag, Dhaka-1000","Bangladesh Medical University","41000","01-Oct-2026","30-Sep-2027","Md. Shahid  Akter","Executive Engr. (Elect.)","Address : BMU, Shahabag, Dhaka. City : Shahabag Thana : Dhaka South City Corporation District : Dhaka - 1000 Country : Bangladesh","BMU, Shahabag, Dhaka.","Shahabag","Dhaka South City Corporation","Dhaka - 1000","02-9666002","","1524526.22, OTM","https://www.eprocure.gov.bd/resources/common/ViewTender.jsp?id=1312041"
"Ministry of Home Affairs","","Bangladesh Police","Office of the Superintendent of Police, Lakshmipur","00126","Laksmipur","Goods","NCT","TENDER","Tender - Single Lot","Pac-6/LAK-SP/New/2026-2027","226268","1323476","Open Tendering Method (OTM)","Revenue","Government","Not applicable","Not applicable","e-GP-Pac-6/Lak/SP/New/2026-2027 Procurement of Premium Quality Lentil (Mosur Dal) for ration of Lakshmipur District Police (2nd Quarter). FY-2026-2027 (01 October 2026 to 31 December 2026)","Agricultural, horticultural, hunting and related products; Fish, fishing products and other by-products of the fishing industry; Fish; Crustaceans; Aquatic products; By-products of the fishing industry; Oil and associated products; Petroleum, natural gas, oil and associated products; Food products and beverages;Crops, products of market gardening and horticulture;Cereals and other crops;Vegetables, horticultural products and nursery products;Fruit, nuts, beverage and spice crops;Live animals and animal products;Cattle and their products;Farm animals and their products;Pigs;Live poultry and eggs;Small live animals and their products;Products of mixed farming;Agricultural supplies;Live fish;Fish, fresh or chilled;Fish meat;Fresh crustaceans;Oysters;Shellfish;Aquatic invertebrates;Corals or similar products;Natural sponges;Seaweeds;Fish meal;Bituminous or oil shale;Animal products, meat and meat products;Meat;Animal wool, hides and skins;Meat products;Prepared and preserved fish;Fish fillets, fish livers and roe;Frozen fish, fish fillets and other fish meat;Dried or salted fish; fish in brine; smoked fish;Canned or tinned fish and other prepared or preserved fish;Seafood;Fruit, vegetables and related products;Potatoes and potato products;Fruit and vegetable juices;Fruit and vegetables;Animal or vegetable oils and fats;Crude animal or vegetable oils and fats;Refined oils and fats;Edible fats;Dairy products;Milk and cream;Butter;Cheese products;Assorted dairy products;Grain mill products, starches and starch products;Grain mill products;Starches and starch products;Animal feedstuffs;Prepared animal feeds for farm and other animals;Miscellaneous food products;Bread products, fresh pastry goods and cakes;Rusks and biscuits; preserved pastry goods and cakes;Sugar and related products;Cocoa; chocolate and sugar confectionery;Pasta products;Coffee, tea and related products;Condiments and seasonings;Special nutritional products;Miscellaneous food products n.e.c. and dried goods;Beverages;Distilled alcoholic beverages;Wines;Cider and other fruit wines;Non-distilled fermented beverages;Malt beer;Non-alcoholic beverages","27-Aug-2026 12:00","06-Sep-2026 16:00","The following documents and sample must be submitted along with the submitted documents. Otherwise, the tender will be considered as cancelled. (a) Copies of valid Trade license for 2026-2027 fiscal year (Attested), (b) Bank solvency certificate (Attested), (c) Attested Income tax clearance certificate (2026-2027), (d) Up to date VAT registration certificate & TIN Certificate (Attested), (e) Ownership Certificate/Manufacturer Authorization Letter (Attested). (f) Declaration/Agreement signed by a Gazetted Officer to the effect that the bidder is not blacklisted, (g) Renewed Agriculture/Marketing License (Attested), (h) 80% Liquid Asset of total price according to Form-7 of e-PG2, (i) National ID Card with one copy PP size color Photograph (Attested), (j) General experience of 5 years in supply of goods and related services and 3 years of specific experience in supply of similar goods/works (Attested), (k) Tenderer must be submited 500 grams Lentil as a sample on opening date, before opening time. Lentil should be submitted to the Office of the Superintendent of Police, Lakshmipur. Lentil supply will be taken as per the said sample, (l) The required Lentil as per the work order shall be delivered to Lakshmipur Police Ration Store at its own cost and warehoused, (m) Other qualifications as stated in ITT, TDS, GCC, PCC.","Procurement of Premium Quality Lentil (Mosur Dal) for ration of Lakshmipur District Police (2nd Quarter). FY-2026-2027 (01 October 2026 to 31 December 2026). (1) As per the instructions of Police Headquarters, the following sample should be as per:-(a) Grain size: Should be small and there should be at least 600 grains per 10 grams of dal, (b) Color: Yellow to red orange color, (c) Cooking time: Should be cooked within 10 to 20 minutes on normal heat, (d) Smell: Should emit a pleasant smell during cooking, (e) Shell: Should be peeled. Should be free from unwanted objects (such as sand, stones, etc.), (f) Grain description: Grains should be whole. Grains should be of uniform size and properly dried, g) Taste: Should be tasty, (h) Hardness: When chewed with teeth, the dal grains will break but not flatten. That is, they should be properly dried, (I) Standard: Of high quality & (2) Police Headquarters, Memorandum No. 44-2013/832(150), dated 01/07/2021, during the supply of lentils, they should be packaged in high quality transparent poly packs of 3.5 kg, 4 kg and 5.5 kg. The weight of the product, date of production and expiry date should be clearly mentioned on the package.","Lot wise","Package wise","Package wise","1500","Payment through Bank","04-Dec-2026","04-Dec-2026","Single lot","Procurement of Premium Quality Lentil (Mosur Dal) for ration of Lakshmipur District Police (2nd Quarter). FY-2026-2027 (01 October 2026 to 31 December 2026)","Police Ration Store, Lakshmipur District","126000","01-Oct-2026","31-Dec-2026","MD. ABU TAREQ","SP","Address : Office of the Superintendent of Police, Lakshmipur City : Lakshmipur Thana : Laxmipur Sadar District : Laksmipur - 3700 Country : Bangladesh","Office of the Superintendent of Police, Lakshmipur","Lakshmipur","Laxmipur Sadar","Laksmipur - 3700","0381-55333","0381-55479","4342000.00, OTM","https://www.eprocure.gov.bd/resources/common/ViewTender.jsp?id=1323476"
"Ministry of Fisheries & Livestock","","Department of Livestock Services (DLS)","Adaptation Project  to Address the Impacts of Climate Change on the Biodiversity of Saint Martins Island (Livestock Component)","971","Dhaka","Services","NCT","REOI","","","222525","1322994","Quality Cost Based Selection (QCBS)","Development","Government","971","Adaptation Project  to Address the Impacts of Climate Change on the Biodiversity of Saint Martins Island (Livestock Component)","S-  1 Selection of Consulting Firm for Sterilisation of Street Dogs in Saint Martin's Island","Health and social work services; Health services; Veterinary services; Social work and related services;Hospital and related services;Medical practice and related services;Dental practice and related services;Miscellaneous health services;Social work services;Social services","27-Aug-2026 11:40","","Eligibility of the consultant 1. EOI submission in letter head pad of firm/company with 02 pp size photograph of Firm/Company chief. 2. Experience a) The firm should have overall 5 years of General experience . b) The firm should have similar experience (Spay & Neuter/vaccination/disease surveillance of dogs) in Government /Semi-Government/Autonomous/Non Government Organisations/Private Organisations in maximum 04 (Four) contracts within last five years with a value of minimum Tk. 63 (Sixty Three) lakh with appropriate documents i.e. completion certificate from the competent authority. Years counting backward from the date of publication of EOI in the e-GP system. 3. The firm should have Minimum 01(one) year of Audit report within last 5 years 4. Company profile in response to ToR. a) Name of firm/company, contact address (including postal address, telephone & fax No, e-mail address and name of contact person with phone/cell no.), c) The tenderer should submit updated Trade License, VAT Registration and Tax Clearance certificate. d) Detailed organizational structure, manpower (attach list with educational qualifications and experiences), Organizational capacity and physical facilities of the firm/company.","Capturing 800 street dogs from Saint Martin’s Island, Neutering of male dogs and Spaying of female dogs. Post operative care and Rabies vaccination of sterilised dogs.","Package wise","","","","","","","","","Saint Martin's Island","","30-Sep-2026","31-Dec-2026","Nazmul Hoda","District Livestock Officer","Address : Central Veterinary Hospital, 48 Kazi Alauddin Road, Dhaka City : Dhaka Thana : Dhaka South City Corporation District : Dhaka - 1000 Country : Bangladesh","Central Veterinary Hospital, 48 Kazi Alauddin Road, Dhaka","Dhaka","Dhaka South City Corporation","Dhaka - 1000","01716-871507","","Not Found","https://www.eprocure.gov.bd/resources/common/ViewTender.jsp?id=1322994"
"Ministry of Health and Family Welfare","Health Services Division","Directorate General of Health Services (DGHS)","Hakimpur Upazila Health Complex , Dinajpur","","Dinajpur","Goods","NCT","TENDER","Tender - Single Lot","45.01.2747.000.00.001.26/490","227933","1314948","Open Tendering Method (OTM)","Revenue","Government","Not applicable","Not applicable","UHC/Hakim/Dinaj/MSR/2026-27/G-Ga Procurement of Gauge, Bandge & Cotton for the FY 2026-27 at Upazila Health Complex, Hakimpur, Dinajpur","Medical and laboratory devices, optical and precision devices, watches and clocks, pharmaceuticals and related medical consumables;Medical devices;Imaging equipment for medical, dental and veterinary use;Functional exploration;Dentistry;Medical non-chemical consumables and haematological consumables;Therapy;Operating techniques;Anaesthesia and resuscitation;Functional support;Miscellaneous medical devices;Instruments and appliances for measuring, checking, testing and navigating;Navigational, meteorological, geological and geophysical instruments;Remote-control equipment;Precision balances, instruments for drawing, calculating and measuring length;Instruments for measuring quantities;Instruments for checking physical characteristics;Checking and testing apparatus;Regulating and controlling instruments and apparatus;Non-medical equipment based on the use of radiations;Industrial process control equipment;Optical instruments;Spectacles and lenses;Polarising material;Astronomical and optical instruments;Liquid crystal devices;Photographic equipment;Horological instruments;Watches and clocks","27-Aug-2026 12:00","09-Sep-2026 16:00","As Per TDS & PCC","Procurement of Gauge, Bandge & Cotton for the FY 2026-27 at Upazila Health Complex, Hakimpur, Dinajpur","Lot wise","Package wise","Package wise","500","Payment through Bank","06-Jan-2027","06-Jan-2027","1","Procurement of Gauge, Bandge & Cotton for the FY 2026-27 at Upazila Health Complex, Hakimpur, Dinajpur","UHC Hakimpur","20000","01-Nov-2026","01-Dec-2026","MOHAMMAD TANVIR HASNAT ROBIN","UH&FPO","Address : Hakimpur Upazila Health Complex , Dinajpur City : Dinajpur Thana : Hakimpur District : Dinajpur - 5270 Country : Bangladesh","Hakimpur Upazila Health Complex , Dinajpur","Dinajpur","Hakimpur","Dinajpur - 5270","0170-1248705","","818345.00, OTM","https://www.eprocure.gov.bd/resources/common/ViewTender.jsp?id=1314948"
"Ministry of Health and Family Welfare","","Bangladesh Medical University","Office of Executive  Engineer (Electrical), BMU, Dhaka.","","Dhaka","Works","NCT","TENDER","Tender - Single Lot","e-tender/bmu/elect./2026-27/27","226504","1322850","Open Tendering Method (OTM)","Revenue","Government","Not applicable","Not applicable","e-tender/bmu/elect./2026-27/27 Yearly Servicing and maintenance of 42 Nos. Split Type Air-Cooler for Central library (4th & 5th floor), Block - A at Bangladesh Medical University, Shahbag, Dhaka.","Electrical machinery, apparatus, equipment and consumables;Electric motors, generators and transformers;Electric motors;Generators;Alternators;Cooling towers;Ballasts for discharge lamps or tubes;Parts of electric motors, generators and transformers;Transformers;Electricity distribution and control apparatus;Electrical apparatus for switching or protecting electrical circuits;Electrical circuit components;Parts of electricity distribution or control apparatus;Insulated wire and cable;Mains;Power distribution cables;Coaxial cable;Insulated cable accessories;Electric conductors for data and control purposes;Accumulators, primary cells and primary batteries;Primary cells;Primary batteries;Electric accumulators;Lighting equipment and electric lamps;Electric filament lamps;Lamps and light fittings;Parts of lamps and lighting equipment;Electrical equipment and apparatus;Electrical equipment for engines and vehicles;Sound or visual signalling apparatus;Magnets;Machines and apparatus with individual functions;Insulating fittings;Carbon electrodes;Electrical parts of machinery or apparatus;Electrical supplies and accessories;Electronic, electromechanical and electrotechnical supplies;Electronic equipment;Electromechanical equipment;Electrotechnical equipment","27-Aug-2026 11:55","07-Sep-2026 12:00","1. Having experience in successful completion of similar nature of works in a single tender amounting to Tk. 7,00,000.00 (Seven lac ) only under Govt./Semi-Govt./Autonomous bodies within last 05(five) years (The years counting backward from the date of invitation of tender). The certifying authority for that work completion shall be an officer not below the rank of Executive Engineer as per attached Form with Tender document. 2. The tenderer shall have a minimum Average Annual Construction Turnover in the last 05 (five) years Tk.8,00,000.00 (Eight lac) only which will be supported by the certificate of NBR/ Work completion certificate (The years counting backward from the date of invitation of tender). 3. The minimum amount of liquid asset or working capital or Letter of Commitment for Bank’s Undertaking for Line of Credit (as per Form e-PW2A-8) of Tender and Contract Forms must be submitted for this purpose of the successful Tenderer shall not be less than Tk.8,00,000.00 (Eight lac) only. The supporting Bank document submitted along with the tender must be issued in between publication date and submission date of this Tender. 4. Contractor/Firm must have up to date ABC/BC category contractor and supervisory license from electricity licensing board, Government of the peoples Republic of Bangladesh. 5. Up to date income tax clearance certificate mentioning TIN. 6. VAT Registration certificate . 7. Up to date renewed Trade License. 8.NID copy. 9. Necessary supporting documents are to be submitted with the tender.","Yearly Servicing and maintenance of 42 Nos. Split Type Air-Cooler for Central library (4th & 5th floor), Block - A at Bangladesh Medical University, Shahbag, Dhaka.","Lot wise","Package wise","Package wise","1000","Payment through Bank","04-Mar-2027","04-Mar-2027","1","Yearly Servicing and maintenance of 42 Nos. Split Type Air-Cooler for Central library (4th & 5th floor), Block - A at Bangladesh Medical University, Shahbag, Dhaka.","Bangladesh Medical University","21000","01-Oct-2026","30-Sep-2027","Md. Shahid  Akter","Executive Engr. (Elect.)","Address : BMU, Shahabag, Dhaka. City : Shahabag Thana : Dhaka South City Corporation District : Dhaka - 1000 Country : Bangladesh","BMU, Shahabag, Dhaka.","Shahabag","Dhaka South City Corporation","Dhaka - 1000","02-9666002","","1007112.00, OTM","https://www.eprocure.gov.bd/resources/common/ViewTender.jsp?id=1322850"
"Ministry of Health and Family Welfare","","Bangladesh Medical University","Office of Executive  Engineer (Electrical), BMU, Dhaka.","","Dhaka","Goods","NCT","TENDER","Tender - Single Lot","e-tender/bmu/elect./2026-27/28","226504","1322851","Open Tendering Method (OTM)","Revenue","Government","Not applicable","Not applicable","e-tender/bmu/elect./2026-27/28 Supply, installation, testing & commissioning of 02 nos. Split type Air-cooler and related works for forensic medicine department (Room No-801)  at Basic Science Building, Bangladesh Medical University, Shahbag, Dhaka-1000","Electrical machinery, apparatus, equipment and consumables;Electric motors, generators and transformers;Electric motors;Generators;Alternators;Cooling towers;Ballasts for discharge lamps or tubes;Parts of electric motors, generators and transformers;Transformers;Electricity distribution and control apparatus;Electrical apparatus for switching or protecting electrical circuits;Electrical circuit components;Parts of electricity distribution or control apparatus;Insulated wire and cable;Mains;Power distribution cables;Coaxial cable;Insulated cable accessories;Electric conductors for data and control purposes;Accumulators, primary cells and primary batteries;Primary cells;Primary batteries;Electric accumulators;Lighting equipment and electric lamps;Electric filament lamps;Lamps and light fittings;Parts of lamps and lighting equipment;Electrical equipment and apparatus;Electrical equipment for engines and vehicles;Sound or visual signalling apparatus;Magnets;Machines and apparatus with individual functions;Insulating fittings;Carbon electrodes;Electrical parts of machinery or apparatus;Electrical supplies and accessories;Electronic, electromechanical and electrotechnical supplies;Electronic equipment;Electromechanical equipment;Electrotechnical equipment","27-Aug-2026 11:55","07-Sep-2026 12:00","The Tenderer shall submit with its Tender the following additional documents: 1. Having experience in successful completion of similar nature of works in a single tender amounting to Tk.1,70,000.00 (One lac seventy thousand) Only in a single Tender during last five years [the years counting backward from the date of invitation of this tender (IFT)] under any Government/Semi Govt./Autonomous Bodies.The certifying authority for that work completion shall be an officer not below the rank of Executive Engineer as per attached Form with Tender document. 2. The minimum amount of liquid asset or working capital or Letter of Commitment for Bank’s Undertaking for Line of Credit (as per Form e-PG-7) of Tender and Contract Forms must be submitted for this purpose of the successful Tenderer shall not be less than Tk.2,00,000.00 (Two lac ) Only. The supporting Bank document submitted along with the tender must be issued in between publication date and submission date of this Tender. 3.The minimum of years of general experience of the Tenderer in the supply of Goods and related services as Supplier shall be 02 (two) years. 4. The Tenderer/ Bidder shall mention the Brand, Model, Country of manufactured or assembled of proposed Air-cooler. 5. Catalogue of proposed Air-cooler should be submitted along with the Tender. 6. Contractor/Firm must have up to date ABC/BC category contractor and supervisory license from electricity licensing board, Government of the peoples Republic of Bangladesh. 7.Up to date income tax clearance certificate mentioning TIN. 8. VAT Registration certificate . 9. Up to date renewed Trade License. 11. Other required eligibility criteria & condition as mentioned in tender document.","Supply, installation, testing & commissioning of 02 nos. Split type Air-cooler and related works for forensic medicine department (Room No-801) at Basic Science Building, Bangladesh Medical University, Shahbag, Dhaka-1000","Lot wise","Package wise","Package wise","500","Payment through Bank","04-Mar-2027","04-Mar-2027","1","Supply, installation, testing & commissioning of 02 nos. Split type Air-cooler and related works for forensic medicine department (Room No-801)  at Basic Science Building, Bangladesh Medical University, Shahbag, Dhaka-1000","Bangladesh Medical University","6600","15-Sep-2026","30-Sep-2026","Md. Shahid  Akter","Executive Engr. (Elect.)","Address : BMU, Shahabag, Dhaka. City : Shahabag Thana : Dhaka South City Corporation District : Dhaka - 1000 Country : Bangladesh","BMU, Shahabag, Dhaka.","Shahabag","Dhaka South City Corporation","Dhaka - 1000","02-9666002","","245774.00, OTM","https://www.eprocure.gov.bd/resources/common/ViewTender.jsp?id=1322851"
"Ministry of Housing and Public Works","","Chittagong Development Authority","Management Information System (MIS)","","Chattogram","Goods","NCT","TENDER","Tender - Single Lot","MIS/Purchase/2021/26/part-4/L-1","229897","1317947","Open Tendering Method (OTM)","Own Fund","Own Fund","Not applicable","Not applicable","MIS/Purchase/2021/26/part-4 Supply and Installation of LAN & Surveillance System and related works.","Insulated wire and cable; Electrical machinery, apparatus, equipment and consumables; Transmission apparatus for radiotelephony, radiotelegraphy, radio broadcasting and television; Networks; Radio, television, communication, telecommunication and related equipment and apparatus; Telecommunications equipment and supplies; Hardware consultancy services; Computer and related services; Computer-related services; Computer-related management services; Computer support and consultancy services; Computer network services; Computer upgrade services; Computer audit services; Computer testing services; Computer back-up services; Computer catalogue conversion services; Computer-related professional services;Mains;Power distribution cables;Coaxial cable;Insulated cable accessories;Electric conductors for data and control purposes;Broadcasting equipment;Television transmission apparatus without reception apparatus;Radio transmission apparatus with reception apparatus;Television cameras;Mobile telephones;Data-transmission equipment;Digital transmission apparatus;Local area network;Network equipment;Wide area network;Telemetry and terminal equipment;Wireless telecommunications system;Telecommunications cable and equipment;Satellite-related communications equipment;Switchboards;Telephone equipment;Fibre-optic materials;Communications equipment;Data equipment;Hardware selection consultancy services;Hardware disaster-recovery consultancy services;Computer-site planning consultancy services;Computer hardware acceptance testing consultancy services;Computer audit consultancy and hardware consultancy services","27-Aug-2026 11:30","08-Sep-2026 11:30","1. Suppliers should have 5 years of experience in BD market.(Copy of Trade license of the company.) 2.The Supplier must submit NOA or Completion Certificate of honoring a 2 tender each of minimun Taka 10 Lac on of Supplying IT and related equipment in the last five (05) years. 3. The Supplier should submit Bank solvency Certificate. 4. The minimum amount of liquid assets or working capital or credit facilities of the Tenderer shall be Tk 8 Lacs (Eight lacs). 5. The Supplier must submit Up-to-date Trade License, Valid TIN Certificate, VAT Registration/ BIN certificate, with return certificate of the financial year 2024-25. 6. Tenderer shall furnish the average annual turnover at least 8 lacs (sum of 24 Lac for three years) over the best three (03) years in last 5(five) years. 7. Valid documents having office / Sub office in Chittagong for instant support and service.","Supply and Installation of LAN & Surveillance System and related works.","Lot wise","Package wise","Package wise","500","Payment through Bank","04-Jan-2027","04-Jan-2027","1","Supply and Installation of LAN & Surveillance System and related works.","CDA Building","20000","17-Sep-2026","18-Oct-2026","Md Mostafa Jamal","System Analyst","Address : CDA Building, Court Road, Kotowali Circle, Chittagong City : Chittagong Thana : Chattogram City Corporation District : Chattogram - 4000 Country : Bangladesh","CDA Building, Court Road, Kotowali Circle, Chittagong","Chittagong","Chattogram City Corporation","Chattogram - 4000","031-625562","031-614610","744000.00, OTM","https://www.eprocure.gov.bd/resources/common/ViewTender.jsp?id=1317947"
"Ministry of Education","Secondary and Higher Education Division","Bangladesh University of Professionals (BUP)","Registrar Office(Procurement Section)","","Dhaka","Goods","NCT","TENDER","Tender - Single Lot","BUP/PROC/2026-27/GDs/G13","230393","1322200","Open Tendering Method (OTM)","Revenue","Government","Not applicable","Not applicable","BUP/PROC/2026-27/GDs/G13 Supply of Sports Accessories","Sports goods and equipment; Manufactured goods, furniture, handicrafts, special-purpose products and associated consumables; Games and toys; fairground amusements;Outdoor sports equipment;Gymnasium equipment;Dolls;Toys;Articles for funfair, table or parlour games","27-Aug-2026 13:00","06-Sep-2026 11:00","As per TDS and PCC with a view of the E-Tender Documents.","Supply of Sports Accessories","Lot wise","Package wise","Package wise","1000","Payment through Bank","01-Feb-2027","01-Feb-2027","Lot-1","Supply of Sports Accessories","BUP, Mirpur Cantonment","28065","04-Oct-2026","31-Dec-2026","MD RABBI AHSAN","Registrar","Address : Bangladesh University of Professionals, Mirpur Cantt, Dhaka City : Dhaka Thana : Dhaka North City Corporation District : Dhaka - 1216 Country : Bangladesh","Bangladesh University of Professionals, Mirpur Cantt, Dhaka","Dhaka","Dhaka North City Corporation","Dhaka - 1216","02-8000488","","Not Found","https://www.eprocure.gov.bd/resources/common/ViewTender.jsp?id=1322200"
"Ministry of Housing and Public Works","","Chittagong Development Authority","Management Information System (MIS)","","Chattogram","Goods","NCT","TENDER","Tender - Single Lot","25.47.1500.111.49.001.26","216869","1311034","Open Tendering Method (OTM)","Own Fund","Own Fund","Not applicable","Not applicable","25.47.1500.111.49.001.26 Webmail system for CDA Officials","Data services; Computer and related services; Computer-related services;Data-processing services;Database services;Computer-related management services;Computer support and consultancy services;Computer network services;Computer upgrade services;Computer audit services;Computer testing services;Computer back-up services;Computer catalogue conversion services;Computer-related professional services","27-Aug-2026 11:30","08-Sep-2026 11:30","1. Suppliers should have 5 years of experience in BD market.(Copy of Trade license of the company.) 2.The Supplier must submit NOA or Completion Certificate of honoring a 2 tender each of minimun Taka 10 Lac on of Supplying IT and related equipment in the last Five (05) years. 3. The Supplier should submit Bank solvency Certificate. 4. The minimum amount of liquid assets or working capital or credit facilities of the Tenderer shall be Tk 10 Lacs (Ten lacs). 5. The Supplier must submit Up-to-date Trade License, Valid TIN Certificate, VAT Registration/ BIN certificate, with return certificate of the financial year 2024-25. 6. Tenderer shall furnish the average annual turnover at least 10 lacs (sum of 30 Lac for three years) over the best three (03) years in last 5(five) years. 7. Valid documents having office / Sub office in Chittagong for instant support and service.","Webmail System for CDA's Official.","Lot wise","Package wise","Package wise","1000","Payment through Bank","04-Jan-2027","04-Jan-2027","1","Webmail system for CDA Officials","CDA Building","49000","17-Sep-2026","18-Oct-2026","Md Mostafa Jamal","System Analyst","Address : CDA Building, Court Road, Kotowali Circle, Chittagong City : Chittagong Thana : Chattogram City Corporation District : Chattogram - 4000 Country : Bangladesh","CDA Building, Court Road, Kotowali Circle, Chittagong","Chittagong","Chattogram City Corporation","Chattogram - 4000","031-625562","031-614610","1655000.00, OTM","https://www.eprocure.gov.bd/resources/common/ViewTender.jsp?id=1311034"
"Prime Minister's Office","","Bangladesh Export Processing Zones Authority (BEPZA)","Executive Engineer (Elc.), MEPZ","","Bagerhat","Works","NCT","TENDER","Tender - Single Lot","03.06.0158.327.26.287.26-368","227810","1319819","Open Tendering Method (OTM)","Own Fund","Own Fund","Not applicable","Not applicable","MEPZ-RW-EM-01 Renovation and improvement of existing fire hydrant system at Mongla EPZ.","Works for complete or part construction and civil engineering work; Construction work; Repair and maintenance services for pumps, valves, taps and metal containers and machinery; Water distribution and related services; Public utilities;Building construction work;Engineering works and construction works;Construction work for pipelines, communication and power lines, for highways, roads, airfields and railways; flatwork;Construction work for water projects;Construction works for plants, mining and manufacturing and for buildings relating to the oil and gas industry;Roof works and other special trade construction works;Repair and maintenance services of pumps, valves, taps and metal containers;Repair and maintenance services of machinery;Water distribution;Operation of a water-purification plant;Operation of water supplies","27-Aug-2026 11:00","09-Sep-2026 16:00","The invitation for tender is open to all eligible tenderers who satisfy the following: a) The minimum number of years of general experience of the Tenderer shall be 05 years. b) The Tenderer must hava satisfactory completion of installation of fire hydrant system/water supply network or similar works of at least Tk 25.00 Lakh under a single contract over a period of last 5 (five) years shall be required in Govt./Semi-Govt/Autonomous Bodies. The work completion certificates are to be issued by an officer not below the rank of Executiva Engineer or equivalent Officer of concerned Department/Organization. c) The required minimum average annual construction turnover is BDT 90.00 Lakh, Construction turnover will be calculated on the basis of completion certificates which have been executed within last 05 years where best 03 years of last 05 years will be considered. All work completion certificates must be enclosed along with the tender. d) The minimum amount of financial resourses as liquid asset or working capital or credit line(s) or specific credit commitment or in any combination of them, of the Tonderers shall be Tk 40.00 Lakh e) The required minimum Tender Capacity is BDT 35.00 Lakh. f) Debarred firms from any Govt/Semi-Govt/Autonomous bodies are to be treated as ineligible to participate in the Tender. g) Catalog and Brochure for Double headed pillar hydrant and valve and fittings. h) Up-to-date trade license, TIN & VAT registration certificate, Income Tax clearance certificate etc. to be submilled. i) All other criteria will be taken according to the Public Procurement Act-2006, PPR-2025 and its amendment. j) Other required conditions and documents of the tenderer are shown in Tender Data Sheet (TDS) of bidding documents must be fulfilled.","Renovation and improvement of existing fire hydrant system at Mongla EPZ.","Lot wise","Package wise","Package wise","1500","Payment through Bank","","","01","Renovation and improvement of existing fire hydrant system at Mongla EPZ.","Mongla EPZ","140000","29-Oct-2026","26-Jan-2027","Md. Nazrul Islam","Executive Engineer (E)","Address : Mongla Export Processing Zone(MEPZ) Mongla, Bagerhat City : Mongla Thana : Mongla District : Bagerhat - 9300 Country : Bangladesh","Mongla Export Processing Zone(MEPZ) Mongla, Bagerhat","Mongla","Mongla","Bagerhat - 9300","02-47886150","","4900000.00, OTM","https://www.eprocure.gov.bd/resources/common/ViewTender.jsp?id=1319819"
"Ministry of Local Government","Rural Development and Co-operatives","Zilla Parishad, Potuakhali","Zila Parishad, Patuakhali","","Patuakhali","Works","NCT","TENDER","Tender - Single Lot","(ADP-2024-2025-Change Project)","215808","1135578","Open Tendering Method (OTM)","Revenue","Government","Not applicable","Not applicable","ADP-2025-2026-01 (ADP-2024-2025-Change Project): Development of Collectorate School under Patuakhali District.(Memo N0-208 Zp. Manto:1248 Date: 27 May,25)","Construction work;Site preparation work;Building demolition and wrecking work and earthmoving work;Test drilling and boring work;Works for complete or part construction and civil engineering work;Building construction work;Engineering works and construction works;Construction work for pipelines, communication and power lines, for highways, roads, airfields and railways; flatwork;Construction work for water projects;Construction works for plants, mining and manufacturing and for buildings relating to the oil and gas industry;Roof works and other special trade construction works;Building installation work;Electrical installation work;Insulation work;Plumbing and sanitary works;Fencing, railing and safety equipment installation work;Mechanical installations;Building completion work;Plastering work;Joinery and carpentry installation work;Floor and wall covering work;Painting and glazing work;Other building completion work;Hire of construction and civil engineering machinery and equipment with operator;Hire of cranes with operator;Hire of earthmoving equipment with operator","27-Aug-2026 11:00","09-Sep-2026 16:00","as per TDS","(ADP-2024-2025-Change Project): Development of Collectorate School under Patuakhali District.(Memo N0-208 Zp. Manto:1248 Date: 27 May,25)","Lot wise","Package wise","Package wise","1500","Payment through Bank","05-Feb-2027","05-Feb-2027","single","(ADP-2024-2025-Change Project): Development of Collectorate School under Patuakhali District.(Memo N0-208 Zp. Manto:1248 Date: 27 May,25)","Patuakhali sadar upazila","63000","01-Nov-2026","28-Feb-2027","Md. Kamrul Hasan Shohel","Chief Executive Officer","Address : College Road, Patuakhali City : Patuakhali Thana : Patuakhali Sadar District : Patuakhali - 8600 Country : Bangladesh","College Road, Patuakhali","Patuakhali","Patuakhali Sadar","Patuakhali - 8600","0441-63024","0441-62408","2502000.00, OTM","https://www.eprocure.gov.bd/resources/common/ViewTender.jsp?id=1135578"
"Ministry of Social Welfare","","Department of Social Services(DSS)","Capacity building of existing Three child development centers-Project","224378300000000","Dhaka","Goods","NCT","TENDER","Tender - Single Lot","41.01.0000.110.07.001.24.172","227241","1322709","Open Tendering Method (OTM)","Development","Government","224378300000000","Capacity building of existing Three child development centers-Project","GD_01_2026-2027 Purchse of Office Equipments (Laptop, Desktop, printer, etc.)","Office and computing machinery, equipment and supplies;Office machinery, equipment and supplies except computers;Word-processing machines;Photocopying and printing equipment;Post-office equipment;Calculating and accounting machines;Typewriters;Parts and accessories of typewriters and calculating machines;Various office equipment and supplies;Computer equipment and supplies;Data-processing machines;Digital cartography equipment;Computer hardware;Software;Computer systems;Servers","27-Aug-2026 12:00","13-Sep-2026 14:00","As per TDS","As per TDS","Lot wise","Package wise","Package wise","2500","Payment through Bank","09-Feb-2027","09-Feb-2027","1","Purchse of Office Equipments (Laptop, Desktop, printer, etc.)","1 PD office Agargaon 2 Konabari  Gazipur 3 Tongi Gazipur 4 Pulerhut Jessore","200000","30-Sep-2026","15-Oct-2026","MD. KAMRUZZAMAN","Project Director","Address : Department of Social Services,
E-8/B-1 Agargaon, Sher-E-Bangla Nagar, Dhaka-1207 City : Dhaka Thana : Dhaka North City Corporation District : Dhaka - 1207 Country : Bangladesh","","Dhaka","Dhaka North City Corporation","Dhaka - 1207","00-0000000","","8415000.00, OTM","https://www.eprocure.gov.bd/resources/common/ViewTender.jsp?id=1322709"
"Ministry of Local Government","Rural Development and Co-operatives","Khulna City Corporation","Executive Engineer (Mech.) at Office of the Executive Engineer (Mech.) , Khulna City Corporation","","Khulna","Goods","NCT","TENDER","Tender - Single Lot","APP ID : 	216057","216057","1320311","Open Tendering Method (OTM)","Own Fund","Own Fund","Not applicable","Not applicable","KCC/Won/XEN-M/2025-26/G-76 Purchasing and Repairing works of Khulna Metro Gha-11-0095 No Pickup, Purchase of Materials for the Garage Branch Photocopy Machine, Garbage loader- 02, Eicher- 5/5 No (Ten wheel) Truck, Excavator- 01, City Building Generator, Khulna Metro Gha-11-0274 No Pajero jeep, Khulna Metro Ma-11-0098 No Pickup, Dhaka Metro Sha-13-0395 No Hyundai Truck & Eicher- 3/20 No Truck.","Machinery, equipment, appliances, apparatus and associated products;Machinery for the production and use of mechanical power;Turbines and motors;Pumps and compressors;Taps, cocks, valves and similar appliances;Gears, gearing and driving elements;General-purpose machinery;Industrial or laboratory furnaces, incinerators and ovens;Lifting and handling equipment and parts;Cooling and ventilation equipment;Miscellaneous general-purpose machinery;Agricultural, horticultural and forestry machinery;Agricultural and forestry machinery for soil preparation or cultivation;Harvesting machinery;Spraying machinery for agriculture or horticulture;Self-loading or unloading trailers and semi-trailers for agriculture;Specialist agricultural or forestry machinery;Tractors;Parts of agricultural and forestry machinery;Machine tools;Machine tools operated by laser and machining centres;Lathes, boring and milling machine tools;Metal-working machine tools;Machine tools for working hard materials except metals;Pneumatic or motorised hand tools;Soldering, brazing and welding tools, surface tempering and hot-spraying machines and equipment;Parts and accessories of machine tools;Special-purpose machinery and parts;Machinery for metallurgy and associated parts;Machinery for mining, quarrying and construction;Machinery for food, beverage and tobacco processing and associated parts;Machinery for textile, apparel and leather production;Machinery for paper or paperboard production;Miscellaneous special-purpose machinery;Weapons, ammunition and associated parts;Motorised tanks and armoured fighting vehicles;Military weapons;Firearms;Ammunition;Parts of military weapons;Truncheons or night sticks;Domestic appliances;Electrical domestic appliances;Non-electric domestic appliances;Miscellaneous equipment;Transport related equipment;Workshop equipment;Construction equipment;Catering equipment;Emergency and security equipment;Technical equipment;Miscellaneous equipment n.e.c.","27-Aug-2026 11:20","16-Sep-2026 17:00","As per TDS and ITT 1. The minimum specific experience as Supplier in supply of similar Goods of at least one (1) contract successfully completed within the last [state number] years, with a value of at least   TK 4,08,000.00 2. The minimum amount of financial resources as liquid asset or working capital or credit line(s) or specific credit commitment or in any combination of them, of the Tenderers shall be  TK: 6,12,000.00 3. Payment will be made upon the availability of funds. For this,s no claim will be entertained. 4. VAT & IT from the bill will be as per the prevailing Government Rate. No extra claim will be entertained in this regard. 5. To ensure the Quality of the material, Various tests shall be performed by the tenderer as per instructions.","KCC/Won/XEN-M/2025-26/G-76 Purchasing and Repairing works of Khulna Metro Gha-11-0095 No Pickup, Purchase of Materials for the Garage Branch Photocopy Machine, Garbage loader- 02, Eicher- 5/5 No (Ten wheel) Truck, Excavator- 01, City Building Generator, Khulna Metro Gha-11-0274 No Pajero jeep, Khulna Metro Ma-11-0098 No Pickup, Dhaka Metro Sha-13-0395 No Hyundai Truck & Eicher- 3/20 No Truck.","Lot wise","Package wise","Package wise","500","Payment through Bank","12-Feb-2027","12-Feb-2027","1","Purchasing and Repairing works of Khulna Metro Gha-11-0095 No Pickup, Purchase of Materials for the Garage Branch Photocopy Machine, Garbage loader- 02, Eicher- 5/5 No (Ten wheel) Truck, Excavator- 01, City Building Generator, Khulna Metro Gha-11-0274 No Pajero jeep, Khulna Metro Ma-11-0098 No Pickup, Dhaka Metro Sha-13-0395 No Hyundai Truck & Eicher- 3/20 No Truck.","Khulna City Corporation","19400","22-Oct-2026","30-Jun-2027","Bidyut Kumar Das","Executive Engineer","Address : 28 KD GHOSH ROAD ,KHULNA City : Khulna Thana : Khulna City Corporation District : Khulna - 9100 Country : Bangladesh","28 KD GHOSH ROAD ,KHULNA","Khulna","Khulna City Corporation","Khulna - 9100","041-721337","","699000.00, OTM","https://www.eprocure.gov.bd/resources/common/ViewTender.jsp?id=1320311"
"Ministry of Local Government","Rural Development and Co-operatives","Local Government Engineering Department (LGED)","Office of the Executive Engineer, LGED, Sunamganj","","Sunamganj","Works","NCT","TENDER","Tender - Single Lot","SJC/SUN/26-27/230169","230169","1320762","Open Tendering Method (OTM)","Development","Government","224377500","Santiganj, Jagannathpur & Chatak Upazila Rural Infrastructure Improvement Project Under Sunamganj District","SJC/Cha/W-03 Construction of 75.10m Long PSC Girder Bridge on RHD-Debergaon Kandipara Road at Ch.750.00m under Chatak District-Sunamganj. [Road ID-690234124]","Engineering works and construction works; Works for complete or part construction and civil engineering work;","27-Aug-2026 11:00","20-Sep-2026 12:00","As per ITT & TDS of the Standards tender documents","SJC/Cha/W-03 Construction of 75.10m long PSC girder bridge on RHD-Debergaon kandipara road at Ch.750.00m under Chatak Upazila , Dist: Sunamganj. [Road ID- 690234124]","Lot wise","Package wise","Package wise","4000","Payment through Bank","15-Feb-2027","15-Feb-2027","01","SJC/Cha/W-03
Construction of 75.10m Long PSC Girder Bridge on RHD-Debergaon Kandipara Road at Ch.750.00m under Chatak District-Sunamganj. [Road ID-690234124]","Chatak","2400000","01-Nov-2026","25-Jan-2028","Md. Anower Hossain","Executive Engineer","Address : XEN office, LGED, Sunamganj City : Sunamganj Thana : Sunamganj Sadar District : Sunamganj - 3000 Country : Bangladesh","XEN office, LGED, Sunamganj","Sunamganj","Sunamganj Sadar","Sunamganj - 3000","0871-55426","0871-55426","92047000.00, OTM","https://www.eprocure.gov.bd/resources/common/ViewTender.jsp?id=1320762"
"Ministry of Local Government","Rural Development and Co-operatives","Khulna City Corporation","Executive Engineer (Mech.) at Office of the Executive Engineer (Mech.) , Khulna City Corporation","","Khulna","Goods","NCT","TENDER","Tender - Single Lot","APP ID : 	216057","216057","1320307","Open Tendering Method (OTM)","Own Fund","Own Fund","Not applicable","Not applicable","KCC/Won/XEN-M/2025-26/G-75 Purchasing and Repairing works of Khulna Metro Cha-51-0017 No Microbus, Khulna Metro Tha-11-0050 No Pickup, Back Wheel Loder- 5, Eicher- 5/20 No Truck, Khulna Metro Ma-11-0098 No Pickup, A/P Roller No- 02, Normal Roller- 05, 3y Road Roller & Wheel Loder- 4.","Machinery, equipment, appliances, apparatus and associated products;Machinery for the production and use of mechanical power;Turbines and motors;Pumps and compressors;Taps, cocks, valves and similar appliances;Gears, gearing and driving elements;General-purpose machinery;Industrial or laboratory furnaces, incinerators and ovens;Lifting and handling equipment and parts;Cooling and ventilation equipment;Miscellaneous general-purpose machinery;Agricultural, horticultural and forestry machinery;Agricultural and forestry machinery for soil preparation or cultivation;Harvesting machinery;Spraying machinery for agriculture or horticulture;Self-loading or unloading trailers and semi-trailers for agriculture;Specialist agricultural or forestry machinery;Tractors;Parts of agricultural and forestry machinery;Machine tools;Machine tools operated by laser and machining centres;Lathes, boring and milling machine tools;Metal-working machine tools;Machine tools for working hard materials except metals;Pneumatic or motorised hand tools;Soldering, brazing and welding tools, surface tempering and hot-spraying machines and equipment;Parts and accessories of machine tools;Special-purpose machinery and parts;Machinery for metallurgy and associated parts;Machinery for mining, quarrying and construction;Machinery for food, beverage and tobacco processing and associated parts;Machinery for textile, apparel and leather production;Machinery for paper or paperboard production;Miscellaneous special-purpose machinery;Weapons, ammunition and associated parts;Motorised tanks and armoured fighting vehicles;Military weapons;Firearms;Ammunition;Parts of military weapons;Truncheons or night sticks;Domestic appliances;Electrical domestic appliances;Non-electric domestic appliances;Miscellaneous equipment;Transport related equipment;Workshop equipment;Construction equipment;Catering equipment;Emergency and security equipment;Technical equipment;Miscellaneous equipment n.e.c.","27-Aug-2026 11:05","16-Sep-2026 17:00","As per TDS and ITT 1. The minimum specific experience as Supplier in supply of similar Goods of at least one (1) contract successfully completed within the last [5] years, with a value of at least  TK 3,95,000.00 2. The minimum amount of financial resources as liquid asset or working capital or credit line(s) or specific credit commitment or in any combination of them, of the Tenderers shall be TK: 5,95,000.00 3. Payment will be made upon the availability of funds. For this,s no claim will be entertained. 4. VAT & IT from the bill will be as per the prevailing Government Rate. No extra claim will be entertained in this regard. 5. To ensure the Quality of the material, Various tests shall be performed by the tenderer as per instructions.","KCC/Won/XEN-M/2025-26/G-75 Purchasing and Repairing works of Khulna Metro Cha-51-0017 No Microbus, Khulna Metro Tha-11-0050 No Pickup, Back Wheel Loder- 5, Eicher- 5/20 No Truck, Khulna Metro Ma-11-0098 No Pickup, A/P Roller No- 02, Normal Roller- 05, 3y Road Roller & Wheel Loder- 4.","Lot wise","Package wise","Package wise","500","Payment through Bank","12-Feb-2027","12-Feb-2027","1","Purchasing and Repairing works of Khulna Metro Cha-51-0017 No Microbus, Khulna Metro Tha-11-0050 No Pickup, Back Wheel Loder- 5, Eicher- 5/20 No Truck, Khulna Metro Ma-11-0098 No Pickup, A/P Roller No- 02, Normal Roller- 05, 3y Road Roller & Wheel Loder- 4.","Khulna City Corporation","19000","08-Oct-2026","30-Jun-2027","Bidyut Kumar Das","Executive Engineer","Address : 28 KD GHOSH ROAD ,KHULNA City : Khulna Thana : Khulna City Corporation District : Khulna - 9100 Country : Bangladesh","28 KD GHOSH ROAD ,KHULNA","Khulna","Khulna City Corporation","Khulna - 9100","041-721337","","695000.00, OTM","https://www.eprocure.gov.bd/resources/common/ViewTender.jsp?id=1320307"
"Ministry of Energy","Power and Mineral Resources","Titas Gas Transmission & Distribution PLC","Regional Construction Deptt. Gazipur","","Gazipur","Works","NCT","TENDER","Tender - Single Lot","RCD/GAZIPUR/2026-2027/PSCS/1","230235","1319556","Open Tendering Method (OTM)","Own Fund","Own Fund","Not applicable","Not applicable","RCD/GAZIPUR/2026-2027/PSCS/1 CONSTRUCTION OF DN 8"" DIA  X 50 PSIG X 48 M GAS PIPELINE FOR ISOLATION OF GAS NETWORK OF ZONAL SALES OFFICE (SAVAR) & ZONAL SALES OFFICE (ASHULIA) (UNDER COMPANY FINANCE)","Natural gas; Petroleum, natural gas, oil and associated products;","27-Aug-2026 10:30","06-Sep-2026 12:40","1. Valid and up-to-date Enlistment Certificate for gas pipeline Contractors of Bangladesh under Category 1.4 and/or1.3 with Titas Gas T & D PLC and /or any other Company of Petrobangla. 2.valid Trade License. 3.Tax Clearance Certificate (or Acknowledgement slip issued by the competent authority as a proof of submission of income tax return for the Assessment Year (insert assessment year). 4.VAT Registration Number/Business Identification Number (BIN)","CONSTRUCTION OF DN 8"" DIA X 50 PSIG X 48 M GAS PIPELINE FOR ISOLATION OF GAS NETWORK OF ZONAL SALES OFFICE (SAVAR) & ZONAL SALES OFFICE (ASHULIA) (UNDER COMPANY FINANCE)","Lot wise","Package wise","Package wise","1000","Payment through Bank","02-Jan-2027","02-Jan-2027","1","CONSTRUCTION OF DN 8"" DIA  X 50 PSIG X 48 M GAS PIPELINE FOR ISOLATION OF GAS NETWORK OF ZONAL SALES OFFICE (SAVAR) & ZONAL SALES OFFICE (ASHULIA) (UNDER COMPANY FINANCE)","Nabinagar-Chandra Road, Near Baipail.","40000","05-Oct-2026","04-Oct-2027","MD. DELWAR HOSSAIN","Deputy General Manager","Address : Titas Gas Bhaban, Bilaspur, Joydevpur, Gazipur. City : Joydevpur Thana : Gazipur City Corporation District : Gazipur - 1700 Country : Bangladesh","Titas Gas Bhaban, Bilaspur, Joydevpur, Gazipur.","Joydevpur","Gazipur City Corporation","Gazipur - 1700","02-2224423143","","1702056.00, OTM","https://www.eprocure.gov.bd/resources/common/ViewTender.jsp?id=1319556"
"Ministry of Health and Family Welfare","Health Services Division","Directorate General of Health Services (DGHS)","Rajnagar Upazila Health Complex, Moulvibazar","","Moulvibazar","Goods (Framework Agreement)","NCT","TENDER","Tender - Single Lot","UHC/Rajnagar/Tender/2026-27/925","229312","1323461","Open Tendering Method (OTM)","Revenue","Government","Not applicable","Not applicable","UHC/Rajn/MSR/Chemical/2026-27 Procurement of Chemical re-agent Items for Upazila Health Complex, Rajnagar, Moulvibazar in FY 2026-2027","Medical and laboratory devices, optical and precision devices, watches and clocks, pharmaceuticals and related medical consumables;Medical devices;Imaging equipment for medical, dental and veterinary use;Functional exploration;Dentistry;Medical non-chemical consumables and haematological consumables;Therapy;Operating techniques;Anaesthesia and resuscitation;Functional support;Miscellaneous medical devices;Instruments and appliances for measuring, checking, testing and navigating;Navigational, meteorological, geological and geophysical instruments;Remote-control equipment;Precision balances, instruments for drawing, calculating and measuring length;Instruments for measuring quantities;Instruments for checking physical characteristics;Checking and testing apparatus;Regulating and controlling instruments and apparatus;Non-medical equipment based on the use of radiations;Industrial process control equipment;Optical instruments;Spectacles and lenses;Polarising material;Astronomical and optical instruments;Liquid crystal devices;Photographic equipment;Horological instruments;Watches and clocks","27-Aug-2026 12:00","09-Sep-2026 16:00","As per TDS and PCC","Procurement of Chemical re-agent Items for Upazila Health Complex, Rajnagar, Moulvibazar in FY 2026-2027","Lot wise","Package wise","Package wise","500","Payment through Bank","06-Jan-2027","06-Jan-2027","01","Procurement of Chemical re-agent Items for Upazila Health Complex, Rajnagar, Moulvibazar in FY 2026-2027","Rajnagar Upazila Health Complex, Moulvibazar","7500","30-Sep-2026","30-Dec-2026","Bornali Das","UH&FPO","Address : Rajnagar , Moulvibazar City : Rajnagar Thana : Rajnagar District : Moulvibazar - 3240 Country : Bangladesh","Rajnagar , Moulvibazar","Rajnagar","Rajnagar","Moulvibazar - 3240","08625-75012","","300000.00, OTM","https://www.eprocure.gov.bd/resources/common/ViewTender.jsp?id=1323461"
"Ministry of Local Government","Rural Development and Co-operatives","Khulna City Corporation","Chief Planning Officer at Office of CPO, Khulna City Corporation","","Khulna","Works","NCT","TENDER","Tender - Single Lot","APP ID : 225239","225239","1316651","Open Tendering Method (OTM)","Development","Government, Other Source Fund","46.00.0000.094.14.0111.21-245","Climate Change Adapted Urban Development Phase-II (CCUAD) Khulna","CCAUDP/KfW 512447/WD-05/Lot-1/01 Drainage System Upgrading in Sub-Catchment 11 (Sp-5b) Part 1: -	Reconstruction of approximately 2.48km of roadside drains (reinforced concrete construction) -	Installation of 24 no. catch-basins -	Supply and installation of 3 no. rake bar screens","Construction work;Site preparation work;Building demolition and wrecking work and earthmoving work;Test drilling and boring work;Works for complete or part construction and civil engineering work;Building construction work;Engineering works and construction works;Construction work for pipelines, communication and power lines, for highways, roads, airfields and railways; flatwork;Construction work for water projects;Construction works for plants, mining and manufacturing and for buildings relating to the oil and gas industry;Roof works and other special trade construction works;Building installation work;Electrical installation work;Insulation work;Plumbing and sanitary works;Fencing, railing and safety equipment installation work;Mechanical installations;Building completion work;Plastering work;Joinery and carpentry installation work;Floor and wall covering work;Painting and glazing work;Other building completion work;Hire of construction and civil engineering machinery and equipment with operator;Hire of cranes with operator;Hire of earthmoving equipment with operator","27-Aug-2026 11:14","27-Sep-2026 17:00","Eligibility as per tender document: ITT/TDS Cl 5; GCC/PCC Cl. 9; DP ITT Amendments and DPP Forms Project is part of CCAUDP Phase II, aimed at enhancing urban resilience in Khulna. Total budget of 30 Million EUR . Specific reference is made to the following  / Documents to be submitted : Audited balance sheets for the past five (5) financial years - ITT 14.1 (d) / ITT 31.1 (i) Signed & Upload “Specification for ESHS Management of Works” (Section 9 ES Specifications) Signed & Upload Form e-PW3D-DP-A Declaration of Undertaking including Appendix (Section 11 DP’s Special Instructions & Documents) The major Qualification Criteria as per Section 2, TDS are: General Experience: 5 years - ITT 13.1 (a) Similar Experience: one (1) contracts for construction of RCC drain works, satisfactorily and substantially completed within the last five (5) years , with a value of at least BDT 1600 (Taka in lac). - ITT 13.1 (b) Average annual construction turnover: BTD 2400 (Taka in lac) over the best 3 years in the last 5 Years -ITT 14.1 (b) Financial resources: BDT 400 (Taka in Lac) - ITT 14.1 (c) VAT & IT from bill will be deducted as per prevailing Government Rate.","SP-5B Drainage Improvement Sub-Catchment 11 (Bastuhara Area): i. Reconstruction of approx. 2,800m of existing roadside RCC drains, covering key corridors such as Outer Bypass Road, Deana Chowdhury Road, and Karigarpara Road; ii. Reconstruction and strengthening of load-bearing drain sections in critical locations to withstand traffic loading and improve structural integrity and service life; iii. Construction of approx. 24 new road site catch basins; and iv. Supply and Installation of 5 no. debris screens  at key locations to intercept floating debris and ensure uninterrupted flow toward outfalls.","Lot wise","Package wise","Package wise","5000","Payment through Bank","23-Feb-2027","23-Feb-2027","01","Drainage System Upgrading in Sub-Catchment 11 (Sp-5b) Part 1:
-	Reconstruction of approximately 2.48km of roadside drains (reinforced concrete construction)
-	Installation of 24 no. catch-basins
-	Supply and installation of 3 no. rake bar screens","Khulna City Corporation","6200000","02-Nov-2026","02-Nov-2027","Abir Ul Jabbar","Chief Planning Officer","Address : 28 KD ghosh road City : khulna Thana : Khulna City Corporation District : Khulna - 9100 Country : Bangladesh","28 KD ghosh road","khulna","Khulna City Corporation","Khulna - 9100","8802-44110381","","Not Found","https://www.eprocure.gov.bd/resources/common/ViewTender.jsp?id=1316651"
"Ministry of Home Affairs","","Bangladesh Coast Guard Force","Logistics Directorate","","Dhaka","Goods","NCT","TENDER","Tender - Single Lot","44.08.2680.060.50.004.26.1424","227919","1321375","Open Tendering Method (OTM)","Revenue","Government","Not applicable","Not applicable","GR LOG GS -15 Purchase of 01 Lot Cap Jockey Combat","Clothing and accessories;Occupational clothing, special workwear and accessories;Occupational clothing;Special workwear;Workwear accessories;Outerwear;Coats;Weatherproof clothing;Miscellaneous outerwear;Garments;Underwear;Shirts and nightwear;T-shirts;Special clothing and accessories;Special clothing;Clothing accessories;Hats and headgear;Fasteners;Leather clothes;Leather clothing accessories;Furs and articles of fur;Fur articles;Furs;Second-hand clothing","27-Aug-2026 11:00","10-Sep-2026 10:00","As per TDS","Purchase of 01 Lot Cap Jockey Combat","Lot wise","Package wise","Package wise","1500","Payment through Bank","06-Jan-2027","06-Jan-2027","01","Purchase of 01 Lot Cap Jockey Combat","Dhaka","124155","13-Sep-2026","10-Dec-2026","Mohammed Habibul Billah","Director Logistics","Address : Headquarters,
Bangladesh Coast Guard Force,
Agargao Administrative Area,
Sher-E-Bangla Nagar,
Dhaka 1207 City : Dhaka Thana : Dhaka North City Corporation District : Dhaka - 1207 Country : Bangladesh","","Dhaka","Dhaka North City Corporation","Dhaka - 1207","02-8181873","02-9140092","Not Found","https://www.eprocure.gov.bd/resources/common/ViewTender.jsp?id=1321375"
"Ministry of Energy","Power and Mineral Resources","Power Grid Bangladesh PLC","Grid Maintenance Division, Ishwardi","023","Pabna","Works","NCT","TENDER","Tender - Single Lot","27.21.6944.738.02.118.26.440, Date: 16-08-26","229923","1318248","Open Tendering Method (OTM)","Own Fund","Own Fund","Not applicable","Not applicable","WC-1 26-27 Construction of Property Line Guide wall at Bonpara Grid Sub-Station under GMD, Power Grid, ishwardi.","Works for complete or part construction and civil engineering work; Construction work;Building construction work;Engineering works and construction works;Construction work for pipelines, communication and power lines, for highways, roads, airfields and railways; flatwork;Construction work for water projects;Construction works for plants, mining and manufacturing and for buildings relating to the oil and gas industry;Roof works and other special trade construction works","27-Aug-2026 12:30","20-Sep-2026 16:00","1. Updated trade license, Tax certificate, BIN. 2. The tenderer shall have general working experience of at least 3 (three) years. 3. A satisfactory completion of Civil construction/Repair & construction works of at least Tk 7.0 lac under 1 number of contract(s) over a period of 5 years shall be required. 4.The required average annual construction turnover shall be greater than Tk 8.0 lac in best of 2 years over the last 5 years. 5.The minimum amount of liquid asset or working capital or credites facilities of the tenderer shall have tk 5.0 (Five) lac. 6. As per TDS, PCC","Construction of Property Line Guide wall at Bonpara Grid Sub-Station under GMD, Power Grid, ishwardi.","Lot wise","Package wise","Package wise","1000","Payment through Bank","17-Jan-2027","17-Jan-2027","1","Construction of Property Line Guide wall at Bonpara Grid Sub-Station under GMD, Power Grid, ishwardi.","Bonpara, Natore","25000","01-Oct-2026","31-Dec-2026","Md. Ariful Kaiser","Executive Engineer","Address : Biddyut Bhabon,Alobag, Ishwardi, Pabna-6620 City : Ishwardi Thana : Ishwardi District : Pabna - 6620 Country : Bangladesh","Biddyut Bhabon,Alobag, Ishwardi, Pabna-6620","Ishwardi","Ishwardi","Pabna - 6620","07326-63498","","Not Found","https://www.eprocure.gov.bd/resources/common/ViewTender.jsp?id=1318248"
"Ministry of Planning","Statistics and Informatics Division","Bangladesh Bureau of Statistics (BBS)","Socioeconomic Status and Poverty Situation Survey of Small Ethnic Group 2025","224417800","Dhaka","Goods","NCT","TENDER","Tender - Single Lot","52.01.0000.722.000.07.0023.25-879; Date:25/08/2026","227305","1321335","Open Tendering Method (OTM)","Development","Government","224417800","Socioeconomic Status and Poverty Situation Survey of Small Ethnic Group 2025","GD 09-2026-27 Supply of Computer Accessories   Smart LED board, heavy duty laser printer black and white, laser printer ect","Office and computing machinery, equipment and supplies; Repair, maintenance and installation services; Computer and related services; Hardware consultancy services; Software programming and consultancy services; Data services; Computer-related services;Office machinery, equipment and supplies except computers;Word-processing machines;Photocopying and printing equipment;Post-office equipment;Calculating and accounting machines;Typewriters;Parts and accessories of typewriters and calculating machines;Various office equipment and supplies;Computer equipment and supplies;Data-processing machines;Digital cartography equipment;Computer hardware;Software;Computer systems;Servers;Repair, maintenance and associated services of vehicles and related equipment;Repair and maintenance services of motor vehicles and associated equipment;Demolition services of vehicles;Repair, maintenance and associated services related to aircraft, railways, roads and marine equipment;Repair, maintenance and associated services related to aircraft and other equipment;Repair, maintenance and associated services related to railways and other equipment;Repair, maintenance and associated services related to roads and other equipment;Repair, maintenance and associated services related to marine and other equipment;Repair, maintenance and associated services related to personal computers, office equipment, telecommunications and audio-visual equipment;Maintenance and repair of office machinery;Repair and maintenance services of personal computers;Maintenance services of telecommunications equipment;Repair and maintenance services of audio-visual and optical equipment;Repair and maintenance services of medical and precision equipment;Repair and maintenance services of measuring, testing and checking apparatus;Repair and maintenance services of medical and surgical equipment;Repair and maintenance services of precision equipment;Repair and maintenance services for pumps, valves, taps and metal containers and machinery;Repair and maintenance services of pumps, valves, taps and metal containers;Repair and maintenance services of machinery;Repair and maintenance services of building installations;Repair and maintenance services of electrical and mechanical building installations;Repair and maintenance services of central heating;Repair and maintenance services of cooler groups;Repair and maintenance services of escalators;Lift-maintenance services;Miscellaneous repair and maintenance services;Repair services of jewellery;Repair services of leather personal goods;Repair services of garments and textiles;Repair and maintenance services of weapons and weapon systems;Repair and maintenance services of furniture;Repair and maintenance services of musical instruments;Repair and maintenance services of playground equipment;Repair and maintenance services of hotel and restaurant equipment;Installation services;Installation services of electrical and mechanical equipment;Installation services of equipment for measuring, checking, testing and navigating;Installation services of communications equipment;Installation services of medical and surgical equipment;Installation services of machinery and equipment;Installation services of computers and office equipment;Installation services of metal containers;Hardware selection consultancy services;Hardware disaster-recovery consultancy services;Computer-site planning consultancy services;Computer hardware acceptance testing consultancy services;Computer audit consultancy and hardware consultancy services;Programming services of packaged software products;Systems and technical consultancy services;Custom software development services;Systems analysis and programming services;System maintenance and support services;Software-related services;Data-processing services;Database services;Computer-related management services;Computer support and consultancy services;Computer network services;Computer upgrade services;Computer audit services;Computer testing services;Computer back-up services;Computer catalogue conversion services;Computer-related professional services","27-Aug-2026 11:00","06-Sep-2026 14:00","All Tender Registered in  e-Gp Portal system are eligible.","Supply of Computer Accessories Smart LED board, heavy duty laser printer black and white, laser printer ect","Lot wise","Package wise","Package wise","1000","Payment through Bank","02-Feb-2027","02-Feb-2027","Single","Supply of Computer Accessories   Smart LED board, heavy duty laser printer black and white, laser printer ect","Socioeconomic Status and Poverty Situation Survey of Small Ethnic Group 2025BBS,HQ, Dhaka","35000","24-Sep-2026","25-Oct-2026","Farhana Sultana","Project Director","Address : Parishankhyan Bhaban
E-27/A, Agargaon, Dhaka City : Dhaka Thana : Dhaka North City Corporation District : Dhaka - 1207 Country : Bangladesh","","Dhaka","Dhaka North City Corporation","Dhaka - 1207","02-55007066","","Not Found","https://www.eprocure.gov.bd/resources/common/ViewTender.jsp?id=1321335"
"Ministry of Local Government","Rural Development and Co-operatives","Khulna City Corporation","Executive Engineer (Mech.) at Office of the Executive Engineer (Mech.) , Khulna City Corporation","","Khulna","Goods","NCT","TENDER","Tender - Single Lot","APP ID : 	216057","216057","1320323","Open Tendering Method (OTM)","Own Fund","Own Fund","Not applicable","Not applicable","KCC/Won/XEN-M/2025-26/G-77 Purchasing and Repairing works of Khulna Metro Cha- 51-0207 No Microbus, Khulna Metro U-11-0101 No DumTruck & Khulna Metro U-11-0102 No DumTruck.","Machinery, equipment, appliances, apparatus and associated products;Machinery for the production and use of mechanical power;Turbines and motors;Pumps and compressors;Taps, cocks, valves and similar appliances;Gears, gearing and driving elements;General-purpose machinery;Industrial or laboratory furnaces, incinerators and ovens;Lifting and handling equipment and parts;Cooling and ventilation equipment;Miscellaneous general-purpose machinery;Agricultural, horticultural and forestry machinery;Agricultural and forestry machinery for soil preparation or cultivation;Harvesting machinery;Spraying machinery for agriculture or horticulture;Self-loading or unloading trailers and semi-trailers for agriculture;Specialist agricultural or forestry machinery;Tractors;Parts of agricultural and forestry machinery;Machine tools;Machine tools operated by laser and machining centres;Lathes, boring and milling machine tools;Metal-working machine tools;Machine tools for working hard materials except metals;Pneumatic or motorised hand tools;Soldering, brazing and welding tools, surface tempering and hot-spraying machines and equipment;Parts and accessories of machine tools;Special-purpose machinery and parts;Machinery for metallurgy and associated parts;Machinery for mining, quarrying and construction;Machinery for food, beverage and tobacco processing and associated parts;Machinery for textile, apparel and leather production;Machinery for paper or paperboard production;Miscellaneous special-purpose machinery;Weapons, ammunition and associated parts;Motorised tanks and armoured fighting vehicles;Military weapons;Firearms;Ammunition;Parts of military weapons;Truncheons or night sticks;Domestic appliances;Electrical domestic appliances;Non-electric domestic appliances;Miscellaneous equipment;Transport related equipment;Workshop equipment;Construction equipment;Catering equipment;Emergency and security equipment;Technical equipment;Miscellaneous equipment n.e.c.","27-Aug-2026 10:38","16-Sep-2026 17:00","As per TDS and ITT 1. The minimum specific experience as Supplier in supply of similar Goods of at least one (1) contract successfully completed within the last [state number] years, with a value of at least  TK 1,08,000.00 2. The minimum amount of financial resources as liquid asset or working capital or credit line(s) or specific credit commitment or in any combination of them, of the Tenderers shall be  TK: 1,61,000.00 3. Payment will be made upon the availability of funds. For this,s no claim will be entertained. 4. VAT & IT from the bill will be as per the prevailing Government Rate. No extra claim will be entertained in this regard. 5. To ensure the Quality of the material, Various tests shall be performed by the tenderer as per instructions.","KCC/Won/XEN-M/2025-26/G-77 Purchasing and Repairing works of Khulna Metro Cha- 51-0207 No Microbus, Khulna Metro U-11-0101 No DumTruck & Khulna Metro U-11-0102 No DumTruck.","Lot wise","Package wise","Package wise","500","Payment through Bank","12-Feb-2027","12-Feb-2027","1","Purchasing and Repairing works of Khulna Metro Cha- 51-0207 No Microbus, Khulna Metro U-11-0101 No DumTruck & Khulna Metro U-11-0102 No DumTruck.","Khulna City Corporation","5000","22-Oct-2026","30-Jun-2027","Bidyut Kumar Das","Executive Engineer","Address : 28 KD GHOSH ROAD ,KHULNA City : Khulna Thana : Khulna City Corporation District : Khulna - 9100 Country : Bangladesh","28 KD GHOSH ROAD ,KHULNA","Khulna","Khulna City Corporation","Khulna - 9100","041-721337","","200000.00, OTM","https://www.eprocure.gov.bd/resources/common/ViewTender.jsp?id=1320323"
"Ministry of Home Affairs","","Bangladesh Police","Office of the Superintendent of Police, Lakshmipur","00126","Laksmipur","Goods","NCT","TENDER","Tender - Single Lot","Pac-5/LAK-SP/New/2026-2027","226268","1323475","Open Tendering Method (OTM)","Revenue","Government","Not applicable","Not applicable","e-GP-Pac-5/Lak/SP/New/2026-2027 Procurement of fortified Soyabean Oil for ration of Lakshmipur District Police (2nd Quarter). FY-2026-2027 (01 October 2026 to 31 December 2026). As per the instructions of Police Headquarters, the level of enrichment of BSTI approved edible soybean oil with Vitamin ""A"" will be 15 to 30 ppm (Parts per million) i.e. minimum 0.015 to maximum 0.030 mg of Vitamin A per gram of edible oil (0.015-0.030 mg/g) and the symbol ""Shothik Pusti, Shustho Jibon"" should be displayed on the container of edible oil. If the samples submitted under the tender and Random Sample at the time of acceptance are collected and sent to the Accredited Laboratory for testing, all expenses in this regard will be borne by the tenderer.","Agricultural, horticultural, hunting and related products; Oil and associated products; Petroleum, natural gas, oil and associated products; Food products and beverages; Animal products, meat and meat products; Prepared and preserved fish; Fruit, vegetables and related products; Animal or vegetable oils and fats; Dairy products; Grain mill products, starches and starch products; Animal feedstuffs; Miscellaneous food products; Beverages;Crops, products of market gardening and horticulture;Cereals and other crops;Vegetables, horticultural products and nursery products;Fruit, nuts, beverage and spice crops;Live animals and animal products;Cattle and their products;Farm animals and their products;Pigs;Live poultry and eggs;Small live animals and their products;Products of mixed farming;Agricultural supplies;Bituminous or oil shale;Meat;Animal wool, hides and skins;Meat products;Fish fillets, fish livers and roe;Frozen fish, fish fillets and other fish meat;Dried or salted fish; fish in brine; smoked fish;Canned or tinned fish and other prepared or preserved fish;Seafood;Potatoes and potato products;Fruit and vegetable juices;Fruit and vegetables;Crude animal or vegetable oils and fats;Refined oils and fats;Edible fats;Milk and cream;Butter;Cheese products;Assorted dairy products;Grain mill products;Starches and starch products;Prepared animal feeds for farm and other animals;Bread products, fresh pastry goods and cakes;Rusks and biscuits; preserved pastry goods and cakes;Sugar and related products;Cocoa; chocolate and sugar confectionery;Pasta products;Coffee, tea and related products;Condiments and seasonings;Special nutritional products;Miscellaneous food products n.e.c. and dried goods;Distilled alcoholic beverages;Wines;Cider and other fruit wines;Non-distilled fermented beverages;Malt beer;Non-alcoholic beverages","27-Aug-2026 12:00","06-Sep-2026 16:00","The following documents and sample must be submitted along with the submitted documents. Otherwise, the tender will be considered as cancelled. (a) Copies of valid Trade license for 2026-2027 fiscal year (Attested), (b) Bank solvency certificate (Attested), (c) Attested Income tax clearance certificate (2026-2027), (d) Up to date VAT registration certificate & TIN Certificate (Attested), (e) Ownership Certificate/Manufacturer Authorization Letter (Attested). (f) Declaration/Agreement signed by a Gazetted Officer to the effect that the bidder is not blacklisted, (g) Renewed Agriculture/Marketing License (Attested), (h) 80% Liquid Asset of total price according to Form-8 of e-PG3, (i) National ID Card with one copy PP size color Photograph (Attested), (j) General experience of 5 years in supply of goods and related services and 3 years of specific experience in supply of similar goods/works (Attested), (k) Tenderer must be submited 1 liter (for each brand) soybean oil (Bottle/can with BSTI apporved brand) as a sample on opening date, before opening time. Oil should be submitted to the Office of the Superintendent of Police, Lakshmipur. The edible soyabean oil supply will be taken as per the said sample, (l) The edible soyabean oil (in plastic cans) of the accepted brand shall be supplied as per the sample kept at Office of the Superintendent of Police, Lakshmipur, (m) The required edible soybean oil as per the work order shall be delivered to Ration Store at its own cost and warehoused, (n) The Edible soyabean oil should be supplied in 0.5, 01, 02, 03, 05 and 08 liter (plastic can) as per the demand of the authorities, (o) Other qualifications as stated in ITT, TDS, GCC, PCC.","Procurement of fortified Soyabean Oil for ration of Lakshmipur District Police (2nd Quarter). FY-2026-2027 (01 October 2026 to 31 December 2026). As per the instructions of Police Headquarters, the level of enrichment of BSTI approved edible soybean oil with Vitamin ""A"" will be 15 to 30 ppm (Parts per million) i.e. minimum 0.015 to maximum 0.030 mg of Vitamin A per gram of edible oil (0.015-0.030 mg/g) and the symbol ""Shothik Pusti, Shustho Jibon"" should be displayed on the container of edible oil. If the samples submitted under the tender and Random Sample at the time of acceptance are collected and sent to the Accredited Laboratory for testing, all expenses in this regard will be borne by the tenderer.","Lot wise","Package wise","Package wise","2500","Payment through Bank","04-Dec-2026","04-Dec-2026","Single lot","Procurement of fortified Soyabean Oil for ration of Lakshmipur District Police (2nd Quarter). FY-2026-2027 (01 October 2026 to 30 December 2026). As per the instructions of Police Headquarters, the level of enrichment of BSTI approved edible soybean oil with Vitamin ""A"" will be 15 to 30 ppm (Parts per million) i.e. minimum 0.015 to maximum 0.030 mg of Vitamin A per gram of edible oil (0.015-0.030 mg/g) and the symbol ""Shothik Pusti, Shustho Jibon"" should be displayed on the container of edible oil. If the samples submitted under the tender and Random Sample at the time of acceptance are collected and sent to the Accredited Laboratory for testing, all expenses in this regard will be borne by the tenderer.","Police Ration Store, Lakshmipur District","161000","01-Oct-2026","31-Dec-2026","MD. ABU TAREQ","SP","Address : Office of the Superintendent of Police, Lakshmipur City : Lakshmipur Thana : Laxmipur Sadar District : Laksmipur - 3700 Country : Bangladesh","Office of the Superintendent of Police, Lakshmipur","Lakshmipur","Laxmipur Sadar","Laksmipur - 3700","0381-55333","0381-55479","5460000.00, OTM","https://www.eprocure.gov.bd/resources/common/ViewTender.jsp?id=1323475"
"Ministry of Fisheries & Livestock","","Marine Fisheries Academy","Marine Fisheries Academy,Chittagong","","Chattogram","Goods","NCT","TENDER","Tender - Single Lot","33.07.0000.001.07.048.89-524, Date: 25 Aug 2026","225998","1320569","Open Tendering Method (OTM)","Revenue","Government","Not applicable","Not applicable","MFA-e-GP/2026-2027/APP 225998-2/Goods Supply of Computers and Accessories","Computer equipment and supplies; Office and computing machinery, equipment and supplies; Data-processing machines; Digital cartography equipment; Computer hardware; Software; Computer systems; Servers;","27-Aug-2026 11:00","07-Sep-2026 12:00","1. All e-GP tenderer/supplier of Bangladesh are Eligible to participate. 2. The minimum specific experience as Supplier in supply of similar Goods (Supply of Computers and Accessories ) of at least 01 (one) contract successfully completed within the last 05 (five) years, each with a value of at least Tk. 6,00,000 (Six Lac). Years counting backward from the date of publication of IFT in the e-GP System. 3. The minimum amount of liquid assets i.e. working capital or credit lines, net of other contractual commitments is Tk. 9,00,000/- (Nine Lac). The format for the Credit Line to be issued by any scheduled Bank of Bangladesh as per ITT Clause. 4. The amount of the Tender Security shall be tk. 20,000 (Twenty Thousand). 5. Tender related all documents (Trade Licence, Tax Payment Certificate, Vat Certificate) must be updated as per mentioned in TDS. 6. All the conditions stated in ITT, TDS, GCC & PCC will be followed as per PPR 2025.","Supply of Computers and Accessories","Lot wise","Package wise","Package wise","500","Payment through Bank","04-Dec-2026","04-Dec-2026","1","Supply of Computers and Accessories","Marine Fisheries Academy, Chattogram","20000","10-Sep-2026","29-Oct-2026","Faizuddin Ahmed","Principal","Address : Marine Fisheries Academy, , Ishanagar,Fish Harbour,karnaphuli, Chittagong City : Chittagong Thana : Karnaphuli District : Chattogram - 4000 Country : Bangladesh","Marine Fisheries Academy, , Ishanagar,Fish Harbour,karnaphuli, Chittagong","Chittagong","Karnaphuli","Chattogram - 4000","02-334445007","","Not Found","https://www.eprocure.gov.bd/resources/common/ViewTender.jsp?id=1320569"
"Ministry of Local Government","Rural Development and Co-operatives","Local Government Engineering Department (LGED)","Office of the Upazila Engineer, LGED, Atghoria, Pabna","","Pabna","Works","NCT","TENDER","Tender - Single Lot","e-GP/UPCBP/PAB/ATGOR/2026-/W058","230299","1319700","Open Tendering Method (OTM)","Development","Government","224398900","Construction of Union Parishad Complex Bhaban Project (Phase-3)","e-GP/UPCBP/PAB/ATGOR/2026-/W058 Construction of Debottor UP Complex Bhaban under Atghoria Upazila, District: Pabna.","Construction work;Site preparation work;Building demolition and wrecking work and earthmoving work;Test drilling and boring work;Works for complete or part construction and civil engineering work;Building construction work;Engineering works and construction works;Construction work for pipelines, communication and power lines, for highways, roads, airfields and railways; flatwork;Construction work for water projects;Construction works for plants, mining and manufacturing and for buildings relating to the oil and gas industry;Roof works and other special trade construction works;Building installation work;Electrical installation work;Insulation work;Plumbing and sanitary works;Fencing, railing and safety equipment installation work;Mechanical installations;Building completion work;Plastering work;Joinery and carpentry installation work;Floor and wall covering work;Painting and glazing work;Other building completion work;Hire of construction and civil engineering machinery and equipment with operator;Hire of cranes with operator;Hire of earthmoving equipment with operator","27-Aug-2026 11:00","14-Sep-2026 16:00","As Described ITT & TDS","Construction of Debottor UP Complex Bhaban under Atghoria Upazila, District: Pabna.","Lot wise","Package wise","Package wise","4000","Payment through Bank","10-Feb-2027","10-Feb-2027","1","Construction of Debottor UP Complex Bhaban under Atghoria Upazila, District: Pabna.","Atghoria","1100000","15-Oct-2026","15-Mar-2028","Md. Baki Billah","Upazila Engineer","Address : Atghoria Upazila Parishad, Debottor, Atghoria City : Atghoria Thana : Atghoria District : Pabna - 6610 Country : Bangladesh","Atghoria Upazila Parishad, Debottor, Atghoria","Atghoria","Atghoria","Pabna - 6610","07322-56014","","39400000.00, OTM","https://www.eprocure.gov.bd/resources/common/ViewTender.jsp?id=1319700"
"Ministry of Home Affairs","","Bangladesh Coast Guard Force","Logistics Directorate","","Dhaka","Goods","NCT","TENDER","Tender - Single Lot","44.08.2680.060.42.001.26.1439","227919","1322887","Open Tendering Method (OTM)","Revenue","Government","Not applicable","Not applicable","Gr Log GS 02 Purchase of 01 Lot Various Sanitation items","Cleaning and sanitation services in urban or rural areas, and related services; Sewage- and refuse-disposal services, sanitation and environmental services;Street-cleaning services;Gully-cleaning services;Asbestos removal services;Deleading services;Disinfecting and exterminating services in urban or rural areas;Beach cleaning services","27-Aug-2026 10:30","10-Sep-2026 10:00","As per TDS.","Purchase of 01 Lot Various Sanitation items","Lot wise","Package wise","Package wise","1000","Payment through Bank","06-Jan-2027","06-Jan-2027","01","Purchase of 01 Lot Various Sanitation items","BCGHQ","44212","13-Sep-2026","13-Dec-2026","Mohammed Habibul Billah","Director Logistics","Address : Headquarters,
Bangladesh Coast Guard Force,
Agargao Administrative Area,
Sher-E-Bangla Nagar,
Dhaka 1207 City : Dhaka Thana : Dhaka North City Corporation District : Dhaka - 1207 Country : Bangladesh","","Dhaka","Dhaka North City Corporation","Dhaka - 1207","02-8181873","02-9140092","Not Found","https://www.eprocure.gov.bd/resources/common/ViewTender.jsp?id=1322887"
"Ministry of Local Government","Rural Development and Co-operatives","Khulna City Corporation","Executive Engineer (Mech.) at Office of the Executive Engineer (Mech.) , Khulna City Corporation","","Khulna","Goods","NCT","TENDER","Tender - Single Lot","APP ID : 	216057","216057","1320301","Open Tendering Method (OTM)","Own Fund","Own Fund","Not applicable","Not applicable","KCC/Won/XEN-M/2025-26/G-74 Purchasing and Repairing works of Khulna Metro Ma 51-0006 No Police van, Khulna Metro Tha- 11-0095 No Pickup, Khulna Metro Tha- 11-0093 No Pickup, Khulna Metro Kha-11-0103 No Car, Eicher- 9/11 No Truck, Khulna Metro U-11-0102 No DumTruck, Eicher- 11/20 No Truck, D.T- 04 No. (China) Truck & Floating Excavator.","Machinery, equipment, appliances, apparatus and associated products;Machinery for the production and use of mechanical power;Turbines and motors;Pumps and compressors;Taps, cocks, valves and similar appliances;Gears, gearing and driving elements;General-purpose machinery;Industrial or laboratory furnaces, incinerators and ovens;Lifting and handling equipment and parts;Cooling and ventilation equipment;Miscellaneous general-purpose machinery;Agricultural, horticultural and forestry machinery;Agricultural and forestry machinery for soil preparation or cultivation;Harvesting machinery;Spraying machinery for agriculture or horticulture;Self-loading or unloading trailers and semi-trailers for agriculture;Specialist agricultural or forestry machinery;Tractors;Parts of agricultural and forestry machinery;Machine tools;Machine tools operated by laser and machining centres;Lathes, boring and milling machine tools;Metal-working machine tools;Machine tools for working hard materials except metals;Pneumatic or motorised hand tools;Soldering, brazing and welding tools, surface tempering and hot-spraying machines and equipment;Parts and accessories of machine tools;Special-purpose machinery and parts;Machinery for metallurgy and associated parts;Machinery for mining, quarrying and construction;Machinery for food, beverage and tobacco processing and associated parts;Machinery for textile, apparel and leather production;Machinery for paper or paperboard production;Miscellaneous special-purpose machinery;Weapons, ammunition and associated parts;Motorised tanks and armoured fighting vehicles;Military weapons;Firearms;Ammunition;Parts of military weapons;Truncheons or night sticks;Domestic appliances;Electrical domestic appliances;Non-electric domestic appliances;Miscellaneous equipment;Transport related equipment;Workshop equipment;Construction equipment;Catering equipment;Emergency and security equipment;Technical equipment;Miscellaneous equipment n.e.c.","27-Aug-2026 10:53","16-Sep-2026 17:00","As per TDS and ITT 1. The minimum specific experience as Supplier in supply of similar Goods of at least [01] contract(s) successfully completed within the last [05] years, each with a value of at least TK 4,05,000.00 2. The minimum amount of financial resources as liquid asset or working capital or credit line(s) or specific credit commitment or in any combination of them, of the Tenderers shall be  TK: 5,90,000.00 3. Payment will be made upon the availability of funds. For this,s no claim will be entertained. 4. VAT & IT from the bill will be as per the prevailing Government Rate. No extra claim will be entertained in this regard. 5. To ensure the Quality of the material, Various tests shall be performed by the tenderer as per instructions.","KCC/Won/XEN-M/2025-26/G-74 Purchasing and Repairing works of Khulna Metro Ma 51-0006 No Police van, Khulna Metro Tha- 11-0095 No Pickup, Khulna Metro Tha- 11-0093 No Pickup, Khulna Metro Kha-11-0103 No Car, Eicher- 9/11 No Truck, Khulna Metro U-11-0102 No DumTruck, Eicher- 11/20 No Truck, D.T- 04 No. (China) Truck & Floating Excavator.","Lot wise","Package wise","Package wise","500","Payment through Bank","12-Feb-2027","12-Feb-2027","1","Purchasing and Repairing works of Khulna Metro Ma 51-0006 No Police van, Khulna Metro Tha- 11-0095 No Pickup, Khulna Metro Tha- 11-0093 No Pickup, Khulna Metro Kha-11-0103 No Car, Eicher- 9/11 No Truck, Khulna Metro U-11-0102 No DumTruck, Eicher- 11/20 No Truck, D.T- 04 No. (China) Truck & Floating Excavator.","Khulna City Corporation","18500","08-Oct-2026","30-Jun-2027","Bidyut Kumar Das","Executive Engineer","Address : 28 KD GHOSH ROAD ,KHULNA City : Khulna Thana : Khulna City Corporation District : Khulna - 9100 Country : Bangladesh","28 KD GHOSH ROAD ,KHULNA","Khulna","Khulna City Corporation","Khulna - 9100","041-721337","","690000.00, OTM","https://www.eprocure.gov.bd/resources/common/ViewTender.jsp?id=1320301"
"Ministry of Health and Family Welfare","Health Services Division","Directorate General of Health Services (DGHS)","National Institute Of Ophthalmology (NIO), Dhaka","","Dhaka","Goods","NCT","TENDER","Tender - Single Lot","NIO/e-Tender/2026-27/GR-2","227505","1322165","Open Tendering Method (OTM)","Revenue","Government","Not applicable","Not applicable","NIO/e-Tender/2026-27/GR-2 Procurement of Hospital Hygienic Materials  (Economic Code 3211102)","Medical and laboratory devices, optical and precision devices, watches and clocks, pharmaceuticals and related medical consumables; Manufactured goods, furniture, handicrafts, special-purpose products and associated consumables; Miscellaneous services;Medical devices;Imaging equipment for medical, dental and veterinary use;Functional exploration;Dentistry;Medical non-chemical consumables and haematological consumables;Therapy;Operating techniques;Anaesthesia and resuscitation;Functional support;Miscellaneous medical devices;Instruments and appliances for measuring, checking, testing and navigating;Navigational, meteorological, geological and geophysical instruments;Remote-control equipment;Precision balances, instruments for drawing, calculating and measuring length;Instruments for measuring quantities;Instruments for checking physical characteristics;Checking and testing apparatus;Regulating and controlling instruments and apparatus;Non-medical equipment based on the use of radiations;Industrial process control equipment;Optical instruments;Spectacles and lenses;Polarising material;Astronomical and optical instruments;Liquid crystal devices;Photographic equipment;Horological instruments;Watches and clocks;Furniture;Seats, chairs and associated parts;Non-domestic furniture;Domestic furniture;Miscellaneous furniture and equipment;School furniture;Jewellery and related articles;Coins and medals;Articles of jewellery;Musical instruments and parts;Musical instruments;Parts and accessories of musical instruments;Sports goods and equipment;Outdoor sports equipment;Gymnasium equipment;Games and toys; fairground amusements;Dolls;Toys;Articles for funfair, table or parlour games;Miscellaneous manufactured and other goods;Laundry supplies;School slates or boards with writing or drawing surfaces;Artificial products;Apparatus and equipment designed for demonstrational purposes;Umbrellas and sunshades; walking sticks and seat sticks;Funeral supplies;Kitchen equipment, household items and catering supplies;Barracks supplies;Consumables and consumer goods;Consumables;Tax-free goods;Disposable goods;Handicraft and art supplies;Handicraft supplies;Art supplies;Special-purpose product;Police equipment;Recycled products;Security devices;Animal ear tags;Compost boxes;Tokens;Spray booths;Snow poles;Washing and dry-cleaning services;Laundry-collection services;Textile-cleaning services;Fur-products cleaning services;Colouring services;Pressing services;Dyeing services;Hairdressing and beauty treatment services;Hairdressing services;Beauty treatment services;Physical well-being services;Turkish bath services;Spa services;Massage services;Accommodation and office services;Accommodation services;Civic-amenity services;Car-park management services;Marine services;Aquatic marine services;Port management services;Diving services;Funeral and related services;Funeral services;Miscellaneous services n.e.c.;Decommissioning services;Relocation services;Tailoring services;Upholstering services;Locksmith services;Clearing and Forwarding Agent;Service Provider (Others)","27-Aug-2026 10:30","08-Sep-2026 14:45","As per tender document","Procurement of Hospital Hygienic Materials","Lot wise","Package wise","Package wise","1500","Payment through Bank","04-Feb-2027","04-Feb-2027","1","Procurement of Hospital Hygienic Materials 
(Economic Code 3211102)","PE Office","145000","04-Oct-2026","31-Dec-2026","A. S. M. M. Quadir","Director Cum Professor","Address : National Institute Of Ophthalmology (NIO), Sher-e-bangla Nagar,, Dhaka. City : Dhaka Thana : Dhaka North City Corporation District : Dhaka - 1207 Country : Bangladesh","National Institute Of Ophthalmology (NIO), Sher-e-bangla Nagar,, Dhaka.","Dhaka","Dhaka North City Corporation","Dhaka - 1207","02-28114807","","4850000.00, OTM","https://www.eprocure.gov.bd/resources/common/ViewTender.jsp?id=1322165"
"Ministry of Local Government","Rural Development and Co-operatives","Khulna City Corporation","Executive Engineer (Mech.) at Office of the Executive Engineer (Mech.) , Khulna City Corporation","","Khulna","Goods","NCT","TENDER","Tender - Single Lot","APP ID : 	216057","216057","1320590","Open Tendering Method (OTM)","Own Fund","Own Fund","Not applicable","Not applicable","KCC/Won/XEN-M/2025-26/G-82 Purchasing and Repairing works of Khulna Metro Tha-11-0095 No Pickup, UNDP (Vacutag)- 02, C.T Container- 3/4 No Truck, Eicher- 3/11 No Truck, Eicher- 11/20 No Truck, Khulna Metro U-11-0102 No DumTruck, Khulna Metro U-14-2712 No Sino Truck, LGED (China)- 02 No Truck, Dhaka Metro Sha-11-0395 No Truck & Eicher- 3/5 No (Ten wheel) Truck.","Machinery, equipment, appliances, apparatus and associated products;Machinery for the production and use of mechanical power;Turbines and motors;Pumps and compressors;Taps, cocks, valves and similar appliances;Gears, gearing and driving elements;General-purpose machinery;Industrial or laboratory furnaces, incinerators and ovens;Lifting and handling equipment and parts;Cooling and ventilation equipment;Miscellaneous general-purpose machinery;Agricultural, horticultural and forestry machinery;Agricultural and forestry machinery for soil preparation or cultivation;Harvesting machinery;Spraying machinery for agriculture or horticulture;Self-loading or unloading trailers and semi-trailers for agriculture;Specialist agricultural or forestry machinery;Tractors;Parts of agricultural and forestry machinery;Machine tools;Machine tools operated by laser and machining centres;Lathes, boring and milling machine tools;Metal-working machine tools;Machine tools for working hard materials except metals;Pneumatic or motorised hand tools;Soldering, brazing and welding tools, surface tempering and hot-spraying machines and equipment;Parts and accessories of machine tools;Special-purpose machinery and parts;Machinery for metallurgy and associated parts;Machinery for mining, quarrying and construction;Machinery for food, beverage and tobacco processing and associated parts;Machinery for textile, apparel and leather production;Machinery for paper or paperboard production;Miscellaneous special-purpose machinery;Weapons, ammunition and associated parts;Motorised tanks and armoured fighting vehicles;Military weapons;Firearms;Ammunition;Parts of military weapons;Truncheons or night sticks;Domestic appliances;Electrical domestic appliances;Non-electric domestic appliances;Miscellaneous equipment;Transport related equipment;Workshop equipment;Construction equipment;Catering equipment;Emergency and security equipment;Technical equipment;Miscellaneous equipment n.e.c.","27-Aug-2026 10:05","16-Sep-2026 17:00","As per TDS and ITT 1. The minimum specific experience as Supplier in supply of similar Goods of at least one (1) contract successfully completed within the last [state number] years, with a value of at least  TK 2,79,000.00 2. The minimum amount of financial resources as liquid asset or working capital or credit line(s) or specific credit commitment or in any combination of them, of the Tenderers shall be  TK: 3,72,000.00 3. Payment will be made upon the availability of funds. For this,s no claim will be entertained. 4. VAT & IT from the bill will be as per the prevailing Government Rate. No extra claim will be entertained in this regard. 5. To ensure the Quality of the material, Various tests shall be performed by the tenderer as per instructions.","KCC/Won/XEN-M/2025-26/G-82 Purchasing and Repairing works of Khulna Metro Tha-11-0095 No Pickup, UNDP (Vacutag)- 02, C.T Container- 3/4 No Truck, Eicher- 3/11 No Truck, Eicher- 11/20 No Truck, Khulna Metro U-11-0102 No DumTruck, Khulna Metro U-14-2712 No Sino Truck, LGED (China)- 02 No Truck, Dhaka Metro Sha-11-0395 No Truck & Eicher- 3/5 No (Ten wheel) Truck.","Lot wise","Package wise","Package wise","500","Payment through Bank","12-Feb-2027","12-Feb-2027","1","Purchasing and Repairing works of Khulna Metro Tha-11-0095 No Pickup, UNDP (Vacutag)- 02, C.T Container- 3/4 No Truck, Eicher- 3/11 No Truck, Eicher- 11/20 No Truck, Khulna Metro U-11-0102 No DumTruck, Khulna Metro U-14-2712 No Sino Truck, LGED (China)- 02 No Truck, Dhaka Metro Sha-11-0395 No Truck & Eicher- 3/5 No (Ten wheel) Truck.","Khulna City Corporation","13000","08-Oct-2026","30-Jun-2027","Bidyut Kumar Das","Executive Engineer","Address : 28 KD GHOSH ROAD ,KHULNA City : Khulna Thana : Khulna City Corporation District : Khulna - 9100 Country : Bangladesh","28 KD GHOSH ROAD ,KHULNA","Khulna","Khulna City Corporation","Khulna - 9100","041-721337","","490000.00, OTM","https://www.eprocure.gov.bd/resources/common/ViewTender.jsp?id=1320590"
"Ministry of Road Transport and Bridges","Road Transport and Highways Division","Roads & Highways Department (RHD)","Workshop Division, Santahar","workdivsan","Bogura","Goods","NCT","TENDER","Tender - Single Lot","EEWDS/ME-35/2026-27","228614","1324076","Open Tendering Method (OTM)","Revenue","Government","Not applicable","Not applicable","EEWDS/ME-35/2026-27 Supplying of Different Type Tools/Filter for Different Equipment of Different Road Division and workshop Division Santahar, Bogura under workshop Division Santahar, Bogura during the Year 2026-27.","Machinery for the production and use of mechanical power; Machinery, equipment, appliances, apparatus and associated products; Motor vehicles; Passenger cars; Motor vehicles for the transport of 10 or more persons; Motor vehicles for the transport of goods; Heavy-duty motor vehicles; Parts and accessories for vehicles and their engines; Motor vehicles, trailers and vehicle parts;Turbines and motors;Pumps and compressors;Taps, cocks, valves and similar appliances;Gears, gearing and driving elements;Engines and engine parts;Mechanical spare parts except engines and engine parts;Test benches;Vehicle conversion kits;Seat belts;Spare parts for goods vehicles;Spare parts for vans;Spare parts for cars;Tractor accessories","27-Aug-2026 10:25","09-Sep-2026 10:00","01. Up to date Trade License. 02. Up to date VAT Certificate. 03. Up to date TIN Certificate. 04. Nationality Certificate/National ID Card. 05. Authorization Letter. 06. A satisfactory completion certificate of similar works of at least Tk. 3.80 (Three point Eight lakh) under 01 (Single) of contract(s) over a period of 10 [Ten] years in any Government/Semi Government/Autonomous organizations. 07. Tenderer must have a minimum period of general experience 03 (Three) years i.e the tenderer must provide experience certificates of last 05 (Five) years. 08. Certificate of the minimum amount of liquid assets or working capital or credit facilities of the Tenderer shall be Tk. 3.80 (Three point Eight lakh) Bank Statement will not be considered as certificate of liquid assets. 09. Tenderer must have minimum average annual construction Turnover of Tk. 3.80 (Three point Eight lakh) during the last 05 (Five) years. Only the payment certificate will be granted as CTO certificate. 10.Each spare parts/item must be original and of same quality (tested).","Supplying of Different Type Tools/Filter for Different Equipment of Different Road Division and workshop Division Santahar, Bogura under workshop Division Santahar, Bogura during the Year 2026-27.","Lot wise","Package wise","Package wise","500","Payment through Bank","04-Feb-2027","04-Feb-2027","01","Supplying of Different Type Tools/Filter for Different Equipment of Different Road Division and workshop Division Santahar, Bogura under workshop Division Santahar, Bogura during the Year 2026-27.","Workshop Sub-Division,Santahar,Bogura","14000","10-Sep-2026","30-Sep-2026","A.K.M. Monzur Morshed","Executive Engineer","Address : Workshop Division, Santahar City : santahar Thana : Adamdighi District : Bogura - 0000 Country : Bangladesh","Workshop Division, Santahar","santahar","Adamdighi","Bogura - 0000","02-717350","","614215.00, OTM","https://www.eprocure.gov.bd/resources/common/ViewTender.jsp?id=1324076"
"Ministry of Local Government","Rural Development and Co-operatives","Khulna City Corporation","Executive Engineer (Mech.) at Office of the Executive Engineer (Mech.) , Khulna City Corporation","","Khulna","Goods","NCT","TENDER","Tender - Single Lot","APP ID : 216057","216057","1320313","Open Tendering Method (OTM)","Own Fund","Own Fund","Not applicable","Not applicable","KCC/Won/XEN-M/2025-26/G-65 Purchasing and Repairing works of Eicher- 3/20 No Truck, City Container- 3/4 No Truck, Eicher- 6/20 No Truck, Garage Branch Office, Normal Roller- 06, Eicher- 12/20 No Truck, Atlas Roller- 02, Khulna Metro Sha-11-0049 No Tiffin Truck, Back Wheel Loder- 05, Eicher- 18/20 No Truck, Khulna Metro M-11-0098 No Pickup, Khulna Metro Gha-11-0125 No Pajero jeep Khulna Metro Gha-11-0124 No Pajero jeep, Dhaka Metro Tha-13-2543 No Pickup & Khulna Metro Gha-71-0012 No Ambulance.","Machinery, equipment, appliances, apparatus and associated products;Machinery for the production and use of mechanical power;Turbines and motors;Pumps and compressors;Taps, cocks, valves and similar appliances;Gears, gearing and driving elements;General-purpose machinery;Industrial or laboratory furnaces, incinerators and ovens;Lifting and handling equipment and parts;Cooling and ventilation equipment;Miscellaneous general-purpose machinery;Agricultural, horticultural and forestry machinery;Agricultural and forestry machinery for soil preparation or cultivation;Harvesting machinery;Spraying machinery for agriculture or horticulture;Self-loading or unloading trailers and semi-trailers for agriculture;Specialist agricultural or forestry machinery;Tractors;Parts of agricultural and forestry machinery;Machine tools;Machine tools operated by laser and machining centres;Lathes, boring and milling machine tools;Metal-working machine tools;Machine tools for working hard materials except metals;Pneumatic or motorised hand tools;Soldering, brazing and welding tools, surface tempering and hot-spraying machines and equipment;Parts and accessories of machine tools;Special-purpose machinery and parts;Machinery for metallurgy and associated parts;Machinery for mining, quarrying and construction;Machinery for food, beverage and tobacco processing and associated parts;Machinery for textile, apparel and leather production;Machinery for paper or paperboard production;Miscellaneous special-purpose machinery;Weapons, ammunition and associated parts;Motorised tanks and armoured fighting vehicles;Military weapons;Firearms;Ammunition;Parts of military weapons;Truncheons or night sticks;Domestic appliances;Electrical domestic appliances;Non-electric domestic appliances;Miscellaneous equipment;Transport related equipment;Workshop equipment;Construction equipment;Catering equipment;Emergency and security equipment;Technical equipment;Miscellaneous equipment n.e.c.","27-Aug-2026 10:45","16-Sep-2026 17:00","As per TDS and ITT 1. The minimum specific experience as Supplier in supply of similar Goods of at least [01] contract(s) successfully completed within the last [05] years, each with a value of at least  TK 4,15,000.00 2. The minimum amount of financial resources as liquid asset or working capital or credit line(s) or specific credit commitment or in any combination of them, of the Tenderers shall be TK: 6,23,000.00 3. Payment will be made upon the availability of funds. For this,s no claim will be entertained. 4. VAT & IT from the bill will be as per the prevailing Government Rate. No extra claim will be entertained in this regard. 5. To ensure the Quality of the material, Various tests shall be performed by the tenderer as per instructions.","KCC/Won/XEN-M/2025-26/G-65 Purchasing and Repairing works of Eicher- 3/20 No Truck, City Container- 3/4 No Truck, Eicher- 6/20 No Truck, Garage Branch Office, Normal Roller- 06, Eicher- 12/20 No Truck, Atlas Roller- 02, Khulna Metro Sha-11-0049 No Tiffin Truck, Back Wheel Loder- 05, Eicher- 18/20 No Truck, Khulna Metro M-11-0098 No Pickup, Khulna Metro Gha-11-0125 No Pajero jeep Khulna Metro Gha-11-0124 No Pajero jeep, Dhaka Metro Tha-13-2543 No Pickup & Khulna Metro Gha-71-0012 No Ambulance.","Lot wise","Package wise","Package wise","500","Payment through Bank","12-Feb-2027","12-Feb-2027","01","Purchasing and Repairing works of Eicher- 3/20 No Truck, City Container- 3/4 No Truck, Eicher- 6/20 No Truck, Garage Branch Office, Normal Roller- 06, Eicher- 12/20 No Truck, Atlas Roller- 02, Khulna Metro Sha-11-0049 No Tiffin Truck, Back Wheel Loder- 05, Eicher- 18/20 No Truck, Khulna Metro M-11-0098 No Pickup, Khulna Metro Gha-11-0125 No Pajero jeep Khulna Metro Gha-11-0124 No Pajero jeep, Dhaka Metro Tha-13-2543 No Pickup & Khulna Metro Gha-71-0012 No Ambulance.","Khulna City Corporation","12500","22-Oct-2026","30-Jun-2027","Bidyut Kumar Das","Executive Engineer","Address : 28 KD GHOSH ROAD ,KHULNA City : Khulna Thana : Khulna City Corporation District : Khulna - 9100 Country : Bangladesh","28 KD GHOSH ROAD ,KHULNA","Khulna","Khulna City Corporation","Khulna - 9100","041-721337","","499000.00, OTM","https://www.eprocure.gov.bd/resources/common/ViewTender.jsp?id=1320313"
"Ministry of Health and Family Welfare","Health Services Division","Directorate General of Health Services (DGHS)","Hakimpur Upazila Health Complex , Dinajpur","","Dinajpur","Goods","NCT","TENDER","Tender - Single Lot","45.01.2747.000.00.001.26/490","227933","1314947","Open Tendering Method (OTM)","Revenue","Government","Not applicable","Not applicable","UHC/Hakim/Dinaj/MSR/2026-27/G-Kha Procurement of Surgical Instrument for the FY 2026-27 at Upazila Health Complex, Hakimpur, Dinajpur","Medical and laboratory devices, optical and precision devices, watches and clocks, pharmaceuticals and related medical consumables;Medical devices;Imaging equipment for medical, dental and veterinary use;Functional exploration;Dentistry;Medical non-chemical consumables and haematological consumables;Therapy;Operating techniques;Anaesthesia and resuscitation;Functional support;Miscellaneous medical devices;Instruments and appliances for measuring, checking, testing and navigating;Navigational, meteorological, geological and geophysical instruments;Remote-control equipment;Precision balances, instruments for drawing, calculating and measuring length;Instruments for measuring quantities;Instruments for checking physical characteristics;Checking and testing apparatus;Regulating and controlling instruments and apparatus;Non-medical equipment based on the use of radiations;Industrial process control equipment;Optical instruments;Spectacles and lenses;Polarising material;Astronomical and optical instruments;Liquid crystal devices;Photographic equipment;Horological instruments;Watches and clocks","27-Aug-2026 12:00","09-Sep-2026 16:00","As Per TDS & PCC","Procurement of Surgical Instrument for the FY 2026-27 at Upazila Health Complex, Hakimpur, Dinajpur","Lot wise","Package wise","Package wise","1000","Payment through Bank","06-Jan-2027","06-Jan-2027","1","Procurement of Surgical Instrument for the FY 2026-27 at Upazila Health Complex, Hakimpur, Dinajpur","UHC Hakimpur","35000","01-Nov-2026","01-Dec-2026","MOHAMMAD TANVIR HASNAT ROBIN","UH&FPO","Address : Hakimpur Upazila Health Complex , Dinajpur City : Dinajpur Thana : Hakimpur District : Dinajpur - 5270 Country : Bangladesh","Hakimpur Upazila Health Complex , Dinajpur","Dinajpur","Hakimpur","Dinajpur - 5270","0170-1248705","","Not Found","https://www.eprocure.gov.bd/resources/common/ViewTender.jsp?id=1314947"
"Ministry of Road Transport and Bridges","Road Transport and Highways Division","Roads & Highways Department (RHD)","Chattogram South Road Division","doh001","Chattogram","Works","NCT","TENDER","Tender - Single Lot","e-GP/EE/CSRD/OTM/08/2026-2027","228171","1322228","Open Tendering Method (OTM)","Revenue","Government","Not applicable","Not applicable","e-GP/EE/CSRD/OTM/08/2026-2027 Construction of Rigid Pavement at 1st(P) KM (Ch: 0+060m to 00+170m)=110m. Total Length= 110.00m at Moizzartek-Boalkhali-Kanungopara-Udarbonna Road (Z-1065) under Chattogram South Road Division during the year 2026-2027.","Works for complete or part construction and civil engineering work; Construction work;Building construction work;Engineering works and construction works;Construction work for pipelines, communication and power lines, for highways, roads, airfields and railways; flatwork;Construction work for water projects;Construction works for plants, mining and manufacturing and for buildings relating to the oil and gas industry;Roof works and other special trade construction works","27-Aug-2026 10:20","06-Sep-2026 15:00","1. Any / All tenderers who have registered in e-GP system may participate in the tender provided that they fulfill the criteria as stated in Tender Document N.B: i) Tenderers are requested to fill different Tender Forms (Section 5: Tender and Contract Forms) properly with necessary information and by uploading necessary document(s), which will considered for tender evaluation. ii) Unnecessary / Excess document(s) are discouraged to upload/attach.","Construction of Rigid Pavement at 1st(P) KM (Ch: 0+060m to 00+170m)=110m. Total Length= 110.00m at Moizzartek-Boalkhali-Kanungopara-Udarbonna Road (Z-1065) under Chattogram South Road Division during the year 2026-2027.","Lot wise","Package wise","Package wise","2500","Payment through Bank","04-Mar-2027","04-Mar-2027","01","Construction of Rigid Pavement at 1st(P) KM (Ch: 0+060m to 00+170m)=110m. Total Length= 110.00m at Moizzartek-Boalkhali-Kanungopara-Udarbonna Road (Z-1065) under Chattogram South Road Division during the year 2026-2027.","Z-1065","160000","01-Nov-2026","31-Jan-2027","Pintu Chakma","Executive Engineer","Address : Chattogram South Road Division, Sarak Bhaban, Dohazari City : Chattogram Thana : Chandanish District : Chattogram - 0000 Country : Bangladesh","Chattogram South Road Division, Sarak Bhaban, Dohazari","Chattogram","Chandanish","Chattogram - 0000","031-35022","","7122200.00, OTM","https://www.eprocure.gov.bd/resources/common/ViewTender.jsp?id=1322228"
"Ministry of Local Government","Rural Development and Co-operatives","Khulna City Corporation","Executive Engineer (Mech.) at Office of the Executive Engineer (Mech.) , Khulna City Corporation","","Khulna","Goods","NCT","TENDER","Tender - Single Lot","APP ID : 	216057","216057","1320350","Open Tendering Method (OTM)","Own Fund","Own Fund","Not applicable","Not applicable","KCC/Won/XEN-M/2025-26/G-80 Purchasing and Repairing works of Khulna Metro Gha-11-0094 No Pickup, Khulna Metro Sha-11-0057 No Ladder, Khulna Metro Gha-11-0139 No Pickup, Purchase of various goods for the Garage Branch, Eicher- 9/11 No Truck, Eicher- 4/20 No Truck, Eicher- 5/20 No Truck, Eicher- 11/20 No Truck, Eicher- 13/20 No Truck, Khulna Metro Sha-11-0036 No Truck, Khulna Metro Sha-11-0049 No Container Truck, UNDP (Vacutag)- 01 & LGED (China)- 04 No Truck.","Machinery, equipment, appliances, apparatus and associated products;Machinery for the production and use of mechanical power;Turbines and motors;Pumps and compressors;Taps, cocks, valves and similar appliances;Gears, gearing and driving elements;General-purpose machinery;Industrial or laboratory furnaces, incinerators and ovens;Lifting and handling equipment and parts;Cooling and ventilation equipment;Miscellaneous general-purpose machinery;Agricultural, horticultural and forestry machinery;Agricultural and forestry machinery for soil preparation or cultivation;Harvesting machinery;Spraying machinery for agriculture or horticulture;Self-loading or unloading trailers and semi-trailers for agriculture;Specialist agricultural or forestry machinery;Tractors;Parts of agricultural and forestry machinery;Machine tools;Machine tools operated by laser and machining centres;Lathes, boring and milling machine tools;Metal-working machine tools;Machine tools for working hard materials except metals;Pneumatic or motorised hand tools;Soldering, brazing and welding tools, surface tempering and hot-spraying machines and equipment;Parts and accessories of machine tools;Special-purpose machinery and parts;Machinery for metallurgy and associated parts;Machinery for mining, quarrying and construction;Machinery for food, beverage and tobacco processing and associated parts;Machinery for textile, apparel and leather production;Machinery for paper or paperboard production;Miscellaneous special-purpose machinery;Weapons, ammunition and associated parts;Motorised tanks and armoured fighting vehicles;Military weapons;Firearms;Ammunition;Parts of military weapons;Truncheons or night sticks;Domestic appliances;Electrical domestic appliances;Non-electric domestic appliances;Miscellaneous equipment;Transport related equipment;Workshop equipment;Construction equipment;Catering equipment;Emergency and security equipment;Technical equipment;Miscellaneous equipment n.e.c.","27-Aug-2026 10:15","16-Sep-2026 17:00","As per TDS and ITT 1. The minimum specific experience as Supplier in supply of similar Goods of at least [01] contract(s) successfully completed within the last [05] years, each with a value of at least TK 2,61,000.00 2. The minimum amount of financial resources as liquid asset or working capital or credit line(s) or specific credit commitment or in any combination of them, of the Tenderers shall be  TK: 3,92,000.00 3. Payment will be made upon the availability of funds. For this,s no claim will be entertained. 4. VAT & IT from the bill will be as per the prevailing Government Rate. No extra claim will be entertained in this regard. 5. To ensure the Quality of the material, Various tests shall be performed by the tenderer as per instructions.","KCC/Won/XEN-M/2025-26/G-80 Purchasing and Repairing works of Khulna Metro Gha-11-0094 No Pickup, Khulna Metro Sha-11-0057 No Ladder, Khulna Metro Gha-11-0139 No Pickup, Purchase of various goods for the Garage Branch, Eicher- 9/11 No Truck, Eicher- 4/20 No Truck, Eicher- 5/20 No Truck, Eicher- 11/20 No Truck, Eicher- 13/20 No Truck, Khulna Metro Sha-11-0036 No Truck, Khulna Metro Sha-11-0049 No Container Truck, UNDP (Vacutag)- 01 & LGED (China)- 04 No Truck.","Lot wise","Package wise","Package wise","500","Payment through Bank","12-Feb-2027","12-Feb-2027","1","Purchasing and Repairing works of Khulna Metro Gha-11-0094 No Pickup, Khulna Metro Sha-11-0057 No Ladder, Khulna Metro Gha-11-0139 No Pickup, Purchase of various goods for the Garage Branch, Eicher- 9/11 No Truck, Eicher- 4/20 No Truck, Eicher- 5/20 No Truck, Eicher- 11/20 No Truck, Eicher- 13/20 No Truck, Khulna Metro Sha-11-0036 No Truck, Khulna Metro Sha-11-0049 No Container Truck, UNDP (Vacutag)- 01 & LGED (China)- 04 No Truck.","Khulna City Corporation","12200","22-Oct-2026","30-Jun-2027","Bidyut Kumar Das","Executive Engineer","Address : 28 KD GHOSH ROAD ,KHULNA City : Khulna Thana : Khulna City Corporation District : Khulna - 9100 Country : Bangladesh","28 KD GHOSH ROAD ,KHULNA","Khulna","Khulna City Corporation","Khulna - 9100","041-721337","","480000.00, OTM","https://www.eprocure.gov.bd/resources/common/ViewTender.jsp?id=1320350"
"Ministry of Local Government","Rural Development and Co-operatives","Khulna City Corporation","Executive Engineer (Mech.) at Office of the Executive Engineer (Mech.) , Khulna City Corporation","","Khulna","Goods","NCT","TENDER","Tender - Single Lot","APP ID : 	216057","216057","1320293","Open Tendering Method (OTM)","Own Fund","Own Fund","Not applicable","Not applicable","KCC/Won/XEN-M/2025-26/G-73 Purchasing and Repairing works of Khulna Metro Gha-11-0105 No Pajero jeep, Khulna Metro Gha-11-0124 No Pajero jeep, Khulna Metro Cha- 51-0207 No Microbus, Khulna Metro Gha-11-0125 No Pajero Jeep Its Denting and Painting, Khulna Metro Cha- 51-0009 No Microbus & Khulna Metro Sha-11-0006 No Container Truck.","Machinery, equipment, appliances, apparatus and associated products;Machinery for the production and use of mechanical power;Turbines and motors;Pumps and compressors;Taps, cocks, valves and similar appliances;Gears, gearing and driving elements;General-purpose machinery;Industrial or laboratory furnaces, incinerators and ovens;Lifting and handling equipment and parts;Cooling and ventilation equipment;Miscellaneous general-purpose machinery;Agricultural, horticultural and forestry machinery;Agricultural and forestry machinery for soil preparation or cultivation;Harvesting machinery;Spraying machinery for agriculture or horticulture;Self-loading or unloading trailers and semi-trailers for agriculture;Specialist agricultural or forestry machinery;Tractors;Parts of agricultural and forestry machinery;Machine tools;Machine tools operated by laser and machining centres;Lathes, boring and milling machine tools;Metal-working machine tools;Machine tools for working hard materials except metals;Pneumatic or motorised hand tools;Soldering, brazing and welding tools, surface tempering and hot-spraying machines and equipment;Parts and accessories of machine tools;Special-purpose machinery and parts;Machinery for metallurgy and associated parts;Machinery for mining, quarrying and construction;Machinery for food, beverage and tobacco processing and associated parts;Machinery for textile, apparel and leather production;Machinery for paper or paperboard production;Miscellaneous special-purpose machinery;Weapons, ammunition and associated parts;Motorised tanks and armoured fighting vehicles;Military weapons;Firearms;Ammunition;Parts of military weapons;Truncheons or night sticks;Domestic appliances;Electrical domestic appliances;Non-electric domestic appliances;Miscellaneous equipment;Transport related equipment;Workshop equipment;Construction equipment;Catering equipment;Emergency and security equipment;Technical equipment;Miscellaneous equipment n.e.c.","27-Aug-2026 11:40","16-Sep-2026 17:00","As per TDS and ITT 1. The minimum specific experience as Supplier in supply of similar Goods of at least [01] contract(s) successfully completed within the last [05] years, each with a value of at least  TK 4,05,000.00 2. The minimum amount of financial resources as liquid asset or working capital or credit line(s) or specific credit commitment or in any combination of them, of the Tenderers shall be  TK: 5,90,000.00 3. Payment will be made upon the availability of funds. For this,s no claim will be entertained. 4. VAT & IT from the bill will be as per the prevailing Government Rate. No extra claim will be entertained in this regard. 5. To ensure the Quality of the material, Various tests shall be performed by the tenderer as per instructions.","KCC/Won/XEN-M/2025-26/G-73 Purchasing and Repairing works of Khulna Metro Gha-11-0105 No Pajero jeep, Khulna Metro Gha-11-0124 No Pajero jeep, Khulna Metro Cha- 51-0207 No Microbus, Khulna Metro Gha-11-0125 No Pajero Jeep Its Denting and Painting, Khulna Metro Cha- 51-0009 No Microbus & Khulna Metro Sha-11-0006 No Container Truck.","Lot wise","Package wise","Package wise","500","Payment through Bank","12-Feb-2027","12-Feb-2027","1","Purchasing and Repairing works of Khulna Metro Gha-11-0105 No Pajero jeep, Khulna Metro Gha-11-0124 No Pajero jeep, Khulna Metro Cha- 51-0207 No Microbus, Khulna Metro Gha-11-0125 No Pajero Jeep Its Denting and Painting, Khulna Metro Cha- 51-0009 No Microbus & Khulna Metro Sha-11-0006 No Container Truck.","Khulna City Corporation","18900","08-Oct-2026","30-Jun-2027","Bidyut Kumar Das","Executive Engineer","Address : 28 KD GHOSH ROAD ,KHULNA City : Khulna Thana : Khulna City Corporation District : Khulna - 9100 Country : Bangladesh","28 KD GHOSH ROAD ,KHULNA","Khulna","Khulna City Corporation","Khulna - 9100","041-721337","","690000.00, OTM","https://www.eprocure.gov.bd/resources/common/ViewTender.jsp?id=1320293"
"Ministry of Home Affairs","","Bangladesh Coast Guard Force","Logistics Directorate","","Dhaka","Goods","NCT","TENDER","Tender - Single Lot","44.08.2680.060.42.001.26.1438","227919","1322948","Open Tendering Method (OTM)","Revenue","Government","Not applicable","Not applicable","Gr Log GS 01 Purchase of 01 lot of various Desktop computer with monitor, Laptop computer & All in one computer.","Computer and related services; Hardware consultancy services; Software programming and consultancy services; Data services; Computer-related services;Hardware selection consultancy services;Hardware disaster-recovery consultancy services;Computer-site planning consultancy services;Computer hardware acceptance testing consultancy services;Computer audit consultancy and hardware consultancy services;Programming services of packaged software products;Systems and technical consultancy services;Custom software development services;Systems analysis and programming services;System maintenance and support services;Software-related services;Data-processing services;Database services;Computer-related management services;Computer support and consultancy services;Computer network services;Computer upgrade services;Computer audit services;Computer testing services;Computer back-up services;Computer catalogue conversion services;Computer-related professional services","27-Aug-2026 10:30","10-Sep-2026 11:00","As per TDS.","Purchase of 01 lot of various Desktop computer with monitor, Laptop computer & All in one computer.","Lot wise","Package wise","Package wise","1500","Payment through Bank","05-Feb-2027","05-Feb-2027","01","Purchase of 01 lot of various Desktop computer with monitor, Laptop computer & All in one computer.","BCGHQ","110880","13-Sep-2026","13-Jan-2027","Mohammed Habibul Billah","Director Logistics","Address : Headquarters,
Bangladesh Coast Guard Force,
Agargao Administrative Area,
Sher-E-Bangla Nagar,
Dhaka 1207 City : Dhaka Thana : Dhaka North City Corporation District : Dhaka - 1207 Country : Bangladesh","","Dhaka","Dhaka North City Corporation","Dhaka - 1207","02-8181873","02-9140092","Not Found","https://www.eprocure.gov.bd/resources/common/ViewTender.jsp?id=1322948"
"Ministry of Shipping","","Chittagong Port Authority","Workshop Manager","","Chattogram","Works","NCT","TENDER","Tender - Single Lot","18.13.0000.424.07.066.25","216110","1200903","Open Tendering Method (OTM)","Own Fund","Own Fund","Not applicable","Not applicable","18.13.0000.424.07.066.25 Repair, Maintenance and fabrication of 103(One Hundred three)components for different cargo handling equipment of Chittagong Port Authority with supply of required spares/Materials.","Repair, maintenance and installation services;Repair, maintenance and associated services of vehicles and related equipment;Repair and maintenance services of motor vehicles and associated equipment;Demolition services of vehicles;Repair, maintenance and associated services related to aircraft, railways, roads and marine equipment;Repair, maintenance and associated services related to aircraft and other equipment;Repair, maintenance and associated services related to railways and other equipment;Repair, maintenance and associated services related to roads and other equipment;Repair, maintenance and associated services related to marine and other equipment;Repair, maintenance and associated services related to personal computers, office equipment, telecommunications and audio-visual equipment;Maintenance and repair of office machinery;Repair and maintenance services of personal computers;Maintenance services of telecommunications equipment;Repair and maintenance services of audio-visual and optical equipment;Repair and maintenance services of medical and precision equipment;Repair and maintenance services of measuring, testing and checking apparatus;Repair and maintenance services of medical and surgical equipment;Repair and maintenance services of precision equipment;Repair and maintenance services for pumps, valves, taps and metal containers and machinery;Repair and maintenance services of pumps, valves, taps and metal containers;Repair and maintenance services of machinery;Repair and maintenance services of building installations;Repair and maintenance services of electrical and mechanical building installations;Repair and maintenance services of central heating;Repair and maintenance services of cooler groups;Repair and maintenance services of escalators;Lift-maintenance services;Miscellaneous repair and maintenance services;Repair services of jewellery;Repair services of leather personal goods;Repair services of garments and textiles;Repair and maintenance services of weapons and weapon systems;Repair and maintenance services of furniture;Repair and maintenance services of musical instruments;Repair and maintenance services of playground equipment;Repair and maintenance services of hotel and restaurant equipment;Installation services;Installation services of electrical and mechanical equipment;Installation services of equipment for measuring, checking, testing and navigating;Installation services of communications equipment;Installation services of medical and surgical equipment;Installation services of machinery and equipment;Installation services of computers and office equipment;Installation services of metal containers","27-Aug-2026 10:00","14-Sep-2026 12:00","Any tenderer of countries with which Bangladesh has commercial relation and who fulfils the qualifications stated in the Tender document.","Repair, Maintenance and fabrication of 103(One Hundred three)components for different cargo handling equipment of Chittagong Port Authority with supply of required spares/Materials","Lot wise","Package wise","Package wise","1500","Payment through Bank","10-Apr-2027","10-Apr-2027","1","Repair, Maintenance and fabrication of 103(One Hundred three)components for different cargo handling equipment of Chittagong Port Authority with supply of required spares/Materials.","Central Workshop,Chittagong Port Authority","85000","15-Nov-2026","15-Sep-2027","Tajuddin  Ahmed","Workshop Manager","Address : Central Workshop, Near Jetty Gate # 03, Bandar City : Chittagong Thana : Chattogram City Corporation District : Chattogram - 4100 Country : Bangladesh","Central Workshop, Near Jetty Gate # 03, Bandar","Chittagong","Chattogram City Corporation","Chattogram - 4100","031-2510155","031-2510889","2948426.00, OTM","https://www.eprocure.gov.bd/resources/common/ViewTender.jsp?id=1200903"
"Ministry of Shipping","","Chittagong Port Authority","Workshop Manager","","Chattogram","Goods","NCT","TENDER","Tender - Single Lot","18.13.0000.424.07.128.25","216110","1268432","Open Tendering Method (OTM)","Own Fund","Own Fund","Not applicable","Not applicable","18.13.0000.424.07.128.25 Procurement of 09(Nine) items of spare parts for 10T capacity Mobile crane of Chittagong Port Authority","Motor vehicles; Motor vehicles, trailers and vehicle parts; Vehicle bodies, trailers or semi-trailers; Parts and accessories for vehicles and their engines; Motor vehicles, trailers and vehicle parts;Passenger cars;Motor vehicles for the transport of 10 or more persons;Motor vehicles for the transport of goods;Heavy-duty motor vehicles;Vehicle bodies;Trailers, semi-trailers and mobile containers;Engines and engine parts;Mechanical spare parts except engines and engine parts;Test benches;Vehicle conversion kits;Seat belts;Spare parts for goods vehicles;Spare parts for vans;Spare parts for cars;Tractor accessories","27-Aug-2026 10:00","14-Sep-2026 12:00","Any tenderer of countries with which Bangladesh has commercial relation and who fulfils the qualifications stated in the Tender document","Procurement of 09(Nine) items of spare parts for 10T capacity Mobile crane of Chittagong Port Authority","Lot wise","Package wise","Package wise","2500","Payment through Bank","10-Apr-2027","10-Apr-2027","1","Procurement of 09(Nine) items of spare parts for 10T capacity Mobile crane of Chittagong Port Authority","Central Workshop,Chittagong Port Authority","185000","15-Nov-2026","15-Sep-2027","Tajuddin  Ahmed","Workshop Manager","Address : Central Workshop, Near Jetty Gate # 03, Bandar City : Chittagong Thana : Chattogram City Corporation District : Chattogram - 4100 Country : Bangladesh","Central Workshop, Near Jetty Gate # 03, Bandar","Chittagong","Chattogram City Corporation","Chattogram - 4100","031-2510155","031-2510889","6350000.00, OTM","https://www.eprocure.gov.bd/resources/common/ViewTender.jsp?id=1268432"
"Ministry of Local Government","Rural Development and Co-operatives","Local Government Engineering Department (LGED)","Office of the Executive Engineer, LGED, Sunamganj","","Sunamganj","Works","NCT","TENDER","Tender - Single Lot","SJC/SUN/26-27/230169","230169","1320763","Open Tendering Method (OTM)","Development","Government","224377500","Santiganj, Jagannathpur & Chatak Upazila Rural Infrastructure Improvement Project Under Sunamganj District","SJC/Santi/W-03 Improvement of RHD(Daar) -Bitgonj GC via Lalpur Chikokandi Bazar Road (Dakhin Sunamganj Part) by RCC (Ch.3550-7900m) Santigani Upazila. Dist- Sunamganj [Road ID-690932010]","Engineering works and construction works; Works for complete or part construction and civil engineering work;","27-Aug-2026 11:00","20-Sep-2026 12:00","As per ITT & TDS of the Standards tender documents","SJC/Santi/W-03 Improvement of RHD (Dabar)-Bitgonj GC via Lalpur Chikarkandi bazar road (Dakhin Sunamganj part) by RCC (Ch.3550-7900m) under Shantiganj Upazila , Dist: Sunamganj. [Road ID- 690932010] [Salvage cost Tk 6,87,140.00]","Lot wise","Package wise","Package wise","5000","Payment through Bank","15-Feb-2027","15-Feb-2027","01","SJC/Santi/W-03
Improvement of RHD(Daar) -Bitgonj GC via Lalpur Chikokandi Bazar Road (Dakhin Sunamganj Part) by RCC (Ch.3550-7900m) Santigani Upazila. Dist- Sunamganj [Road ID-690932010]","Shantiganj","3300000","01-Nov-2026","25-Jan-2028","Md. Anower Hossain","Executive Engineer","Address : XEN office, LGED, Sunamganj City : Sunamganj Thana : Sunamganj Sadar District : Sunamganj - 3000 Country : Bangladesh","XEN office, LGED, Sunamganj","Sunamganj","Sunamganj Sadar","Sunamganj - 3000","0871-55426","0871-55426","127694000.00, OTM","https://www.eprocure.gov.bd/resources/common/ViewTender.jsp?id=1320763"
"Ministry of Health and Family Welfare","Health Services Division","Directorate General of Health Services (DGHS)","Sakhipur Upazila Health Complex","","Tangail","Goods","NCT","TENDER","Tender - Single Lot","Sakhipur Tangail/2026-27/5","229219","1316030","Open Tendering Method (OTM)","Revenue","Government","Not applicable","Not applicable","Sakhipur Tangail/2026-27/5 Procurement of Chemical Reagent for the FY 2026-27 at Sakhipur Upazila Health Complex, Tangail.","Medical and laboratory devices, optical and precision devices, watches and clocks, pharmaceuticals and related medical consumables; Health and social work services;Medical devices;Imaging equipment for medical, dental and veterinary use;Functional exploration;Dentistry;Medical non-chemical consumables and haematological consumables;Therapy;Operating techniques;Anaesthesia and resuscitation;Functional support;Miscellaneous medical devices;Instruments and appliances for measuring, checking, testing and navigating;Navigational, meteorological, geological and geophysical instruments;Remote-control equipment;Precision balances, instruments for drawing, calculating and measuring length;Instruments for measuring quantities;Instruments for checking physical characteristics;Checking and testing apparatus;Regulating and controlling instruments and apparatus;Non-medical equipment based on the use of radiations;Industrial process control equipment;Optical instruments;Spectacles and lenses;Polarising material;Astronomical and optical instruments;Liquid crystal devices;Photographic equipment;Horological instruments;Watches and clocks;Health services;Hospital and related services;Medical practice and related services;Dental practice and related services;Miscellaneous health services;Veterinary services;Social work and related services;Social work services;Social services","27-Aug-2026 10:00","07-Sep-2026 12:30","As per TDS","Procurement of Chemical Reagent for the FY 2026-27 at Sakhipur Upazila Health Complex, Tangail.","Lot wise","Package wise","Package wise","500","Payment through Bank","03-Jan-2027","03-Jan-2027","1","Procurement of Chemical Reagent for the FY 2026-27 at Sakhipur Upazila Health Complex, Tangail.","UHC Sakhipur","10000","24-Sep-2026","31-Dec-2026","RAHANA PERVIN","UH&FPO","Address : SAKHIPUR, TANGAIL City : Sakhipur Thana : Shakhipur District : Tangail - 1950 Country : Bangladesh","SAKHIPUR, TANGAIL","Sakhipur","Shakhipur","Tangail - 1950","09-23256013","","Not Found","https://www.eprocure.gov.bd/resources/common/ViewTender.jsp?id=1316030"
"Ministry of Housing and Public Works","","Chittagong Development Authority","Construction Division-2","2003","Chattogram","Works","NCT","TENDER","Tender - Single Lot","CD2/Cluster P-1/E-6","228865","1314597","Open Tendering Method (OTM)","Development","Government","13201-01-22430089700","Widening and Development of Important Roads of Chattogram City Cluster Project-1","CD-2/Cluster Project-1/E-6 Lot-2 (Installation of street light and ancillary works on Agrabad Commerce College Road)","Insulated wire and cable; Electrical machinery, apparatus, equipment and consumables; Mains; Power distribution cables; Coaxial cable; Insulated cable accessories; Electric conductors for data and control purposes; Lighting equipment and electric lamps; Electric filament lamps; Lamps and light fittings; Parts of lamps and lighting equipment;","27-Aug-2026 10:00","09-Sep-2026 15:00","(1) The minimum number of years of general experience of the Tenderer in the construction works as Prime Contractor or Subcontractor or Management Contractor shall be 10 (Ten) years (2) The minimum specific experience as a Prime Contractor or Subcontractor or Management Contractor in construction works under public sector of at least 01 (one) contract of Installation of street light and ancillary works successfully completed within the last 05 years, each with a value of at least Tk. 25 (Twenty-five) Lacs (3) The required average annual construction turnover under public sector shall be greater than Tk 32 (Thirty Two) Lacs over the last 03 financial years. (4) The minimum amount of financial resources as liquid asset or working capital or credit line(s) or specific credit commitment or in any combination of them, of the Tenderers shall be Tk 16 (Sixteen) Lacs (5) The minimum Tender capacity shall be 19 (Nineteen) lacs. (6) Tenderers Must have up-to-date valid Trade Licenses; ABC License and (7) Other required eligibility and conditions of the tenderer are given in Tender Documents.","Lot-2 (Installation of street light and ancillary works on Agrabad Commerce College Road).","Lot wise","Package wise","Package wise","1500","Payment through Bank","06-Jan-2027","06-Jan-2027","1","Lot-2 (Installation of street light and ancillary works on Agrabad Commerce College Road)","Metropolitan area","80000","16-Sep-2026","16-Dec-2026","Md. Shamim","Executive Engineer","Address : CDA Building City : Chittagong Thana : Chattogram City Corporation District : Chattogram - 4000 Country : Bangladesh","CDA Building","Chittagong","Chattogram City Corporation","Chattogram - 4000","031-619956","031-614610","Not Found","https://www.eprocure.gov.bd/resources/common/ViewTender.jsp?id=1314597"
"Ministry of Local Government","Rural Development and Co-operatives","Khulna City Corporation","Executive Engineer (Mech.) at Office of the Executive Engineer (Mech.) , Khulna City Corporation","","Khulna","Goods","NCT","TENDER","Tender - Single Lot","APP ID : 	216057","216057","1320342","Open Tendering Method (OTM)","Own Fund","Own Fund","Not applicable","Not applicable","KCC/Won/XEN-M/2025-26/G-79 Purchasing and Repairing works of Khulna Metro Gha-13-7302 Pajero Jeep, Khulna Metro Gha-11-0105 Pajero Jeep, Khulna Metro Gha-11-0125 No Pajero jeep, Khulna Metro Cha-51-0009 No Microbus, Khulna Metro Tha -11-0050 No Pickup, Khulna Metro Tha -11-0139 No Pickup, Khulna Metro Gha-12-6046 No Mark Two Car, Khulna Metro Ma -11-0098 No Pickup, Dhaka Metro Tha -11-3352 No Pickup, Khulna Metro Ma-05-0006 No Police van, Khulna Metro Tha -11-0103 No Car, Eicher- 1/11 No Truck, Eicher- 6/11 No Truck, Eicher- 9/11 No Truck, Eicher- 11/20 No Truck, Khulna Metro Ma-11-0099 No Truck, Khulna Metro Sha-11-0006 No Container Truck, Khulna Metro U-11-0102 No DumTruck, Ladder- 03, C.T Container- 2/4 No Truck, C.T Container- 3/4 No Truck, UNDP (Vacutag)- 02 & Slab Cutting Machine.","Machinery, equipment, appliances, apparatus and associated products;Machinery for the production and use of mechanical power;Turbines and motors;Pumps and compressors;Taps, cocks, valves and similar appliances;Gears, gearing and driving elements;General-purpose machinery;Industrial or laboratory furnaces, incinerators and ovens;Lifting and handling equipment and parts;Cooling and ventilation equipment;Miscellaneous general-purpose machinery;Agricultural, horticultural and forestry machinery;Agricultural and forestry machinery for soil preparation or cultivation;Harvesting machinery;Spraying machinery for agriculture or horticulture;Self-loading or unloading trailers and semi-trailers for agriculture;Specialist agricultural or forestry machinery;Tractors;Parts of agricultural and forestry machinery;Machine tools;Machine tools operated by laser and machining centres;Lathes, boring and milling machine tools;Metal-working machine tools;Machine tools for working hard materials except metals;Pneumatic or motorised hand tools;Soldering, brazing and welding tools, surface tempering and hot-spraying machines and equipment;Parts and accessories of machine tools;Special-purpose machinery and parts;Machinery for metallurgy and associated parts;Machinery for mining, quarrying and construction;Machinery for food, beverage and tobacco processing and associated parts;Machinery for textile, apparel and leather production;Machinery for paper or paperboard production;Miscellaneous special-purpose machinery;Weapons, ammunition and associated parts;Motorised tanks and armoured fighting vehicles;Military weapons;Firearms;Ammunition;Parts of military weapons;Truncheons or night sticks;Domestic appliances;Electrical domestic appliances;Non-electric domestic appliances;Miscellaneous equipment;Transport related equipment;Workshop equipment;Construction equipment;Catering equipment;Emergency and security equipment;Technical equipment;Miscellaneous equipment n.e.c.","27-Aug-2026 10:20","16-Sep-2026 17:00","As per TDS and ITT 1. The minimum specific experience as Supplier in supply of similar Goods of at least [01] contract(s) successfully completed within the last [05] years, each with a value of at least TK 2,85,000.00 2. The minimum amount of financial resources as liquid asset or working capital or credit line(s) or specific credit commitment or in any combination of them, of the Tenderers shall be  TK: 4,30,000.00 3. Payment will be made upon the availability of funds. For this,s no claim will be entertained. 4. VAT & IT from the bill will be as per the prevailing Government Rate. No extra claim will be entertained in this regard. 5. To ensure the Quality of the material, Various tests shall be performed by the tenderer as per instructions.","KCC/Won/XEN-M/2025-26/G-79 Purchasing and Repairing works of Khulna Metro Gha-13-7302 Pajero Jeep, Khulna Metro Gha-11-0105 Pajero Jeep, Khulna Metro Gha-11-0125 No Pajero jeep, Khulna Metro Cha-51-0009 No Microbus, Khulna Metro Tha -11-0050 No Pickup, Khulna Metro Tha -11-0139 No Pickup, Khulna Metro Gha-12-6046 No Mark Two Car, Khulna Metro Ma -11-0098 No Pickup, Dhaka Metro Tha -11-3352 No Pickup, Khulna Metro Ma-05-0006 No Police van, Khulna Metro Tha -11-0103 No Car, Eicher- 1/11 No Truck, Eicher- 6/11 No Truck, Eicher- 9/11 No Truck, Eicher- 11/20 No Truck, Khulna Metro Ma-11-0099 No Truck, Khulna Metro Sha-11-0006 No Container Truck, Khulna Metro U-11-0102 No DumTruck, Ladder- 03, C.T Container- 2/4 No Truck, C.T Container- 3/4 No Truck, UNDP (Vacutag)- 02 & Slab Cutting Machine.","Lot wise","Package wise","Package wise","500","Payment through Bank","12-Feb-2027","12-Feb-2027","1","Purchasing and Repairing works of Khulna Metro Gha-13-7302 Pajero Jeep, Khulna Metro Gha-11-0105 Pajero Jeep, Khulna Metro Gha-11-0125 No Pajero jeep, Khulna Metro Cha-51-0009 No Microbus, Khulna Metro Tha -11-0050 No Pickup, Khulna Metro Tha -11-0139 No Pickup, Khulna Metro Gha-12-6046 No Mark Two Car, Khulna Metro Ma -11-0098 No Pickup, Dhaka Metro Tha -11-3352 No Pickup, Khulna Metro Ma-05-0006 No Police van, Khulna Metro Tha -11-0103 No Car, Eicher- 1/11 No Truck, Eicher- 6/11 No Truck, Eicher- 9/11 No Truck, Eicher- 11/20 No Truck, Khulna Metro Ma-11-0099 No Truck, Khulna Metro Sha-11-0006 No Container Truck, Khulna Metro U-11-0102 No DumTruck, Ladder- 03, C.T Container- 2/4 No Truck, C.T Container- 3/4 No Truck, UNDP (Vacutag)- 02 & Slab Cutting Machine.","Khulna City Corporation","13300","22-Oct-2026","30-Jun-2027","Bidyut Kumar Das","Executive Engineer","Address : 28 KD GHOSH ROAD ,KHULNA City : Khulna Thana : Khulna City Corporation District : Khulna - 9100 Country : Bangladesh","28 KD GHOSH ROAD ,KHULNA","Khulna","Khulna City Corporation","Khulna - 9100","041-721337","","499000.00, OTM","https://www.eprocure.gov.bd/resources/common/ViewTender.jsp?id=1320342"
"Ministry of Home Affairs","","Bangladesh Coast Guard Force","Directorate of Engineering","","Dhaka","Goods","NCT","TENDER","Tender - Single Lot","44.08.2680.050.61.001.26.714","227877","1319450","Open Tendering Method (OTM)","Revenue","Government","Not applicable","Not applicable","GR ENGG-24 Fire and Bilge Pump for OPVs","Machinery, equipment, appliances, apparatus and associated products;Machinery for the production and use of mechanical power;Turbines and motors;Pumps and compressors;Taps, cocks, valves and similar appliances;Gears, gearing and driving elements;General-purpose machinery;Industrial or laboratory furnaces, incinerators and ovens;Lifting and handling equipment and parts;Cooling and ventilation equipment;Miscellaneous general-purpose machinery;Agricultural, horticultural and forestry machinery;Agricultural and forestry machinery for soil preparation or cultivation;Harvesting machinery;Spraying machinery for agriculture or horticulture;Self-loading or unloading trailers and semi-trailers for agriculture;Specialist agricultural or forestry machinery;Tractors;Parts of agricultural and forestry machinery;Machine tools;Machine tools operated by laser and machining centres;Lathes, boring and milling machine tools;Metal-working machine tools;Machine tools for working hard materials except metals;Pneumatic or motorised hand tools;Soldering, brazing and welding tools, surface tempering and hot-spraying machines and equipment;Parts and accessories of machine tools;Special-purpose machinery and parts;Machinery for metallurgy and associated parts;Machinery for mining, quarrying and construction;Machinery for food, beverage and tobacco processing and associated parts;Machinery for textile, apparel and leather production;Machinery for paper or paperboard production;Miscellaneous special-purpose machinery;Weapons, ammunition and associated parts;Motorised tanks and armoured fighting vehicles;Military weapons;Firearms;Ammunition;Parts of military weapons;Truncheons or night sticks;Domestic appliances;Electrical domestic appliances;Non-electric domestic appliances;Miscellaneous equipment;Transport related equipment;Workshop equipment;Construction equipment;Catering equipment;Emergency and security equipment;Technical equipment;Miscellaneous equipment n.e.c.","27-Aug-2026 12:00","09-Sep-2026 14:00","1.The Tenderer Shall have a minimum of 1 years of General Experience in the supply of good and related services. 2. The minimum specific experience as Supplier in supply of Goods of at least one (1) contract successfully completed within the last 5 (Five) years, with a value of at least BDT 13 Lakh. 3. The Minimum amount of liquid asset or working capital or credit facilities of the tender shall be BDT 19 Lakh. 4. Authorized agents/dealers/distributor of manufacturer can only submit quotations. The manufacturer is to provided authorization certificate in favour of the agents/ dealers / distributor with the offer. 5. Latest Trade License. 6. Latest VAT certificate. 7. Latest Income Tax Certificate. 8. Bank Solvency","Fire and Bilge Pump","Lot wise","Package wise","Package wise","1500","Payment through Bank","07-Mar-2027","07-Mar-2027","Single","Fire and Bilge Pump for OPVs","BCGHQ As Required","50000","30-Sep-2026","30-Jun-2027","Riyadh Ibne Jamal","Director Engineering","Address : Bangladesh Coast Guard Headquarters, Agargaon Administrative Area, Sher-E-Bangla Nagar, Dhaka-1207 City : Dhaka Thana : Dhaka North City Corporation District : Dhaka - 1207 Country : Bangladesh","Bangladesh Coast Guard Headquarters, Agargaon Administrative Area, Sher-E-Bangla Nagar, Dhaka-1207","Dhaka","Dhaka North City Corporation","Dhaka - 1207","02-41025605","02-41025605","Not Found","https://www.eprocure.gov.bd/resources/common/ViewTender.jsp?id=1319450"
"Ministry of Shipping","","Chittagong Port Authority","Workshop Manager","","Chattogram","Goods","NCT","TENDER","Tender - Single Lot","18.13.0000.424.07.147.25","216110","1306629","Open Tendering Method (OTM)","Own Fund","Own Fund","Not applicable","Not applicable","18.13.0000.424.07.147.25 Procurement of 01 (one) item Engine for FLTs cargo handling equipment of Chittagong Port Authority","Motor vehicles; Motor vehicles, trailers and vehicle parts; Vehicle bodies, trailers or semi-trailers; Parts and accessories for vehicles and their engines; Motor vehicles, trailers and vehicle parts;Passenger cars;Motor vehicles for the transport of 10 or more persons;Motor vehicles for the transport of goods;Heavy-duty motor vehicles;Vehicle bodies;Trailers, semi-trailers and mobile containers;Engines and engine parts;Mechanical spare parts except engines and engine parts;Test benches;Vehicle conversion kits;Seat belts;Spare parts for goods vehicles;Spare parts for vans;Spare parts for cars;Tractor accessories","27-Aug-2026 10:00","14-Sep-2026 12:00","Any tenderer of countries with which Bangladesh has commercial relation and who fulfils the qualifications stated in the Tender document","Procurement of 01 (one) item Engine for FLTs cargo handling equipment of Chittagong Port Authority","Lot wise","Package wise","Package wise","1500","Payment through Bank","10-Apr-2027","10-Apr-2027","1","Procurement of 01 (one) item Engine for FLTs cargo handling equipment of Chittagong Port Authority","Central Workshop, Chittagong Port Authority","110000","15-Nov-2026","15-Sep-2027","Tajuddin  Ahmed","Workshop Manager","Address : Central Workshop, Near Jetty Gate # 03, Bandar City : Chittagong Thana : Chattogram City Corporation District : Chattogram - 4100 Country : Bangladesh","Central Workshop, Near Jetty Gate # 03, Bandar","Chittagong","Chattogram City Corporation","Chattogram - 4100","031-2510155","031-2510889","3780000.00, OTM","https://www.eprocure.gov.bd/resources/common/ViewTender.jsp?id=1306629"
"Ministry of Housing and Public Works","","Chittagong Development Authority","Construction Division-2","2003","Chattogram","Works","NCT","TENDER","Tender - Single Lot","CD2/Cluster Project-1/ E-7","228865","1314602","Open Tendering Method (OTM)","Development","Government","13201-01-22430089700","Widening and Development of Important Roads of Chattogram City Cluster Project-1","CD-2/Cluster Project-1/E-7 Lot-1 (Installation of street light and ancillary works on Shohid Nahid Ahmed Sohel Smriti Road)","Electricity distribution and control apparatus; Electrical machinery, apparatus, equipment and consumables; Lighting equipment and electric lamps;Electrical apparatus for switching or protecting electrical circuits;Electrical circuit components;Parts of electricity distribution or control apparatus;Electric filament lamps;Lamps and light fittings;Parts of lamps and lighting equipment","27-Aug-2026 10:00","09-Sep-2026 15:00","(1) The minimum number of years of general experience of the Tenderer in the construction works as Prime Contractor or Subcontractor or Management Contractor shall be 10 (Ten) years (2) The minimum specific experience as a Prime Contractor or Subcontractor or Management Contractor in construction works under public sector of at least 01 (one) contract(s) of Installation of street light and ancillary works successfully completed within the last 05 years, each with a value of at least Tk. 55 (Fifty Five) Lacs (3) The required average annual construction turnover under public sector shall be greater than Tk 70 (Seventy) Lacs over the last 03 financial years. (4) The minimum amount of financial resources as liquid asset or working capital or credit line(s) or specific credit commitment or in any combination of them, of the Tenderers shall be Tk 30 (Thirty) Lacs (5) The minimum Tender capacity shall be 45 (Forty Five) lacs. (6) Tenderers Must have up-to-date valid Trade Licenses; ABC License and (7) Other required eligibility and conditions of the tenderer are given in Tender Documents.","Lot-1 (Installation of street light and ancillary works on Shohid Nahid Ahmed Sohel Smriti Road).","Lot wise","Package wise","Package wise","2500","Payment through Bank","06-Jan-2027","06-Jan-2027","1","Lot-1 (Installation of street light and ancillary works on Shohid Nahid Ahmed Sohel Smriti Road)","Metropolitan area","180000","16-Sep-2026","16-Dec-2026","Md. Shamim","Executive Engineer","Address : CDA Building City : Chittagong Thana : Chattogram City Corporation District : Chattogram - 4000 Country : Bangladesh","CDA Building","Chittagong","Chattogram City Corporation","Chattogram - 4000","031-619956","031-614610","Not Found","https://www.eprocure.gov.bd/resources/common/ViewTender.jsp?id=1314602"
"Ministry of Local Government","Rural Development and Co-operatives","Local Government Engineering Department (LGED)","Office of the Executive Engineer, LGED, Naogaon","","Naogaon","Works","NCT","TENDER","Tender - Single Lot","APP ID - 227252","227252","1320942","Open Tendering Method (OTM)","Development","Government","224397700","Naogaon District Rural Infrastructure Development Project","NDRIDP/W-458 Improvement of Chalk Raghab-Ghuksibil from Ch: 1500-1980m & Construction of 02 nos. U-Drain Size (6.00mx0.625mx0.600m) at Ch: 1580m & Ch: 1675m under Dhamoirhat Upazila, District: Naogaon, Road ID: 164285029","Construction work;Site preparation work;Building demolition and wrecking work and earthmoving work;Test drilling and boring work;Works for complete or part construction and civil engineering work;Building construction work;Engineering works and construction works;Construction work for pipelines, communication and power lines, for highways, roads, airfields and railways; flatwork;Construction work for water projects;Construction works for plants, mining and manufacturing and for buildings relating to the oil and gas industry;Roof works and other special trade construction works;Building installation work;Electrical installation work;Insulation work;Plumbing and sanitary works;Fencing, railing and safety equipment installation work;Mechanical installations;Building completion work;Plastering work;Joinery and carpentry installation work;Floor and wall covering work;Painting and glazing work;Other building completion work;Hire of construction and civil engineering machinery and equipment with operator;Hire of cranes with operator;Hire of earthmoving equipment with operator","27-Aug-2026 10:00","15-Sep-2026 17:00","As per TDS, PCC & IFT.","NDRIDP/W-458 Improvement of Chalk Raghab-Ghuksibil from Ch: 1500-1980m & Construction of 02 nos. U-Drain Size (6.00mx0.625mx0.600m) at Ch: 1580m & Ch: 1675m under Dhamoirhat Upazila, District: Naogaon, Road ID: 164285029","Lot wise","Package wise","Package wise","2500","Payment through Bank","13-Mar-2027","13-Mar-2027","1","Improvement of Chalk Raghab-Ghuksibil from Ch: 1500-1980m & Construction of 02 nos. U-Drain Size (6.00mx0.625mx0.600m) at Ch: 1580m & Ch: 1675m under Dhamoirhat Upazila, District: Naogaon, Road ID: 164285029","Dhamoirhat Upazila","100000","01-Feb-2027","01-Feb-2028","Md, Badruddoza","Executive Engineer","Address : XEN Office, LGED, Naogaon City : Naogaon Thana : Atrai District : Naogaon - 6500 Country : Bangladesh","XEN Office, LGED, Naogaon","Naogaon","Atrai","Naogaon - 6500","0741-62416","","6000000.00, OTM","https://www.eprocure.gov.bd/resources/common/ViewTender.jsp?id=1320942"
"Ministry of Shipping","","Chittagong Port Authority","Workshop Manager","","Chattogram","Goods","NCT","TENDER","Tender - Single Lot","18.13.0000.424.07.087.25","216110","1202776","Open Tendering Method (OTM)","Own Fund","Own Fund","Not applicable","Not applicable","18.13.0000.424.07.087.25 Procurement of 03(three) nos. of store inventory items for the cargo handling workshop of Chittagong Port Authority.","Machinery, equipment, appliances, apparatus and associated products;Machinery for the production and use of mechanical power;Turbines and motors;Pumps and compressors;Taps, cocks, valves and similar appliances;Gears, gearing and driving elements;General-purpose machinery;Industrial or laboratory furnaces, incinerators and ovens;Lifting and handling equipment and parts;Cooling and ventilation equipment;Miscellaneous general-purpose machinery;Agricultural, horticultural and forestry machinery;Agricultural and forestry machinery for soil preparation or cultivation;Harvesting machinery;Spraying machinery for agriculture or horticulture;Self-loading or unloading trailers and semi-trailers for agriculture;Specialist agricultural or forestry machinery;Tractors;Parts of agricultural and forestry machinery;Machine tools;Machine tools operated by laser and machining centres;Lathes, boring and milling machine tools;Metal-working machine tools;Machine tools for working hard materials except metals;Pneumatic or motorised hand tools;Soldering, brazing and welding tools, surface tempering and hot-spraying machines and equipment;Parts and accessories of machine tools;Special-purpose machinery and parts;Machinery for metallurgy and associated parts;Machinery for mining, quarrying and construction;Machinery for food, beverage and tobacco processing and associated parts;Machinery for textile, apparel and leather production;Machinery for paper or paperboard production;Miscellaneous special-purpose machinery;Weapons, ammunition and associated parts;Motorised tanks and armoured fighting vehicles;Military weapons;Firearms;Ammunition;Parts of military weapons;Truncheons or night sticks;Domestic appliances;Electrical domestic appliances;Non-electric domestic appliances;Miscellaneous equipment;Transport related equipment;Workshop equipment;Construction equipment;Catering equipment;Emergency and security equipment;Technical equipment;Miscellaneous equipment n.e.c.","27-Aug-2026 10:00","14-Sep-2026 12:00","Any tenderer of countries with which Bangladesh has commercial relation and who fulfils the qualifications stated in the Tender document.","Procurement of 03(three) nos. of store inventory items for the cargo handling workshop of Chittagong Port Authority","Lot wise","Package wise","Package wise","1500","Payment through Bank","10-Apr-2027","10-Apr-2027","1","Procurement of 03(three) nos. of store inventory items for the cargo handling workshop of Chittagong Port Authority.","Central Workshop, Chittagong Port Authority","100000","15-Nov-2026","15-Sep-2027","Tajuddin  Ahmed","Workshop Manager","Address : Central Workshop, Near Jetty Gate # 03, Bandar City : Chittagong Thana : Chattogram City Corporation District : Chattogram - 4100 Country : Bangladesh","Central Workshop, Near Jetty Gate # 03, Bandar","Chittagong","Chattogram City Corporation","Chattogram - 4100","031-2510155","031-2510889","3460000.00, OTM","https://www.eprocure.gov.bd/resources/common/ViewTender.jsp?id=1202776"
"Ministry of Energy","Power and Mineral Resources","Bangladesh Power Development Board","Office of the Executive Engineer, Sales and Distribution Division- Chakaria, BPDB, Coxsbazar.","","Cox's Bazar","Works","NCT","TENDER","Tender - Single Lot","27.11.2216.755.38.2026.644,   Date: 13.08.2026","229736","1318904","Open Tendering Method (OTM)","Revenue","Government","Not applicable","Not applicable","SR WR-1 Wages for Grass cutting, cleaning, sweeping, beautification and other related annual works of store yard, office building, Chakaria 33/11 Sub-station, Aziznagar 33/11 Sub-station, other establishment under S&D Division-Chakaria, BPDB, Coxsbazar.","Cleaning and sanitation services in urban or rural areas, and related services; Sewage- and refuse-disposal services, sanitation and environmental services;Street-cleaning services;Gully-cleaning services;Asbestos removal services;Deleading services;Disinfecting and exterminating services in urban or rural areas;Beach cleaning services","27-Aug-2026 10:00","07-Sep-2026 12:00","AS PER TDS","Wages for Grass cutting, cleaning, sweeping, beautification and other related annual works of store yard, office building, Chakaria 33/11 Sub-station, Aziznagar 33/11 Sub-station, other establishment under S&D Division-Chakaria, BPDB, Coxsbazar.","Lot wise","Package wise","Package wise","500","Payment through Bank","02-Feb-2027","02-Feb-2027","1","Wages for Grass cutting, cleaning, sweeping, beautification and other related annual works of store yard, office building, Chakaria 33/11 Sub-station, Aziznagar 33/11 Sub-station, other establishment under S&D Division-Chakaria, BPDB, Coxsbazar.","CHAARIA,COXSBAZAR","13000","01-Oct-2026","30-Nov-2026","MD. ASADUZZAMAN","Executive Engineer","Address : Office of the Executive Engineer, Sales and Distribution Division- Chakaria, WAPDA road, Chiringa, Chakaria,BPDB, Coxsbazar. City : Chakaria Thana : Chakoria District : Cox's Bazar - 4741 Country : Bangladesh","Office of the Executive Engineer, Sales and Distribution Division- Chakaria, WAPDA road, Chiringa, Chakaria,BPDB, Coxsbazar.","Chakaria","Chakoria","Cox's Bazar - 4741","01866-955445","","Not Found","https://www.eprocure.gov.bd/resources/common/ViewTender.jsp?id=1318904"
"Ministry of Energy","Power and Mineral Resources","Bangladesh Power Development Board","Office of the Executive Engineer, Sales and Distribution Division- Chakaria, BPDB, Coxsbazar.","","Cox's Bazar","Works","NCT","TENDER","Tender - Single Lot","27.11.2216.755.38.2026.645,   Date: 13.08.2026","229736","1318905","Open Tendering Method (OTM)","Revenue","Government","Not applicable","Not applicable","SR WR-2 Wages for Grass cutting, cleaning, Sweeping, beautification and other related annual works of Lama store yard, office building, Lama 33/11 Sub-station, Alikodom 33/11 Sub-station, Kutubdia 33/11 Sub-station, office building other establishment under S&D Division-Chakaria, BPDB, Coxsbazar","Cleaning and sanitation services in urban or rural areas, and related services; Sewage- and refuse-disposal services, sanitation and environmental services; Street-cleaning services; Gully-cleaning services; Asbestos removal services; Deleading services; Disinfecting and exterminating services in urban or rural areas; Beach cleaning services;","27-Aug-2026 10:00","07-Sep-2026 12:00","AS PER TDS","Wages for Grass cutting, cleaning, Sweeping, beautification and other related annual works of Lama store yard, office building, Lama 33/11 Sub-station, Alikodom 33/11 Sub-station, Kutubdia 33/11 Sub-station, office building other establishment under S&D Division-Chakaria, BPDB, Coxsbazar","Lot wise","Package wise","Package wise","500","Payment through Bank","02-Feb-2027","02-Feb-2027","1","Wages for Grass cutting, cleaning, Sweeping, beautification and other related annual works of Lama store yard, office building, Lama 33/11 Sub-station, Alikodom 33/11 Sub-station, Kutubdia 33/11 Sub-station, office building other establishment under S&D Division-Chakaria, BPDB, Coxsbazar","CHAARIA,COXSBAZAR","13000","01-Oct-2026","30-Nov-2026","MD. ASADUZZAMAN","Executive Engineer","Address : Office of the Executive Engineer, Sales and Distribution Division- Chakaria, WAPDA road, Chiringa, Chakaria,BPDB, Coxsbazar. City : Chakaria Thana : Chakoria District : Cox's Bazar - 4741 Country : Bangladesh","Office of the Executive Engineer, Sales and Distribution Division- Chakaria, WAPDA road, Chiringa, Chakaria,BPDB, Coxsbazar.","Chakaria","Chakoria","Cox's Bazar - 4741","01866-955445","","Not Found","https://www.eprocure.gov.bd/resources/common/ViewTender.jsp?id=1318905"
"Ministry of Local Government","Rural Development and Co-operatives","Khulna City Corporation","Executive Engineer (Mech.) at Office of the Executive Engineer (Mech.) , Khulna City Corporation","","Khulna","Goods","NCT","TENDER","Tender - Single Lot","APP ID : 	216057","216057","1320332","Open Tendering Method (OTM)","Own Fund","Own Fund","Not applicable","Not applicable","KCC/Won/XEN-M/2025-26/G-78 Purchasing and Repairing works of Khulna Metro Tha-11-0094 No Pickup, Khulna Metro Gha-11-0124 No Pajero jeep, Khulna Metro Cha- 51-0207 No Microbus, Dhaka Metro Gha- 13-7302 No Pajero Jeep, Back wheel loader- 07, 3Y Road Roller- 02, LGED (China)- 01, Eicher- 14/20 No Truck, Eicher- 12/20 No Truck, Khulna Metro Ha-12-9336 No Motorcycle & Back Wheel Loder-4.","Machinery, equipment, appliances, apparatus and associated products;Machinery for the production and use of mechanical power;Turbines and motors;Pumps and compressors;Taps, cocks, valves and similar appliances;Gears, gearing and driving elements;General-purpose machinery;Industrial or laboratory furnaces, incinerators and ovens;Lifting and handling equipment and parts;Cooling and ventilation equipment;Miscellaneous general-purpose machinery;Agricultural, horticultural and forestry machinery;Agricultural and forestry machinery for soil preparation or cultivation;Harvesting machinery;Spraying machinery for agriculture or horticulture;Self-loading or unloading trailers and semi-trailers for agriculture;Specialist agricultural or forestry machinery;Tractors;Parts of agricultural and forestry machinery;Machine tools;Machine tools operated by laser and machining centres;Lathes, boring and milling machine tools;Metal-working machine tools;Machine tools for working hard materials except metals;Pneumatic or motorised hand tools;Soldering, brazing and welding tools, surface tempering and hot-spraying machines and equipment;Parts and accessories of machine tools;Special-purpose machinery and parts;Machinery for metallurgy and associated parts;Machinery for mining, quarrying and construction;Machinery for food, beverage and tobacco processing and associated parts;Machinery for textile, apparel and leather production;Machinery for paper or paperboard production;Miscellaneous special-purpose machinery;Weapons, ammunition and associated parts;Motorised tanks and armoured fighting vehicles;Military weapons;Firearms;Ammunition;Parts of military weapons;Truncheons or night sticks;Domestic appliances;Electrical domestic appliances;Non-electric domestic appliances;Miscellaneous equipment;Transport related equipment;Workshop equipment;Construction equipment;Catering equipment;Emergency and security equipment;Technical equipment;Miscellaneous equipment n.e.c.","27-Aug-2026 10:32","16-Sep-2026 17:00","As per TDS and ITT 1. The minimum specific experience as Supplier in supply of similar Goods of at least [01] contract(s) successfully completed within the last [05] years, each with a value of at least TK 3,00,000.00 2. The minimum amount of financial resources as liquid asset or working capital or credit line(s) or specific credit commitment or in any combination of them, of the Tenderers shall be  TK: 4,50,000.00 3. Payment will be made upon the availability of funds. For this,s no claim will be entertained. 4. VAT & IT from the bill will be as per the prevailing Government Rate. No extra claim will be entertained in this regard. 5. To ensure the Quality of the material, Various tests shall be performed by the tenderer as per instructions.","KCC/Won/XEN-M/2025-26/G-78 Purchasing and Repairing works of Khulna Metro Tha-11-0094 No Pickup, Khulna Metro Gha-11-0124 No Pajero jeep, Khulna Metro Cha- 51-0207 No Microbus, Dhaka Metro Gha- 13-7302 No Pajero Jeep, Back wheel loader- 07, 3Y Road Roller- 02, LGED (China)- 01, Eicher- 14/20 No Truck, Eicher- 12/20 No Truck, Khulna Metro Ha-12-9336 No Motorcycle & Back Wheel Loder-4.","Lot wise","Package wise","Package wise","500","Payment through Bank","12-Feb-2027","12-Feb-2027","1","Purchasing and Repairing works of Khulna Metro Tha-11-0094 No Pickup, Khulna Metro Gha-11-0124 No Pajero jeep, Khulna Metro Cha- 51-0207 No Microbus, Dhaka Metro Gha- 13-7302 No Pajero Jeep, Back wheel loader- 07, 3Y Road Roller- 02, LGED (China)- 01, Eicher- 14/20 No Truck, Eicher- 12/20 No Truck, Khulna Metro Ha-12-9336 No Motorcycle & Back Wheel Loder-4.","Khulna City Corporation","14000","15-Oct-2026","30-Jun-2027","Bidyut Kumar Das","Executive Engineer","Address : 28 KD GHOSH ROAD ,KHULNA City : Khulna Thana : Khulna City Corporation District : Khulna - 9100 Country : Bangladesh","28 KD GHOSH ROAD ,KHULNA","Khulna","Khulna City Corporation","Khulna - 9100","041-721337","","550000.00, OTM","https://www.eprocure.gov.bd/resources/common/ViewTender.jsp?id=1320332"
"Ministry of Health and Family Welfare","Health Services Division","Directorate General of Health Services (DGHS)","Sakhipur Upazila Health Complex","","Tangail","Goods","NCT","TENDER","Tender - Single Lot","Sakhipur Tangail/2026-27/4","229219","1316028","Open Tendering Method (OTM)","Revenue","Government","Not applicable","Not applicable","Sakhipur Tangail/2026-27/4 Procurement of Linen for the FY 2026-27 at Sakhipur Upazila Health Complex, Tangail.","Medical and laboratory devices, optical and precision devices, watches and clocks, pharmaceuticals and related medical consumables; Health and social work services;Medical devices;Imaging equipment for medical, dental and veterinary use;Functional exploration;Dentistry;Medical non-chemical consumables and haematological consumables;Therapy;Operating techniques;Anaesthesia and resuscitation;Functional support;Miscellaneous medical devices;Instruments and appliances for measuring, checking, testing and navigating;Navigational, meteorological, geological and geophysical instruments;Remote-control equipment;Precision balances, instruments for drawing, calculating and measuring length;Instruments for measuring quantities;Instruments for checking physical characteristics;Checking and testing apparatus;Regulating and controlling instruments and apparatus;Non-medical equipment based on the use of radiations;Industrial process control equipment;Optical instruments;Spectacles and lenses;Polarising material;Astronomical and optical instruments;Liquid crystal devices;Photographic equipment;Horological instruments;Watches and clocks;Health services;Hospital and related services;Medical practice and related services;Dental practice and related services;Miscellaneous health services;Veterinary services;Social work and related services;Social work services;Social services","27-Aug-2026 10:00","07-Sep-2026 12:00","As Per TDS","Procurement of Linen for the FY 2026-27 at Sakhipur Upazila Health Complex, Tangail.","Lot wise","Package wise","Package wise","1000","Payment through Bank","03-Jan-2027","03-Jan-2027","1","Procurement of Linen for the FY 2026-27 at Sakhipur Upazila Health Complex, Tangail.","UHC Sakhipur","25000","24-Sep-2026","31-Dec-2026","RAHANA PERVIN","UH&FPO","Address : SAKHIPUR, TANGAIL City : Sakhipur Thana : Shakhipur District : Tangail - 1950 Country : Bangladesh","SAKHIPUR, TANGAIL","Sakhipur","Shakhipur","Tangail - 1950","09-23256013","","Not Found","https://www.eprocure.gov.bd/resources/common/ViewTender.jsp?id=1316028"
"Ministry of Local Government","Rural Development and Co-operatives","Local Government Engineering Department (LGED)","Office of the Upazila Engineer, LGED, Bera, Pabna","","Pabna","Works","NCT","TENDER","Tender - Single Lot","APP ID 229939","229939","1318920","Open Tendering Method (OTM)","Development","Government","224398900","Construction of Union Parishad Complex Bhaban Project (Phase-3)","e-GP/UPCBP/PABNA/BERA/2026/W046 Construction of Masumdia UP Complex Building in Bera Upazila of Pabna District.","Construction work;Site preparation work;Building demolition and wrecking work and earthmoving work;Test drilling and boring work;Works for complete or part construction and civil engineering work;Building construction work;Engineering works and construction works;Construction work for pipelines, communication and power lines, for highways, roads, airfields and railways; flatwork;Construction work for water projects;Construction works for plants, mining and manufacturing and for buildings relating to the oil and gas industry;Roof works and other special trade construction works;Building installation work;Electrical installation work;Insulation work;Plumbing and sanitary works;Fencing, railing and safety equipment installation work;Mechanical installations;Building completion work;Plastering work;Joinery and carpentry installation work;Floor and wall covering work;Painting and glazing work;Other building completion work;Hire of construction and civil engineering machinery and equipment with operator;Hire of cranes with operator;Hire of earthmoving equipment with operator","27-Aug-2026 10:00","09-Sep-2026 16:00","As per tender document.","Construction of Masumdia UP Complex Building in Bera Upazila of Pabna District. (Package No: e-GP/UPCBP/PABNA/BERA/2026/W046)","Lot wise","Package wise","Package wise","4000","Payment through Bank","05-Feb-2027","05-Feb-2027","01","Construction of Masumdia UP Complex Building in Bera Upazila of Pabna District.","Masumdia Union Porished","1000000","22-Oct-2026","03-May-2028","Md. Saidur Rahman Mia","Upazila Engineer","Address : Bera Upazila Parishad, Bera City : Bera Thana : Bera District : Pabna - 6680 Country : Bangladesh","Bera Upazila Parishad, Bera","Bera","Bera","Pabna - 6680","07323-75016","","41000000.00, OTM","https://www.eprocure.gov.bd/resources/common/ViewTender.jsp?id=1318920"
"Ministry of Health and Family Welfare","Health Services Division","Directorate General of Health Services (DGHS)","Sakhipur Upazila Health Complex","","Tangail","Goods","NCT","TENDER","Tender - Single Lot","Sakhipur Tangail/2026-27/1","229219","1316025","Open Tendering Method (OTM)","Revenue","Government","Not applicable","Not applicable","Sakhipur Tangail/2026-27/1 Procurement of Non-EDCL Medicine for the FY 2026-27 at Sakhipur Upazila Health Complex, Tangail.","Medical and laboratory devices, optical and precision devices, watches and clocks, pharmaceuticals and related medical consumables; Health and social work services;Medical devices;Imaging equipment for medical, dental and veterinary use;Functional exploration;Dentistry;Medical non-chemical consumables and haematological consumables;Therapy;Operating techniques;Anaesthesia and resuscitation;Functional support;Miscellaneous medical devices;Instruments and appliances for measuring, checking, testing and navigating;Navigational, meteorological, geological and geophysical instruments;Remote-control equipment;Precision balances, instruments for drawing, calculating and measuring length;Instruments for measuring quantities;Instruments for checking physical characteristics;Checking and testing apparatus;Regulating and controlling instruments and apparatus;Non-medical equipment based on the use of radiations;Industrial process control equipment;Optical instruments;Spectacles and lenses;Polarising material;Astronomical and optical instruments;Liquid crystal devices;Photographic equipment;Horological instruments;Watches and clocks;Health services;Hospital and related services;Medical practice and related services;Dental practice and related services;Miscellaneous health services;Veterinary services;Social work and related services;Social work services;Social services","27-Aug-2026 10:00","07-Sep-2026 12:00","As Per TDS","Procurement of Non-EDCL Medicine for the FY 2026-27 at Sakhipur Upazila Health Complex, Tangail.","Lot wise","Package wise","Package wise","1500","Payment through Bank","03-Jan-2027","03-Jan-2027","1","Procurement of Non-EDCL Medicine for the FY 2026-27 at Sakhipur Upazila Health Complex, Tangail.","UHC Sakhipur","90000","24-Sep-2026","31-Dec-2026","RAHANA PERVIN","UH&FPO","Address : SAKHIPUR, TANGAIL City : Sakhipur Thana : Shakhipur District : Tangail - 1950 Country : Bangladesh","SAKHIPUR, TANGAIL","Sakhipur","Shakhipur","Tangail - 1950","09-23256013","","Not Found","https://www.eprocure.gov.bd/resources/common/ViewTender.jsp?id=1316025"
"Ministry of Health and Family Welfare","Health Services Division","Directorate General of Health Services (DGHS)","Rajnagar Upazila Health Complex, Moulvibazar","","Moulvibazar","Goods (Framework Agreement)","NCT","TENDER","Tender - Single Lot","UHC/Rajnagar/Tender/2026-27/925","229312","1323460","Open Tendering Method (OTM)","Revenue","Government","Not applicable","Not applicable","UHC/Rajn/MSR/GBC/2026-27 Procurement of Gauge,Bandage and Cotton for Upazila Health Complex, Rajnagar, Moulvibazar in FY 2026-2027","Medical and laboratory devices, optical and precision devices, watches and clocks, pharmaceuticals and related medical consumables;Medical devices;Imaging equipment for medical, dental and veterinary use;Functional exploration;Dentistry;Medical non-chemical consumables and haematological consumables;Therapy;Operating techniques;Anaesthesia and resuscitation;Functional support;Miscellaneous medical devices;Instruments and appliances for measuring, checking, testing and navigating;Navigational, meteorological, geological and geophysical instruments;Remote-control equipment;Precision balances, instruments for drawing, calculating and measuring length;Instruments for measuring quantities;Instruments for checking physical characteristics;Checking and testing apparatus;Regulating and controlling instruments and apparatus;Non-medical equipment based on the use of radiations;Industrial process control equipment;Optical instruments;Spectacles and lenses;Polarising material;Astronomical and optical instruments;Liquid crystal devices;Photographic equipment;Horological instruments;Watches and clocks","27-Aug-2026 12:00","09-Sep-2026 16:00","As per TDS and PCC","Procurement of Gauge,Bandage and Cotton for Upazila Health Complex, Rajnagar, Moulvibazar in FY 2026-2027","Lot wise","Package wise","Package wise","500","Payment through Bank","06-Jan-2027","06-Jan-2027","03","Procurement of Gauge,Bandage and Cotton for Upazila Health Complex, Rajnagar, Moulvibazar in FY 2026-2027","Rajnagar Upazila Health Complex, Moulvibazar","18500","30-Sep-2026","30-Dec-2026","Bornali Das","UH&FPO","Address : Rajnagar , Moulvibazar City : Rajnagar Thana : Rajnagar District : Moulvibazar - 3240 Country : Bangladesh","Rajnagar , Moulvibazar","Rajnagar","Rajnagar","Moulvibazar - 3240","08625-75012","","Not Found","https://www.eprocure.gov.bd/resources/common/ViewTender.jsp?id=1323460"
"Ministry of Health and Family Welfare","Health Services Division","Directorate General of Health Services (DGHS)","Sakhipur Upazila Health Complex","","Tangail","Goods","NCT","TENDER","Tender - Single Lot","Sakhipur Tangail/2026-27/3","229219","1316027","Open Tendering Method (OTM)","Revenue","Government","Not applicable","Not applicable","Sakhipur Tangail/2026-27/3 Procurement of Gauge, Bandage and Cotton for the FY 2026-27 at Sakhipur Upazila Health Complex, Tangail.","Medical and laboratory devices, optical and precision devices, watches and clocks, pharmaceuticals and related medical consumables; Health and social work services;Medical devices;Imaging equipment for medical, dental and veterinary use;Functional exploration;Dentistry;Medical non-chemical consumables and haematological consumables;Therapy;Operating techniques;Anaesthesia and resuscitation;Functional support;Miscellaneous medical devices;Instruments and appliances for measuring, checking, testing and navigating;Navigational, meteorological, geological and geophysical instruments;Remote-control equipment;Precision balances, instruments for drawing, calculating and measuring length;Instruments for measuring quantities;Instruments for checking physical characteristics;Checking and testing apparatus;Regulating and controlling instruments and apparatus;Non-medical equipment based on the use of radiations;Industrial process control equipment;Optical instruments;Spectacles and lenses;Polarising material;Astronomical and optical instruments;Liquid crystal devices;Photographic equipment;Horological instruments;Watches and clocks;Health services;Hospital and related services;Medical practice and related services;Dental practice and related services;Miscellaneous health services;Veterinary services;Social work and related services;Social work services;Social services","27-Aug-2026 10:00","07-Sep-2026 12:00","As Per TDS","Procurement of Gauge, Bandage and Cotton for the FY 2026-27 at Sakhipur Upazila Health Complex, Tangail.","Lot wise","Package wise","Package wise","1000","Payment through Bank","03-Jan-2027","03-Jan-2027","1","Procurement of Gauge, Bandage and Cotton for the FY 2026-27 at Sakhipur Upazila Health Complex, Tangail.","UHC Sakhipur","25000","24-Sep-2026","31-Dec-2026","RAHANA PERVIN","UH&FPO","Address : SAKHIPUR, TANGAIL City : Sakhipur Thana : Shakhipur District : Tangail - 1950 Country : Bangladesh","SAKHIPUR, TANGAIL","Sakhipur","Shakhipur","Tangail - 1950","09-23256013","","Not Found","https://www.eprocure.gov.bd/resources/common/ViewTender.jsp?id=1316027"
"Ministry of Local Government","Rural Development and Co-operatives","Local Government Engineering Department (LGED)","Office of the Executive Engineer, LGED, Naogaon","","Naogaon","Works","NCT","TENDER","Tender - Single Lot","APP ID - 227252","227252","1320948","Open Tendering Method (OTM)","Development","Government","224397700","Naogaon District Rural Infrastructure Development Project","NDRIDP/W-368 Improvement of Naogaon Napitpara More-Shailgachi from Ch: 3000m-5275m under Naogaon Sadar Upazila, District: Naogaon, Road ID: 164604106 Salvage Cost Tk. 17,22,862.00","Construction work;Site preparation work;Building demolition and wrecking work and earthmoving work;Test drilling and boring work;Works for complete or part construction and civil engineering work;Building construction work;Engineering works and construction works;Construction work for pipelines, communication and power lines, for highways, roads, airfields and railways; flatwork;Construction work for water projects;Construction works for plants, mining and manufacturing and for buildings relating to the oil and gas industry;Roof works and other special trade construction works;Building installation work;Electrical installation work;Insulation work;Plumbing and sanitary works;Fencing, railing and safety equipment installation work;Mechanical installations;Building completion work;Plastering work;Joinery and carpentry installation work;Floor and wall covering work;Painting and glazing work;Other building completion work;Hire of construction and civil engineering machinery and equipment with operator;Hire of cranes with operator;Hire of earthmoving equipment with operator","27-Aug-2026 10:00","15-Sep-2026 17:00","As per TDS, PCC & IFT.","NDRIDP/W-368 Improvement of Naogaon Napitpara More-Shailgachi from Ch: 3000m-5275m under Naogaon Sadar Upazila, District: Naogaon, Road ID: 164604106 Salvage Cost Tk. 17,22,862.00","Lot wise","Package wise","Package wise","4000","Payment through Bank","13-Mar-2027","13-Mar-2027","1","Improvement of Naogaon Napitpara More-Shailgachi from Ch: 3000m-5275m under Naogaon Sadar Upazila, District: Naogaon, Road ID: 164604106 Salvage Cost Tk. 17,22,862.00","Sadar Upazila","400000","01-Feb-2027","01-Feb-2028","Md, Badruddoza","Executive Engineer","Address : XEN Office, LGED, Naogaon City : Naogaon Thana : Atrai District : Naogaon - 6500 Country : Bangladesh","XEN Office, LGED, Naogaon","Naogaon","Atrai","Naogaon - 6500","0741-62416","","29000000.00, OTM","https://www.eprocure.gov.bd/resources/common/ViewTender.jsp?id=1320948"
"Ministry of Local Government","Rural Development and Co-operatives","Local Government Engineering Department (LGED)","Office of the Executive Engineer, LGED, Naogaon","","Naogaon","Works","NCT","TENDER","Tender - Single Lot","APP ID - 227252","227252","1320946","Open Tendering Method (OTM)","Development","Government","224397700","Naogaon District Rural Infrastructure Development Project","NDRIDP/W-401 Improvement of Mongolpur Thasir more-Adumdurgapur Bridge Road from Ch: 00-570m under Naogaon Sadar Upazila, District: Naogaon. Road ID: 164605086 Salvage Cost Tk. 7,037.00","Construction work;Site preparation work;Building demolition and wrecking work and earthmoving work;Test drilling and boring work;Works for complete or part construction and civil engineering work;Building construction work;Engineering works and construction works;Construction work for pipelines, communication and power lines, for highways, roads, airfields and railways; flatwork;Construction work for water projects;Construction works for plants, mining and manufacturing and for buildings relating to the oil and gas industry;Roof works and other special trade construction works;Building installation work;Electrical installation work;Insulation work;Plumbing and sanitary works;Fencing, railing and safety equipment installation work;Mechanical installations;Building completion work;Plastering work;Joinery and carpentry installation work;Floor and wall covering work;Painting and glazing work;Other building completion work;Hire of construction and civil engineering machinery and equipment with operator;Hire of cranes with operator;Hire of earthmoving equipment with operator","27-Aug-2026 10:00","15-Sep-2026 17:00","As per TDS, PCC & IFT.","NDRIDP/W-401 Improvement of Mongolpur Thasir more-Adumdurgapur Bridge Road from Ch: 00-570m under Naogaon Sadar Upazila, District: Naogaon. Road ID: 164605086 Salvage Cost Tk. 7,037.00","Lot wise","Package wise","Package wise","2500","Payment through Bank","13-Mar-2027","13-Mar-2027","1","Improvement of Mongolpur Thasir more-Adumdurgapur Bridge Road from Ch: 00-570m under Naogaon Sadar Upazila, District: Naogaon. Road ID: 164605086 Salvage Cost Tk. 7,037.00","Sadar Upazila","100000","01-Feb-2027","01-Feb-2028","Md, Badruddoza","Executive Engineer","Address : XEN Office, LGED, Naogaon City : Naogaon Thana : Atrai District : Naogaon - 6500 Country : Bangladesh","XEN Office, LGED, Naogaon","Naogaon","Atrai","Naogaon - 6500","0741-62416","","7000000.00, OTM","https://www.eprocure.gov.bd/resources/common/ViewTender.jsp?id=1320946"
"Ministry of Health and Family Welfare","Health Services Division","Directorate General of Health Services (DGHS)","Sakhipur Upazila Health Complex","","Tangail","Goods","NCT","TENDER","Tender - Single Lot","Sakhipur Tangail/2026-27/2","229219","1316026","Open Tendering Method (OTM)","Revenue","Government","Not applicable","Not applicable","Sakhipur Tangail/2026-27/2 Procurement of Surgical Instruments for the FY 2026-27 at Sakhipur Upazila Health Complex, Tangail.","Medical and laboratory devices, optical and precision devices, watches and clocks, pharmaceuticals and related medical consumables; Health and social work services;Medical devices;Imaging equipment for medical, dental and veterinary use;Functional exploration;Dentistry;Medical non-chemical consumables and haematological consumables;Therapy;Operating techniques;Anaesthesia and resuscitation;Functional support;Miscellaneous medical devices;Instruments and appliances for measuring, checking, testing and navigating;Navigational, meteorological, geological and geophysical instruments;Remote-control equipment;Precision balances, instruments for drawing, calculating and measuring length;Instruments for measuring quantities;Instruments for checking physical characteristics;Checking and testing apparatus;Regulating and controlling instruments and apparatus;Non-medical equipment based on the use of radiations;Industrial process control equipment;Optical instruments;Spectacles and lenses;Polarising material;Astronomical and optical instruments;Liquid crystal devices;Photographic equipment;Horological instruments;Watches and clocks;Health services;Hospital and related services;Medical practice and related services;Dental practice and related services;Miscellaneous health services;Veterinary services;Social work and related services;Social work services;Social services","27-Aug-2026 10:00","07-Sep-2026 12:00","As Per TDS","Procurement of Surgical Instruments for the FY 2026-27 at Sakhipur Upazila Health Complex, Tangail.","Lot wise","Package wise","Package wise","1000","Payment through Bank","03-Jan-2027","03-Jan-2027","1","Procurement of Surgical Instruments for the FY 2026-27 at Sakhipur Upazila Health Complex, Tangail.","UHC Sakhipur","50000","22-Oct-2026","31-Dec-2026","RAHANA PERVIN","UH&FPO","Address : SAKHIPUR, TANGAIL City : Sakhipur Thana : Shakhipur District : Tangail - 1950 Country : Bangladesh","SAKHIPUR, TANGAIL","Sakhipur","Shakhipur","Tangail - 1950","09-23256013","","Not Found","https://www.eprocure.gov.bd/resources/common/ViewTender.jsp?id=1316026"
"Ministry of Finance","Internal Resource Division","National Board of Revenue","Taxes Zone-22, Dhaka","","Dhaka","Goods","NCT","TENDER","Tender - Single Lot","Nasha-39/e-GP/Ka:A:-22/2026-27/101","230523","1321870","Open Tendering Method (OTM)","Revenue","Government","Not applicable","Not applicable","Taxes Zone-22/2026-27/02 Procurement of Others Stationery","Various types of pulp, paper and paper products; Various types of printed matter and articles for printing; Printing, publishing and related services;Pulp, paper and paperboard;Pulp;Paper and paperboard;Paper or paperboard articles;Corrugated paper or paperboard;Household and hospital paper articles;Paper stationery and other items;Wallpaper and other coverings;Cigarette paper and filter paper;Printed books, brochures and leaflets;Printed books;Publications;Directories;Leaflets;Brochures;Booklets;Newspapers, journals, periodicals and magazines;Newspapers;Postcards, greeting cards and other printed matter;Postcards;Greeting cards;Stamps, cheque forms, banknotes, stock certificates, trade advertising material, catalogues and manuals;Stamps;Stamp-impressed paper;Banknotes;Cheque forms;Security-type printed matter;Trade-advertising material, commercial catalogues and manuals;Manuals;Printing plates or cylinders or other media for use in printing;Offset plates;Dry-etching equipment;Paper or paperboard registers, account books, binders, forms and other articles of printed stationery;Paper or paperboard registers;Forms;Exercise books;Albums for samples;Binders and related accessories;Printed stationery except forms;Miscellaneous printed matter;Car-tax discs;Driving licences;ID cards;Permits;Entrance cards;Bespoke printed matter;Tickets;Printing services;Printing services for books;Printing services for stationery;Printing services for security printed matter;Printing services for forms;Printing services for tickets;Printing services for calendars;Printing services for timetables;Newspaper printing services;Printing services for posters;Services related to printing;Print finishing services;Composition services;Printing and delivery services;Printing and distribution services;Publishing services;Bookbinding and finishing services;Subscription services","27-Aug-2026 10:00","06-Sep-2026 10:00","As per Tender Document","Procurement of Others Stationery","Lot wise","Package wise","Package wise","1000","Payment through Bank","02-Jan-2027","02-Jan-2027","1","Procurement of Other Stationery","Taxes Zone-22","70000","08-Sep-2026","30-Nov-2026","Md. Nazrul Alam Chowdhury","COMMISSIONER OF TAXES","Address : 32, Garib-E-Newaz Avenue, Sector-13, Uttara, Dhaka-1230 City : Dhaka Thana : Dhaka North City Corporation District : Dhaka - 1230 Country : Bangladesh","32, Garib-E-Newaz Avenue, Sector-13, Uttara, Dhaka-1230","Dhaka","Dhaka North City Corporation","Dhaka - 1230","02-2224471255","","Not Found","https://www.eprocure.gov.bd/resources/common/ViewTender.jsp?id=1321870"
"Ministry of Local Government","Rural Development and Co-operatives","Local Government Engineering Department (LGED)","Office of the Executive Engineer, LGED, Naogaon","","Naogaon","Works","NCT","TENDER","Tender - Single Lot","APP ID - 227252","227252","1320944","Open Tendering Method (OTM)","Development","Government","224397700","Naogaon District Rural Infrastructure Development Project","NDRIDP/W-415 Improvement of Faradpur Mosque-Kosim hazir dokan via Faradpur Primary School Road from Ch: 00-1250m & Construction of 02 nos. U-Drain Size (7.00mx0.625mx0.600m) at Ch: 215m & 907m under Naogaon Sadar Upazila, District: Naogaon. Road ID: 164605225","Construction work;Site preparation work;Building demolition and wrecking work and earthmoving work;Test drilling and boring work;Works for complete or part construction and civil engineering work;Building construction work;Engineering works and construction works;Construction work for pipelines, communication and power lines, for highways, roads, airfields and railways; flatwork;Construction work for water projects;Construction works for plants, mining and manufacturing and for buildings relating to the oil and gas industry;Roof works and other special trade construction works;Building installation work;Electrical installation work;Insulation work;Plumbing and sanitary works;Fencing, railing and safety equipment installation work;Mechanical installations;Building completion work;Plastering work;Joinery and carpentry installation work;Floor and wall covering work;Painting and glazing work;Other building completion work;Hire of construction and civil engineering machinery and equipment with operator;Hire of cranes with operator;Hire of earthmoving equipment with operator","27-Aug-2026 10:00","15-Sep-2026 17:00","As per TDS, PCC & IFT.","NDRIDP/W-415 Improvement of Faradpur Mosque-Kosim hazir dokan via Faradpur Primary School Road from Ch: 00-1250m & Construction of 02 nos. U-Drain Size (7.00mx0.625mx0.600m) at Ch: 215m & 907m under Naogaon Sadar Upazila, District: Naogaon. Road ID: 164605225","Lot wise","Package wise","Package wise","2500","Payment through Bank","13-Mar-2027","13-Mar-2027","1","Improvement of Faradpur Mosque-Kosim hazir dokan via Faradpur Primary School Road from Ch: 00-1250m & Construction of 02 nos. U-Drain Size (7.00mx0.625mx0.600m) at Ch: 215m & 907m under Naogaon Sadar Upazila, District: Naogaon. Road ID: 164605225","Sadar Upazila","200000","01-Feb-2027","01-Feb-2028","Md, Badruddoza","Executive Engineer","Address : XEN Office, LGED, Naogaon City : Naogaon Thana : Atrai District : Naogaon - 6500 Country : Bangladesh","XEN Office, LGED, Naogaon","Naogaon","Atrai","Naogaon - 6500","0741-62416","","14800000.00, OTM","https://www.eprocure.gov.bd/resources/common/ViewTender.jsp?id=1320944"
"Ministry of Local Government","Rural Development and Co-operatives","Local Government Engineering Department (LGED)","Office of the Executive Engineer, LGED, Naogaon","","Naogaon","Works","NCT","TENDER","Tender - Single Lot","APP ID - 227252","227252","1320945","Open Tendering Method (OTM)","Development","Government","224397700","Naogaon District Rural Infrastructure Development Project","NDRIDP/W-413 Improvement of Gobindapur Hindupara-Shimultoli Pacca Road via Gobindapur GPS at Ch: 00-900m & 01 no. U-Drain Size Construction of (7.00mx0.625mx0.600m) at Ch: 400m under Naogaon Sadar Upazila, District: Naogaon. Road ID: 164605182","Construction work;Site preparation work;Building demolition and wrecking work and earthmoving work;Test drilling and boring work;Works for complete or part construction and civil engineering work;Building construction work;Engineering works and construction works;Construction work for pipelines, communication and power lines, for highways, roads, airfields and railways; flatwork;Construction work for water projects;Construction works for plants, mining and manufacturing and for buildings relating to the oil and gas industry;Roof works and other special trade construction works;Building installation work;Electrical installation work;Insulation work;Plumbing and sanitary works;Fencing, railing and safety equipment installation work;Mechanical installations;Building completion work;Plastering work;Joinery and carpentry installation work;Floor and wall covering work;Painting and glazing work;Other building completion work;Hire of construction and civil engineering machinery and equipment with operator;Hire of cranes with operator;Hire of earthmoving equipment with operator","27-Aug-2026 10:00","15-Sep-2026 17:00","As per TDS, PCC & IFT.","NDRIDP/W-413 Improvement of Gobindapur Hindupara-Shimultoli Pacca Road via Gobindapur GPS at Ch: 00-900m & 01 no. U-Drain Size Construction of (7.00mx0.625mx0.600m) at Ch: 400m under Naogaon Sadar Upazila, District: Naogaon. Road ID: 164605182","Lot wise","Package wise","Package wise","2500","Payment through Bank","13-Mar-2027","13-Mar-2027","1","Improvement of Gobindapur Hindupara-Shimultoli Pacca Road via Gobindapur GPS at Ch: 00-900m & 01 no. U-Drain Size Construction of (7.00mx0.625mx0.600m) at Ch: 400m under Naogaon Sadar Upazila, District: Naogaon. Road ID: 164605182","Sadar Upazila","200000","01-Feb-2027","01-Feb-2028","Md, Badruddoza","Executive Engineer","Address : XEN Office, LGED, Naogaon City : Naogaon Thana : Atrai District : Naogaon - 6500 Country : Bangladesh","XEN Office, LGED, Naogaon","Naogaon","Atrai","Naogaon - 6500","0741-62416","","11000000.00, OTM","https://www.eprocure.gov.bd/resources/common/ViewTender.jsp?id=1320945"
"Ministry of Local Government","Rural Development and Co-operatives","Local Government Engineering Department (LGED)","Office of the Executive Engineer, LGED, Naogaon","","Naogaon","Works","NCT","TENDER","Tender - Single Lot","APP ID - 227252","227252","1320947","Open Tendering Method (OTM)","Development","Government","224397700","Naogaon District Rural Infrastructure Development Project","NDRIDP/W-64 Improvement of Road by BC at Nithpur GC-Nithpur Bridge-Sireekisnopur- Basniopur kalonibazar road from Ch:00m-2000m & Construction of 02 Nos U-drain (7.00mX0.625mx0.600m) at Ch: 80m & Ch: 1820m &  Construction of (1x3.00mx3.00m) RCC Box Culvert at Ch:425m under Porsha Upazila, District: Naogaon. Road ID: 164794044.","Construction work;Site preparation work;Building demolition and wrecking work and earthmoving work;Test drilling and boring work;Works for complete or part construction and civil engineering work;Building construction work;Engineering works and construction works;Construction work for pipelines, communication and power lines, for highways, roads, airfields and railways; flatwork;Construction work for water projects;Construction works for plants, mining and manufacturing and for buildings relating to the oil and gas industry;Roof works and other special trade construction works;Building installation work;Electrical installation work;Insulation work;Plumbing and sanitary works;Fencing, railing and safety equipment installation work;Mechanical installations;Building completion work;Plastering work;Joinery and carpentry installation work;Floor and wall covering work;Painting and glazing work;Other building completion work;Hire of construction and civil engineering machinery and equipment with operator;Hire of cranes with operator;Hire of earthmoving equipment with operator","27-Aug-2026 10:00","15-Sep-2026 17:00","As Per TDS, IFT","NDRIDP/W-64 Improvement of Road by BC at Nithpur GC-Nithpur Bridge-Sireekisnopur- Basniopur kalonibazar road from Ch:00m-2000m & Construction of 02 Nos U-drain (7.00mX0.625mx0.600m) at Ch: 80m & Ch: 1820m & Construction of (1x3.00mx3.00m) RCC Box Culvert at Ch:425m under Porsha Upazila, District: Naogaon. Road ID: 164794044.","Lot wise","Package wise","Package wise","4000","Payment through Bank","13-Mar-2027","13-Mar-2027","1","Improvement of Road by BC at Nithpur GC-Nithpur Bridge-Sireekisnopur- Basniopur kalonibazar road from Ch:00m-2000m & Construction of 02 Nos U-drain (7.00mX0.625mx0.600m) at Ch: 80m & Ch: 1820m &  Construction of (1x3.00mx3.00m) RCC Box Culvert at Ch:425m under Porsha Upazila, District: Naogaon. Road ID: 164794044.","Porsha Upazila","700000","31-Dec-2026","30-Dec-2027","Md, Badruddoza","Executive Engineer","Address : XEN Office, LGED, Naogaon City : Naogaon Thana : Atrai District : Naogaon - 6500 Country : Bangladesh","XEN Office, LGED, Naogaon","Naogaon","Atrai","Naogaon - 6500","0741-62416","","24525000.00, OTM","https://www.eprocure.gov.bd/resources/common/ViewTender.jsp?id=1320947"
"Ministry of Road Transport and Bridges","Road Transport and Highways Division","Roads & Highways Department (RHD)","Rangamati Road Division","ranga001","Rangamati","Works","NCT","TENDER","Tender - Single Lot","RRD/DEV/RMK/WP/02","229418","1322555","Open Tendering Method (OTM)","Development","Government","224422700","Improvement of Rangamati (Manikchhari) - Mohalchhari -Khagrachhari Regional Highway (R-162) to appropriate Standard and Width","RRD/DEV/RMK/WP/02 Widening and Improvement of Rangamati(Manikchari)-Mohalchari-Khagrachari Regional Highway (R-162) to Proper Standard from Ch. 12+000 to 24+000 Km under Rangamati Road Division.","Engineering works and construction works; Works for complete or part construction and civil engineering work;","27-Aug-2026 10:00","24-Sep-2026 12:00","Any/ All Tenderers who have registered in e-GP system may participate in the tender provided that they fulfill the criteria as statedin tender Document. N.B: 1) Tenderers are requested to fill different Tender Forms ( Section 5: Tender and Contract Forms) Properly with necessaryinformation and by uploading necessary document(s), which will considered for tender evaluation. 2) Tenderer are requested not to upload/attach any unnecessary documents. 3) If any submitted documents are proved false at any stage of evaluation process, the tenderers shall be considered as non-responsive. 4) The Tenders will be evaluated as per submitted documents in the e-GP system, conditions of STD as per PPR-2025, Rules 118& others up to date relevant rules of PPR-2025 5) If corrupt, fraudulent, collusive, coercive or obstructive practices of any kind are determined against any tenderer then measure shall be taken following Rules 149 of PPR-2025 & relevant clause of STD. 6) Non-submission of ongoing work under any PE organizations that affect the tender evaluation process will be considered as non- eligibility of the tenderer.","Widening and Improvement of Rangamati(Manikchari)-Mohalchari-Khagrachari Regional Highway (R-162) to Proper Standard from Ch. 12+000 to 24+000 Km under Rangamati Road Division.","Lot wise","Package wise","Package wise","10000","Payment through Bank","21-Mar-2027","21-Mar-2027","1","Widening and Improvement of Rangamati(Manikchari)-Mohalchari-Khagrachari Regional Highway (R-162) to Proper Standard from Ch. 12+000 to 24+000 Km under Rangamati Road Division.","Rangamati Khagrachari Road","40000000","01-Feb-2027","31-Jul-2028","SABUJ CHAKMA","Executive Engineer","Address : Rangamati Road Division, Sarak Bhaban, Rangamati City : Rangamati Thana : Rangamati Sadar District : Rangamati - 0000 Country : Bangladesh","Rangamati Road Division, Sarak Bhaban, Rangamati","Rangamati","Rangamati Sadar","Rangamati - 0000","0351-62101","","1976500000.00, OTM","https://www.eprocure.gov.bd/resources/common/ViewTender.jsp?id=1322555"
"Ministry of Local Government","Rural Development and Co-operatives","Khulna City Corporation","Executive Engineer (Mech.) at Office of the Executive Engineer (Mech.) , Khulna City Corporation","","Khulna","Goods","NCT","TENDER","Tender - Single Lot","APP ID : 	216057","216057","1320359","Open Tendering Method (OTM)","Own Fund","Own Fund","Not applicable","Not applicable","KCC/Won/XEN-M/2025-26/G-81 Purchasing and Repairing works of Eicher- 3/11 No Truck, Slab Cutting Machine, Garage branch mobile purchase, Eicher- 14/20 No Truck, Khulna Metro U-11-0102 No DumTruck, C.T Container- 1/4 Truck & C.T Container- 2/4 Truck.","Machinery, equipment, appliances, apparatus and associated products;Machinery for the production and use of mechanical power;Turbines and motors;Pumps and compressors;Taps, cocks, valves and similar appliances;Gears, gearing and driving elements;General-purpose machinery;Industrial or laboratory furnaces, incinerators and ovens;Lifting and handling equipment and parts;Cooling and ventilation equipment;Miscellaneous general-purpose machinery;Agricultural, horticultural and forestry machinery;Agricultural and forestry machinery for soil preparation or cultivation;Harvesting machinery;Spraying machinery for agriculture or horticulture;Self-loading or unloading trailers and semi-trailers for agriculture;Specialist agricultural or forestry machinery;Tractors;Parts of agricultural and forestry machinery;Machine tools;Machine tools operated by laser and machining centres;Lathes, boring and milling machine tools;Metal-working machine tools;Machine tools for working hard materials except metals;Pneumatic or motorised hand tools;Soldering, brazing and welding tools, surface tempering and hot-spraying machines and equipment;Parts and accessories of machine tools;Special-purpose machinery and parts;Machinery for metallurgy and associated parts;Machinery for mining, quarrying and construction;Machinery for food, beverage and tobacco processing and associated parts;Machinery for textile, apparel and leather production;Machinery for paper or paperboard production;Miscellaneous special-purpose machinery;Weapons, ammunition and associated parts;Motorised tanks and armoured fighting vehicles;Military weapons;Firearms;Ammunition;Parts of military weapons;Truncheons or night sticks;Domestic appliances;Electrical domestic appliances;Non-electric domestic appliances;Miscellaneous equipment;Transport related equipment;Workshop equipment;Construction equipment;Catering equipment;Emergency and security equipment;Technical equipment;Miscellaneous equipment n.e.c.","27-Aug-2026 10:10","16-Sep-2026 17:00","As per TDS and ITT 1. The minimum specific experience as Supplier in supply of similar Goods of at least [01] contract(s) successfully completed within the last [05] years, each with a value of at least TK 2,91,000.00 2. The minimum amount of financial resources as liquid asset or working capital or credit line(s) or specific credit commitment or in any combination of them, of the Tenderers shall be  TK: 4,36,000.00 3. Payment will be made upon the availability of funds. For this,s no claim will be entertained. 4. VAT & IT from the bill will be as per the prevailing Government Rate. No extra claim will be entertained in this regard. 5. To ensure the Quality of the material, Various tests shall be performed by the tenderer as per instructions.","KCC/Won/XEN-M/2025-26/G-81 Purchasing and Repairing works of Eicher- 3/11 No Truck, Slab Cutting Machine, Garage branch mobile purchase, Eicher- 14/20 No Truck, Khulna Metro U-11-0102 No DumTruck, C.T Container- 1/4 Truck & C.T Container- 2/4 Truck.","Lot wise","Package wise","Package wise","500","Payment through Bank","12-Feb-2027","12-Feb-2027","1","Purchasing and Repairing works of Eicher- 3/11 No Truck, Slab Cutting Machine, Garage branch mobile purchase, Eicher- 14/20 No Truck, Khulna Metro U-11-0102 No DumTruck, C.T Container- 1/4 Truck & C.T Container- 2/4 Truck.","Khulna City Corporation","13500","22-Oct-2026","30-Jun-2027","Bidyut Kumar Das","Executive Engineer","Address : 28 KD GHOSH ROAD ,KHULNA City : Khulna Thana : Khulna City Corporation District : Khulna - 9100 Country : Bangladesh","28 KD GHOSH ROAD ,KHULNA","Khulna","Khulna City Corporation","Khulna - 9100","041-721337","","499000.00, OTM","https://www.eprocure.gov.bd/resources/common/ViewTender.jsp?id=1320359"
"Ministry of Energy","Power and Mineral Resources","Bangladesh Power Development Board","Office of the Executive Engineer, Sales and Distribution Division- Chakaria, BPDB, Coxsbazar.","","Cox's Bazar","Works","NCT","TENDER","Tender - Single Lot","27.11.2216.755.38.2026.640    Date: 13.08.2026","229736","1318642","Open Tendering Method (OTM)","Revenue","Government","Not applicable","Not applicable","LVM WR-1 Repair & Maintenance works associated with Engine overhauling, Chassis Repair, Whole body Denting & Painting, Ladder shed included etc Mahindra Single Cabin Coxsbazar MA 11-0039 of Lama Electric Supply under Sales & Distribution Division -Chakaria, BPDB, Cox'sbazar.","Repair, maintenance and associated services of vehicles and related equipment; Repair, maintenance and installation services;Repair and maintenance services of motor vehicles and associated equipment;Demolition services of vehicles","27-Aug-2026 10:00","07-Sep-2026 12:00","AS PER TDS","Repair & Maintenance works associated with Engine overhauling, Chassis Repair, Whole body Denting & Painting, Ladder shed included etc Mahindra Single Cabin Coxsbazar MA 11-0039 of Lama Electric Supply under Sales & Distribution Division -Chakaria, BPDB, Cox'sbazar.","Lot wise","Package wise","Package wise","500","Payment through Bank","02-Feb-2027","02-Feb-2027","1","Repair & Maintenance works associated with Engine overhauling, Chassis Repair, Whole body Denting & Painting, Ladder shed included etc Mahindra Single Cabin Coxsbazar MA 11-0039 of Lama Electric Supply under Sales & Distribution Division -Chakaria, BPDB, Cox'sbazar.","CHAARIA,COXSBAZAR","5200","01-Oct-2026","29-Oct-2026","MD. ASADUZZAMAN","Executive Engineer","Address : Office of the Executive Engineer, Sales and Distribution Division- Chakaria, WAPDA road, Chiringa, Chakaria,BPDB, Coxsbazar. City : Chakaria Thana : Chakoria District : Cox's Bazar - 4741 Country : Bangladesh","Office of the Executive Engineer, Sales and Distribution Division- Chakaria, WAPDA road, Chiringa, Chakaria,BPDB, Coxsbazar.","Chakaria","Chakoria","Cox's Bazar - 4741","01866-955445","","Not Found","https://www.eprocure.gov.bd/resources/common/ViewTender.jsp?id=1318642"
"Ministry of Fisheries & Livestock","","Department of Livestock Services (DLS)","Director Account, Budget and Audit Office","","Dhaka","Goods","NCT","TENDER","Tender - Single Lot","33.01.0000.102.99.022.26-548","227412","1323968","Open Tendering Method (OTM)","Revenue","Government","Not applicable","Not applicable","DLS/GR- 8 Procurement of printing Materials Consumables (Toner, Cartridges etc.)","Office and computing machinery, equipment and supplies; Office machinery, equipment and supplies except computers; Word-processing machines; Photocopying and printing equipment; Post-office equipment; Calculating and accounting machines; Typewriters; Parts and accessories of typewriters and calculating machines; Various office equipment and supplies; Computer equipment and supplies; Data-processing machines; Digital cartography equipment; Computer hardware; Software; Computer systems; Servers;","27-Aug-2026 12:00","06-Sep-2026 11:40","As per TDS","Procurement of printing Materials Consumables (Toner, Cartridges etc.)","Lot wise","Package wise","Package wise","1000","Payment through Bank","01-Feb-2027","01-Feb-2027","lot 1","Procurement of printing Materials Consumables (Toner, Cartridges etc.)","Office of PE","40000","30-Sep-2026","31-Dec-2026","A  B M Khaleduzzaman","Director","Address : Director Account, Budget and Audit Office, Department of Livestock Services (DLS)
Krishi Khamar Sarak, Farmgate, Dhaka-1215 City : Dhaka Thana : Dhaka North City Corporation District : Dhaka - 1215 Country : Bangladesh","","Dhaka","Dhaka North City Corporation","Dhaka - 1215","02-222242213","","Not Found","https://www.eprocure.gov.bd/resources/common/ViewTender.jsp?id=1323968"
"Ministry of Home Affairs","","Bangladesh Police","Office of the Superintendent of Police, Khulna","00144","Khulna","Goods","NCT","TENDER","Tender - Single Lot","KDP/Ration/2026-27/Que-2nd/Lentil/Mosur Dal","223582","1321974","Open Tendering Method (OTM)","Revenue","Government","Not applicable","Not applicable","KDP/Ration/2026-27/Que-2nd/Lentil/Mosur Dal Procurement of High Quality Packaged Lentil (Mosur Dal) for Khulna District Police in the FY 2026-2027(2nd quarter)","Food products and beverages;Animal products, meat and meat products;Meat;Animal wool, hides and skins;Meat products;Prepared and preserved fish;Fish fillets, fish livers and roe;Frozen fish, fish fillets and other fish meat;Dried or salted fish; fish in brine; smoked fish;Canned or tinned fish and other prepared or preserved fish;Seafood;Fruit, vegetables and related products;Potatoes and potato products;Fruit and vegetable juices;Fruit and vegetables;Animal or vegetable oils and fats;Crude animal or vegetable oils and fats;Refined oils and fats;Edible fats;Dairy products;Milk and cream;Butter;Cheese products;Assorted dairy products;Grain mill products, starches and starch products;Grain mill products;Starches and starch products;Animal feedstuffs;Prepared animal feeds for farm and other animals;Miscellaneous food products;Bread products, fresh pastry goods and cakes;Rusks and biscuits; preserved pastry goods and cakes;Sugar and related products;Cocoa; chocolate and sugar confectionery;Pasta products;Coffee, tea and related products;Condiments and seasonings;Special nutritional products;Miscellaneous food products n.e.c. and dried goods;Beverages;Distilled alcoholic beverages;Wines;Cider and other fruit wines;Non-distilled fermented beverages;Malt beer;Non-alcoholic beverages","27-Aug-2026 10:00","13-Sep-2026 13:00","Tenderers shall submit with the following additional documents: 1. Upto date Trade License. 2. Bank Solvency Certificate. 3. Upto date Income Tax Certificate. 4. VAT registration Certificate and TIN Certificate. 5. Privious Experience documents. 6. Bank Transaction for last 3 months. 7. Non Blacklisted Certificate. 8. National ID card copy. Also as per TDS and PCC.","Procurement of High Quality Packaged Lentil (Mosur Dal) for Khulna District Police in the FY 2026-2027(2nd quarter)","Lot wise","Package wise","Package wise","2500","Payment through Bank","20-Dec-2026","20-Dec-2026","01","Procurement of High Quality Packaged Lentil (Mosur Dal) for Khulna District Police in the FY 2026-2027(2nd quarter)","Office Of Superintendent OF Police, Khulna district","200000","01-Oct-2026","31-Dec-2026","SARKER OMAR FAROQUE","SP","Address : Office of the Superintendent of Police, Khulna City : Khulna Thana : Khulna City Corporation District : Khulna - 9000 Country : Bangladesh","Office of the Superintendent of Police, Khulna","Khulna","Khulna City Corporation","Khulna - 9000","041-811630","041-725229","Not Found","https://www.eprocure.gov.bd/resources/common/ViewTender.jsp?id=1321974"
"Ministry of Finance","Internal Resource Division","National Board of Revenue","Taxes Zone-22, Dhaka","","Dhaka","Goods","NCT","TENDER","Tender - Single Lot","Nasha-39/e-GP/Ka:A:-22/2026-27/103","230523","1321874","Open Tendering Method (OTM)","Revenue","Government","Not applicable","Not applicable","Taxes Zone-22/2026-27/04 Procurement of printing and binding","Printing, publishing and related services;Printing services;Printing services for books;Printing services for stationery;Printing services for security printed matter;Printing services for forms;Printing services for tickets;Printing services for calendars;Printing services for timetables;Newspaper printing services;Printing services for posters;Services related to printing;Print finishing services;Composition services;Printing and delivery services;Printing and distribution services;Publishing services;Bookbinding and finishing services;Subscription services","27-Aug-2026 10:00","06-Sep-2026 10:00","As per Tender Document","Procurement of printing and binding","Lot wise","Package wise","Package wise","500","Payment through Bank","02-Jan-2027","02-Jan-2027","1","Procurement of printing and binding","Taxes Zone-22","18000","07-Sep-2026","30-Nov-2026","Md. Nazrul Alam Chowdhury","COMMISSIONER OF TAXES","Address : 32, Garib-E-Newaz Avenue, Sector-13, Uttara, Dhaka-1230 City : Dhaka Thana : Dhaka North City Corporation District : Dhaka - 1230 Country : Bangladesh","32, Garib-E-Newaz Avenue, Sector-13, Uttara, Dhaka-1230","Dhaka","Dhaka North City Corporation","Dhaka - 1230","02-2224471255","","Not Found","https://www.eprocure.gov.bd/resources/common/ViewTender.jsp?id=1321874"
"Ministry of Road Transport and Bridges","Road Transport and Highways Division","Roads & Highways Department (RHD)","Workshop Division, Santahar","workdivsan","Bogura","Goods","NCT","TENDER","Tender - Single Lot","EEWDS/ME-36/2026-27","228614","1324083","Open Tendering Method (OTM)","Revenue","Government","Not applicable","Not applicable","EEWDS/ME-36/2025-26 Supplying of Different Type Equipment/Tools/filters for vehicles and Road Maintanance Equipments for Different Road Division under workshop Division Santahar, Bogura  during the Year 2026-27.","Machinery for the production and use of mechanical power; Machinery, equipment, appliances, apparatus and associated products; Turbines and motors; Pumps and compressors; Taps, cocks, valves and similar appliances; Gears, gearing and driving elements; Motor vehicles; Vehicle bodies, trailers or semi-trailers; Motor vehicles, trailers and vehicle parts; Parts and accessories for vehicles and their engines;Passenger cars;Motor vehicles for the transport of 10 or more persons;Motor vehicles for the transport of goods;Heavy-duty motor vehicles;Vehicle bodies;Trailers, semi-trailers and mobile containers;Engines and engine parts;Mechanical spare parts except engines and engine parts;Test benches;Vehicle conversion kits;Seat belts;Spare parts for goods vehicles;Spare parts for vans;Spare parts for cars;Tractor accessories","27-Aug-2026 10:00","09-Sep-2026 10:00","01. Up to date Trade License. 02. Up to date VAT Certificate. 03. Up to date TIN Certificate. 04. Nationality Certificate/National ID Card. 05. Authorization Letter. 06. A satisfactory completion certificate of similar works of at least Tk. 3.80 (Three point Eight lakh) under 01 (Single) of contract(s) over a period of 10 [Ten] years in any Government/Semi Government/Autonomous organizations. 07. Tenderer must have a minimum period of general experience 03 (Three) years i.e the tenderer must provide experience certificates of last 05 (Five) years. 08. Certificate of the minimum amount of liquid assets or working capital or credit facilities of the Tenderer shall be Tk. 3.80 (Three point Eight lakh) Bank Statement will not be considered as certificate of liquid assets. 09. Tenderer must have minimum average annual construction Turnover of Tk. 3.80 (Three point Eight lakh) during the last 05 (Five) years. Only the payment certificate will be granted as CTO certificate. 10.Each spare parts/item must be original and of same quality (tested).","Supplying of Different Type Equipment/Tools/filters for vehicles and Road Maintanance Equipments for Different Road Division under workshop Division Santahar, Bogura during the Year 2026-27","Lot wise","Package wise","Package wise","500","Payment through Bank","04-Feb-2027","04-Feb-2027","01","Supplying of Different Type Equipment/Tools/filters for vehicles and Road Maintanance Equipments for Different Road Division under workshop Division Santahar, Bogura  during the Year 2026-27.","Workshop Sub-Division,Santahar,Bogura","14000","10-Sep-2026","30-Sep-2026","A.K.M. Monzur Morshed","Executive Engineer","Address : Workshop Division, Santahar City : santahar Thana : Adamdighi District : Bogura - 0000 Country : Bangladesh","Workshop Division, Santahar","santahar","Adamdighi","Bogura - 0000","02-717350","","603016.00, OTM","https://www.eprocure.gov.bd/resources/common/ViewTender.jsp?id=1324083"
"Ministry of Local Government","Rural Development and Co-operatives","Khulna City Corporation","Executive Engineer (Mech.) at Office of the Executive Engineer (Mech.) , Khulna City Corporation","","Khulna","Goods","NCT","TENDER","Tender - Single Lot","APP ID : 	216057","216057","1320616","Open Tendering Method (OTM)","Own Fund","Own Fund","Not applicable","Not applicable","KCC/Won/XEN-M/2025-26/G-84 Purchasing and Repairing works of Eicher- 11/20 No Truck, Volvo Excavator- 02, Wheel loader- 04, Denting and painting of Khulna Metro U-11-0103 No DumTruck, Eicher- 5/5 No (Ten-wheel) Truck, Atlas Roller- 01 & Khulna Metro Tha-11-0093 No Pickup.","Machinery, equipment, appliances, apparatus and associated products;Machinery for the production and use of mechanical power;Turbines and motors;Pumps and compressors;Taps, cocks, valves and similar appliances;Gears, gearing and driving elements;General-purpose machinery;Industrial or laboratory furnaces, incinerators and ovens;Lifting and handling equipment and parts;Cooling and ventilation equipment;Miscellaneous general-purpose machinery;Agricultural, horticultural and forestry machinery;Agricultural and forestry machinery for soil preparation or cultivation;Harvesting machinery;Spraying machinery for agriculture or horticulture;Self-loading or unloading trailers and semi-trailers for agriculture;Specialist agricultural or forestry machinery;Tractors;Parts of agricultural and forestry machinery;Machine tools;Machine tools operated by laser and machining centres;Lathes, boring and milling machine tools;Metal-working machine tools;Machine tools for working hard materials except metals;Pneumatic or motorised hand tools;Soldering, brazing and welding tools, surface tempering and hot-spraying machines and equipment;Parts and accessories of machine tools;Special-purpose machinery and parts;Machinery for metallurgy and associated parts;Machinery for mining, quarrying and construction;Machinery for food, beverage and tobacco processing and associated parts;Machinery for textile, apparel and leather production;Machinery for paper or paperboard production;Miscellaneous special-purpose machinery;Weapons, ammunition and associated parts;Motorised tanks and armoured fighting vehicles;Military weapons;Firearms;Ammunition;Parts of military weapons;Truncheons or night sticks;Domestic appliances;Electrical domestic appliances;Non-electric domestic appliances;Miscellaneous equipment;Transport related equipment;Workshop equipment;Construction equipment;Catering equipment;Emergency and security equipment;Technical equipment;Miscellaneous equipment n.e.c.","27-Aug-2026 10:00","16-Sep-2026 17:00","As per TDS and ITT 1. The minimum specific experience as Supplier in supply of similar Goods of at least one (1) contract successfully completed within the last [state number] years, with a value of at least  TK 4,05,000.00 2. The minimum amount of financial resources as liquid asset or working capital or credit line(s) or specific credit commitment or in any combination of them, of the Tenderers shall be  TK: 6,07,000.00 3. Payment will be made upon the availability of funds. For this,s no claim will be entertained. 4. VAT & IT from the bill will be as per the prevailing Government Rate. No extra claim will be entertained in this regard. 5. To ensure the Quality of the material, Various tests shall be performed by the tenderer as per instructions.","KCC/Won/XEN-M/2025-26/G-84 Purchasing and Repairing works of Eicher- 11/20 No Truck, Volvo Excavator- 02, Wheel loader- 04, Denting and painting of Khulna Metro U-11-0103 No DumTruck, Eicher- 5/5 No (Ten-wheel) Truck, Atlas Roller- 01 & Khulna Metro Tha-11-0093 No Pickup.","Lot wise","Package wise","Package wise","500","Payment through Bank","12-Feb-2027","12-Feb-2027","1","Purchasing and Repairing works of Eicher- 11/20 No Truck, Volvo Excavator- 02, Wheel loader- 04, Denting and painting of Khulna Metro U-11-0103 No DumTruck, Eicher- 5/5 No (Ten-wheel) Truck, Atlas Roller- 01 & Khulna Metro Tha-11-0093 No Pickup.","Khulna City Corporation","18900","22-Oct-2026","30-Jun-2027","Bidyut Kumar Das","Executive Engineer","Address : 28 KD GHOSH ROAD ,KHULNA City : Khulna Thana : Khulna City Corporation District : Khulna - 9100 Country : Bangladesh","28 KD GHOSH ROAD ,KHULNA","Khulna","Khulna City Corporation","Khulna - 9100","041-721337","","690000.00, OTM","https://www.eprocure.gov.bd/resources/common/ViewTender.jsp?id=1320616"
"Ministry of Health and Family Welfare","Health Services Division","Directorate General of Health Services (DGHS)","National Institute Of Ophthalmology (NIO), Dhaka","","Dhaka","Goods","NCT","TENDER","Tender - Single Lot","NIO/e-Tender/2026-27/GR-1","227505","1316100","Open Tendering Method (OTM)","Revenue","Government","Not applicable","Not applicable","NIO/e-Tender/2026-27/GR-1 Procurement of Hospital Cleaning Materials (Economic Code 3211102)","Office and computing machinery, equipment and supplies; Medical and laboratory devices, optical and precision devices, watches and clocks, pharmaceuticals and related medical consumables; Miscellaneous services; Washing and dry-cleaning services; Hairdressing and beauty treatment services; Physical well-being services; Accommodation and office services; Civic-amenity services; Marine services; Funeral and related services; Miscellaneous services n.e.c.; Clearing and Forwarding Agent; Service Provider (Others);Office machinery, equipment and supplies except computers;Word-processing machines;Photocopying and printing equipment;Post-office equipment;Calculating and accounting machines;Typewriters;Parts and accessories of typewriters and calculating machines;Various office equipment and supplies;Computer equipment and supplies;Data-processing machines;Digital cartography equipment;Computer hardware;Software;Computer systems;Servers;Medical devices;Imaging equipment for medical, dental and veterinary use;Functional exploration;Dentistry;Medical non-chemical consumables and haematological consumables;Therapy;Operating techniques;Anaesthesia and resuscitation;Functional support;Miscellaneous medical devices;Instruments and appliances for measuring, checking, testing and navigating;Navigational, meteorological, geological and geophysical instruments;Remote-control equipment;Precision balances, instruments for drawing, calculating and measuring length;Instruments for measuring quantities;Instruments for checking physical characteristics;Checking and testing apparatus;Regulating and controlling instruments and apparatus;Non-medical equipment based on the use of radiations;Industrial process control equipment;Optical instruments;Spectacles and lenses;Polarising material;Astronomical and optical instruments;Liquid crystal devices;Photographic equipment;Horological instruments;Watches and clocks;Laundry-collection services;Textile-cleaning services;Fur-products cleaning services;Colouring services;Pressing services;Dyeing services;Hairdressing services;Beauty treatment services;Turkish bath services;Spa services;Massage services;Accommodation services;Car-park management services;Aquatic marine services;Port management services;Diving services;Funeral services;Decommissioning services;Relocation services;Tailoring services;Upholstering services;Locksmith services","27-Aug-2026 10:00","08-Sep-2026 14:30","As per Tender Document","Procurement of Hospital Cleaning Materials","Lot wise","Package wise","Package wise","1500","Payment through Bank","04-Feb-2027","04-Feb-2027","1","Procurement of Hospital Cleaning Materials (Economic Code 3211102)","PE Office","145000","01-Oct-2026","30-Dec-2026","A. S. M. M. Quadir","Director Cum Professor","Address : National Institute Of Ophthalmology (NIO), Sher-e-bangla Nagar,, Dhaka. City : Dhaka Thana : Dhaka North City Corporation District : Dhaka - 1207 Country : Bangladesh","National Institute Of Ophthalmology (NIO), Sher-e-bangla Nagar,, Dhaka.","Dhaka","Dhaka North City Corporation","Dhaka - 1207","02-28114807","","4950000.00, OTM","https://www.eprocure.gov.bd/resources/common/ViewTender.jsp?id=1316100"
"Ministry of Home Affairs","","Bangladesh Police","Office of the Superintendent of Police, Khulna","00144","Khulna","Goods","NCT","TENDER","Tender - Single Lot","KDP/Ration/2026-27/Que-2nd/Pulao Rice","223582","1321989","Open Tendering Method (OTM)","Revenue","Government","Not applicable","Not applicable","KDP/Ration/2026-27/Que-2nd/Pulao Rice Procurement of High Quality Pulao Rice for Khulna District Police in the FY 2026-2027(2nd quarter)","Food products and beverages;Animal products, meat and meat products;Meat;Animal wool, hides and skins;Meat products;Prepared and preserved fish;Fish fillets, fish livers and roe;Frozen fish, fish fillets and other fish meat;Dried or salted fish; fish in brine; smoked fish;Canned or tinned fish and other prepared or preserved fish;Seafood;Fruit, vegetables and related products;Potatoes and potato products;Fruit and vegetable juices;Fruit and vegetables;Animal or vegetable oils and fats;Crude animal or vegetable oils and fats;Refined oils and fats;Edible fats;Dairy products;Milk and cream;Butter;Cheese products;Assorted dairy products;Grain mill products, starches and starch products;Grain mill products;Starches and starch products;Animal feedstuffs;Prepared animal feeds for farm and other animals;Miscellaneous food products;Bread products, fresh pastry goods and cakes;Rusks and biscuits; preserved pastry goods and cakes;Sugar and related products;Cocoa; chocolate and sugar confectionery;Pasta products;Coffee, tea and related products;Condiments and seasonings;Special nutritional products;Miscellaneous food products n.e.c. and dried goods;Beverages;Distilled alcoholic beverages;Wines;Cider and other fruit wines;Non-distilled fermented beverages;Malt beer;Non-alcoholic beverages","27-Aug-2026 10:00","13-Sep-2026 13:00","Tenderers shall submit with the following additional documents: 1. Upto date Trade License. 2. Bank Solvency Certificate. 3. Upto date Income Tax Certificate. 4. VAT registration Certificate and TIN Certificate. 5. Privious Experience documents. 6. Bank Transaction for last 3 months. 7. Non Blacklisted Certificate. 8. National ID card copy. Also as per TDS and PCC.","Procurement of High Quality Pulao Rice for Khulna District Police in the FY 2026-2027(2nd quarter)","Lot wise","Package wise","Package wise","500","Payment through Bank","20-Dec-2026","20-Dec-2026","01","Procurement of High Quality Pulao Rice for Khulna District Police in the FY 2026-2027(2nd quarter)","Office Of Superintendent OF Police, Khulna district","8000","01-Oct-2026","31-Dec-2026","SARKER OMAR FAROQUE","SP","Address : Office of the Superintendent of Police, Khulna City : Khulna Thana : Khulna City Corporation District : Khulna - 9000 Country : Bangladesh","Office of the Superintendent of Police, Khulna","Khulna","Khulna City Corporation","Khulna - 9000","041-811630","041-725229","Not Found","https://www.eprocure.gov.bd/resources/common/ViewTender.jsp?id=1321989"
"Ministry of Home Affairs","","Bangladesh Police","Office of the Superintendent of Police, Khulna","00144","Khulna","Goods","NCT","TENDER","Tender - Single Lot","KDP/Ration/2026-27/Que-2nd/Edible oil.","223582","1321968","Open Tendering Method (OTM)","Revenue","Government","Not applicable","Not applicable","KDP/Ration/2026-27/Que-2nd/Edible oil. Procurement of High Quality Packaged Edible Oil (Soyabean Oil) for Khulna District Police in the FY 2026-2027(2nd quarter)","Food products and beverages;Animal products, meat and meat products;Meat;Animal wool, hides and skins;Meat products;Prepared and preserved fish;Fish fillets, fish livers and roe;Frozen fish, fish fillets and other fish meat;Dried or salted fish; fish in brine; smoked fish;Canned or tinned fish and other prepared or preserved fish;Seafood;Fruit, vegetables and related products;Potatoes and potato products;Fruit and vegetable juices;Fruit and vegetables;Animal or vegetable oils and fats;Crude animal or vegetable oils and fats;Refined oils and fats;Edible fats;Dairy products;Milk and cream;Butter;Cheese products;Assorted dairy products;Grain mill products, starches and starch products;Grain mill products;Starches and starch products;Animal feedstuffs;Prepared animal feeds for farm and other animals;Miscellaneous food products;Bread products, fresh pastry goods and cakes;Rusks and biscuits; preserved pastry goods and cakes;Sugar and related products;Cocoa; chocolate and sugar confectionery;Pasta products;Coffee, tea and related products;Condiments and seasonings;Special nutritional products;Miscellaneous food products n.e.c. and dried goods;Beverages;Distilled alcoholic beverages;Wines;Cider and other fruit wines;Non-distilled fermented beverages;Malt beer;Non-alcoholic beverages","27-Aug-2026 10:00","13-Sep-2026 13:00","Tenderers shall submit with the following additional documents: 1. Upto date Trade License. 2. Bank Solvency Certificate. 3. Upto date Income Tax Certificate. 4. VAT registration Certificate and TIN Certificate. 5. Privious Experience documents. 6. Bank Transaction for last 3 months. 7. Non Blacklisted Certificate. 8. National ID card copy. Also as per TDS and PCC.","Procurement of High Quality Packaged Edible Oil (Soyabean Oil) for Khulna District Police in the FY 2026-2027(2nd quarter)","Lot wise","Package wise","Package wise","2500","Payment through Bank","09-Jan-2027","09-Jan-2027","01","Procurement of High Quality Packaged Edible Oil (Soyabean Oil) for Khulna District Police in the FY 2026-2027(2nd quarter)","Office Of Superintendent OF Police, Khulna district","250000","01-Oct-2026","31-Dec-2026","SARKER OMAR FAROQUE","SP","Address : Office of the Superintendent of Police, Khulna City : Khulna Thana : Khulna City Corporation District : Khulna - 9000 Country : Bangladesh","Office of the Superintendent of Police, Khulna","Khulna","Khulna City Corporation","Khulna - 9000","041-811630","041-725229","Not Found","https://www.eprocure.gov.bd/resources/common/ViewTender.jsp?id=1321968"
"Ministry of Home Affairs","","Bangladesh Police","Office of the Superintendent of Police, Khulna","00144","Khulna","Goods","NCT","TENDER","Tender - Single Lot","KDP/Ration/2026-27/Que-2nd/Wheat Crushing","223582","1321980","Open Tendering Method (OTM)","Revenue","Government","Not applicable","Not applicable","KDP/Ration/2026-27/Que-2nd/Wheat Crushing Wheat Crushing supplied from Govt. Silos for ration of khulna district police, FY 2026-2027(2nd Quarter)","Food products and beverages;Animal products, meat and meat products;Meat;Animal wool, hides and skins;Meat products;Prepared and preserved fish;Fish fillets, fish livers and roe;Frozen fish, fish fillets and other fish meat;Dried or salted fish; fish in brine; smoked fish;Canned or tinned fish and other prepared or preserved fish;Seafood;Fruit, vegetables and related products;Potatoes and potato products;Fruit and vegetable juices;Fruit and vegetables;Animal or vegetable oils and fats;Crude animal or vegetable oils and fats;Refined oils and fats;Edible fats;Dairy products;Milk and cream;Butter;Cheese products;Assorted dairy products;Grain mill products, starches and starch products;Grain mill products;Starches and starch products;Animal feedstuffs;Prepared animal feeds for farm and other animals;Miscellaneous food products;Bread products, fresh pastry goods and cakes;Rusks and biscuits; preserved pastry goods and cakes;Sugar and related products;Cocoa; chocolate and sugar confectionery;Pasta products;Coffee, tea and related products;Condiments and seasonings;Special nutritional products;Miscellaneous food products n.e.c. and dried goods;Beverages;Distilled alcoholic beverages;Wines;Cider and other fruit wines;Non-distilled fermented beverages;Malt beer;Non-alcoholic beverages","27-Aug-2026 10:00","13-Sep-2026 13:00","Tenderers shall submit with the following additional documents: 1. Upto date Trade License. 2. Bank Solvency Certificate. 3. Upto date Income Tax Certificate. 4. VAT registration Certificate and TIN Certificate. 5. Privious Experience documents. 6. Bank Transaction for last 3 months. 7. Non Blacklisted Certificate. 8. National ID card copy. Also as per TDS and PCC.","Wheat Crushing supplied from Govt. Silos for ration of khulna district police, FY 2026-2027(2nd Quarter)","Lot wise","Package wise","Package wise","1500","Payment through Bank","20-Dec-2026","20-Dec-2026","01","Wheat Crushing supplied from Govt. Silos for ration of khulna district police, FY 2026-2027(2nd Quarter)","Office Of Superintendent OF Police, Khulna district","65000","01-Oct-2026","31-Dec-2026","SARKER OMAR FAROQUE","SP","Address : Office of the Superintendent of Police, Khulna City : Khulna Thana : Khulna City Corporation District : Khulna - 9000 Country : Bangladesh","Office of the Superintendent of Police, Khulna","Khulna","Khulna City Corporation","Khulna - 9000","041-811630","041-725229","Not Found","https://www.eprocure.gov.bd/resources/common/ViewTender.jsp?id=1321980"
"Ministry of Home Affairs","","Bangladesh Police","Central Procurement Section, Rapid Action Battalion Forces Headquarters, Kurmitola, Dhaka","00174","Dhaka","Goods","NCT","TENDER","Tender - Single Lot","RAB HQ/CPS/2026-2027/3258116/220 Date:17-08-2026","225831","1319464","Open Tendering Method (OTM)","Revenue","Government","Not applicable","Not applicable","G-21C/2026-2027 Repairing and Procurement of Radio Communication Spare Parts and Accessories.","Rubber, plastic and film products; Radio, television, communication, telecommunication and related equipment and apparatus; Electricity, gas, nuclear energy and fuels, steam, hot water and other sources of energy; Recreational, cultural and sporting services;Rubber products;Tyres and related products;Unvulcanised and vulcanised rubber articles;Rubberised textile fabrics;Reclaimed rubber;Rubber waste products;Medical articles of rubber;Articles of hard rubber;Plastic products;Plastic plates, sheets, tubes and profiles;Packaging products of plastics;Builders ware of plastic;Miscellaneous plastic products;Magnetic cards;Sound recordings;Resins;Film products;Radiology film;Cinematographic film;Video films;Electronic valves, tubes and electronic components;Electrical capacitors;Electrical resistors;Printed circuits;Valves and tubes;Semiconductors;Electronic integrated circuits and microassemblies;Parts of electronic assemblies;Modules;Transmission apparatus for radiotelephony, radiotelegraphy, radio broadcasting and television;Broadcasting equipment;Television transmission apparatus without reception apparatus;Radio transmission apparatus with reception apparatus;Television cameras;Mobile telephones;Data-transmission equipment;Digital transmission apparatus;Television and radio receivers, and sound or video recording or reproducing apparatus;Radio broadcast receivers;Television and audio-visual equipment;Apparatus for sound, video-recording and reproduction;Microphones and loudspeakers;Parts of sound and video equipment;Intercom equipment;Networks;Local area network;Network equipment;Wide area network;Telemetry and terminal equipment;Telecommunications equipment and supplies;Wireless telecommunications system;Telecommunications cable and equipment;Satellite-related communications equipment;Switchboards;Telephone equipment;Fibre-optic materials;Communications equipment;Data equipment;Electricity;Manufactured gas;Coal gas or similar gases;Mains gas;Steam, hot water and associated products;Hot water;Steam;District heating;Long-distance heating;Solar energy;Solar panels;Solar installation;Nuclear fuels;Uranium;Plutonium;Radioactive materials;Radio-isotopes;Motion picture and video services;Motion-picture and video-tape production and related services;Motion-picture or video-tape distribution services;Motion picture projection services;Video-tape projection services;Radio and television services.;Radio services.;Television services.;Radio and television cable services;Entertainment services;Artistic and literary creation and interpretation services;Arts-facility operation services;Recreational-area services;Dance and performance entertainment services;Gambling and betting services;Pyrotechnic services;News-agency services;Library, archives, museums and other cultural services;Library and archive services;Museum services and preservation services of historical sites and buildings;Botanical and zoological garden services and nature reserve services;Sporting services;Sports facilities operation services;Sport-related services","27-Aug-2026 09:00","06-Sep-2026 09:00","The Bidder should have valid Trade License, Current Bank Solvency Certificate, Income Tax Certificate, VAT Registration Certificate. Bidder should not be Blacklisted by any Government Organization in Bangladesh.","Repairing and Procurement of Radio Communication Spare Parts and Accessories.","Lot wise","Package wise","Package wise","2500","Payment through Bank","03-Mar-2027","03-Mar-2027","1","Repairing and Procurement of Radio Communication Spare Parts and Accessories.","RAB Forces Headquarters, Kurmitola-1229","135000","07-Sep-2026","01-Nov-2026","Md. Rakib Hasan","Senior Assistant Director","Address : Central Procurement Section, Rapid Action Battalion Forces Headquarters, Kurmitola, Dhaka City : Dhaka Thana : Dhaka North City Corporation District : Dhaka - 1229 Country : Bangladesh","Central Procurement Section, Rapid Action Battalion Forces Headquarters, Kurmitola, Dhaka","Dhaka","Dhaka North City Corporation","Dhaka - 1229","02-7913104","","8000000.00, OTM","https://www.eprocure.gov.bd/resources/common/ViewTender.jsp?id=1319464"
"Ministry of Local Government","Rural Development and Co-operatives","Local Government Engineering Department (LGED)","Office of the Executive Engineer, LGED, Naogaon","","Naogaon","Works","NCT","TENDER","Tender - Single Lot","APP ID - 227252","227252","1320943","Open Tendering Method (OTM)","Development","Government","224397700","Naogaon District Rural Infrastructure Development Project","NDRIDP/W-448 Improvement of Road by 40mm BC at Ganra-Gangra Madrasha from Ch: 00-1280m & Construction of 03 nos U-Drain Size (6.00mx0.625mx0.600m) at Ch: 890m, Ch 1075m & Ch1234m under Dhamoirhat Upazila, District: Naogaon Road ID: 164285080 Salvage Cost Tk. 10,86,391.00","Construction work;Site preparation work;Building demolition and wrecking work and earthmoving work;Test drilling and boring work;Works for complete or part construction and civil engineering work;Building construction work;Engineering works and construction works;Construction work for pipelines, communication and power lines, for highways, roads, airfields and railways; flatwork;Construction work for water projects;Construction works for plants, mining and manufacturing and for buildings relating to the oil and gas industry;Roof works and other special trade construction works;Building installation work;Electrical installation work;Insulation work;Plumbing and sanitary works;Fencing, railing and safety equipment installation work;Mechanical installations;Building completion work;Plastering work;Joinery and carpentry installation work;Floor and wall covering work;Painting and glazing work;Other building completion work;Hire of construction and civil engineering machinery and equipment with operator;Hire of cranes with operator;Hire of earthmoving equipment with operator","27-Aug-2026 10:00","15-Sep-2026 17:00","As per TDS, PCC & IFT.","NDRIDP/W-448 Improvement of Road by 40mm BC at Ganra-Gangra Madrasha from Ch: 00-1280m & Construction of 03 nos U-Drain Size (6.00mx0.625mx0.600m) at Ch: 890m, Ch 1075m & Ch1234m under Dhamoirhat Upazila, District: Naogaon Road ID: 164285080 Salvage Cost Tk. 10,86,391.00","Lot wise","Package wise","Package wise","2500","Payment through Bank","13-Mar-2027","13-Mar-2027","1","Improvement of Road by 40mm BC at Ganra-Gangra Madrasha from Ch: 00-1280m & Construction of 03 nos U-Drain Size (6.00mx0.625mx0.600m) at Ch: 890m, Ch 1075m & Ch1234m under Dhamoirhat Upazila, District: Naogaon Road ID: 164285080 Salvage Cost Tk. 10,86,391.00","Dhamoirhat Upazila","200000","01-Feb-2027","01-Feb-2028","Md, Badruddoza","Executive Engineer","Address : XEN Office, LGED, Naogaon City : Naogaon Thana : Atrai District : Naogaon - 6500 Country : Bangladesh","XEN Office, LGED, Naogaon","Naogaon","Atrai","Naogaon - 6500","0741-62416","","17000000.00, OTM","https://www.eprocure.gov.bd/resources/common/ViewTender.jsp?id=1320943"
"Ministry of Health and Family Welfare","Health Services Division","Directorate General of Health Services (DGHS)","Sakhipur Upazila Health Complex","","Tangail","Goods","NCT","TENDER","Tender - Single Lot","UHC/Sakhipur/Tangail/2026-27/8","229219","1323572","Open Tendering Method (OTM)","Revenue","Government","Not applicable","Not applicable","UHC/Sakhipur/Tangail/2026-27/8 Procurement of Linen Washing for the FY 2026-27 at Sakhipur Upazila Health Complex, Tangail.","Agricultural, horticultural, hunting and related products; Fish, fishing products and other by-products of the fishing industry; Food products and beverages; Medical and laboratory devices, optical and precision devices, watches and clocks, pharmaceuticals and related medical consumables; Health and social work services;Crops, products of market gardening and horticulture;Cereals and other crops;Vegetables, horticultural products and nursery products;Fruit, nuts, beverage and spice crops;Live animals and animal products;Cattle and their products;Farm animals and their products;Pigs;Live poultry and eggs;Small live animals and their products;Products of mixed farming;Agricultural supplies;Fish;Live fish;Fish, fresh or chilled;Fish meat;Crustaceans;Fresh crustaceans;Oysters;Shellfish;Aquatic invertebrates;Aquatic products;Corals or similar products;Natural sponges;Seaweeds;By-products of the fishing industry;Fish meal;Animal products, meat and meat products;Meat;Animal wool, hides and skins;Meat products;Prepared and preserved fish;Fish fillets, fish livers and roe;Frozen fish, fish fillets and other fish meat;Dried or salted fish; fish in brine; smoked fish;Canned or tinned fish and other prepared or preserved fish;Seafood;Fruit, vegetables and related products;Potatoes and potato products;Fruit and vegetable juices;Fruit and vegetables;Animal or vegetable oils and fats;Crude animal or vegetable oils and fats;Refined oils and fats;Edible fats;Dairy products;Milk and cream;Butter;Cheese products;Assorted dairy products;Grain mill products, starches and starch products;Grain mill products;Starches and starch products;Animal feedstuffs;Prepared animal feeds for farm and other animals;Miscellaneous food products;Bread products, fresh pastry goods and cakes;Rusks and biscuits; preserved pastry goods and cakes;Sugar and related products;Cocoa; chocolate and sugar confectionery;Pasta products;Coffee, tea and related products;Condiments and seasonings;Special nutritional products;Miscellaneous food products n.e.c. and dried goods;Beverages;Distilled alcoholic beverages;Wines;Cider and other fruit wines;Non-distilled fermented beverages;Malt beer;Non-alcoholic beverages;Medical devices;Imaging equipment for medical, dental and veterinary use;Functional exploration;Dentistry;Medical non-chemical consumables and haematological consumables;Therapy;Operating techniques;Anaesthesia and resuscitation;Functional support;Miscellaneous medical devices;Instruments and appliances for measuring, checking, testing and navigating;Navigational, meteorological, geological and geophysical instruments;Remote-control equipment;Precision balances, instruments for drawing, calculating and measuring length;Instruments for measuring quantities;Instruments for checking physical characteristics;Checking and testing apparatus;Regulating and controlling instruments and apparatus;Non-medical equipment based on the use of radiations;Industrial process control equipment;Optical instruments;Spectacles and lenses;Polarising material;Astronomical and optical instruments;Liquid crystal devices;Photographic equipment;Horological instruments;Watches and clocks;Health services;Hospital and related services;Medical practice and related services;Dental practice and related services;Miscellaneous health services;Veterinary services;Social work and related services;Social work services;Social services","27-Aug-2026 10:00","07-Sep-2026 12:00","As Per TDS","Procurement of Linen Washing for the FY 2026-27 at Sakhipur Upazila Health Complex, Tangail.","Lot wise","Package wise","Package wise","1000","Payment through Bank","03-Jan-2027","03-Jan-2027","1","Procurement of Linen Washing for the FY 2026-27 at Sakhipur Upazila Health Complex, Tangail.","UHC Sakhipur","45000","24-Sep-2026","30-Jun-2027","RAHANA PERVIN","UH&FPO","Address : SAKHIPUR, TANGAIL City : Sakhipur Thana : Shakhipur District : Tangail - 1950 Country : Bangladesh","SAKHIPUR, TANGAIL","Sakhipur","Shakhipur","Tangail - 1950","09-23256013","","1800000.00, OTM","https://www.eprocure.gov.bd/resources/common/ViewTender.jsp?id=1323572"
"Ministry of Home Affairs","","Bangladesh Police","Supply Division, Chattogram Metropolitan Police, Chattogram","000193","Chattogram","Goods","NCT","TENDER","Tender - Single Lot","CMPSupply/Rev/26-27/OTM/10","215359","1322903","Open Tendering Method (OTM)","Revenue","Government","Not applicable","Not applicable","CMPSupply/Rev/26-27/OTM/10 Supply of high quality lentil for Ration of Chattogram Metropolitan Police (2nd Quarter). FY-2026-2027","Grain mill products; Grain mill products, starches and starch products;","27-Aug-2026 10:00","14-Sep-2026 12:00","1. Updated copy of valid trade license. 2. Updated income tax clearance certificate & E-tin certificate. 3. Updated vat registration certificate. 4. A latest certified copy of bank solvency certificate or line of credit According to PG3-8 Form. 5. The tenderer must submit a bank statement for the last 03 Month as of June 30, 2026. 6. A certificate of ownership of the company. 7. Citizenship certificate & national identity card copy. 8. Similar work experience at least 01 years & Over all work experience at least 03 years. 9. Agricultural certificate. 10. Must submit a certificate stating that you are not blacklisted. 11. Each bidder must submit a sample of 500 grams of lentils in a sealed transparent plastic jar, mentioning the name of the organization, before the opening. 12. Grain size: Should be small and there should be at least 600 whole grains per 10 grams of lentils and the grains should be whole and uniform in size. The color of the grains should be yellow to red-orange. It should be boiled for 10 to 20 minutes on normal heat. A pleasant smell should be emitted during cooking. The husk should be peeled. It should be free from unwanted substances. It should be tasty. The grains of lentils should break when chewed with the teeth but not flattened. That is, they should be properly dried..The successful bidder should pack the lentils in hygienic 0.12 mm thick transparent polybags of 3.5 kg, 4 kg and 5.5 kg as per the instructions of the Police Headquarters. The weight, date of production and expiry date should be clearly mentioned on the packet","Supply of high quality lentil for Ration of Chattogram Metropolitan Police (2nd Quarter). FY-2026-2027","Lot wise","Package wise","Package wise","4000","Payment through Bank","10-Jan-2027","10-Jan-2027","1","Supply of high quality lentil for Ration of Chattogram Metropolitan Police (2nd Quarter). FY-2026-2027","Chattogram Metropolitan Police Line Dampara and Monsurabad Ration Store","700000","01-Oct-2026","29-Oct-2026","MD. FERDOUSH ALI CHOWDHURY","Deputy Police Commissioner","Address : Supply Division, Chattogram Metropolitan Police, Chattogram City : Chattogram Thana : Chattogram City Corporation District : Chattogram - 4226 Country : Bangladesh","Supply Division, Chattogram Metropolitan Police, Chattogram","Chattogram","Chattogram City Corporation","Chattogram - 4226","031-631237","02-9144252","25600000.00, OTM","https://www.eprocure.gov.bd/resources/common/ViewTender.jsp?id=1322903"
"Ministry of Agriculture","","Department of Agricultural Extension (DAE)","Improvement of Nutrition and Reduction of Poverty through Mushroom Cultivation","224368100","Dhaka","Works","NCT","TENDER","Tender - Single Lot","12.12.0000.012.07.001.23.347","215003","1320863","Open Tendering Method (OTM)","Development","Government","224368100","Improvement of Nutrition and Reduction of Poverty through Mushroom Cultivation","W/MUSHROOM/DAE-10/Lot-4/3 Extension of kitchen for Wash Space","Construction work;Site preparation work;Building demolition and wrecking work and earthmoving work;Test drilling and boring work;Works for complete or part construction and civil engineering work;Building construction work;Engineering works and construction works;Construction work for pipelines, communication and power lines, for highways, roads, airfields and railways; flatwork;Construction work for water projects;Construction works for plants, mining and manufacturing and for buildings relating to the oil and gas industry;Roof works and other special trade construction works;Building installation work;Electrical installation work;Insulation work;Plumbing and sanitary works;Fencing, railing and safety equipment installation work;Mechanical installations;Building completion work;Plastering work;Joinery and carpentry installation work;Floor and wall covering work;Painting and glazing work;Other building completion work;Hire of construction and civil engineering machinery and equipment with operator;Hire of cranes with operator;Hire of earthmoving equipment with operator","27-Aug-2026 10:00","06-Sep-2026 17:00","1. The Tenderers must have minimum 10(Ten) years of general experience of Construction works. 2. The minimum specific experience as a Prime Contractor or Subcontractor or Management Contractor in construction works under public sector of at least [01] contract(s) of successfully completed within the last [05] years, each with a value of at least Tk. 5 lakhs. Years counting backward from the date of publication of IFT in the newspaper. 3.The required average annual construction turnover under public sector shall be greater than Tk [4.5] lakhs over the last [5] financial years. Payment certificates for contract in progress or completed under public sector during last 5 (five) years must be submitted along with the tender in support of average annual construction turnover. 4. The Tenderer must have a minimum liquid assets/ working capital/credit facilities (in the PW2a-3 form without any alteration) Tk. 6 (Six) lakhs. 5. The Tender Capacity is Tk.Tk [4.5] lakhs. Supporting document must be submitted along with information as per enclosed form (ongoing works/commitments) 6. Completion certificate of similar nature of work (As Specific experience) shall be submitted in the prescribed format as per STD (PW2/ PW3) of CPTU (attached in section-7)","Extension of kitchen for Wash Space","Lot wise","Package wise","Package wise","500","Payment through Bank","03-Jan-2027","03-Jan-2027","1","Extension of kitchen for Wash Space","Mushroom Development Institute, Savar, Dhaka","15000","01-Oct-2026","01-Nov-2026","Mst. Akhter Jahan Kakon","Project Director","Address : Room no. 506, Rear building, 4th floor, Department of Agricultural Extension (DAE), Khamarbari, Dhaka City : Dhaka Thana : Dhaka North City Corporation District : Dhaka - 1215 Country : Bangladesh","Room no. 506, Rear building, 4th floor, Department of Agricultural Extension (DAE), Khamarbari, Dhaka","Dhaka","Dhaka North City Corporation","Dhaka - 1215","02-224445646","","649000.00, OTM","https://www.eprocure.gov.bd/resources/common/ViewTender.jsp?id=1320863"
"Ministry of Local Government","Rural Development and Co-operatives","Khulna City Corporation","Executive Engineer (Mech.) at Office of the Executive Engineer (Mech.) , Khulna City Corporation","","Khulna","Goods","NCT","TENDER","Tender - Single Lot","APP ID : 	216057","216057","1320891","Open Tendering Method (OTM)","Own Fund","Own Fund","Not applicable","Not applicable","KCC/Won/XEN-M/2025-26/G-86 Purchasing and Repairing works of Khulna Metro Gha-11-0200 No Pajero Jeep, Khulna Metro CHa-51-0009 No Microbus, Khulna Metro Kha-11-0122 No Car, Dhaka Metro Gha-13-7302 No Pajero jeep, Khulna Metro Sha-11-0049 No Tipping Truck, Khulna Metro Sha-11-0006 No Tipping Truck, Khulna Metro U-11-0101 No DumTruck, Khulna Metro U-11-0102 No DumTruck, Eicher- 9/20 No Truck, Eicher- 8/11 No Truck, Eicher- 11/20 No Truck, Eicher- 13/20 No Truck, Dhaka Metro Sha-11-0395 No Truck, Eicher- 20/20 No Truck & Eicher- 3/5 No (Ten wheel) Truck.","Machinery, equipment, appliances, apparatus and associated products;Machinery for the production and use of mechanical power;Turbines and motors;Pumps and compressors;Taps, cocks, valves and similar appliances;Gears, gearing and driving elements;General-purpose machinery;Industrial or laboratory furnaces, incinerators and ovens;Lifting and handling equipment and parts;Cooling and ventilation equipment;Miscellaneous general-purpose machinery;Agricultural, horticultural and forestry machinery;Agricultural and forestry machinery for soil preparation or cultivation;Harvesting machinery;Spraying machinery for agriculture or horticulture;Self-loading or unloading trailers and semi-trailers for agriculture;Specialist agricultural or forestry machinery;Tractors;Parts of agricultural and forestry machinery;Machine tools;Machine tools operated by laser and machining centres;Lathes, boring and milling machine tools;Metal-working machine tools;Machine tools for working hard materials except metals;Pneumatic or motorised hand tools;Soldering, brazing and welding tools, surface tempering and hot-spraying machines and equipment;Parts and accessories of machine tools;Special-purpose machinery and parts;Machinery for metallurgy and associated parts;Machinery for mining, quarrying and construction;Machinery for food, beverage and tobacco processing and associated parts;Machinery for textile, apparel and leather production;Machinery for paper or paperboard production;Miscellaneous special-purpose machinery;Weapons, ammunition and associated parts;Motorised tanks and armoured fighting vehicles;Military weapons;Firearms;Ammunition;Parts of military weapons;Truncheons or night sticks;Domestic appliances;Electrical domestic appliances;Non-electric domestic appliances;Miscellaneous equipment;Transport related equipment;Workshop equipment;Construction equipment;Catering equipment;Emergency and security equipment;Technical equipment;Miscellaneous equipment n.e.c.","27-Aug-2026 11:26","16-Sep-2026 17:00","As per TDS and ITT 1. The minimum specific experience as Supplier in supply of similar Goods of at least [01] contract(s) successfully completed within the last [05] years, each with a value of at least  TK 2,88,000.00 2. The minimum amount of financial resources as liquid asset or working capital or credit line(s) or specific credit commitment or in any combination of them, of the Tenderers shall be TK: 4,32,000.00 3. Payment will be made upon the availability of funds. For this,s no claim will be entertained. 4. VAT & IT from the bill will be as per the prevailing Government Rate. No extra claim will be entertained in this regard. 5. To ensure the Quality of the material, Various tests shall be performed by the tenderer as per instructions.","KCC/Won/XEN-M/2025-26/G-86 Purchasing and Repairing works of Khulna Metro Gha-11-0200 No Pajero Jeep, Khulna Metro CHa-51-0009 No Microbus, Khulna Metro Kha-11-0122 No Car, Dhaka Metro Gha-13-7302 No Pajero jeep, Khulna Metro Sha-11-0049 No Tipping Truck, Khulna Metro Sha-11-0006 No Tipping Truck, Khulna Metro U-11-0101 No DumTruck, Khulna Metro U-11-0102 No DumTruck, Eicher- 9/20 No Truck, Eicher- 8/11 No Truck, Eicher- 11/20 No Truck, Eicher- 13/20 No Truck, Dhaka Metro Sha-11-0395 No Truck, Eicher- 20/20 No Truck & Eicher- 3/5 No (Ten wheel) Truck.","Lot wise","Package wise","Package wise","500","Payment through Bank","12-Feb-2027","12-Feb-2027","1","Purchasing and Repairing works of Khulna Metro Gha-11-0200 No Pajero Jeep, Khulna Metro CHa-51-0009 No Microbus, Khulna Metro Kha-11-0122 No Car, Dhaka Metro Gha-13-7302 No Pajero jeep, Khulna Metro Sha-11-0049 No Tipping Truck, Khulna Metro Sha-11-0006 No Tipping Truck, Khulna Metro U-11-0101 No DumTruck, Khulna Metro U-11-0102 No DumTruck, Eicher- 9/20 No Truck, Eicher- 8/11 No Truck, Eicher- 11/20 No Truck, Eicher- 13/20 No Truck, Dhaka Metro Sha-11-0395 No Truck, Eicher- 20/20 No Truck & Eicher- 3/5 No (Ten wheel) Truck.","Khulna City Corporation","13400","15-Oct-2026","30-Jun-2027","Bidyut Kumar Das","Executive Engineer","Address : 28 KD GHOSH ROAD ,KHULNA City : Khulna Thana : Khulna City Corporation District : Khulna - 9100 Country : Bangladesh","28 KD GHOSH ROAD ,KHULNA","Khulna","Khulna City Corporation","Khulna - 9100","041-721337","","Not Found","https://www.eprocure.gov.bd/resources/common/ViewTender.jsp?id=1320891"
"Ministry of Road Transport and Bridges","Road Transport and Highways Division","Roads & Highways Department (RHD)","Kurigram Road Division","eekurigram","Kurigram","Goods","NCT","TENDER","Tender - Single Lot","e-GP/01/Supply/EE/RHD/KRD/2026-2027","230303","1322961","Open Tendering Method (OTM)","Revenue","Government","Not applicable","Not applicable","e-GP/01/Supply/EE/RHD/KRD/2026-2027 Supplying of Plant produced asphalt materials for routine maintenance of potholes, broken edge, depression, undulation etc. of different roads  under Road Division, Kurigram during the FY 2026-2027.","Engineering works and construction works; Works for complete or part construction and civil engineering work;","27-Aug-2026 10:00","13-Sep-2026 17:00","1. Any/All tenderers who have registration in the Government e-GP system may participate in the tender provided they fulfill the criteria stated in the Tender Data Sheet (TDS). The Tenderer shall be evaluated based on the latest revision of PPA-2006 & PPR-2025. 2. The Tenderers must upload Rate Analysis in support of their quoted rates. 3. The Tenderer will be evaluated in the e-GP system.","Supplying of Plant produced asphalt materials for routine maintenance of potholes, broken edge, depression, undulation etc. of different roads under Road Division, Kurigram during the FY 2026-2027.","Lot wise","Package wise","Package wise","1000","Payment through Bank","09-Feb-2027","09-Feb-2027","01","Supplying of Plant produced asphalt materials for routine maintenance of potholes, broken edge, depression, undulation etc. of different roads  under Road Division, Kurigram during the FY 2026-2027.","As given in the brief Description of works","40000","01-Oct-2026","30-Nov-2026","Mir Nizam Uddin Ahmed","Executive Engineer","Address : Executive Engineer, Kurigram Road Division City : Kurigram Thana : Kurigram Sadar District : Kurigram - 0581 Country : Bangladesh","Executive Engineer, Kurigram Road Division","Kurigram","Kurigram Sadar","Kurigram - 0581","0581-61658","0581-61658","1483700.00, OTM","https://www.eprocure.gov.bd/resources/common/ViewTender.jsp?id=1322961"
"Ministry of Home Affairs","","Bangladesh Police","Office of the Superintendent of Police, Khulna","00144","Khulna","Goods","NCT","TENDER","Tender - Single Lot","KDP/Ration/2026-27/Que-2nd/Firewood.","223582","1322006","Open Tendering Method (OTM)","Revenue","Government","Not applicable","Not applicable","KDP/Ration/2026-27/Que-2nd/Firewood Procurement of Firewood for Khulna District Police,FY 2026-2027(2nd Quarter-Ration)","Agricultural, horticultural, hunting and related products;Crops, products of market gardening and horticulture;Cereals and other crops;Vegetables, horticultural products and nursery products;Fruit, nuts, beverage and spice crops;Live animals and animal products;Cattle and their products;Farm animals and their products;Pigs;Live poultry and eggs;Small live animals and their products;Products of mixed farming;Agricultural supplies","27-Aug-2026 10:00","13-Sep-2026 13:00","Tenderers shall submit with the following additional documents: 1. Upto date Trade License. 2. Bank Solvency Certificate. 3. Upto date Income Tax Certificate. 4. VAT registration Certificate and TIN Certificate. 5. Privious Experience documents. 6. Bank Transaction for last 3 months. 7. Non Blacklisted Certificate. 8. National ID card copy. Also as per TDS and PCC.","Procurement of Firewood for Khulna District Police,FY 2026-2027(2nd Quarter-Ration)","Lot wise","Package wise","Package wise","500","Payment through Bank","20-Dec-2026","20-Dec-2026","01","Procurement of Firewood for Khulna District Police,FY 2026-2027(2nd Quarter-Ration)","Office Of Superintendent OF Police, Khulna district","6000","01-Oct-2026","31-Dec-2026","SARKER OMAR FAROQUE","SP","Address : Office of the Superintendent of Police, Khulna City : Khulna Thana : Khulna City Corporation District : Khulna - 9000 Country : Bangladesh","Office of the Superintendent of Police, Khulna","Khulna","Khulna City Corporation","Khulna - 9000","041-811630","041-725229","220000.00, OTM","https://www.eprocure.gov.bd/resources/common/ViewTender.jsp?id=1322006"
"Ministry of Home Affairs","","Bangladesh Police","Office of the Superintendent of Police, Khulna","00144","Khulna","Goods","NCT","TENDER","Tender - Single Lot","KDP/Ration/2026-27/Que-2nd/Portar Supply","223582","1322002","Open Tendering Method (OTM)","Revenue","Government","Not applicable","Not applicable","KDP/Ration/2026-27/Que-2nd/Portar Supply Supply of Porter for Ration items (Loading and Unloading) of Khulna District Police,FY 2026-2027(2nd Quarter)","Architectural, engineering, construction, legal, accounting and other professional services; Legal, accounting, auditing, business, management and related services; Architectural, engineering, construction and related technical consultancy services; Testing, inspection, analysis, monitoring and control services; Advertising and marketing services; Labour recruitment and provision of personnel services.; Investigation and security services; Cleaning services; Miscellaneous business and business-related services;Legal services;Accounting, auditing and fiscal services;Market research, public-opinion polling and related services;Business and management consultancy and related services;Management holdings services;Technical consultancy services;Architectural and related services;Engineering services;Integrated engineering services;Urban planning and landscape architectural services;Construction-related services;Engineering-related scientific and technical services;Technical testing and analysis services;Monitoring and control services;Advertising services;Marketing services;Placement services of personnel.;Supply services of personnel.;Recruitment services.;Personnel services except placement and supply services;Security services;Investigation services;Accommodation cleaning services;Industrial cleaning services;Specialised cleaning services;Miscellaneous cleaning services;Office cleaning services;School cleaning services;Photographic and ancillary services;Packaging and related services;Secretarial and related services;Specialty design services;Collection agency services;Exhibition, fair and congress organisation services;Miscellaneous business-related services","27-Aug-2026 10:00","13-Sep-2026 13:00","Tenderers shall submit with the following additional documents: 1. Upto date Trade License. 2. Bank Solvency Certificate. 3. Upto date Income Tax Certificate. 4. VAT registration Certificate and TIN Certificate. 5. Privious Experience documents. 6. Bank Transaction for last 3 months. 7. Non Blacklisted Certificate. 8. National ID card copy. Also as per TDS and PCC.","Supply of Porter for Ration items (Loading and Unloading) of Khulna District Police,FY 2026-2027(2nd Quarter)","Lot wise","Package wise","Package wise","500","Payment through Bank","20-Dec-2026","20-Dec-2026","1","Supply of Porter for Ration items (Loading and Unloading) of Khulna District Police,FY 2026-2027(2nd Quarter)","Office Of Superintendent OF Police, Khulna district","20000","01-Oct-2026","31-Dec-2026","SARKER OMAR FAROQUE","SP","Address : Office of the Superintendent of Police, Khulna City : Khulna Thana : Khulna City Corporation District : Khulna - 9000 Country : Bangladesh","Office of the Superintendent of Police, Khulna","Khulna","Khulna City Corporation","Khulna - 9000","041-811630","041-725229","Not Found","https://www.eprocure.gov.bd/resources/common/ViewTender.jsp?id=1322002"
"Ministry of Finance","Internal Resource Division","National Board of Revenue","Taxes Zone-22, Dhaka","","Dhaka","Goods","NCT","TENDER","Tender - Single Lot","Nasha-39/e-GP/Ka:A:-22/2026-27/104","230523","1321875","Open Tendering Method (OTM)","Revenue","Government","Not applicable","Not applicable","Taxes Zone-22/2026-27/05 Procurement of office Equipment","Office and computing machinery, equipment and supplies;Office machinery, equipment and supplies except computers;Word-processing machines;Photocopying and printing equipment;Post-office equipment;Calculating and accounting machines;Typewriters;Parts and accessories of typewriters and calculating machines;Various office equipment and supplies;Computer equipment and supplies;Data-processing machines;Digital cartography equipment;Computer hardware;Software;Computer systems;Servers","27-Aug-2026 10:00","06-Sep-2026 10:00","As per Tender Document","Procurement of office Equipment","Lot wise","Package wise","Package wise","1000","Payment through Bank","02-Jan-2027","02-Jan-2027","1","Procurement of office Equipment","Taxes Zone-22","35000","08-Sep-2026","30-Nov-2026","Md. Nazrul Alam Chowdhury","COMMISSIONER OF TAXES","Address : 32, Garib-E-Newaz Avenue, Sector-13, Uttara, Dhaka-1230 City : Dhaka Thana : Dhaka North City Corporation District : Dhaka - 1230 Country : Bangladesh","32, Garib-E-Newaz Avenue, Sector-13, Uttara, Dhaka-1230","Dhaka","Dhaka North City Corporation","Dhaka - 1230","02-2224471255","","Not Found","https://www.eprocure.gov.bd/resources/common/ViewTender.jsp?id=1321875"
"Ministry of Local Government","Rural Development and Co-operatives","Local Government Engineering Department (LGED)","Office of the Executive Engineer, LGED, Rajshahi","","Rajshahi","Works","NCT","TENDER","Tender - Single Lot","228720","228720","1322941","Open Tendering Method (OTM)","Development","Government","224401200","Rajshahi, Natore & Chapai Nawabganj Districts Rural Infrastructure Development Project (RNCDRIDP)","RNCDRIDP/Rajshahi-592 Improvement of Belghoria pucca road near Abuler More - H/O Golam Robbani Road at Ch. 00-1500m Road ID 181315015 Under Durgapur, District Rajshahi","Construction work for pipelines, communication and power lines, for highways, roads, airfields and railways; flatwork; Works for complete or part construction and civil engineering work;","27-Aug-2026 09:00","16-Sep-2026 16:00","As per ITT","RNCDRIDP/Rajshahi-592 Improvement of Belghoria pucca road near Abuler More - H/O Golam Robbani Road at Ch. 00-1500m Road ID 181315015 Under Durgapur, District Rajshahi","Lot wise","Package wise","Package wise","2500","Payment through Bank","12-Feb-2027","12-Feb-2027","01","Improvement of Belghoria pucca road near Abuler More - H/O Golam Robbani Road at Ch. 00-1500m Road ID 181315015 Under Durgapur, District Rajshahi","Durgapur","550000","01-Nov-2026","31-Oct-2027","Md. Abul Kalam Azad Mollah","Executive Engineer","Address : XEN Office, LGED, Rajshahi City : Rajshahi Thana : Rajshahi City Corporation District : Rajshahi - 6000 Country : Bangladesh","XEN Office, LGED, Rajshahi","Rajshahi","Rajshahi City Corporation","Rajshahi - 6000","0721-775553","","19900000.00, OTM","https://www.eprocure.gov.bd/resources/common/ViewTender.jsp?id=1322941"
"Ministry of Education","Technical & Madrasha Education Division","Bangladesh Technical Education Board","Bangladesh Technical Education Board, Dhaka","SECRETARY","Dhaka","Goods","NCT","TENDER","Tender - Single Lot","57.17.0000.103.07.007.26-422","227055","1317426","Open Tendering Method (OTM)","Own Fund","Own Fund","Not applicable","Not applicable","BTEB/GD/OTM/N/2026-27 Printing and Supply of Diary, Calendar and others","Printing, publishing and related services;Printing services;Printing services for books;Printing services for stationery;Printing services for security printed matter;Printing services for forms;Printing services for tickets;Printing services for calendars;Printing services for timetables;Newspaper printing services;Printing services for posters;Services related to printing;Print finishing services;Composition services;Printing and delivery services;Printing and distribution services;Publishing services;Bookbinding and finishing services;Subscription services","27-Aug-2026 09:30","14-Sep-2026 17:00","As per IFT","BTEB/GD/OTM/N/2026-27 Printing and Supply of Diary, Calendar and others","Lot wise","Package wise","Package wise","2500","Payment through Bank","11-Jan-2027","11-Jan-2027","Single","Printing and Supply of Diary, Calendar and others","BTEB, Agargoan, Dhaka","80000","24-Sep-2026","12-Nov-2026","Md. Al Masud Karim","Secretary","Address : Bangladesh Technical Education Board, Agargaon, Dhaka City : Dhaka Thana : Dhaka North City Corporation District : Dhaka - 1207 Country : Bangladesh","Bangladesh Technical Education Board, Agargaon, Dhaka","Dhaka","Dhaka North City Corporation","Dhaka - 1207","02-911428","","6000000.00, OTM","https://www.eprocure.gov.bd/resources/common/ViewTender.jsp?id=1317426"
"Ministry of Finance","Internal Resource Division","National Board of Revenue","Taxes Zone-22, Dhaka","","Dhaka","Goods","NCT","TENDER","Tender - Single Lot","Nasha-39/e-GP/Ka:A:-22/2026-27/100","230523","1321807","Open Tendering Method (OTM)","Revenue","Government","Not applicable","Not applicable","Taxes Zone-22/2026-27/01 Procurement of Computer and Accessories","Computer and related services;Hardware consultancy services;Hardware selection consultancy services;Hardware disaster-recovery consultancy services;Computer-site planning consultancy services;Computer hardware acceptance testing consultancy services;Computer audit consultancy and hardware consultancy services;Software programming and consultancy services;Programming services of packaged software products;Systems and technical consultancy services;Custom software development services;Systems analysis and programming services;System maintenance and support services;Software-related services;Data services;Data-processing services;Database services;Computer-related services;Computer-related management services;Computer support and consultancy services;Computer network services;Computer upgrade services;Computer audit services;Computer testing services;Computer back-up services;Computer catalogue conversion services;Computer-related professional services","27-Aug-2026 10:00","06-Sep-2026 10:00","As per Tender Document","Procurement of Computer and Accessories","Lot wise","Package wise","Package wise","1000","Payment through Bank","02-Jan-2027","02-Jan-2027","1","Procurement of Computer and Accessories","Taxes Zone-22","70000","08-Sep-2026","30-Nov-2026","Md. Nazrul Alam Chowdhury","COMMISSIONER OF TAXES","Address : 32, Garib-E-Newaz Avenue, Sector-13, Uttara, Dhaka-1230 City : Dhaka Thana : Dhaka North City Corporation District : Dhaka - 1230 Country : Bangladesh","32, Garib-E-Newaz Avenue, Sector-13, Uttara, Dhaka-1230","Dhaka","Dhaka North City Corporation","Dhaka - 1230","02-2224471255","","Not Found","https://www.eprocure.gov.bd/resources/common/ViewTender.jsp?id=1321807"
"Ministry of Health and Family Welfare","Health Services Division","Directorate General of Health Services (DGHS)","Sakhipur Upazila Health Complex","","Tangail","Goods","NCT","TENDER","Tender - Single Lot","UHC/Sakhipur/Tangail/2026-27/7","229219","1323571","Open Tendering Method (OTM)","Revenue","Government","Not applicable","Not applicable","UHC/Sakhipur/Tangail/2026-27/7 Procurement of Diet for the FY 2026-27 at Sakhipur Upazila Health Complex, Tangail.","Agricultural, horticultural, hunting and related products; Fish, fishing products and other by-products of the fishing industry; Food products and beverages; Medical and laboratory devices, optical and precision devices, watches and clocks, pharmaceuticals and related medical consumables; Health and social work services;Crops, products of market gardening and horticulture;Cereals and other crops;Vegetables, horticultural products and nursery products;Fruit, nuts, beverage and spice crops;Live animals and animal products;Cattle and their products;Farm animals and their products;Pigs;Live poultry and eggs;Small live animals and their products;Products of mixed farming;Agricultural supplies;Fish;Live fish;Fish, fresh or chilled;Fish meat;Crustaceans;Fresh crustaceans;Oysters;Shellfish;Aquatic invertebrates;Aquatic products;Corals or similar products;Natural sponges;Seaweeds;By-products of the fishing industry;Fish meal;Animal products, meat and meat products;Meat;Animal wool, hides and skins;Meat products;Prepared and preserved fish;Fish fillets, fish livers and roe;Frozen fish, fish fillets and other fish meat;Dried or salted fish; fish in brine; smoked fish;Canned or tinned fish and other prepared or preserved fish;Seafood;Fruit, vegetables and related products;Potatoes and potato products;Fruit and vegetable juices;Fruit and vegetables;Animal or vegetable oils and fats;Crude animal or vegetable oils and fats;Refined oils and fats;Edible fats;Dairy products;Milk and cream;Butter;Cheese products;Assorted dairy products;Grain mill products, starches and starch products;Grain mill products;Starches and starch products;Animal feedstuffs;Prepared animal feeds for farm and other animals;Miscellaneous food products;Bread products, fresh pastry goods and cakes;Rusks and biscuits; preserved pastry goods and cakes;Sugar and related products;Cocoa; chocolate and sugar confectionery;Pasta products;Coffee, tea and related products;Condiments and seasonings;Special nutritional products;Miscellaneous food products n.e.c. and dried goods;Beverages;Distilled alcoholic beverages;Wines;Cider and other fruit wines;Non-distilled fermented beverages;Malt beer;Non-alcoholic beverages;Medical devices;Imaging equipment for medical, dental and veterinary use;Functional exploration;Dentistry;Medical non-chemical consumables and haematological consumables;Therapy;Operating techniques;Anaesthesia and resuscitation;Functional support;Miscellaneous medical devices;Instruments and appliances for measuring, checking, testing and navigating;Navigational, meteorological, geological and geophysical instruments;Remote-control equipment;Precision balances, instruments for drawing, calculating and measuring length;Instruments for measuring quantities;Instruments for checking physical characteristics;Checking and testing apparatus;Regulating and controlling instruments and apparatus;Non-medical equipment based on the use of radiations;Industrial process control equipment;Optical instruments;Spectacles and lenses;Polarising material;Astronomical and optical instruments;Liquid crystal devices;Photographic equipment;Horological instruments;Watches and clocks;Health services;Hospital and related services;Medical practice and related services;Dental practice and related services;Miscellaneous health services;Veterinary services;Social work and related services;Social work services;Social services","27-Aug-2026 10:00","07-Sep-2026 12:00","As per TDS","Procurement of Diet for the FY 2026-27 at Sakhipur Upazila Health Complex, Tangail.","Lot wise","Package wise","Package wise","1500","Payment through Bank","03-Jan-2027","03-Jan-2027","1","Procurement of Diet for the FY 2026-27 at Sakhipur Upazila Health Complex, Tangail.","UHC Sakhipur","80000","24-Sep-2026","30-Jun-2027","RAHANA PERVIN","UH&FPO","Address : SAKHIPUR, TANGAIL City : Sakhipur Thana : Shakhipur District : Tangail - 1950 Country : Bangladesh","SAKHIPUR, TANGAIL","Sakhipur","Shakhipur","Tangail - 1950","09-23256013","","3200000.00, OTM","https://www.eprocure.gov.bd/resources/common/ViewTender.jsp?id=1323571"
"Ministry of Fisheries & Livestock","","Department of Fisheries","Office of the Senior Assistant Director Central Hatchery Kotchandpur, Jhenaidah","","Jhenaidah","Goods","NCT","TENDER","Tender - Single Lot","33.02.4442.504.52.001.26.125","231075","1323127","Open Tendering Method (OTM)","Revenue","Government","Not applicable","Not applicable","CHKJ 26-27 GR 001 Supply of Fish Feed (Oil cake, Rice bran, wheat bran, Lime, Urea & TSP) for Central Hatchery Kotchandpur, Jhenaidah","Animal feedstuffs; Food products and beverages;Prepared animal feeds for farm and other animals","27-Aug-2026 09:00","06-Sep-2026 15:30","As per TDS","Supply of Fish Feed (Oil cake, Rice bran, wheat bran, Lime, Urea & TSP) for Central Hatchery Kotchandpur, Jhenaidah","Lot wise","Package wise","Package wise","1000","Payment through Bank","03-Jan-2027","03-Jan-2027","1","Supply of Fish Feed (Oil cake, Rice bran, wheat bran, Lime, Urea & TSP) for Central Hatchery Kotchandpur, Jhenaidah (Package no. Supply of Fish Feed (Oil cake, Rice bran, wheat bran, Lime, Urea & TSP) for Central Hatchery Kotchandpur, Jhenaidah )","Kotchandpur, Jhenahdah","60000","22-Sep-2026","24-Dec-2026","S.M Ashikur Rahman","Senior Assistant Director","Address : Office of the Senior Assistant Director Central Hatchery Kotchandpur, Jhenaidah City : Kotchandpur Thana : Kotchandpur District : Jhenaidah - 7330 Country : Bangladesh","Office of the Senior Assistant Director Central Hatchery Kotchandpur, Jhenaidah","Kotchandpur","Kotchandpur","Jhenaidah - 7330","017-69459549","","Not Found","https://www.eprocure.gov.bd/resources/common/ViewTender.jsp?id=1323127"
"Ministry of Local Government","Rural Development and Co-operatives","Zilla Parishad, Potuakhali","Zila Parishad, Patuakhali","","Patuakhali","Works","NCT","TENDER","Tender - Single Lot","APP ID : 215808","215808","1143355","Open Tendering Method (OTM)","Revenue","Government","Not applicable","Not applicable","ADP-2024-2025-W-02 (A), Palisading of the Road at Kaurikhara Speed Boat Ghate under Rangabali Upazila, Dist: Patuakhali (memo No-1387 Date:02 July,25 Sl No- Scheme(114-05)(B), Const: of  CC Road at Speed Boat Ghate under Rangabali UpazilaParashid, Dist: Patuakhali (memo No-1387 Date:02 July,25 Sl No- Scheme(115/6)","Construction work; Repair, maintenance and installation services;Site preparation work;Building demolition and wrecking work and earthmoving work;Test drilling and boring work;Works for complete or part construction and civil engineering work;Building construction work;Engineering works and construction works;Construction work for pipelines, communication and power lines, for highways, roads, airfields and railways; flatwork;Construction work for water projects;Construction works for plants, mining and manufacturing and for buildings relating to the oil and gas industry;Roof works and other special trade construction works;Building installation work;Electrical installation work;Insulation work;Plumbing and sanitary works;Fencing, railing and safety equipment installation work;Mechanical installations;Building completion work;Plastering work;Joinery and carpentry installation work;Floor and wall covering work;Painting and glazing work;Other building completion work;Hire of construction and civil engineering machinery and equipment with operator;Hire of cranes with operator;Hire of earthmoving equipment with operator;Repair, maintenance and associated services of vehicles and related equipment;Repair and maintenance services of motor vehicles and associated equipment;Demolition services of vehicles;Repair, maintenance and associated services related to aircraft, railways, roads and marine equipment;Repair, maintenance and associated services related to aircraft and other equipment;Repair, maintenance and associated services related to railways and other equipment;Repair, maintenance and associated services related to roads and other equipment;Repair, maintenance and associated services related to marine and other equipment;Repair, maintenance and associated services related to personal computers, office equipment, telecommunications and audio-visual equipment;Maintenance and repair of office machinery;Repair and maintenance services of personal computers;Maintenance services of telecommunications equipment;Repair and maintenance services of audio-visual and optical equipment;Repair and maintenance services of medical and precision equipment;Repair and maintenance services of measuring, testing and checking apparatus;Repair and maintenance services of medical and surgical equipment;Repair and maintenance services of precision equipment;Repair and maintenance services for pumps, valves, taps and metal containers and machinery;Repair and maintenance services of pumps, valves, taps and metal containers;Repair and maintenance services of machinery;Repair and maintenance services of building installations;Repair and maintenance services of electrical and mechanical building installations;Repair and maintenance services of central heating;Repair and maintenance services of cooler groups;Repair and maintenance services of escalators;Lift-maintenance services;Miscellaneous repair and maintenance services;Repair services of jewellery;Repair services of leather personal goods;Repair services of garments and textiles;Repair and maintenance services of weapons and weapon systems;Repair and maintenance services of furniture;Repair and maintenance services of musical instruments;Repair and maintenance services of playground equipment;Repair and maintenance services of hotel and restaurant equipment;Installation services;Installation services of electrical and mechanical equipment;Installation services of equipment for measuring, checking, testing and navigating;Installation services of communications equipment;Installation services of medical and surgical equipment;Installation services of machinery and equipment;Installation services of computers and office equipment;Installation services of metal containers","27-Aug-2026 11:00","09-Sep-2026 16:00","As Per TDS","ADP-2024-2025-W-02 (A), Palisading of the Road at Kaurikhara Speed Boat Ghate under Rangabali Upazila, Dist: Patuakhali (memo No-1387 Date:02 July,25 Sl No- Scheme(114-05)(B), Const: of CC Road at Speed Boat Ghate under Rangabali UpazilaParashid, Dist: Patuakhali (memo No-1387 Date:02 July,25 Sl No- Scheme(115/6)","Lot wise","Package wise","Package wise","1000","Payment through Bank","05-Feb-2027","05-Feb-2027","1","(A), Palisading of the Road at Kaurikhara Speed Boat Ghate under Rangabali Upazila, Dist: Patuakhali (memo No-1387 Date:02 July,25 Sl No- Scheme(114-05)(B), Const: of  CC Road at Speed Boat Ghate under Rangabali UpazilaParashid, Dist: Patuakhali (memo No-1387 Date:02 July,25 Sl No- Scheme(115/6)","Rangabali","66000","01-Nov-2026","28-Feb-2027","Md. Kamrul Hasan Shohel","Chief Executive Officer","Address : College Road, Patuakhali City : Patuakhali Thana : Patuakhali Sadar District : Patuakhali - 8600 Country : Bangladesh","College Road, Patuakhali","Patuakhali","Patuakhali Sadar","Patuakhali - 8600","0441-63024","0441-62408","Not Found","https://www.eprocure.gov.bd/resources/common/ViewTender.jsp?id=1143355"
"Ministry of Finance","Internal Resource Division","National Board of Revenue","Taxes Zone-22, Dhaka","","Dhaka","Goods","NCT","TENDER","Tender - Single Lot","Nasha-39/e-GP/Ka:A:-22/2026-27/102","230523","1321873","Open Tendering Method (OTM)","Revenue","Government","Not applicable","Not applicable","Taxes Zone-22/2026-27/03 Procurement of different kinds of Furniture.","Manufactured goods, furniture, handicrafts, special-purpose products and associated consumables;Furniture;Seats, chairs and associated parts;Non-domestic furniture;Domestic furniture;Miscellaneous furniture and equipment;School furniture;Jewellery and related articles;Coins and medals;Articles of jewellery;Musical instruments and parts;Musical instruments;Parts and accessories of musical instruments;Sports goods and equipment;Outdoor sports equipment;Gymnasium equipment;Games and toys; fairground amusements;Dolls;Toys;Articles for funfair, table or parlour games;Miscellaneous manufactured and other goods;Laundry supplies;School slates or boards with writing or drawing surfaces;Artificial products;Apparatus and equipment designed for demonstrational purposes;Umbrellas and sunshades; walking sticks and seat sticks;Funeral supplies;Kitchen equipment, household items and catering supplies;Barracks supplies;Consumables and consumer goods;Consumables;Tax-free goods;Disposable goods;Handicraft and art supplies;Handicraft supplies;Art supplies;Special-purpose product;Police equipment;Recycled products;Security devices;Animal ear tags;Compost boxes;Tokens;Spray booths;Snow poles","27-Aug-2026 10:00","06-Sep-2026 10:00","as Per Tender Document","Procurement of different kinds of Furniture.","Lot wise","Package wise","Package wise","1000","Payment through Bank","02-Jan-2027","02-Jan-2027","1","Procurement of different kinds of Furniture.","Taxes Zone-22","45000","08-Sep-2026","30-Nov-2026","Md. Nazrul Alam Chowdhury","COMMISSIONER OF TAXES","Address : 32, Garib-E-Newaz Avenue, Sector-13, Uttara, Dhaka-1230 City : Dhaka Thana : Dhaka North City Corporation District : Dhaka - 1230 Country : Bangladesh","32, Garib-E-Newaz Avenue, Sector-13, Uttara, Dhaka-1230","Dhaka","Dhaka North City Corporation","Dhaka - 1230","02-2224471255","","Not Found","https://www.eprocure.gov.bd/resources/common/ViewTender.jsp?id=1321873"
"Ministry of Post","Telecommunications & Information Technology","Bangladesh Hi-Tech Park Authority","Digital Entrepreneurship and Innovation Eco-System Development Project","","Dhaka","Goods","NCT","TENDER","Tender - Single Lot","56.02.0000.028.07.219.26-1113-DEIEDP-BHTPA-G17-2","227414","1322889","Open Tendering Method (OTM)","Development","Government, Other Source Fund","224335600","Digital Entrepreneurship and Innovation Eco-System Development Project","DEIEDP-BHTPA - G17-2 Supply of Goods/Equipment for setting up common facilities in Shahrasti Government Multilateral High School, Cumilla, Lab-6","Office and computing machinery, equipment and supplies; Electrical machinery, apparatus, equipment and consumables; Radio, television, communication, telecommunication and related equipment and apparatus;Office machinery, equipment and supplies except computers;Word-processing machines;Photocopying and printing equipment;Post-office equipment;Calculating and accounting machines;Typewriters;Parts and accessories of typewriters and calculating machines;Various office equipment and supplies;Computer equipment and supplies;Data-processing machines;Digital cartography equipment;Computer hardware;Software;Computer systems;Servers;Electric motors, generators and transformers;Electric motors;Generators;Alternators;Cooling towers;Ballasts for discharge lamps or tubes;Parts of electric motors, generators and transformers;Transformers;Electricity distribution and control apparatus;Electrical apparatus for switching or protecting electrical circuits;Electrical circuit components;Parts of electricity distribution or control apparatus;Insulated wire and cable;Mains;Power distribution cables;Coaxial cable;Insulated cable accessories;Electric conductors for data and control purposes;Accumulators, primary cells and primary batteries;Primary cells;Primary batteries;Electric accumulators;Lighting equipment and electric lamps;Electric filament lamps;Lamps and light fittings;Parts of lamps and lighting equipment;Electrical equipment and apparatus;Electrical equipment for engines and vehicles;Sound or visual signalling apparatus;Magnets;Machines and apparatus with individual functions;Insulating fittings;Carbon electrodes;Electrical parts of machinery or apparatus;Electrical supplies and accessories;Electronic, electromechanical and electrotechnical supplies;Electronic equipment;Electromechanical equipment;Electrotechnical equipment;Electronic valves, tubes and electronic components;Electrical capacitors;Electrical resistors;Printed circuits;Valves and tubes;Semiconductors;Electronic integrated circuits and microassemblies;Parts of electronic assemblies;Modules;Transmission apparatus for radiotelephony, radiotelegraphy, radio broadcasting and television;Broadcasting equipment;Television transmission apparatus without reception apparatus;Radio transmission apparatus with reception apparatus;Television cameras;Mobile telephones;Data-transmission equipment;Digital transmission apparatus;Television and radio receivers, and sound or video recording or reproducing apparatus;Radio broadcast receivers;Television and audio-visual equipment;Apparatus for sound, video-recording and reproduction;Microphones and loudspeakers;Parts of sound and video equipment;Intercom equipment;Networks;Local area network;Network equipment;Wide area network;Telemetry and terminal equipment;Telecommunications equipment and supplies;Wireless telecommunications system;Telecommunications cable and equipment;Satellite-related communications equipment;Switchboards;Telephone equipment;Fibre-optic materials;Communications equipment;Data equipment","27-Aug-2026 09:00","14-Sep-2026 15:00","As per e-Tender Document","Supply of Goods/Equipment for setting up common facilities in Shahrasti Government Multilateral High School, Cumilla, Lab-6","Lot wise","Package wise","Package wise","2500","Payment through Bank","10-Feb-2027","10-Feb-2027","1","Supply of Goods/Equipment for setting up common facilities in Shahrasti Government Multilateral High School, Cumilla, Lab-6","Shahrasti Government Multilateral High School, Cumilla","250000","19-Oct-2026","16-Feb-2027","MONJUR MOHAMMAD SHAHRIAR","Project Director","Address : Level-9,(South), Bangladesh Copyright Bhaban, F-20/B,   West Agargaon Administrative Area, Sher-e-Bangla Nagar, Dhaka-1207. City : Dhaka Thana : Dhaka North City Corporation District : Dhaka - 1207 Country : Bangladesh","Level-9,(South), Bangladesh Copyright Bhaban, F-20/B,   West Agargaon Administrative Area, Sher-e-Bangla Nagar, Dhaka-1207.","Dhaka","Dhaka North City Corporation","Dhaka - 1207","02-223314941","","Not Found","https://www.eprocure.gov.bd/resources/common/ViewTender.jsp?id=1322889"
"Ministry of Road Transport and Bridges","Road Transport and Highways Division","Roads & Highways Department (RHD)","Chattogram South Road Division","doh001","Chattogram","Works","NCT","TENDER","Tender - Single Lot","e-GP/EE/CSRD/OTM/Retrofitting/06/2026-2027","228171","1321143","Open Tendering Method (OTM)","Revenue","Government","Not applicable","Not applicable","e-GP/EE/CSRD/OTM/Retrofitting/06/2026-2027 Retrofitting of Midway RCC Bridge at 311 th(P) Km (Chainage: 310+017m) of Dhaka (Jatrabari) Cumilla (Moynamoti)- Chattogram- Cox's Bazar- Teknaf National Highway (N-1) under Chattogram South Road Division during the year 2026-2027.","Construction work;Site preparation work;Building demolition and wrecking work and earthmoving work;Test drilling and boring work;Works for complete or part construction and civil engineering work;Building construction work;Engineering works and construction works;Construction work for pipelines, communication and power lines, for highways, roads, airfields and railways; flatwork;Construction work for water projects;Construction works for plants, mining and manufacturing and for buildings relating to the oil and gas industry;Roof works and other special trade construction works;Building installation work;Electrical installation work;Insulation work;Plumbing and sanitary works;Fencing, railing and safety equipment installation work;Mechanical installations;Building completion work;Plastering work;Joinery and carpentry installation work;Floor and wall covering work;Painting and glazing work;Other building completion work;Hire of construction and civil engineering machinery and equipment with operator;Hire of cranes with operator;Hire of earthmoving equipment with operator","27-Aug-2026 08:00","13-Sep-2026 15:00","1. Any / All tenderers who have registered in e-GP system may participate in the tender provided that they fulfill the criteria as stated in Tender Document N.B: i) Tenderers are requested to fill different Tender Forms (Section 5: Tender and Contract Forms) properly with necessary information and by uploading necessary document(s), which will considered for tender evaluation. ii) Unnecessary / Excess document(s) are discouraged to upload/attach.","Retrofitting of Midway RCC Bridge at 311 th(P) Km (Chainage: 310+017m) of Dhaka (Jatrabari) Cumilla (Moynamoti)- Chattogram- Cox's Bazar- Teknaf National Highway (N-1) under Chattogram South Road Division during the year 2026-2027.","Lot wise","Package wise","Package wise","4000","Payment through Bank","11-Mar-2027","11-Mar-2027","01","Retrofitting of Midway RCC Bridge at 311 th(P) Km (Chainage: 310+017m) of Dhaka (Jatrabari) Cumilla (Moynamoti)- Chattogram- Cox's Bazar- Teknaf National Highway (N-1) under Chattogram South Road Division during the year 2026-2027.","N-1","575000","01-Dec-2026","31-May-2027","Pintu Chakma","Executive Engineer","Address : Chattogram South Road Division, Sarak Bhaban, Dohazari City : Chattogram Thana : Chandanish District : Chattogram - 0000 Country : Bangladesh","Chattogram South Road Division, Sarak Bhaban, Dohazari","Chattogram","Chandanish","Chattogram - 0000","031-35022","","25554900.00, OTM","https://www.eprocure.gov.bd/resources/common/ViewTender.jsp?id=1321143"
"Ministry of Local Government","Rural Development and Co-operatives","Khulna City Corporation","Executive Engineer (Mech.) at Office of the Executive Engineer (Mech.) , Khulna City Corporation","","Khulna","Goods","NCT","TENDER","Tender - Single Lot","APP ID : 	216057","216057","1320596","Open Tendering Method (OTM)","Own Fund","Own Fund","Not applicable","Not applicable","KCC/Won/XEN-M/2025-26/G-83 Purchasing and Repairing works of Eicher- 5/5 No (Ten wheel) Truck, Khulna Metro U-11-0101 No DumTruck, Eicher- 16/20 No Truck, China Truck- (LGED) 04, City Building Generator, Khulna Metro Gha-12-6046 No Mark To Car, Khulna Metro Sha-11-0007 No Tipping Truck & Wheel Loder-06.","Machinery, equipment, appliances, apparatus and associated products;Machinery for the production and use of mechanical power;Turbines and motors;Pumps and compressors;Taps, cocks, valves and similar appliances;Gears, gearing and driving elements;General-purpose machinery;Industrial or laboratory furnaces, incinerators and ovens;Lifting and handling equipment and parts;Cooling and ventilation equipment;Miscellaneous general-purpose machinery;Agricultural, horticultural and forestry machinery;Agricultural and forestry machinery for soil preparation or cultivation;Harvesting machinery;Spraying machinery for agriculture or horticulture;Self-loading or unloading trailers and semi-trailers for agriculture;Specialist agricultural or forestry machinery;Tractors;Parts of agricultural and forestry machinery;Machine tools;Machine tools operated by laser and machining centres;Lathes, boring and milling machine tools;Metal-working machine tools;Machine tools for working hard materials except metals;Pneumatic or motorised hand tools;Soldering, brazing and welding tools, surface tempering and hot-spraying machines and equipment;Parts and accessories of machine tools;Special-purpose machinery and parts;Machinery for metallurgy and associated parts;Machinery for mining, quarrying and construction;Machinery for food, beverage and tobacco processing and associated parts;Machinery for textile, apparel and leather production;Machinery for paper or paperboard production;Miscellaneous special-purpose machinery;Weapons, ammunition and associated parts;Motorised tanks and armoured fighting vehicles;Military weapons;Firearms;Ammunition;Parts of military weapons;Truncheons or night sticks;Domestic appliances;Electrical domestic appliances;Non-electric domestic appliances;Miscellaneous equipment;Transport related equipment;Workshop equipment;Construction equipment;Catering equipment;Emergency and security equipment;Technical equipment;Miscellaneous equipment n.e.c.","27-Aug-2026 09:52","16-Sep-2026 17:00","As per TDS and ITT 1. The minimum specific experience as Supplier in supply of similar Goods of at least one (1) contract successfully completed within the last [state number] years, with a value of at least  TK 3,90,000.00 2. The minimum amount of financial resources as liquid asset or working capital or credit line(s) or specific credit commitment or in any combination of them, of the Tenderers shall be  TK: 5,85,000.00 3. Payment will be made upon the availability of funds. For this,s no claim will be entertained. 4. VAT & IT from the bill will be as per the prevailing Government Rate. No extra claim will be entertained in this regard. 5. To ensure the Quality of the material, Various tests shall be performed by the tenderer as per instructions.","KCC/Won/XEN-M/2025-26/G-83 Purchasing and Repairing works of Eicher- 5/5 No (Ten wheel) Truck, Khulna Metro U-11-0101 No DumTruck, Eicher- 16/20 No Truck, China Truck- (LGED) 04, City Building Generator, Khulna Metro Gha-12-6046 No Mark To Car, Khulna Metro Sha-11-0007 No Tipping Truck & Wheel Loder-06.","Lot wise","Package wise","Package wise","500","Payment through Bank","12-Feb-2027","12-Feb-2027","1","Purchasing and Repairing works of Eicher- 5/5 No (Ten wheel) Truck, Khulna Metro U-11-0101 No DumTruck, Eicher- 16/20 No Truck, China Truck- (LGED) 04, City Building Generator, Khulna Metro Gha-12-6046 No Mark To Car, Khulna Metro Sha-11-0007 No Tipping Truck & Wheel Loder-06.","Khulna City Corporation","18200","22-Oct-2026","30-Jun-2027","Bidyut Kumar Das","Executive Engineer","Address : 28 KD GHOSH ROAD ,KHULNA City : Khulna Thana : Khulna City Corporation District : Khulna - 9100 Country : Bangladesh","28 KD GHOSH ROAD ,KHULNA","Khulna","Khulna City Corporation","Khulna - 9100","041-721337","","680000.00, OTM","https://www.eprocure.gov.bd/resources/common/ViewTender.jsp?id=1320596"
"Ministry of Local Government","Rural Development and Co-operatives","Local Government Engineering Department (LGED)","Office of the Upazila Engineer, LGED, Dhamrai, Dhaka","","Dhaka","Works","NCT","TENDER","Tender - Single Lot","46.02.2614.000.721.14.0002.26.1140","230559","1322158","Open Tendering Method (OTM)","Development","Government","224398900","Construction of Union Parishad Complex Bhaban Project (Phase-3)","e-GP/UPCBP/DHAK/DHAM/2026/W055 Construction of Baisakanda Union Parishad Complex Building at Baisakanda, Dhamrai, Dhaka","Building installation work; Construction work; Building completion work;Electrical installation work;Insulation work;Plumbing and sanitary works;Fencing, railing and safety equipment installation work;Mechanical installations;Plastering work;Joinery and carpentry installation work;Floor and wall covering work;Painting and glazing work;Other building completion work","27-Aug-2026 10:00","13-Sep-2026 16:00","All criteria stipulated in the Tender Data Sheet","e-GP/UPCBP/DHAK/DHAM/2026/W055 Construction of Baisakanda Union Parishad Complex Building at Baisakanda, Dhamrai, Dhaka","Lot wise","Package wise","Package wise","4000","Payment through Bank","09-Feb-2027","09-Feb-2027","Single","Construction of Baisakanda Union Parishad Complex Building at Baisakanda, Dhamrai, Dhaka","Baisakanda, Dhamrai, Dhaka","1200000","14-Oct-2026","07-Mar-2028","Misuk Kumer Datta","Upazila Engineer","Address : Dhamrai Upazila Parishad, Dhamrai City : Dhamrai Thana : Dhamrai District : Dhaka - 1350 Country : Bangladesh","Dhamrai Upazila Parishad, Dhamrai","Dhamrai","Dhamrai","Dhaka - 1350","02-7730123","","45100000.00, OTM","https://www.eprocure.gov.bd/resources/common/ViewTender.jsp?id=1322158"
"Ministry of Public Administration","","Bangladesh Public Service Commission Secretariat","Deputy Director, Admin Section -3","003","Dhaka","Goods","NCT","TENDER","Tender - Single Lot","80.00.0000.403.32.032.25-159","227496","1321923","Open Tendering Method (OTM)","Revenue","Government","Not applicable","Not applicable","80.00.0000.403.32.032.25/Envelope Supplying envelopes of various sizes.","Printing, publishing and related services;Printing services;Printing services for books;Printing services for stationery;Printing services for security printed matter;Printing services for forms;Printing services for tickets;Printing services for calendars;Printing services for timetables;Newspaper printing services;Printing services for posters;Services related to printing;Print finishing services;Composition services;Printing and delivery services;Printing and distribution services;Publishing services;Bookbinding and finishing services;Subscription services","27-Aug-2026 09:00","07-Sep-2026 16:00","(a) Attested copy of updated trade license; (b) Attested copy of updated income tax payment certificate; (c) Attested copy of VAT registration; (d) Certificate of Liquid Assets of the amount mentioned in the schedule (photocopy not acceptable); As Bank Guarantee line of credit must be given; (e) Attested copy of the experience certificate for Supplying of envelopest of the amount mentioned in the schedule (Notification of Award (NOA)/ Contract Agreement/Work Order/enlisted certificate are not acceptable); (f) Authorization Letter (where applicable) by the appropriate person of the respective organization; (g) The relevant page of the tender schedule must be filled; (h) In addition, all the terms and conditions of the schedule and the required information must be proved.","Supplying envelopes of various sizes.","Lot wise","Package wise","Package wise","1000","Payment through Bank","04-Jan-2027","04-Jan-2027","single","Supplying envelopes of various sizes.","BPSC","30000","30-Sep-2026","29-Oct-2026","MOFIJUR RAHMAN","Deputy Director","Address : Agargaon, Sher-e-Bangla Nagar,
Dhaka-1207 City : Dhaka Thana : Dhaka North City Corporation District : Dhaka - 1207 Country : Bangladesh","","Dhaka","Dhaka North City Corporation","Dhaka - 1207","02-55006639","","1600000.00, OTM","https://www.eprocure.gov.bd/resources/common/ViewTender.jsp?id=1321923"
"Ministry of Road Transport and Bridges","Road Transport and Highways Division","Roads & Highways Department (RHD)","Kurigram Road Division","eekurigram","Kurigram","Goods","NCT","TENDER","Tender - Single Lot","e-GP/02/Supply/EE/RHD/KRD/2026-2027","230303","1323182","Open Tendering Method (OTM)","Revenue","Government","Not applicable","Not applicable","e-GP/02/Supply/EE/RHD/KRD/2026-2027 Supplying of Stone Chips, Pea-Gravels, Geo-Bag, Sand & Fire wood at RHD Kurigram Stack yard for departmental emergency repair & maintenance work for different roads of Road Sub-Division-2 under Road Division, Kurigram during the FY 2026-2027.","Engineering works and construction works; Works for complete or part construction and civil engineering work;","27-Aug-2026 10:00","13-Sep-2026 17:00","1. Any/All tenderers who have registration in the Government e-GP system may participate in the tender provided they fulfill the criteria stated in the Tender Data Sheet (TDS).The Tenderer shall be evaluated based on the latest revision of PPA-2006 & PPR-2025. 2. The Tenderers must upload Rate Analysis in support of their quoted rates. 3. The Tenderer will be evaluated in the e-GP system.","Supplying of Stone Chips, Pea-Gravels, Geo-Bag, Sand & Fire wood at RHD Kurigram Stack yard for departmental emergency repair & maintenance work for different roads of Road Sub-Division-2 under Road Division, Kurigram during the FY 2026-2027.","Lot wise","Package wise","Package wise","1500","Payment through Bank","09-Feb-2027","09-Feb-2027","01","Supplying of Stone Chips, Pea-Gravels, Geo-Bag, Sand & Fire wood at RHD Kurigram Stack yard for departmental emergency repair & maintenance work for different roads of Road Sub-Division-2 under Road Division, Kurigram during the FY 2026-2027.","As given in the brief Description of works","80000","01-Oct-2026","31-Dec-2026","Mir Nizam Uddin Ahmed","Executive Engineer","Address : Executive Engineer, Kurigram Road Division City : Kurigram Thana : Kurigram Sadar District : Kurigram - 0581 Country : Bangladesh","Executive Engineer, Kurigram Road Division","Kurigram","Kurigram Sadar","Kurigram - 0581","0581-61658","0581-61658","2994000.00, OTM","https://www.eprocure.gov.bd/resources/common/ViewTender.jsp?id=1323182"
"Ministry of Road Transport and Bridges","Road Transport and Highways Division","Roads & Highways Department (RHD)","Chattogram South Road Division","doh001","Chattogram","Goods","NCT","TENDER","Tender - Single Lot","e-GP/EE/CSRD/OTM/Supply/07/2026-2027","228171","1322227","Open Tendering Method (OTM)","Revenue","Government","Not applicable","Not applicable","e-GP/EE/CSRD/OTM/Supply/07/2026-2027 Supplying of Bullah, Gunny Bag, Geo Bag and Drum Sheet for Routine Maintenance work at different Road of Dohazari Road Sub-Division under Chattogram South Road Division during the year 2026-2027.","Works for complete or part construction and civil engineering work; Construction work;Building construction work;Engineering works and construction works;Construction work for pipelines, communication and power lines, for highways, roads, airfields and railways; flatwork;Construction work for water projects;Construction works for plants, mining and manufacturing and for buildings relating to the oil and gas industry;Roof works and other special trade construction works","27-Aug-2026 08:00","06-Sep-2026 15:00","1. Any / All tenderers who have registered in e-GP system may participate in the tender provided that they fulfill the criteria as stated in Tender Document N.B: i) Tenderers are requested to fill different Tender Forms (Section 5: Tender and Contract Forms) properly with necessary information and by uploading necessary document(s), which will considered for tender evaluation. ii) Unnecessary / Excess document(s) are discouraged to upload/attach.","Supplying of Bullah, Gunny Bag, Geo Bag and Drum Sheet for Routine Maintenance work at different Road of Dohazari Road Sub-Division under Chattogram South Road Division during the year 2026-2027.","Lot wise","Package wise","Package wise","500","Payment through Bank","04-Mar-2027","04-Mar-2027","01","Supplying of Bullah, Gunny Bag, Geo Bag and Drum Sheet for Routine Maintenance work at different Road of Dohazari Road Sub-Division under Chattogram South Road Division during the year 2026-2027.","Dohazari Road Sub-Division","22000","01-Nov-2026","31-Oct-2027","Pintu Chakma","Executive Engineer","Address : Chattogram South Road Division, Sarak Bhaban, Dohazari City : Chattogram Thana : Chandanish District : Chattogram - 0000 Country : Bangladesh","Chattogram South Road Division, Sarak Bhaban, Dohazari","Chattogram","Chandanish","Chattogram - 0000","031-35022","","970700.00, OTM","https://www.eprocure.gov.bd/resources/common/ViewTender.jsp?id=1322227"
"Ministry of Road Transport and Bridges","Road Transport and Highways Division","Roads & Highways Department (RHD)","Workshop Division, Santahar","workdivsan","Bogura","Goods","NCT","TENDER","Tender - Single Lot","EEWDS/ME-37/2026-27","228614","1324085","Open Tendering Method (OTM)","Revenue","Government","Not applicable","Not applicable","EEWDS/ME-37/2025-26 Supplying of Different Type Tools/filters for Repairing Inspection vehicles and Road Maintanance Truck for Different Road Division under workshop Division Santahar, Bogura  during the Year 2026-27.","Machinery for the production and use of mechanical power; Machinery, equipment, appliances, apparatus and associated products; Motor vehicles, trailers and vehicle parts; Motor vehicles; Vehicle bodies, trailers or semi-trailers; Parts and accessories for vehicles and their engines; Motorcycles, bicycles and sidecars;Turbines and motors;Pumps and compressors;Taps, cocks, valves and similar appliances;Gears, gearing and driving elements;Passenger cars;Motor vehicles for the transport of 10 or more persons;Motor vehicles for the transport of goods;Heavy-duty motor vehicles;Vehicle bodies;Trailers, semi-trailers and mobile containers;Engines and engine parts;Mechanical spare parts except engines and engine parts;Test benches;Vehicle conversion kits;Seat belts;Spare parts for goods vehicles;Spare parts for vans;Spare parts for cars;Tractor accessories;Motorcycles;Motor scooters;Cycles with auxiliary motors;Bicycles","27-Aug-2026 10:00","09-Sep-2026 10:00","01. Up to date Trade License. 02. Up to date VAT Certificate. 03. Up to date TIN Certificate. 04. Nationality Certificate/National ID Card. 05. Authorization Letter. 06. A satisfactory completion certificate of similar works of at least Tk. 3.80 (Three point Eight lakh) under 01 (Single) of contract(s) over a period of 10 [Ten] years in any Government/Semi Government/Autonomous organizations. 07. Tenderer must have a minimum period of general experience 03 (Three) years i.e the tenderer must provide experience certificates of last 05 (Five) years. 08. Certificate of the minimum amount of liquid assets or working capital or credit facilities of the Tenderer shall be Tk. 3.80 (Three point Eight lakh) Bank Statement will not be considered as certificate of liquid assets. 09. Tenderer must have minimum average annual construction Turnover of Tk. 3.80 (Three point Eight lakh) during the last 05 (Five) years. Only the payment certificate will be granted as CTO certificate. 10.Each spare parts/item must be original and of same quality (tested).","Supplying of Different Type Tools/filters for Repairing Inspection vehicles and Road Maintanance Truck for Different Road Division under workshop Division Santahar, Bogura during the Year 2026-27.","Lot wise","Package wise","Package wise","500","Payment through Bank","04-Feb-2027","04-Feb-2027","01","Supplying of Different Type Tools/filters for Repairing Inspection vehicles and Road Maintanance Truck for Different Road Division under workshop Division Santahar, Bogura  during the Year 2026-27.","Workshop Sub-Division,Santahar,Bogura","14000","10-Sep-2026","30-Sep-2026","A.K.M. Monzur Morshed","Executive Engineer","Address : Workshop Division, Santahar City : santahar Thana : Adamdighi District : Bogura - 0000 Country : Bangladesh","Workshop Division, Santahar","santahar","Adamdighi","Bogura - 0000","02-717350","","600331.00, OTM","https://www.eprocure.gov.bd/resources/common/ViewTender.jsp?id=1324085"
"Ministry of Home Affairs","","Bangladesh Police","Central Procurement Section, Rapid Action Battalion Forces Headquarters, Kurmitola, Dhaka","00174","Dhaka","Goods","NCT","TENDER","Tender - Single Lot","RAB HQ/CPS/2026-2027/3258116/221 Date:17-08-2026","225831","1319484","Open Tendering Method (OTM)","Revenue","Government","Not applicable","Not applicable","G-21B/2026-2027 Repairing & Procurement of Networking Accessories and Power Backup System.","Radio, television, communication, telecommunication and related equipment and apparatus; Electronic valves, tubes and electronic components; Transmission apparatus for radiotelephony, radiotelegraphy, radio broadcasting and television; Television and radio receivers, and sound or video recording or reproducing apparatus; Networks; Telecommunications equipment and supplies;Electrical capacitors;Electrical resistors;Printed circuits;Valves and tubes;Semiconductors;Electronic integrated circuits and microassemblies;Parts of electronic assemblies;Modules;Broadcasting equipment;Television transmission apparatus without reception apparatus;Radio transmission apparatus with reception apparatus;Television cameras;Mobile telephones;Data-transmission equipment;Digital transmission apparatus;Radio broadcast receivers;Television and audio-visual equipment;Apparatus for sound, video-recording and reproduction;Microphones and loudspeakers;Parts of sound and video equipment;Intercom equipment;Local area network;Network equipment;Wide area network;Telemetry and terminal equipment;Wireless telecommunications system;Telecommunications cable and equipment;Satellite-related communications equipment;Switchboards;Telephone equipment;Fibre-optic materials;Communications equipment;Data equipment","27-Aug-2026 09:00","06-Sep-2026 09:00","The Bidder should have valid Trade License, Current Bank Solvency Certificate, Income Tax Certificate, VAT Registration Certificate. Bidder should not be Blacklisted by any Government Organization in Bangladesh.","Repairing & Procurement of Networking Accessories and Power Backup System.","Lot wise","Package wise","Package wise","2500","Payment through Bank","03-Mar-2027","03-Mar-2027","1","Repairing & Procurement of Networking Accessories and Power Backup System.","RAB Forces Headquarters, Kurmitola-1229","135000","07-Sep-2026","01-Nov-2026","Md. Rakib Hasan","Senior Assistant Director","Address : Central Procurement Section, Rapid Action Battalion Forces Headquarters, Kurmitola, Dhaka City : Dhaka Thana : Dhaka North City Corporation District : Dhaka - 1229 Country : Bangladesh","Central Procurement Section, Rapid Action Battalion Forces Headquarters, Kurmitola, Dhaka","Dhaka","Dhaka North City Corporation","Dhaka - 1229","02-7913104","","8000000.00, OTM","https://www.eprocure.gov.bd/resources/common/ViewTender.jsp?id=1319484"
"Ministry of Agriculture","","Department of Agricultural Extension (DAE)","Improvement of Nutrition and Reduction of Poverty through Mushroom Cultivation","224368100","Dhaka","Works","NCT","TENDER","Tender - Single Lot","12.12.0000.012.07.001.23.346","215003","1316088","Open Tendering Method (OTM)","Development","Government","224368100","Improvement of Nutrition and Reduction of Poverty through Mushroom Cultivation","W/MUSHROOM/DAE-8/Lot-1/3 Construction of Workshop Cum Laboratory Building at 4 Mushroom Sub-Centers(Pabna,Tangail, Dinajpur, Natore) under INRPMC Project","Construction work;Site preparation work;Building demolition and wrecking work and earthmoving work;Test drilling and boring work;Works for complete or part construction and civil engineering work;Building construction work;Engineering works and construction works;Construction work for pipelines, communication and power lines, for highways, roads, airfields and railways; flatwork;Construction work for water projects;Construction works for plants, mining and manufacturing and for buildings relating to the oil and gas industry;Roof works and other special trade construction works;Building installation work;Electrical installation work;Insulation work;Plumbing and sanitary works;Fencing, railing and safety equipment installation work;Mechanical installations;Building completion work;Plastering work;Joinery and carpentry installation work;Floor and wall covering work;Painting and glazing work;Other building completion work;Hire of construction and civil engineering machinery and equipment with operator;Hire of cranes with operator;Hire of earthmoving equipment with operator","27-Aug-2026 10:30","09-Sep-2026 17:00","1. The Tenderers must have minimum 10 (Ten) years of general experience of Construction works. 2. The minimum specific experience as a Prime Contractor or Subcontractor or Management Contractor in construction works under public sector of at least 1(One) contract(s) of Construction including Civil, Internal Sanitary & Electrification works (which has been executed in minimum four (4) different locations simultaneously) successfully completed within the last 05 (five) years, with a value of at least Tk. 80.00 (Eighty) Lakh. Years counting backward from the date of publication of IFT in the newspaper. 3. The required average annual construction turnover under public sector shall be greater than Tk. 75.00 (Seventy Five) Lakh in the last 5 (Five) years financial years. Payment certificates for contract in progress or completed under public sector during last 5 (five) years must be submitted along with the tender in support of average annual construction turnover.Years counting backward from the date of publication of IFT in the newspaper. 4. The Tenderer must have a minimum liquid assets/ working capital/credit facilities (in the PW2a-3 form without any alteration) Tk. 90 (Ninety) Lakh. 5. The Tender Capacity is Tk. 75.00 (Seventy Five)  Lakh. Supporting document must be submitted along with information as per enclosed form (ongoing works/commitments) 6. The Tenderer must enclose VAT registration certificate, Up-to-date Income Tax clearance certificate, Up- to-date Trade license and Up-to-date ABC Contractor and Supervisory License. All other conditions as mentioned in TDS & PCC of e-tender document must be fulfilled.","Construction of Workshop Cum Laboratory Building at 4 Mushroom Sub-Centers(Pabna,Tangail, Dinajpur, Natore) under INRPMC Project","Lot wise","Package wise","Package wise","2500","Payment through Bank","06-Jan-2027","06-Jan-2027","1","Construction of Workshop Cum Laboratory Building at 4 Mushroom Sub-Centers(Pabna,Tangail, Dinajpur, Natore) under INRPMC Project","Horticulture Center Pabna,Tangail, Dinajpur, Natore","260000","01-Oct-2026","02-May-2027","Mst. Akhter Jahan Kakon","Project Director","Address : Room no. 506, Rear building, 4th floor, Department of Agricultural Extension (DAE), Khamarbari, Dhaka City : Dhaka Thana : Dhaka North City Corporation District : Dhaka - 1215 Country : Bangladesh","Room no. 506, Rear building, 4th floor, Department of Agricultural Extension (DAE), Khamarbari, Dhaka","Dhaka","Dhaka North City Corporation","Dhaka - 1215","02-224445646","","Not Found","https://www.eprocure.gov.bd/resources/common/ViewTender.jsp?id=1316088"
"Ministry of Post","Telecommunications & Information Technology","Bangladesh Hi-Tech Park Authority","Digital Entrepreneurship and Innovation Eco-System Development Project","","Dhaka","Physical Services","NCT","PPS","","","227414","1319327","Open Tendering Method (OTM)","Development","Government, Other Source Fund","224335600","Digital Entrepreneurship and Innovation Eco-System Development Project","DEIEDP-BHTPA-NS-20-2 Supply of Vehicle Through Outsourcing","Motor vehicles, trailers and vehicle parts;Motor vehicles;Passenger cars;Motor vehicles for the transport of 10 or more persons;Motor vehicles for the transport of goods;Heavy-duty motor vehicles;Vehicle bodies, trailers or semi-trailers;Vehicle bodies;Trailers, semi-trailers and mobile containers;Parts and accessories for vehicles and their engines;Engines and engine parts;Mechanical spare parts except engines and engine parts;Test benches;Vehicle conversion kits;Seat belts;Spare parts for goods vehicles;Spare parts for vans;Spare parts for cars;Tractor accessories;Motorcycles, bicycles and sidecars;Motorcycles;Motor scooters;Cycles with auxiliary motors;Bicycles","27-Aug-2026 09:00","13-Sep-2026 16:00","As per e-Tender Document.","Supply of Vehicle Through Outsourcing","Package wise","","Package wise","2500","Payment through Bank","09-Feb-2027","09-Feb-2027","","","Dhaka","","30-Sep-2026","30-Dec-2027","MONJUR MOHAMMAD SHAHRIAR","Project Director","Address : Level-9,(South), Bangladesh Copyright Bhaban, F-20/B,   West Agargaon Administrative Area, Sher-e-Bangla Nagar, Dhaka-1207. City : Dhaka Thana : Dhaka North City Corporation District : Dhaka - 1207 Country : Bangladesh","Level-9,(South), Bangladesh Copyright Bhaban, F-20/B,   West Agargaon Administrative Area, Sher-e-Bangla Nagar, Dhaka-1207.","Dhaka","Dhaka North City Corporation","Dhaka - 1207","02-223314941","","9058000.00, OTM","https://www.eprocure.gov.bd/resources/common/ViewTender.jsp?id=1319327"
"Ministry of Shipping","","Chittagong Port Authority","Workshop Manager","","Chattogram","Goods","NCT","TENDER","Tender - Single Lot","18.13.0000.424.07.109.25","216110","1275282","Open Tendering Method (OTM)","Own Fund","Own Fund","Not applicable","Not applicable","18.13.0000.424.07.109.25 Procurement of 14(Fourteen) item of spare parts for 03T Capacity FLT of Chittagong Port Authority.","Machinery, equipment, appliances, apparatus and associated products;Machinery for the production and use of mechanical power;Turbines and motors;Pumps and compressors;Taps, cocks, valves and similar appliances;Gears, gearing and driving elements;General-purpose machinery;Industrial or laboratory furnaces, incinerators and ovens;Lifting and handling equipment and parts;Cooling and ventilation equipment;Miscellaneous general-purpose machinery;Agricultural, horticultural and forestry machinery;Agricultural and forestry machinery for soil preparation or cultivation;Harvesting machinery;Spraying machinery for agriculture or horticulture;Self-loading or unloading trailers and semi-trailers for agriculture;Specialist agricultural or forestry machinery;Tractors;Parts of agricultural and forestry machinery;Machine tools;Machine tools operated by laser and machining centres;Lathes, boring and milling machine tools;Metal-working machine tools;Machine tools for working hard materials except metals;Pneumatic or motorised hand tools;Soldering, brazing and welding tools, surface tempering and hot-spraying machines and equipment;Parts and accessories of machine tools;Special-purpose machinery and parts;Machinery for metallurgy and associated parts;Machinery for mining, quarrying and construction;Machinery for food, beverage and tobacco processing and associated parts;Machinery for textile, apparel and leather production;Machinery for paper or paperboard production;Miscellaneous special-purpose machinery;Weapons, ammunition and associated parts;Motorised tanks and armoured fighting vehicles;Military weapons;Firearms;Ammunition;Parts of military weapons;Truncheons or night sticks;Domestic appliances;Electrical domestic appliances;Non-electric domestic appliances;Miscellaneous equipment;Transport related equipment;Workshop equipment;Construction equipment;Catering equipment;Emergency and security equipment;Technical equipment;Miscellaneous equipment n.e.c.","27-Aug-2026 10:00","14-Sep-2026 12:00","Any tenderer of countries with which Bangladesh has commercial relation and who fulfils the qualifications stated in the Tender document","Procurement of 14(Fourteen) item of spare parts for 03T Capacity FLT of Chittagong Port Authority.","Lot wise","Package wise","Package wise","1500","Payment through Bank","10-Apr-2027","10-Apr-2027","1","Procurement of 14(Fourteen) item of spare parts for 03T Capacity FLT of Chittagong Port Authority.","Central Workshop,Chittagong Port Authority","80000","15-Nov-2026","15-Sep-2027","Tajuddin  Ahmed","Workshop Manager","Address : Central Workshop, Near Jetty Gate # 03, Bandar City : Chittagong Thana : Chattogram City Corporation District : Chattogram - 4100 Country : Bangladesh","Central Workshop, Near Jetty Gate # 03, Bandar","Chittagong","Chattogram City Corporation","Chattogram - 4100","031-2510155","031-2510889","Not Found","https://www.eprocure.gov.bd/resources/common/ViewTender.jsp?id=1275282"
"Ministry of Health and Family Welfare","Health Services Division","Directorate General of Health Services (DGHS)","Sakhipur Upazila Health Complex","","Tangail","Goods","NCT","TENDER","Tender - Single Lot","Sakhipur Tangail/2026-27/6","229219","1316031","Open Tendering Method (OTM)","Revenue","Government","Not applicable","Not applicable","Sakhipur Tangail/2026-27/6 Procurement of Medical Furniture for the FY 2026-27 at Sakhipur Upazila Health Complex, Tangail.","Medical and laboratory devices, optical and precision devices, watches and clocks, pharmaceuticals and related medical consumables; Health and social work services;Medical devices;Imaging equipment for medical, dental and veterinary use;Functional exploration;Dentistry;Medical non-chemical consumables and haematological consumables;Therapy;Operating techniques;Anaesthesia and resuscitation;Functional support;Miscellaneous medical devices;Instruments and appliances for measuring, checking, testing and navigating;Navigational, meteorological, geological and geophysical instruments;Remote-control equipment;Precision balances, instruments for drawing, calculating and measuring length;Instruments for measuring quantities;Instruments for checking physical characteristics;Checking and testing apparatus;Regulating and controlling instruments and apparatus;Non-medical equipment based on the use of radiations;Industrial process control equipment;Optical instruments;Spectacles and lenses;Polarising material;Astronomical and optical instruments;Liquid crystal devices;Photographic equipment;Horological instruments;Watches and clocks;Health services;Hospital and related services;Medical practice and related services;Dental practice and related services;Miscellaneous health services;Veterinary services;Social work and related services;Social work services;Social services","27-Aug-2026 10:00","07-Sep-2026 12:00","As Per TDS","Procurement of Medical Furniture for the FY 2026-27 at Sakhipur Upazila Health Complex, Tangail.","Lot wise","Package wise","Package wise","500","Payment through Bank","03-Jan-2027","03-Jan-2027","1","Procurement of Medical Furniture for the FY 2026-27 at Sakhipur Upazila Health Complex, Tangail.","UHC Sakhipur","10000","24-Sep-2026","31-Dec-2026","RAHANA PERVIN","UH&FPO","Address : SAKHIPUR, TANGAIL City : Sakhipur Thana : Shakhipur District : Tangail - 1950 Country : Bangladesh","SAKHIPUR, TANGAIL","Sakhipur","Shakhipur","Tangail - 1950","09-23256013","","Not Found","https://www.eprocure.gov.bd/resources/common/ViewTender.jsp?id=1316031"
"Ministry of Energy","Power and Mineral Resources","Titas Gas Transmission & Distribution PLC","Regional Operation Department-Gazipur","","Gazipur","Works","NCT","TENDER","Tender - Single Lot","ROD/G/2026-27/01","229558","1321281","Open Tendering Method (OTM)","Own Fund","Own Fund","Not applicable","Not applicable","ROD/G/2026-27/01 Procurement Works for Pigging and Hydrostatic Test of 6''x1000 PSIG 26.32 KM Gas Transmission Pipeline from Rupganj Gas Field to Kamta Gas Field to Joydebpur CGS.","Building demolition and wrecking work and earthmoving work; Site preparation work; Engineering works and construction works; Transport by pipeline of natural gas; Pipeline transport services;","27-Aug-2026 10:00","06-Sep-2026 10:00","Eligibility of Tenderer:- Procurement Works for Pigging and Hydrostatic Test of 6''x1000 PSIG 26.32 KM Gas Transmission Pipeline from Rupganj Gas Field to Kamta Gas Field to Joydebpur CGS 1. The minimum number of years of general experience of the Tenderer in Government / Semi-government / autonomous body or under any project financed/ invested by the foreign agencies as Prime Contractor/Sub Contractor/ Third Party shall be 05 (five) years. (Years counting backward from the date of publication of IFT in the newspaper) 2. The required specific experience shall be demonstrated in the work through the successful completion of 01 (one) no contract of construction  or rehabiliation related work in transmission pipeline as 1.4 enlisted contractor under Petrobangla & its Companies over the last five (5) years, with a contract value of not less than BDT 40 (Forty) Lakh. The related evidences must be submitted along with the tender (Years counting backward from the date of publication of IFT in the newspaper) 3. The required average annual turnover of the Tenderer shall be greater than Tk. 100 (Hundred) lakh over the best 03 years from last 05 years.","Brief Description of Works:- Procurement Works for Pigging and Hydrostatic Test of 6''x1000 PSIG 26.32 KM Gas Transmission Pipeline from Rupganj Gas Field to Kamta Gas Field to Joydebpur CGS as follows: a) Preparation of Pigging Works b) Initial Pigging, and Condensate Management c) Water Management, and Hydrostatic testing d) Tie-In and Final Pigging of Pipeline e) Leakage Repair and Others related hydrostatic works (if leakage found) f) Commissioning and Documentation g) Related works & services.","Lot wise","Package wise","Package wise","2500","Payment through Bank","02-Jan-2027","02-Jan-2027","Lot-I","Procurement Works for Pigging and Hydrostatic Test of 6''x1000 PSIG 26.32 KM Pipeline from Rupganj Gas Field to Kamta Gas Field to Joydebpur CGS.","Rupganj-Kamta-Joydebpur","200000","16-Sep-2026","18-Oct-2026","MD. MAHFUZUL HOQUE","Deputy General Manager","Address : Chandra, Gazipur. City : Chandra Thana : Kaliakoir District : Gazipur - 1751 Country : Bangladesh","Chandra, Gazipur.","Chandra","Kaliakoir","Gazipur - 1751","02-9262118","","Not Found","https://www.eprocure.gov.bd/resources/common/ViewTender.jsp?id=1321281"
"Ministry of Finance","Internal Resource Division","National Board of Revenue","Taxes Zone-22, Dhaka","","Dhaka","Goods","NCT","TENDER","Tender - Single Lot","Nasha-39/e-GP/Ka:A:-22/2026-27/105","230523","1321877","Open Tendering Method (OTM)","Revenue","Government","Not applicable","Not applicable","Taxes Zone-22/2026-27/06 Procurement of Other Machineries and Accessories","Office and computing machinery, equipment and supplies;Office machinery, equipment and supplies except computers;Word-processing machines;Photocopying and printing equipment;Post-office equipment;Calculating and accounting machines;Typewriters;Parts and accessories of typewriters and calculating machines;Various office equipment and supplies;Computer equipment and supplies;Data-processing machines;Digital cartography equipment;Computer hardware;Software;Computer systems;Servers","27-Aug-2026 10:00","06-Sep-2026 10:00","As  per Tender Document","Procurement of Other Machineries and Accessories","Lot wise","Package wise","Package wise","1000","Payment through Bank","02-Jan-2027","02-Jan-2027","1","Procurement of Other Machineries and Accessories","Taxes Zone-22","40000","07-Sep-2026","30-Nov-2026","Md. Nazrul Alam Chowdhury","COMMISSIONER OF TAXES","Address : 32, Garib-E-Newaz Avenue, Sector-13, Uttara, Dhaka-1230 City : Dhaka Thana : Dhaka North City Corporation District : Dhaka - 1230 Country : Bangladesh","32, Garib-E-Newaz Avenue, Sector-13, Uttara, Dhaka-1230","Dhaka","Dhaka North City Corporation","Dhaka - 1230","02-2224471255","","Not Found","https://www.eprocure.gov.bd/resources/common/ViewTender.jsp?id=1321877"
"Ministry of Home Affairs","","Bangladesh Police","Supply Division, Chattogram Metropolitan Police, Chattogram","000193","Chattogram","Goods","NCT","TENDER","Tender - Single Lot","CMPSupply/Rev/26-27/OTM/11","215359","1322947","Open Tendering Method (OTM)","Revenue","Government","Not applicable","Not applicable","CMPSupply/Rev/26-27/OTM/11 Supply of Fortified Soyabean Oil for Ration of Chattogram Metropolitan Police (2nd Quarter). FY-2026-2027","Edible fats; Animal or vegetable oils and fats;","27-Aug-2026 10:00","14-Sep-2026 12:00","As per TDS","Supply of Fortified Soyabean Oil for Ration of Chattogram Metropolitan Police (2nd Quarter). FY-2026-2027","Lot wise","Package wise","Package wise","4000","Payment through Bank","10-Jan-2027","10-Jan-2027","1","Supply of Fortified Soyabean Oil for Ration of Chattogram Metropolitan Police (2nd Quarter). FY-2026-2027","Chattogram Metropolitan Police Line Ration Store Dampara and Monsurabad","850000","01-Oct-2026","29-Oct-2026","MD. FERDOUSH ALI CHOWDHURY","Deputy Police Commissioner","Address : Supply Division, Chattogram Metropolitan Police, Chattogram City : Chattogram Thana : Chattogram City Corporation District : Chattogram - 4226 Country : Bangladesh","Supply Division, Chattogram Metropolitan Police, Chattogram","Chattogram","Chattogram City Corporation","Chattogram - 4226","031-631237","02-9144252","Not Found","https://www.eprocure.gov.bd/resources/common/ViewTender.jsp?id=1322947"
"Ministry of Post","Telecommunications & Information Technology","Bangladesh Hi-Tech Park Authority","Digital Entrepreneurship and Innovation Eco-System Development Project","","Dhaka","Goods","NCT","TENDER","Tender - Single Lot","56.02.0000.028.07.222.26-1115-DEIEDP-BHTPA-G17-5","227414","1322657","Open Tendering Method (OTM)","Development","Government, Other Source Fund","224335600","Digital Entrepreneurship and Innovation Eco-System Development Project","DEIEDP-BHTPA-G17- 5 Supply of goods/equipment for setting up common facilities in Burichang Ershad Degree College, Burichang, Cumilla-Lab-9","Computer and related services;Hardware consultancy services;Hardware selection consultancy services;Hardware disaster-recovery consultancy services;Computer-site planning consultancy services;Computer hardware acceptance testing consultancy services;Computer audit consultancy and hardware consultancy services;Software programming and consultancy services;Programming services of packaged software products;Systems and technical consultancy services;Custom software development services;Systems analysis and programming services;System maintenance and support services;Software-related services;Data services;Data-processing services;Database services;Computer-related services;Computer-related management services;Computer support and consultancy services;Computer network services;Computer upgrade services;Computer audit services;Computer testing services;Computer back-up services;Computer catalogue conversion services;Computer-related professional services","27-Aug-2026 09:00","14-Sep-2026 16:00","As per e-Tender Document","Supply of goods/equipment for setting up common facilities in Burichang Ershad Degree College, Burichang, Cumilla-Lab-9","Lot wise","Package wise","Package wise","2500","Payment through Bank","10-Feb-2027","10-Feb-2027","1","Supply of goods/equipment for setting up common facilities in Burichang Ershad Degree College, Burichang, Cumilla-Lab-9","Burichang Ershad Degree College, Burichang, Cumilla-","250000","19-Oct-2026","16-Feb-2027","MONJUR MOHAMMAD SHAHRIAR","Project Director","Address : Level-9,(South), Bangladesh Copyright Bhaban, F-20/B,   West Agargaon Administrative Area, Sher-e-Bangla Nagar, Dhaka-1207. City : Dhaka Thana : Dhaka North City Corporation District : Dhaka - 1207 Country : Bangladesh","Level-9,(South), Bangladesh Copyright Bhaban, F-20/B,   West Agargaon Administrative Area, Sher-e-Bangla Nagar, Dhaka-1207.","Dhaka","Dhaka North City Corporation","Dhaka - 1207","02-223314941","","Not Found","https://www.eprocure.gov.bd/resources/common/ViewTender.jsp?id=1322657"
