"Ministry","Division","Organization","Procuring Entity Name","Procuring Entity Code","Procuring Entity District","Procurement Nature","Procurement Type","Event Type","Invitation for ","Invitation Reference No.","App ID","Tender/Proposal ID","Procurement Method ","Budget Type","Source of Funds","Project Code","Project Name","Tender/Proposal Package No. and Description","Category","Scheduled Tender/Proposal Publication Date and Time","Tender/Proposal Document last selling / downloading Date and Time","Eligibility of Tenderer","Brief Description of Works","Evaluation Type","Document Available","Document Fees","Tender/Proposal Document Price (In BDT) ","Mode of Payment","Tender/Proposal Security Valid Up to","Tender/Proposal Valid Up to","Lot No.","Identification of Lot","Location","Tender/Proposal security(Amount in BDT)","Tentative Start Date","Tentative Completion Date","Name of Official Inviting Tender/Proposal","Designation of Official Inviting Tender/Proposal","Address of Official Inviting Tender/Proposal","Address","City","Thana","District","Phone No","Estimated Cost","Tender Link"
"Ministry of Local Government","Rural Development and Co-operatives","Local Government Engineering Department (LGED)","Office of the Executive Engineer, LGED, Cumilla","","Cumilla","Works","NCT","TENDER","Tender - Single Lot","No: 130, Dt: 28/06/26, (IFT No. 06/2026-27)","225272","1312681","Open Tendering Method (OTM)","Development","Government","224423500","Important Rural Infrastructure Development Project Under Cumilla District","CIDP/S.Daksin/2025-26/W-25 Part-A: Improvement of Goalgaon UP-Dakhin Himmatpur-Kamalpur Road at Ch: 783-1350m (Road ID: 419914127) (Salvage Cost: 2,49,787/-, (i) Earth Work (1309.299cum), (ii) Road Work (567m), (iii) Construction of  0.600mx0.600m Cross drain at Ch: 799m, 871m & 1185m, Construction 0.900mx0.900m Cross drain at Ch: 1037m on the same road, (iv) Construction of 86m Protective Work on the same road, (iv) Road Safety Work (567m) , Part-B: Improvement of Joynagar Mosq.-Joynagar gucca Gram-Rajashpur-ECO park Road at Ch: 225-1274m (Road ID: 419914128) (Salvage Cost: 2,50,035/-, (i) Earth Work (2005.741cum), (ii) Road Work (1049m), (iii) Construction of  0.90mx0.90m U-Drain at Ch: 465m &  Construction of 1x0.600mx0.600m U-Drain at Ch: 909m on the same road, (iv) Construction of 15m Protective Work on the same road, (v) Road Safety Work (1049m), Part-C: Improvement of Banipur Purbapara -Subbornopur Road at Ch: 00-725m (Road ID: 419915122) (Salvage Cost: 13,93,886/-, (i) Earth Work (1220.337cum), (ii) Road Work (725m), (iii) Construction of  1x0.600mx0.600m U-Drain at Ch: 0m, 154m & 224m & Construction Irrigation Drain at Ch: 230-287m on the same road, (iv) Construction of 127m Protective Work on the same road, (v) Road Safety Work (725m), Part-D: Improvement of  Sathbaria-Babanpur High School Road at Ch: 00-572m (Road ID: 419915251) (Salvage Cost: 10,65,346/-, (i) Earth Work (2006.462cum), (ii) Road Work (572m), (iii) Construction of  0.900mx0.900m Cross drain at Ch: 187m, 294m, 387m & 437m, on the same road, (iv) Road Safety Work (572m) under Sadar Daksin Upazila, District: Cumilla.","Construction work;Site preparation work;Building demolition and wrecking work and earthmoving work;Test drilling and boring work;Works for complete or part construction and civil engineering work;Building construction work;Engineering works and construction works;Construction work for pipelines, communication and power lines, for highways, roads, airfields and railways; flatwork;Construction work for water projects;Construction works for plants, mining and manufacturing and for buildings relating to the oil and gas industry;Roof works and other special trade construction works;Building installation work;Electrical installation work;Insulation work;Plumbing and sanitary works;Fencing, railing and safety equipment installation work;Mechanical installations;Building completion work;Plastering work;Joinery and carpentry installation work;Floor and wall covering work;Painting and glazing work;Other building completion work;Hire of construction and civil engineering machinery and equipment with operator;Hire of cranes with operator;Hire of earthmoving equipment with operator","10-Aug-2026 10:10","01-Sep-2026 16:00","As per TDS","CIDP/S.Daksin/2025-26/W-25 Part-A: Improvement of Goalgaon UP-Dakhin Himmatpur-Kamalpur Road at Ch: 783-1350m (Road ID: 419914127) (Salvage Cost: 2,49,787/-, (i) Earth Work (1309.299cum), (ii) Road Work (567m), (iii) Construction of 0.600mx0.600m Cross drain at Ch: 799m, 871m & 1185m, Construction 0.900mx0.900m Cross drain at Ch: 1037m on the same road, (iv) Construction of 86m Protective Work on the same road, (iv) Road Safety Work (567m) , Part-B: Improvement of Joynagar Mosq.-Joynagar gucca Gram-Rajashpur-ECO park Road at Ch: 225-1274m (Road ID: 419914128) (Salvage Cost: 2,50,035/-, (i) Earth Work (2005.741cum), (ii) Road Work (1049m), (iii) Construction of 0.90mx0.90m U-Drain at Ch: 465m & Construction of 1x0.600mx0.600m U-Drain at Ch: 909m on the same road, (iv) Construction of 15m Protective Work on the same road, (v) Road Safety Work (1049m), Part-C: Improvement of Banipur Purbapara -Subbornopur Road at Ch: 00-725m (Road ID: 419915122) (Salvage Cost: 13,93,886/-, (i) Earth Work (1220.337cum), (ii) Road Work (725m), (iii) Construction of 1x0.600mx0.600m U-Drain at Ch: 0m, 154m & 224m & Construction Irrigation Drain at Ch: 230-287m on the same road, (iv) Construction of 127m Protective Work on the same road, (v) Road Safety Work (725m), Part-D: Improvement of Sathbaria-Babanpur High School Road at Ch: 00-572m (Road ID: 419915251) (Salvage Cost: 10,65,346/-, (i) Earth Work (2006.462cum), (ii) Road Work (572m), (iii) Construction of 0.900mx0.900m Cross drain at Ch: 187m, 294m, 387m & 437m, on the same road, (iv) Road Safety Work (572m) under Sadar Daksin Upazila, District: Cumilla.","Lot wise","Package wise","Package wise","4000","Payment through Bank","28-Jan-2027","28-Jan-2027","1","Part-A: Improvement of Goalgaon UP-Dakhin Himmatpur-Kamalpur Road at Ch: 783-1350m (Road ID: 419914127) (Salvage Cost: 2,49,787/-, (i) Earth Work (1309.299cum), (ii) Road Work (567m), (iii) Construction of  0.600mx0.600m Cross drain at Ch: 799m, 871m & 1185m, Construction 0.900mx0.900m Cross drain at Ch: 1037m on the same road, (iv) Construction of 86m Protective Work on the same road, (iv) Road Safety Work (567m) , Part-B: Improvement of Joynagar Mosq.-Joynagar gucca Gram-Rajashpur-ECO park Road at Ch: 225-1274m (Road ID: 419914128) (Salvage Cost: 2,50,035/-, (i) Earth Work (2005.741cum), (ii) Road Work (1049m), (iii) Construction of  0.90mx0.90m U-Drain at Ch: 465m &  Construction of 1x0.600mx0.600m U-Drain at Ch: 909m on the same road, (iv) Construction of 15m Protective Work on the same road, (v) Road Safety Work (1049m), Part-C: Improvement of Banipur Purbapara -Subbornopur Road at Ch: 00-725m (Road ID: 419915122) (Salvage Cost: 13,93,886/-, (i) Earth Work (1220.337cum), (ii) Road Work (725m), (iii) Construction of  1x0.600mx0.600m U-Drain at Ch: 0m, 154m & 224m & Construction Irrigation Drain at Ch: 230-287m on the same road, (iv) Construction of 127m Protective Work on the same road, (v) Road Safety Work (725m), Part-D: Improvement of  Sathbaria-Babanpur High School Road at Ch: 00-572m (Road ID: 419915251) (Salvage Cost: 10,65,346/-, (i) Earth Work (2006.462cum), (ii) Road Work (572m), (iii) Construction of  0.900mx0.900m Cross drain at Ch: 187m, 294m, 387m & 437m, on the same road, (iv) Road Safety Work (572m) under Sadar Daksin Upazila, District: Cumilla.","Sadar Daksin Upazila","1175000","22-Sep-2026","21-Dec-2027","Md. Mafiz Uddin","Executive Engineer","Address : XEN Office, LGED, Cumilla City : Cumilla Thana : Cumilla City Corporation District : Cumilla - 3500 Country : Bangladesh","XEN Office, LGED, Cumilla","Cumilla","Cumilla City Corporation","Cumilla - 3500","081-68960","39180000.00,OTM","https://www.eprocure.gov.bd/resources/common/ViewTender.jsp?id=1312681"
"Ministry of Local Government","Rural Development and Co-operatives","Local Government Engineering Department (LGED)","Office of the Executive Engineer, LGED, Cumilla","","Cumilla","Works","NCT","TENDER","Tender - Single Lot","No: 1342, Dt: 07-05-26, (IFT No. 06/2026-27)","217220","1314726","Open Tendering Method (OTM)","Development","Government","224393100","Chattogram Division Upazila and  Union Road Widening and Strengthening Project","CDWSP/CUM/MURA/W-55 Widening & Strengthening of Panuarpool RHD-Eliotgonj GC Road at Ch. 13510-20430m BC Road and RCC Box Culvert 1No 2x3.00mx4.00m , 1No 1x4.00mx3.50m,  1No 2x3.00mx4.00m, 1No 1x3.00mx3.00m, 1No 2x4.00mx4.00m & 1No 2x4.00mx4.00m under Muradnagar Upazila Cumilla District Road ID No. 419812004 (Value of Recovered Material Tk= 12,16,638.00)","Construction work;Site preparation work;Building demolition and wrecking work and earthmoving work;Test drilling and boring work;Works for complete or part construction and civil engineering work;Building construction work;Engineering works and construction works;Construction work for pipelines, communication and power lines, for highways, roads, airfields and railways; flatwork;Construction work for water projects;Construction works for plants, mining and manufacturing and for buildings relating to the oil and gas industry;Roof works and other special trade construction works;Building installation work;Electrical installation work;Insulation work;Plumbing and sanitary works;Fencing, railing and safety equipment installation work;Mechanical installations;Building completion work;Plastering work;Joinery and carpentry installation work;Floor and wall covering work;Painting and glazing work;Other building completion work;Hire of construction and civil engineering machinery and equipment with operator;Hire of cranes with operator;Hire of earthmoving equipment with operator","10-Aug-2026 10:10","24-Aug-2026 16:00","As per TDS","CDWSP/CUM/MURA/W-55 Widening & Strengthening of Panuarpool RHD-Eliotgonj GC Road at Ch. 13510-20430m BC Road and RCC Box Culvert 1No 2x3.00mx4.00m , 1No 1x4.00mx3.50m, 1No 2x3.00mx4.00m, 1No 1x3.00mx3.00m, 1No 2x4.00mx4.00m & 1No 2x4.00mx4.00m under Muradnagar Upazila Cumilla District Road ID No. 419812004 (Value of Recovered Material Tk= 12,16,638.00) (2nd Call)","Lot wise","Package wise","Package wise","5000","Payment through Bank","20-Jan-2027","20-Jan-2027","1","Widening & Strengthening of Panuarpool RHD-Eliotgonj GC Road at Ch. 13510-20430m BC Road and RCC Box Culvert 1No 2x3.00mx4.00m , 1No 1x4.00mx3.50m,  1No 2x3.00mx4.00m, 1No 1x3.00mx3.00m, 1No 2x4.00mx4.00m & 1No 2x4.00mx4.00m under Muradnagar Upazila Cumilla District Road ID No. 419812004 (Value of Recovered Material Tk= 12,16,638.00)","Muradnagar Upazila","6661000","30-Sep-2026","29-Mar-2028","Md. Mafiz Uddin","Executive Engineer","Address : XEN Office, LGED, Cumilla City : Cumilla Thana : Cumilla City Corporation District : Cumilla - 3500 Country : Bangladesh","XEN Office, LGED, Cumilla","Cumilla","Cumilla City Corporation","Cumilla - 3500","081-68960","222070000.00,OTM","https://www.eprocure.gov.bd/resources/common/ViewTender.jsp?id=1314726"
"Ministry of Local Government","Rural Development and Co-operatives","Local Government Engineering Department (LGED)","Office of the Executive Engineer, LGED, Cumilla","","Cumilla","Works","NCT","TENDER","Tender - Single Lot","No: 1890, Dt: 23/07/26, (IFT No. 06/2026-27)","228652","1313556","Open Tendering Method (OTM)","Development","Government","224325300","Cyclone Amphan & Flood Damage Rural Infrastructure Rehabilitation Project","CAFDRIRP/Cumilla/VR/ER/W-119/2026-27 Rehabilitation of Kurpai NHW-Pihor Bazar Road from Ch: 00m-1235m (Road ID: 419184070) under Burichong Upazila, District: Cumilla.","Construction work;Site preparation work;Building demolition and wrecking work and earthmoving work;Test drilling and boring work;Works for complete or part construction and civil engineering work;Building construction work;Engineering works and construction works;Construction work for pipelines, communication and power lines, for highways, roads, airfields and railways; flatwork;Construction work for water projects;Construction works for plants, mining and manufacturing and for buildings relating to the oil and gas industry;Roof works and other special trade construction works;Building installation work;Electrical installation work;Insulation work;Plumbing and sanitary works;Fencing, railing and safety equipment installation work;Mechanical installations;Building completion work;Plastering work;Joinery and carpentry installation work;Floor and wall covering work;Painting and glazing work;Other building completion work;Hire of construction and civil engineering machinery and equipment with operator;Hire of cranes with operator;Hire of earthmoving equipment with operator","10-Aug-2026 10:10","24-Aug-2026 16:00","As per TDS","CAFDRIRP/Cumilla/VR/ER/W-119/2026-27 Rehabilitation of Kurpai NHW-Pihor Bazar Road from Ch: 00m-1235m (Road ID: 419184070) under Burichong Upazila, District: Cumilla.","Lot wise","Package wise","Package wise","2500","Payment through Bank","20-Jan-2027","20-Jan-2027","1","Rehabilitation of Kurpai NHW-Pihor Bazar Road from Ch: 00m-1235m (Road ID: 419184070) under Burichong Upazila, District: Cumilla.","Burichong Upazila","252000","22-Sep-2026","20-May-2027","Md. Mafiz Uddin","Executive Engineer","Address : XEN Office, LGED, Cumilla City : Cumilla Thana : Cumilla City Corporation District : Cumilla - 3500 Country : Bangladesh","XEN Office, LGED, Cumilla","Cumilla","Cumilla City Corporation","Cumilla - 3500","081-68960","Not Found","https://www.eprocure.gov.bd/resources/common/ViewTender.jsp?id=1313556"
"Ministry of Local Government","Rural Development and Co-operatives","Local Government Engineering Department (LGED)","Office of the Executive Engineer, LGED, Cumilla","","Cumilla","Works","NCT","TENDER","Tender - Single Lot","No: 129, Dt: 28/06/26, (IFT No. 07/2026-27)","225272","1312682","Open Tendering Method (OTM)","Development","Government","224423500","Important Rural Infrastructure Development Project Under Cumilla District","CIDP/Barura/2025-26/W-27 Part-A: Improvement of Balua Chowmohoni-Chiliona Bazar via Chilitali Madrasha Road at Ch: 2070-2700m (Road ID: 419094089) , (i) Earth Work (157.815cum), (ii) Road Work (630m), (iii) Construction of  0.90mx0.90m U-drain at Ch: 2078m on the same road, (iv) Road Safety Work (630m) , Part-B: Improvement of Shaharpadua (R&H)-Aroi chowmohoni-Dighol (UZR) Road at Ch: 900-1900m (Road ID: 419094057) , (i) Earth Work (191.785cum), (ii) Road Work (1000m), (iii) Construction of  0.900mx0.900m U-Drain at Ch: 1115m, 1251m, 1576m on the same road, (iv) Construction of 13m Protective Work on the same road, (v) Road Safety Work (1000m), Part-C: Improvement of Laksmipur-Deora Road at Ch: 1016-1806m (Road ID: 419094014) , (i) Earth Work (377.305cum), (ii) Road Work (684m), (iii) Construction of  1x3.00mx3.00m Box Culvert at Ch: 1310m on the same road, (iv) Construction of 99m Protective Work on the same road, (v) Road Safety Work (684m) under Barura Upazila, District: Cumilla.","Construction work;Site preparation work;Building demolition and wrecking work and earthmoving work;Test drilling and boring work;Works for complete or part construction and civil engineering work;Building construction work;Engineering works and construction works;Construction work for pipelines, communication and power lines, for highways, roads, airfields and railways; flatwork;Construction work for water projects;Construction works for plants, mining and manufacturing and for buildings relating to the oil and gas industry;Roof works and other special trade construction works;Building installation work;Electrical installation work;Insulation work;Plumbing and sanitary works;Fencing, railing and safety equipment installation work;Mechanical installations;Building completion work;Plastering work;Joinery and carpentry installation work;Floor and wall covering work;Painting and glazing work;Other building completion work;Hire of construction and civil engineering machinery and equipment with operator;Hire of cranes with operator;Hire of earthmoving equipment with operator","10-Aug-2026 10:10","01-Sep-2026 16:00","As per TDS","CIDP/Barura/2025-26/W-27 Part-A: Improvement of Balua Chowmohoni-Chiliona Bazar via Chilitali Madrasha Road at Ch: 2070-2700m (Road ID: 419094089) , (i) Earth Work (157.815cum), (ii) Road Work (630m), (iii) Construction of 0.90mx0.90m U-drain at Ch: 2078m on the same road, (iv) Road Safety Work (630m) , Part-B: Improvement of Shaharpadua (R&H)-Aroi chowmohoni-Dighol (UZR) Road at Ch: 900-1900m (Road ID: 419094057) , (i) Earth Work (191.785cum), (ii) Road Work (1000m), (iii) Construction of 0.900mx0.900m U-Drain at Ch: 1115m, 1251m, 1576m on the same road, (iv) Construction of 13m Protective Work on the same road, (v) Road Safety Work (1000m), Part-C: Improvement of Laksmipur-Deora Road at Ch: 1016-1806m (Road ID: 419094014) , (i) Earth Work (377.305cum), (ii) Road Work (684m), (iii) Construction of 1x3.00mx3.00m Box Culvert at Ch: 1310m on the same road, (iv) Construction of 99m Protective Work on the same road, (v) Road Safety Work (684m) under Barura Upazila, District: Cumilla.","Lot wise","Package wise","Package wise","4000","Payment through Bank","28-Jan-2027","28-Jan-2027","1","Part-A: Improvement of Balua Chowmohoni-Chiliona Bazar via Chilitali Madrasha Road at Ch: 2070-2700m (Road ID: 419094089) , (i) Earth Work (157.815cum), (ii) Road Work (630m), (iii) Construction of  0.90mx0.90m U-drain at Ch: 2078m on the same road, (iv) Road Safety Work (630m) , Part-B: Improvement of Shaharpadua (R&H)-Aroi chowmohoni-Dighol (UZR) Road at Ch: 900-1900m (Road ID: 419094057) , (i) Earth Work (191.785cum), (ii) Road Work (1000m), (iii) Construction of  0.900mx0.900m U-Drain at Ch: 1115m, 1251m, 1576m on the same road, (iv) Construction of 13m Protective Work on the same road, (v) Road Safety Work (1000m), Part-C: Improvement of Laksmipur-Deora Road at Ch: 1016-1806m (Road ID: 419094014) , (i) Earth Work (377.305cum), (ii) Road Work (684m), (iii) Construction of  1x3.00mx3.00m Box Culvert at Ch: 1310m on the same road, (iv) Construction of 99m Protective Work on the same road, (v) Road Safety Work (684m) under Barura Upazila, District: Cumilla.","Barura Upazila","861000","30-Sep-2026","29-Dec-2027","Md. Mafiz Uddin","Executive Engineer","Address : XEN Office, LGED, Cumilla City : Cumilla Thana : Cumilla City Corporation District : Cumilla - 3500 Country : Bangladesh","XEN Office, LGED, Cumilla","Cumilla","Cumilla City Corporation","Cumilla - 3500","081-68960","28705000.00,OTM","https://www.eprocure.gov.bd/resources/common/ViewTender.jsp?id=1312682"
"Ministry of Local Government","Rural Development and Co-operatives","Local Government Engineering Department (LGED)","Office of the Executive Engineer, LGED, Cumilla","","Cumilla","Works","NCT","TENDER","Tender - Single Lot","No: 28, Dt: 07/05/26, (IFT No. 07/2026-27)","225272","1315511","Open Tendering Method (OTM)","Development","Government","224423500","Important Rural Infrastructure Development Project Under Cumilla District","CIDP/Para/2025-26/CW-04 Part-A: Improvement of Bejora-Mohalaxipara-Balina - Fatahabad Road at (Ch: 2500-3500m) (Road ID: 419154021) (Salvage Cost Tk.84 691/-), (i) (Earth Work 4097.83cum), (ii) Road Work (1000m), (iii) Protective Work 112m, (iv) Road Safety Work (1000m),  Part-B: Improvement of Jiroin Chand Miah Master Bari Road at (Ch: 00-270m) (Road ID: 419155009) (Salvage Cost Tk.1,98,773/-), (i) (Earth Work 1429.677cum), (ii) Road Work (207m), (iii) Protective Work 61m, (iv) Road Safety Work (270m),   Part-C: Improvement of Baradushiya-Kalamuria - Deosh Road at (Ch: 00-529m) (Road ID: 419155070) (Salvage Cost Tk.1,69,863/-), (i) (Earth Work 1053.111cum), (ii) Road Work (529m), (iii) Protective Work 200m, (iv) Road Safety Work (529m),  Part-D: Improvement of Prajapati Bazar-Larucho Badsha Mia Bari Road at (Ch: 00-870m) (Road ID: 419155205) (Salvage Cost Tk.15,72,782/-), (i) (Earth Work (4480.65cum), (ii) Road Work (870m), (iii) Protective Work 188m, (iv) Road Safety Work (870m) under Brahmanpara Upazila, District: Cumilla.","Construction work;Site preparation work;Building demolition and wrecking work and earthmoving work;Test drilling and boring work;Works for complete or part construction and civil engineering work;Building construction work;Engineering works and construction works;Construction work for pipelines, communication and power lines, for highways, roads, airfields and railways; flatwork;Construction work for water projects;Construction works for plants, mining and manufacturing and for buildings relating to the oil and gas industry;Roof works and other special trade construction works;Building installation work;Electrical installation work;Insulation work;Plumbing and sanitary works;Fencing, railing and safety equipment installation work;Mechanical installations;Building completion work;Plastering work;Joinery and carpentry installation work;Floor and wall covering work;Painting and glazing work;Other building completion work;Hire of construction and civil engineering machinery and equipment with operator;Hire of cranes with operator;Hire of earthmoving equipment with operator","10-Aug-2026 10:10","19-Aug-2026 16:00","As per TDS","CIDP/Para/2025-26/CW-04 Part-A: Improvement of Bejora-Mohalaxipara-Balina - Fatahabad Road at (Ch: 2500-3500m) (Road ID: 419154021) (Salvage Cost Tk.84 691/-), (i) (Earth Work 4097.83cum), (ii) Road Work (1000m), (iii) Protective Work 112m, (iv) Road Safety Work (1000m), Part-B: Improvement of Jiroin Chand Miah Master Bari Road at (Ch: 00-270m) (Road ID: 419155009) (Salvage Cost Tk.1,98,773/-), (i) (Earth Work 1429.677cum), (ii) Road Work (207m), (iii) Protective Work 61m, (iv) Road Safety Work (270m), Part-C: Improvement of Baradushiya-Kalamuria - Deosh Road at (Ch: 00-529m) (Road ID: 419155070) (Salvage Cost Tk.1,69,863/-), (i) (Earth Work 1053.111cum), (ii) Road Work (529m), (iii) Protective Work 200m, (iv) Road Safety Work (529m), Part-D: Improvement of Prajapati Bazar-Larucho Badsha Mia Bari Road at (Ch: 00-870m) (Road ID: 419155205) (Salvage Cost Tk.15,72,782/-), (i) (Earth Work (4480.65cum), (ii) Road Work (870m), (iii) Protective Work 188m, (iv) Road Safety Work (870m) under Brahmanpara Upazila, District: Cumilla (3rd Call)","Lot wise","Package wise","Package wise","4000","Payment through Bank","15-Jan-2027","15-Jan-2027","1","Part-A: Improvement of Bejora-Mohalaxipara-Balina - Fatahabad Road at (Ch: 2500-3500m) (Road ID: 419154021) (Salvage Cost Tk.84 691/-), (i) (Earth Work 4097.83cum), (ii) Road Work (1000m), (iii) Protective Work 112m, (iv) Road Safety Work (1000m),
 Part-B: Improvement of Jiroin Chand Miah Master Bari Road at (Ch: 00-270m) (Road ID: 419155009) (Salvage Cost Tk.1,98,773/-), (i) (Earth Work 1429.677cum), (ii) Road Work (207m), (iii) Protective Work 61m, (iv) Road Safety Work (270m),  
Part-C: Improvement of Baradushiya-Kalamuria - Deosh Road at (Ch: 00-529m) (Road ID: 419155070) (Salvage Cost Tk.1,69,863/-), (i) (Earth Work 1053.111cum), (ii) Road Work (529m), (iii) Protective Work 200m, (iv) Road Safety Work (529m), 
Part-D: Improvement of Prajapati Bazar-Larucho Badsha Mia Bari Road at (Ch: 00-870m) (Road ID: 419155205) (Salvage Cost Tk.15,72,782/-), (i) (Earth Work (4480.65cum), (ii) Road Work (870m), (iii) Protective Work 188m, (iv) Road Safety Work (870m) under Brahmanpara Upazila, District: Cumilla.","Brahmanpara Upazila","1125000","28-Sep-2026","27-Dec-2027","Md. Mafiz Uddin","Executive Engineer","Address : XEN Office, LGED, Cumilla City : Cumilla Thana : Cumilla City Corporation District : Cumilla - 3500 Country : Bangladesh","XEN Office, LGED, Cumilla","Cumilla","Cumilla City Corporation","Cumilla - 3500","081-68960","37510000.00,OTM","https://www.eprocure.gov.bd/resources/common/ViewTender.jsp?id=1315511"
"Ministry of Local Government","Rural Development and Co-operatives","Local Government Engineering Department (LGED)","Office of the Executive Engineer, LGED, Cumilla","","Cumilla","Works","NCT","TENDER","Tender - Single Lot","No: 127, Dt: 28/06/26, (IFT No. 07/2026-27)","225272","1312685","Open Tendering Method (OTM)","Development","Government","224423500","Important Rural Infrastructure Development Project Under Cumilla District","CIDP/Nangol/2025-26/W-29 Part-A: Improvement of Kashipur-Jeniara-Dhanmuri Road at Ch: 1470-2400m (Road ID: 419874220) , (i) Earth Work (858.630cum), (ii) Road Work (930m), (iii) Construction of  0.600mx0.600m U-drain at Ch: 1891m on the same road, (iv) Construction of 104m Protective on the same road, (v) Road Safety Work (930m), Part-B: Improvement of Narachow-Ullahkhali Govt. Pry. School Road at Ch: 00-1300m (Road ID: 419874316) , (i) Earth Work (715.99cum), (ii) Road Work (1300m), (iii) Construction of 164m Protective Work on the same road, (iv) Road Safety Work (1300m) under Nangalkot Upazila, District: Cumilla.","Construction work;Site preparation work;Building demolition and wrecking work and earthmoving work;Test drilling and boring work;Works for complete or part construction and civil engineering work;Building construction work;Engineering works and construction works;Construction work for pipelines, communication and power lines, for highways, roads, airfields and railways; flatwork;Construction work for water projects;Construction works for plants, mining and manufacturing and for buildings relating to the oil and gas industry;Roof works and other special trade construction works;Building installation work;Electrical installation work;Insulation work;Plumbing and sanitary works;Fencing, railing and safety equipment installation work;Mechanical installations;Building completion work;Plastering work;Joinery and carpentry installation work;Floor and wall covering work;Painting and glazing work;Other building completion work;Hire of construction and civil engineering machinery and equipment with operator;Hire of cranes with operator;Hire of earthmoving equipment with operator","10-Aug-2026 10:10","01-Sep-2026 16:00","As per TDS","CIDP/Nangol/2025-26/W-29 Part-A: Improvement of Kashipur-Jeniara-Dhanmuri Road at Ch: 1470-2400m (Road ID: 419874220) , (i) Earth Work (858.630cum), (ii) Road Work (930m), (iii) Construction of 0.600mx0.600m U-drain at Ch: 1891m on the same road, (iv) Construction of 104m Protective on the same road, (v) Road Safety Work (930m), Part-B: Improvement of Narachow-Ullahkhali Govt. Pry. School Road at Ch: 00-1300m (Road ID: 419874316) , (i) Earth Work (715.99cum), (ii) Road Work (1300m), (iii) Construction of 164m Protective Work on the same road, (iv) Road Safety Work (1300m) under Nangalkot Upazila, District: Cumilla.","Lot wise","Package wise","Package wise","4000","Payment through Bank","28-Jan-2027","28-Jan-2027","1","Part-A: Improvement of Kashipur-Jeniara-Dhanmuri Road at Ch: 1470-2400m (Road ID: 419874220) , (i) Earth Work (858.630cum), (ii) Road Work (930m), (iii) Construction of  0.600mx0.600m U-drain at Ch: 1891m on the same road, (iv) Construction of 104m Protective on the same road, (v) Road Safety Work (930m), Part-B: Improvement of Narachow-Ullahkhali Govt. Pry. School Road at Ch: 00-1300m (Road ID: 419874316) , (i) Earth Work (715.99cum), (ii) Road Work (1300m), (iii) Construction of 164m Protective Work on the same road, (iv) Road Safety Work (1300m) under Nangalkot Upazila, District: Cumilla.","Nangalkot Upazila","808000","30-Sep-2026","29-Dec-2027","Md. Mafiz Uddin","Executive Engineer","Address : XEN Office, LGED, Cumilla City : Cumilla Thana : Cumilla City Corporation District : Cumilla - 3500 Country : Bangladesh","XEN Office, LGED, Cumilla","Cumilla","Cumilla City Corporation","Cumilla - 3500","081-68960","26960000.00,OTM","https://www.eprocure.gov.bd/resources/common/ViewTender.jsp?id=1312685"
"Ministry of Local Government","Rural Development and Co-operatives","Local Government Engineering Department (LGED)","Office of the Executive Engineer, LGED, Cumilla","","Cumilla","Works","NCT","TENDER","Tender - Single Lot","No: 26, Dt: 11/05/26, (IFT No. 07/2026-27)","225272","1315512","Open Tendering Method (OTM)","Development","Government","224423500","Important Rural Infrastructure Development Project Under Cumilla District","CIDP/Sadar/2025-26/Wid.W-01 Part-A: Improvement of Monagram - Bowarabazar Road at Ch: 00-3350m (Road ID: 419674008) (Salvage Cost Tk.10,889/-), (i) Earth Work (3081.816cum), (ii) Road Widening (3350m), (iii) Protective Work 262m, (iv) Structure Work (1.00mx1.00m Box Culvert at Ch. 212m) , (v) Road Safety Work (3350m), Part-B: Improvement of Kalir Bazar GC to Haripur Bazar RHD Road (Sadar part) Road at Ch: 00-1328m (Road ID: 419672009), (i) Earth Work (2557.102cum), (ii) Road Widening (1328m), (iii) Protective Work (368m), (iv) Road Safety Work (1328m) under Adarsha Sadar Upazila, District: Cumilla.","Construction work;Site preparation work;Building demolition and wrecking work and earthmoving work;Test drilling and boring work;Works for complete or part construction and civil engineering work;Building construction work;Engineering works and construction works;Construction work for pipelines, communication and power lines, for highways, roads, airfields and railways; flatwork;Construction work for water projects;Construction works for plants, mining and manufacturing and for buildings relating to the oil and gas industry;Roof works and other special trade construction works;Building installation work;Electrical installation work;Insulation work;Plumbing and sanitary works;Fencing, railing and safety equipment installation work;Mechanical installations;Building completion work;Plastering work;Joinery and carpentry installation work;Floor and wall covering work;Painting and glazing work;Other building completion work;Hire of construction and civil engineering machinery and equipment with operator;Hire of cranes with operator;Hire of earthmoving equipment with operator","10-Aug-2026 10:10","19-Aug-2026 16:00","As per TDS","CIDP/Sadar/2025-26/Wid.W-01 Part-A: Improvement of Monagram - Bowarabazar Road at Ch: 00-3350m (Road ID: 419674008) (Salvage Cost Tk.10,889/-), (i) Earth Work (3081.816cum), (ii) Road Widening (3350m), (iii) Protective Work 262m, (iv) Structure Work (1.00mx1.00m Box Culvert at Ch. 212m) , (v) Road Safety Work (3350m), Part-B: Improvement of Kalir Bazar GC to Haripur Bazar RHD Road (Sadar part) Road at Ch: 00-1328m (Road ID: 419672009), (i) Earth Work (2557.102cum), (ii) Road Widening (1328m), (iii) Protective Work (368m), (iv) Road Safety Work (1328m) under Adarsha Sadar Upazila, District: Cumilla (3rd Call).","Lot wise","Package wise","Package wise","4000","Payment through Bank","15-Jan-2027","15-Jan-2027","1","Part-A: Improvement of Monagram - Bowarabazar Road at Ch: 00-3350m (Road ID: 419674008) (Salvage Cost Tk.10,889/-), (i) Earth Work (3081.816cum), (ii) Road Widening (3350m), (iii) Protective Work 262m, (iv) Structure Work (1.00mx1.00m Box Culvert at Ch. 212m) , (v) Road Safety Work (3350m), Part-B: Improvement of Kalir Bazar GC to Haripur Bazar RHD Road (Sadar part) Road at Ch: 00-1328m (Road ID: 419672009), (i) Earth Work (2557.102cum), (ii) Road Widening (1328m), (iii) Protective Work (368m), (iv) Road Safety Work (1328m) under Adarsha Sadar Upazila, District: Cumilla.","Adarsha Sadar Upazila","1310000","28-Sep-2026","27-Dec-2027","Md. Mafiz Uddin","Executive Engineer","Address : XEN Office, LGED, Cumilla City : Cumilla Thana : Cumilla City Corporation District : Cumilla - 3500 Country : Bangladesh","XEN Office, LGED, Cumilla","Cumilla","Cumilla City Corporation","Cumilla - 3500","081-68960","43770000.00,OTM","https://www.eprocure.gov.bd/resources/common/ViewTender.jsp?id=1315512"
"Ministry of Local Government","Rural Development and Co-operatives","Local Government Engineering Department (LGED)","Office of the Executive Engineer, LGED, Cumilla","","Cumilla","Works","NCT","TENDER","Tender - Single Lot","No: 128, Dt: 28/06/26, (IFT No. 07/2026-27)","225272","1312683","Open Tendering Method (OTM)","Development","Government","224423500","Important Rural Infrastructure Development Project Under Cumilla District","CIDP/Barura/2025-26/W-28 Part-A: Improvement of Barura Engineer's Gate Vauxhall Paba Road Shakpur Engineer's Bari Jame Mosque to Shakpur Puran Bazar via Palbari Perpeti UP paved Road at Ch: 00-950m (Road ID: 419095333) , (i) Earth Work (348.666cum), (ii) Road Work (950m), (iii) Construction of  0.900mx0.900m U-drain at Ch: 425m & 859m on the same road, (iv) Construction of 226m Protective Work on the same road, (v) Road Safety Work (950m) , Part-B: Improvement of Jalam-Jagatpur RHD Road choto barara Bottoli Bazar to Koraitali Talukder House jama mosjid via orain koraitoli Road at Ch: 00-800m (Road ID: 419095286) , (i) Earth Work (384.344cum), (ii) Road Work (800m), (iii) Construction of  0.900mx0.900m U-Drain at Ch: 50m, 124m & 410m on the same road, (iv) Construction of 60m Protective Work on the same road, (v) Road Safety Work (800m), Part-C: Improvement of Jalgaon-Pomtala-Khatakpur Road at Ch: 1170-1770m (Road ID: 419095133) , (i) Earth Work (324.965cum), (ii) Road Work (600m), (iii) Construction of 259m Protective Work on the same road, (iv) Road Safety Work (600m) under Barura Upazila, District: Cumilla.","Construction work;Site preparation work;Building demolition and wrecking work and earthmoving work;Test drilling and boring work;Works for complete or part construction and civil engineering work;Building construction work;Engineering works and construction works;Construction work for pipelines, communication and power lines, for highways, roads, airfields and railways; flatwork;Construction work for water projects;Construction works for plants, mining and manufacturing and for buildings relating to the oil and gas industry;Roof works and other special trade construction works;Building installation work;Electrical installation work;Insulation work;Plumbing and sanitary works;Fencing, railing and safety equipment installation work;Mechanical installations;Building completion work;Plastering work;Joinery and carpentry installation work;Floor and wall covering work;Painting and glazing work;Other building completion work;Hire of construction and civil engineering machinery and equipment with operator;Hire of cranes with operator;Hire of earthmoving equipment with operator","10-Aug-2026 10:10","01-Sep-2026 16:00","As per TDS","CIDP/Barura/2025-26/W-28 Part-A: Improvement of Barura Engineer's Gate Vauxhall Paba Road Shakpur Engineer's Bari Jame Mosque to Shakpur Puran Bazar via Palbari Perpeti UP paved Road at Ch: 00-950m (Road ID: 419095333) , (i) Earth Work (348.666cum), (ii) Road Work (950m), (iii) Construction of 0.900mx0.900m U-drain at Ch: 425m & 859m on the same road, (iv) Construction of 226m Protective Work on the same road, (v) Road Safety Work (950m) , Part-B: Improvement of Jalam-Jagatpur RHD Road choto barara Bottoli Bazar to Koraitali Talukder House jama mosjid via orain koraitoli Road at Ch: 00-800m (Road ID: 419095286) , (i) Earth Work (384.344cum), (ii) Road Work (800m), (iii) Construction of 0.900mx0.900m U-Drain at Ch: 50m, 124m & 410m on the same road, (iv) Construction of 60m Protective Work on the same road, (v) Road Safety Work (800m), Part-C: Improvement of Jalgaon-Pomtala-Khatakpur Road at Ch: 1170-1770m (Road ID: 419095133) , (i) Earth Work (324.965cum), (ii) Road Work (600m), (iii) Construction of 259m Protective Work on the same road, (iv) Road Safety Work (600m) under Barura Upazila, District: Cumilla.","Lot wise","Package wise","Package wise","4000","Payment through Bank","28-Jan-2027","28-Jan-2027","1","Part-A: Improvement of Barura Engineer's Gate Vauxhall Paba Road Shakpur Engineer's Bari Jame Mosque to Shakpur Puran Bazar via Palbari Perpeti UP paved Road at Ch: 00-950m (Road ID: 419095333) , (i) Earth Work (348.666cum), (ii) Road Work (950m), (iii) Construction of  0.900mx0.900m U-drain at Ch: 425m & 859m on the same road, (iv) Construction of 226m Protective Work on the same road, (v) Road Safety Work (950m) , Part-B: Improvement of Jalam-Jagatpur RHD Road choto barara Bottoli Bazar to Koraitali Talukder House jama mosjid via orain koraitoli Road at Ch: 00-800m (Road ID: 419095286) , (i) Earth Work (384.344cum), (ii) Road Work (800m), (iii) Construction of  0.900mx0.900m U-Drain at Ch: 50m, 124m & 410m on the same road, (iv) Construction of 60m Protective Work on the same road, (v) Road Safety Work (800m), Part-C: Improvement of Jalgaon-Pomtala-Khatakpur Road at Ch: 1170-1770m (Road ID: 419095133) , (i) Earth Work (324.965cum), (ii) Road Work (600m), (iii) Construction of 259m Protective Work on the same road, (iv) Road Safety Work (600m) under Barura Upazila, District: Cumilla.","Barura Upazila","959000","22-Sep-2026","21-Dec-2027","Md. Mafiz Uddin","Executive Engineer","Address : XEN Office, LGED, Cumilla City : Cumilla Thana : Cumilla City Corporation District : Cumilla - 3500 Country : Bangladesh","XEN Office, LGED, Cumilla","Cumilla","Cumilla City Corporation","Cumilla - 3500","081-68960","31990000.00,OTM","https://www.eprocure.gov.bd/resources/common/ViewTender.jsp?id=1312683"
"Ministry of Local Government","Rural Development and Co-operatives","Local Government Engineering Department (LGED)","Office of the Executive Engineer, LGED, Cumilla","","Cumilla","Works","NCT","TENDER","Tender - Single Lot","No: 131, Dt: 28/06/26, (IFT No. 06/2026-27)","225272","1312680","Open Tendering Method (OTM)","Development","Government","224423500","Important Rural Infrastructure Development Project Under Cumilla District","CIDP/Meghna/2025-26/W-24 Part-A: Improvement of Chandanpur UPC-Radhanagar UPC via Boroshapmara Road at Ch: 1000-2500m (Road ID: 419883009) , (i) Earth Work (5248.709cum), (ii) Road Work (1500m), (iii) Construction of 137m Protective Work on the same road, (iv) Road Safety Work (1500m), Part-B: Improvement of Baharkhola Karam Ali Halot - Omrakanda Bhaterchar High way Connecting Road at Ch: 00-910m (Road ID: 419884055), (i) Earth Work (3962.987cum), (ii) Road Work (910m), (iii) Construction of 70m Protective Work on the same road, (iv) Road Safety Work (910m) , Part-C: Improvement of Baidanathpur Bazar-Algi Road at Ch: 00-850m (Road ID: 419885014) , (i) Earth Work (1650.051cum), (ii) Road Work (850m), (iii) Construction of 114m Protective Work on the same road, (iv) Road Safety Work (850m), Part-D: Improvement of Shibnagar East Khatakhali bridge via shibnagar Mosque-Upazila HQ Connecting Road at Ch: 00-900m (Road ID: 419885036) , (i) Earth Work (4005.344cum), (ii) Road Work (900m), (iii) Construction of Surface drain at Ch: 30m, 530m, 610m and 890m on the same road, (iv) Construction of 155m Protective Work on the same road, (iv) Road Safety Work (900m) under Meghna Upazila, District: Cumilla.","Construction work;Site preparation work;Building demolition and wrecking work and earthmoving work;Test drilling and boring work;Works for complete or part construction and civil engineering work;Building construction work;Engineering works and construction works;Construction work for pipelines, communication and power lines, for highways, roads, airfields and railways; flatwork;Construction work for water projects;Construction works for plants, mining and manufacturing and for buildings relating to the oil and gas industry;Roof works and other special trade construction works;Building installation work;Electrical installation work;Insulation work;Plumbing and sanitary works;Fencing, railing and safety equipment installation work;Mechanical installations;Building completion work;Plastering work;Joinery and carpentry installation work;Floor and wall covering work;Painting and glazing work;Other building completion work;Hire of construction and civil engineering machinery and equipment with operator;Hire of cranes with operator;Hire of earthmoving equipment with operator","10-Aug-2026 10:10","01-Sep-2026 16:00","As per TDS","CIDP/Meghna/2025-26/W-24 Part-A: Improvement of Chandanpur UPC-Radhanagar UPC via Boroshapmara Road at Ch: 1000-2500m (Road ID: 419883009) , (i) Earth Work (5248.709cum), (ii) Road Work (1500m), (iii) Construction of 137m Protective Work on the same road, (iv) Road Safety Work (1500m), Part-B: Improvement of Baharkhola Karam Ali Halot - Omrakanda Bhaterchar High way Connecting Road at Ch: 00-910m (Road ID: 419884055), (i) Earth Work (3962.987cum), (ii) Road Work (910m), (iii) Construction of 70m Protective Work on the same road, (iv) Road Safety Work (910m) , Part-C: Improvement of Baidanathpur Bazar-Algi Road at Ch: 00-850m (Road ID: 419885014) , (i) Earth Work (1650.051cum), (ii) Road Work (850m), (iii) Construction of 114m Protective Work on the same road, (iv) Road Safety Work (850m), Part-D: Improvement of Shibnagar East Khatakhali bridge via shibnagar Mosque-Upazila HQ Connecting Road at Ch: 00-900m (Road ID: 419885036) , (i) Earth Work (4005.344cum), (ii) Road Work (900m), (iii) Construction of Surface drain at Ch: 30m, 530m, 610m and 890m on the same road, (iv) Construction of 155m Protective Work on the same road, (iv) Road Safety Work (900m) under Meghna Upazila, District: Cumilla.","Lot wise","Package wise","Package wise","4000","Payment through Bank","28-Jan-2027","28-Jan-2027","1","Part-A: Improvement of Chandanpur UPC-Radhanagar UPC via Boroshapmara Road at Ch: 1000-2500m (Road ID: 419883009) , (i) Earth Work (5248.709cum), (ii) Road Work (1500m), (iii) Construction of 137m Protective Work on the same road, (iv) Road Safety Work (1500m), Part-B: Improvement of Baharkhola Karam Ali Halot - Omrakanda Bhaterchar High way Connecting Road at Ch: 00-910m (Road ID: 419884055), (i) Earth Work (3962.987cum), (ii) Road Work (910m), (iii) Construction of 70m Protective Work on the same road, (iv) Road Safety Work (910m) , Part-C: Improvement of Baidanathpur Bazar-Algi Road at Ch: 00-850m (Road ID: 419885014) , (i) Earth Work (1650.051cum), (ii) Road Work (850m), (iii) Construction of 114m Protective Work on the same road, (iv) Road Safety Work (850m), Part-D: Improvement of Shibnagar East Khatakhali bridge via shibnagar Mosque-Upazila HQ Connecting Road at Ch: 00-900m (Road ID: 419885036) , (i) Earth Work (4005.344cum), (ii) Road Work (900m), (iii) Construction of Surface drain at Ch: 30m, 530m, 610m and 890m on the same road, (iv) Construction of 155m Protective Work on the same road, (iv) Road Safety Work (900m) under Meghna Upazila, District: Cumilla.","Meghna Upazila","1649000","22-Sep-2026","21-Dec-2027","Md. Mafiz Uddin","Executive Engineer","Address : XEN Office, LGED, Cumilla City : Cumilla Thana : Cumilla City Corporation District : Cumilla - 3500 Country : Bangladesh","XEN Office, LGED, Cumilla","Cumilla","Cumilla City Corporation","Cumilla - 3500","081-68960","54990000.00,OTM","https://www.eprocure.gov.bd/resources/common/ViewTender.jsp?id=1312680"
"Ministry of Local Government","Rural Development and Co-operatives","Local Government Engineering Department (LGED)","Office of the Executive Engineer, LGED, Satkhira","","Satkhira","Works","NCT","TENDER","Tender - Single Lot","APP ID : 227482","227482","1313606","Open Tendering Method (OTM)","Development","Government","224417300","Satkhira District Rural Infrastructure Development Project (SDRIDP)","SDRIDP/KALI/VR-71 Part-1: Improvement of Kashibati Kalitala - Baliadanga Shawshan road from Ch:00-1000m (ID-287475350) under Kaliganj Upazila, Dist: Satkhira. (Effective Length=1000m) Part-2: Improvement of Baliadanga Bridge-Kumurkati Gheer road from Ch:00-1500m (ID-287475541) under Kaliganj Upazila, Dist: Satkhira. (Effective Length=1500m) Part-3: Improvement of 77 Kashibati School to Mahabbat House road from Ch:00-480m (ID-287475405) under Kaliganj Upazila, Dist: Satkhira. (Effective Length=480m) Part-4: Improvement of Nowapara Hamid Professor House-Baharali Shop via Abdulla House road from Ch:00-1500m (ID-287475512) under Kaliganj Upazila, Dist: Satkhira. (Effective Length=1500m) Total Effective Length= 4480m Salvaged Materials Cost BDT. 41,96,554.00","Construction work;Site preparation work;Building demolition and wrecking work and earthmoving work;Test drilling and boring work;Works for complete or part construction and civil engineering work;Building construction work;Engineering works and construction works;Construction work for pipelines, communication and power lines, for highways, roads, airfields and railways; flatwork;Construction work for water projects;Construction works for plants, mining and manufacturing and for buildings relating to the oil and gas industry;Roof works and other special trade construction works;Building installation work;Electrical installation work;Insulation work;Plumbing and sanitary works;Fencing, railing and safety equipment installation work;Mechanical installations;Building completion work;Plastering work;Joinery and carpentry installation work;Floor and wall covering work;Painting and glazing work;Other building completion work;Hire of construction and civil engineering machinery and equipment with operator;Hire of cranes with operator;Hire of earthmoving equipment with operator","10-Aug-2026 10:00","31-Aug-2026 16:00","As Per TDS","SDRIDP/KALI/VR-71 Part-1: Improvement of Kashibati Kalitala - Baliadanga Shawshan road from Ch:00-1000m (ID-287475350) under Kaliganj Upazila, Dist: Satkhira. (Effective Length=1000m) Part-2: Improvement of Baliadanga Bridge-Kumurkati Gheer road from Ch:00-1500m (ID-287475541) under Kaliganj Upazila, Dist: Satkhira. (Effective Length=1500m) Part-3: Improvement of 77 Kashibati School to Mahabbat House road from Ch:00-480m (ID-287475405) under Kaliganj Upazila, Dist: Satkhira. (Effective Length=480m) Part-4: Improvement of Nowapara Hamid Professor House-Baharali Shop via Abdulla House road from Ch:00-1500m (ID-287475512) under Kaliganj Upazila, Dist: Satkhira. (Effective Length=1500m) Total Effective Length= 4480m Salvaged Materials Cost BDT. 41,96,554.00","Lot wise","Package wise","Package wise","4000","Payment through Bank","27-Jan-2027","27-Jan-2027","1","Part-1: Improvement of Kashibati Kalitala - Baliadanga Shawshan road from Ch:00-1000m (ID-287475350) under Kaliganj Upazila, Dist: Satkhira. (Effective Length=1000m)
Part-2: Improvement of Baliadanga Bridge-Kumurkati Gheer road from Ch:00-1500m (ID-287475541) under Kaliganj Upazila, Dist: Satkhira. (Effective Length=1500m)
Part-3: Improvement of 77 Kashibati School to Mahabbat House road from Ch:00-480m (ID-287475405) under Kaliganj Upazila, Dist: Satkhira. (Effective Length=480m)
Part-4: Improvement of Nowapara Hamid Professor House-Baharali Shop via Abdulla House road from Ch:00-1500m (ID-287475512) under Kaliganj Upazila, Dist: Satkhira. (Effective Length=1500m)
Total Effective Length= 4480m
Salvaged Materials Cost BDT. 41,96,554.00","Kaliganj, Satkhira","1500000","04-Oct-2026","04-Oct-2027","Mohammad Moniruzzaman","Executive Engineer","Address : XEN Office, LGED, Satkhira City : Satkhira Thana : Satkhira Sadar District : Satkhira - 9400 Country : Bangladesh","XEN Office, LGED, Satkhira","Satkhira","Satkhira Sadar","Satkhira - 9400","0471-63413","Not Found","https://www.eprocure.gov.bd/resources/common/ViewTender.jsp?id=1313606"
"Ministry of Local Government","Rural Development and Co-operatives","Local Government Engineering Department (LGED)","Office of the Executive Engineer, LGED, Satkhira","","Satkhira","Works","NCT","TENDER","Tender - Single Lot","APP ID : 227482","227482","1313609","Open Tendering Method (OTM)","Development","Government","224417300","Satkhira District Rural Infrastructure Development Project (SDRIDP)","SDRIDP/KOLA/VR-74 Improvement of Kushodanga UP office-Raita nutan bazar road by DC at Ch: 650-2710m (Road ID-287433013) under Kalaroa Upazila, Dist: Satkhira. (Effective Length=2060m) Salvaged Materials Cost BDT. 7,38,446.00","Construction work;Site preparation work;Building demolition and wrecking work and earthmoving work;Test drilling and boring work;Works for complete or part construction and civil engineering work;Building construction work;Engineering works and construction works;Construction work for pipelines, communication and power lines, for highways, roads, airfields and railways; flatwork;Construction work for water projects;Construction works for plants, mining and manufacturing and for buildings relating to the oil and gas industry;Roof works and other special trade construction works;Building installation work;Electrical installation work;Insulation work;Plumbing and sanitary works;Fencing, railing and safety equipment installation work;Mechanical installations;Building completion work;Plastering work;Joinery and carpentry installation work;Floor and wall covering work;Painting and glazing work;Other building completion work;Hire of construction and civil engineering machinery and equipment with operator;Hire of cranes with operator;Hire of earthmoving equipment with operator","10-Aug-2026 10:00","24-Aug-2026 16:00","As Per TDS","SDRIDP/KOLA/VR-74 Improvement of Kushodanga UP office-Raita nutan bazar road by DC at Ch: 650-2710m (Road ID-287433013) under Kalaroa Upazila, Dist: Satkhira. (Effective Length=2060m) Salvaged Materials Cost BDT. 7,38,446.00","Lot wise","Package wise","Package wise","4000","Payment through Bank","20-Jan-2027","20-Jan-2027","1","Improvement of Kushodanga UP office-Raita nutan bazar road by DC at Ch: 650-2710m (Road ID-287433013) under Kalaroa Upazila, Dist: Satkhira. (Effective Length=2060m)
Salvaged Materials Cost BDT. 7,38,446.00","Kalaroa, Satkhira","700000","27-Sep-2026","27-Sep-2027","Mohammad Moniruzzaman","Executive Engineer","Address : XEN Office, LGED, Satkhira City : Satkhira Thana : Satkhira Sadar District : Satkhira - 9400 Country : Bangladesh","XEN Office, LGED, Satkhira","Satkhira","Satkhira Sadar","Satkhira - 9400","0471-63413","Not Found","https://www.eprocure.gov.bd/resources/common/ViewTender.jsp?id=1313609"
"Ministry of Local Government","Rural Development and Co-operatives","Local Government Engineering Department (LGED)","Office of the Executive Engineer, LGED, Satkhira","","Satkhira","Works","NCT","TENDER","Tender - Single Lot","APP ID : 227482","227482","1313610","Open Tendering Method (OTM)","Development","Government","224417300","Satkhira District Rural Infrastructure Development Project (SDRIDP)","SDRIDP/KOLA/VR-75 Part-A: Improvement of New Bazar Solaman sana UZ Road to Kashiadanaga School Road via Madrasha road by BC from Ch:00-1200m (ID-287434124) under Kalaroa Upazila, Dist: Satkhira. (Effective Length=1200m) Part-B: Improvement of Patoli FRB-Solimpur FRB road by BC from Ch:800-2385m (ID-287434074) under Kalaroa Upazila, Dist: Satkhira. (Effective Length=1585m) Total Effective Length= 2785m Salvaged Materials Cost BDT. 14,62,912.00","Construction work;Site preparation work;Building demolition and wrecking work and earthmoving work;Test drilling and boring work;Works for complete or part construction and civil engineering work;Building construction work;Engineering works and construction works;Construction work for pipelines, communication and power lines, for highways, roads, airfields and railways; flatwork;Construction work for water projects;Construction works for plants, mining and manufacturing and for buildings relating to the oil and gas industry;Roof works and other special trade construction works;Building installation work;Electrical installation work;Insulation work;Plumbing and sanitary works;Fencing, railing and safety equipment installation work;Mechanical installations;Building completion work;Plastering work;Joinery and carpentry installation work;Floor and wall covering work;Painting and glazing work;Other building completion work;Hire of construction and civil engineering machinery and equipment with operator;Hire of cranes with operator;Hire of earthmoving equipment with operator","10-Aug-2026 10:00","24-Aug-2026 16:00","As Per TDS","SDRIDP/KOLA/VR-75 Part-A: Improvement of New Bazar Solaman sana UZ Road to Kashiadanaga School Road via Madrasha road by BC from Ch:00-1200m (ID-287434124) under Kalaroa Upazila, Dist: Satkhira. (Effective Length=1200m) Part-B: Improvement of Patoli FRB-Solimpur FRB road by BC from Ch:800-2385m (ID-287434074) under Kalaroa Upazila, Dist: Satkhira. (Effective Length=1585m) Total Effective Length= 2785m Salvaged Materials Cost BDT. 14,62,912.00","Lot wise","Package wise","Package wise","4000","Payment through Bank","20-Jan-2027","20-Jan-2027","1","Part-A: Improvement of New Bazar Solaman sana UZ Road to Kashiadanaga School Road via Madrasha road by BC from Ch:00-1200m (ID-287434124) under Kalaroa Upazila, Dist: Satkhira. (Effective Length=1200m)
Part-B: Improvement of Patoli FRB-Solimpur FRB road by BC from Ch:800-2385m (ID-287434074) under Kalaroa Upazila, Dist: Satkhira. (Effective Length=1585m)
Total Effective Length= 2785m
Salvaged Materials Cost BDT. 14,62,912.00","Kalaroa, Satkhira","850000","27-Sep-2026","27-Sep-2027","Mohammad Moniruzzaman","Executive Engineer","Address : XEN Office, LGED, Satkhira City : Satkhira Thana : Satkhira Sadar District : Satkhira - 9400 Country : Bangladesh","XEN Office, LGED, Satkhira","Satkhira","Satkhira Sadar","Satkhira - 9400","0471-63413","Not Found","https://www.eprocure.gov.bd/resources/common/ViewTender.jsp?id=1313610"
"Ministry of Home Affairs","","Bangladesh Police","Khulna Metropoliton Police, Khulna","","Khulna","Goods","NCT","TENDER","Tender - Single Lot","KMP-Supply-17-20 Grade Employee Uniform-2026-27","225825","1313818","Open Tendering Method (OTM)","Revenue","Government","Not applicable","Not applicable","KMP-Supply-17-20 Grade Employee Uniform-2026-27 Procurement/Supply of 17-20 Grade Civil Employee Uniform for KMP of the fiscal year-2026-27","Occupational clothing, special workwear and accessories; Clothing and accessories; Occupational clothing; Special workwear; Workwear accessories; Garments; Underwear; Shirts and nightwear; T-shirts; Special clothing and accessories; Clothing and accessories; Special clothing; Clothing accessories; Hats and headgear; Fasteners; Leather clothes; Leather clothing accessories;","10-Aug-2026 10:00","24-Aug-2026 13:00","Required eligibility and conditions are provided in TDS and PCC","Procurement/Supply of 17-20 Grade Civil Employee Uniform for KMP of the fiscal year-2026-27","Lot wise","Package wise","Package wise","500","Payment through Bank","20-Dec-2026","20-Dec-2026","01","Procurement/Supply of 17-20 Grade Civil Employee Uniform for KMP of the fiscal year-2026-27","KMP HQ","22000","30-Aug-2026","30-Jun-2027","ABDULAH-AL-MASUM","Deputy Police Commissioner","Address : Khulna Metropoliton Police, Khulna City : Khulna Thana : Khulna City Corporation District : Khulna - 9000 Country : Bangladesh","Khulna Metropoliton Police, Khulna","Khulna","Khulna City Corporation","Khulna - 9000","02-477727569","Not Found","https://www.eprocure.gov.bd/resources/common/ViewTender.jsp?id=1313818"
"Ministry of Home Affairs","","Bangladesh Police","Research and Publication Section, Police Staff College Bangladesh","","Dhaka","Services","NCT","REOI","","","229088","1314526","Quality Cost Based Selection (QCBS)","Revenue","Government","Not applicable","Not applicable","PSC Research Pk.-1 Building Zero Complaint Police Stations: A Model for Citizen-Centric Service Delivery and Accountability","Research and development services and related consultancy services.; Research and experimental development services; Research and development consultancy services; Design and execution of research and development;Research services;Experimental development services;Research consultancy services;Development consultancy services","","","1. Updated copy of valid Trade license. 2. Updated Income Tax clearance certificate & e-TIN certificate. 3. Updated VAT registration certificate. 4. Latest certified copy of Bank Solvency Certificate & detail Bank Statement (Last 3 Months). 5. 80% Liquid Asset of total research price according to PPR 2025. 6. Certificate of ownership of the company/Firm. 7. Litigation/Blacklisted/Declaration Certificate. 8. National Identity Card/Citizenship Certificate copy & Passport size photo.","Title-1: Building Zero Complaint Police Stations: A Model for Citizen-Centric Service Delivery and Accountability Background of the project: Public trust is essential for democratic policing. In Bangladesh, citizens still face delays, poor communication, and weak accountability in police services. Modern policing emphasizes citizen-centric service, procedural justice, and digital governance. A “Zero Complaint Police Station” aims to reduce complaints through transparency, professionalism, and efficient service delivery. This study explores how such a model can improve accountability, service quality, and public trust in Bangladesh Police. Objectives of the Assignment: 1. To identify institutional and behavioural causes of public dissatisfaction. 2. To examine citizen satisfaction and trust in police services. 3. To explore the role of smart policing and accountability systems in service improvement.","Package wise","","","","","","","","","Research and Publication Section","","01-Nov-2026","30-Jun-2027","Nilufa Yeasmin","Director","Address : Kafrul, Section-14, Mirpur, Dhaka City : Dhaka Thana : Dhaka North City Corporation District : Dhaka - 1206 Country : Bangladesh","Kafrul, Section-14, Mirpur, Dhaka","Dhaka","Dhaka North City Corporation","Dhaka - 1206","02-41000517","Not Found","https://www.eprocure.gov.bd/resources/common/ViewTender.jsp?id=1314526"
"Ministry of Home Affairs","","Bangladesh Police","Khulna Metropoliton Police, Khulna","","Khulna","Goods","NCT","TENDER","Tender - Single Lot","KMP-MT-Conveyance Expenditure-2026-27","225825","1315081","Open Tendering Method (OTM)","Revenue","Government","Not applicable","Not applicable","KMP-MT-Conveyance Expenditure-2026-27 Conveyance Expenditure for KMP of the Fiscal Year-2026-27","Motor vehicles, trailers and vehicle parts; Motor vehicles; Passenger cars; Motor vehicles for the transport of 10 or more persons; Motor vehicles for the transport of goods; Heavy-duty motor vehicles; Vehicle bodies, trailers or semi-trailers; Parts and accessories for vehicles and their engines; Motorcycles, bicycles and sidecars;Vehicle bodies;Trailers, semi-trailers and mobile containers;Engines and engine parts;Mechanical spare parts except engines and engine parts;Test benches;Vehicle conversion kits;Seat belts;Spare parts for goods vehicles;Spare parts for vans;Spare parts for cars;Tractor accessories;Motorcycles;Motor scooters;Cycles with auxiliary motors;Bicycles","10-Aug-2026 10:00","24-Aug-2026 13:00","Required eligibility and conditions are provided in TDS and PCC","Conveyance Expenditure for KMP of the Fiscal Year-2026-27","Lot wise","Package wise","Package wise","1000","Payment through Bank","20-Dec-2026","20-Dec-2026","01","Conveyance Expenditure for KMP of the Fiscal Year-2026-27","Khulna Metropolitan Police Lines","32000","30-Aug-2026","30-Jun-2027","ABDULAH-AL-MASUM","Deputy Police Commissioner","Address : Khulna Metropoliton Police, Khulna City : Khulna Thana : Khulna City Corporation District : Khulna - 9000 Country : Bangladesh","Khulna Metropoliton Police, Khulna","Khulna","Khulna City Corporation","Khulna - 9000","02-477727569","Not Found","https://www.eprocure.gov.bd/resources/common/ViewTender.jsp?id=1315081"
"Ministry of Home Affairs","","Bangladesh Police","Khulna Metropoliton Police, Khulna","","Khulna","Goods","NCT","TENDER","Tender - Single Lot","KMP-Musical Instrument For Band Party-2026-27","225825","1313854","Open Tendering Method (OTM)","Revenue","Government","Not applicable","Not applicable","KMP-Musical Instrument For Band Party-2026-27 Procurement of Musical Instrument For KMP Band Party Of The Fiscal Year-2026-27","Recreational, cultural and sporting services; Motion picture and video services; Motion-picture and video-tape production and related services; Motion-picture or video-tape distribution services; Motion picture projection services; Video-tape projection services; Radio and television services.; Radio services.; Television services.; Radio and television cable services; Entertainment services; Artistic and literary creation and interpretation services; Arts-facility operation services; Recreational-area services; Dance and performance entertainment services; Gambling and betting services; Pyrotechnic services; News-agency services; Library, archives, museums and other cultural services; Sporting services;Library and archive services;Museum services and preservation services of historical sites and buildings;Botanical and zoological garden services and nature reserve services;Sports facilities operation services;Sport-related services","10-Aug-2026 10:00","24-Aug-2026 13:00","Required eligibility and conditions are provided in TDS and PCC","Procurement of Musical Instrument For KMP Band Party Of The Fiscal Year-2026-27","Lot wise","Package wise","Package wise","500","Payment through Bank","20-Dec-2026","20-Dec-2026","01","Procurement of Musical Instrument For KMP Band Party Of The Fiscal Year-2026-27","KMP HQ","20000","30-Aug-2026","30-Jun-2027","ABDULAH-AL-MASUM","Deputy Police Commissioner","Address : Khulna Metropoliton Police, Khulna City : Khulna Thana : Khulna City Corporation District : Khulna - 9000 Country : Bangladesh","Khulna Metropoliton Police, Khulna","Khulna","Khulna City Corporation","Khulna - 9000","02-477727569","Not Found","https://www.eprocure.gov.bd/resources/common/ViewTender.jsp?id=1313854"
"Ministry of Housing and Public Works","","Public Works Department (PWD)","Noakhali PWD Division","CtgNoa","Noakhali","Works","NCT","TENDER","Tender - Single Lot","Noakh/26-27/APP/OTM/ EM 010","225938","1314745","Open Tendering Method (OTM)","Revenue","Government","Not applicable","Not applicable","Noakh/26-27/APP/OTM/ EM 010 Operation and maintenance work of 10 nos. lifts installed in 2 nos. 10-storied (800 sq.ft.) and 3 nos. 10-storied (650 sq.ft.) residential buildings at Zone-2 under the Project of Construction of Multi-Storied Residential Flats for Government Officers/Employees at Noakhali Sadar.","Construction work;Site preparation work;Building demolition and wrecking work and earthmoving work;Test drilling and boring work;Works for complete or part construction and civil engineering work;Building construction work;Engineering works and construction works;Construction work for pipelines, communication and power lines, for highways, roads, airfields and railways; flatwork;Construction work for water projects;Construction works for plants, mining and manufacturing and for buildings relating to the oil and gas industry;Roof works and other special trade construction works;Building installation work;Electrical installation work;Insulation work;Plumbing and sanitary works;Fencing, railing and safety equipment installation work;Mechanical installations;Building completion work;Plastering work;Joinery and carpentry installation work;Floor and wall covering work;Painting and glazing work;Other building completion work;Hire of construction and civil engineering machinery and equipment with operator;Hire of cranes with operator;Hire of earthmoving equipment with operator","10-Aug-2026 10:00","24-Aug-2026 16:00","""This Tender is open to all eligible tenderers as mention below : (a) General experience: Reputed firms who have minimum 03 (Three) years of general experiences. (b) Specific experience: The minimum specific experience as a Prime Contractor or Subcontractor or Management Contractor in construction works under public sector of at least 01 contract of similar nature work successfully completed within the last 03 years, with a value of at least Tk. 9 Lac. (c) The required average annual construction turnover under public sector shall be greater Than Tk. 7 Lac over best three (3) years in the last five (5) years or best five (5) years in the last ten (10) financial years. Documents in support of average annual construction turnover must be submitted according to ITT Sub Clause 31.1 (c). (d) The minimum amount of financial resources as liquid asset or working capital or credit line(s) or specific credit commitment or in any combination of them, of the Tenderers shall be Tk 3 Lac. (e) The minimum Tender capacity shall be Tk. 11 Lac. [To be submitted: ongoing work details, contract amount, payment bill amount, remaining works amount and other required information]. (f) Updated Trade license, VAT Registration (BIN) and Income Tax clearance Certificate. (g) Updated ABC/BC/C Electric Contractor and Supervisory license from licensing board. (h) Site visit report and work plan (i) The tenderer must submit the Manufacturer Authorization/ Sole agent document of the lift (Macpursa Brand)/ equivalent and availability of spare parts. (j) All Other qualification, Terms & Conditions described in Tender documents and Tender Data sheet (TDS). Necessary supporting documents must be submitted with the tender.","Operation and maintenance work of 10 nos. lifts installed in 2 nos. 10-storied (800 sq.ft.) and 3 nos. 10-storied (650 sq.ft.) residential buildings at Zone-2 under the Project of Construction of Multi-Storied Residential Flats for Government Officers/Employees at Noakhali Sadar.","Lot wise","Package wise","Package wise","1000","Payment through Bank","21-Dec-2026","21-Dec-2026","1","Operation and maintenance work of 10 nos. lifts installed in 2 nos. 10-storied (800 sq.ft.) and 3 nos. 10-storied (650 sq.ft.) residential buildings at Zone-2 under the Project of Construction of Multi-Storied Residential Flats for Government Officers/Employees at Noakhali Sadar.","Noakhali","40000","06-Sep-2026","30-Jun-2027","Md. Ahsan Habib","Executive Engineer","Address : Purta Bhaban, Maizdee, Noakhali City : Maizdee Thana : Noakhali Sadar District : Noakhali - 1000 Country : Bangladesh","Purta Bhaban, Maizdee, Noakhali","Maizdee","Noakhali Sadar","Noakhali - 1000","0321-61606","Not Found","https://www.eprocure.gov.bd/resources/common/ViewTender.jsp?id=1314745"
"Ministry of Home Affairs","","Prisons Directorate","Sylhet Central Jail","","Sylhet","Goods","NCT","TENDER","Tender - Single Lot","44.07.9100.156.02.030.26-3608  Date: 03.08.2026","224865","1314832","Open Tendering Method (OTM)","Revenue","Government","Not applicable","Not applicable","e-GP/GD-Prisoner Soap/Sylhet Divison 2026-2027 Supply of Soap To All Jails (Sylhet Division) For The Period from July 2026 To December 2026.","Miscellaneous services;Washing and dry-cleaning services;Laundry-collection services;Textile-cleaning services;Fur-products cleaning services;Colouring services;Pressing services;Dyeing services;Hairdressing and beauty treatment services;Hairdressing services;Beauty treatment services;Physical well-being services;Turkish bath services;Spa services;Massage services;Accommodation and office services;Accommodation services;Civic-amenity services;Car-park management services;Marine services;Aquatic marine services;Port management services;Diving services;Funeral and related services;Funeral services;Miscellaneous services n.e.c.;Decommissioning services;Relocation services;Tailoring services;Upholstering services;Locksmith services;Clearing and Forwarding Agent;Service Provider (Others)","10-Aug-2026 10:00","20-Aug-2026 11:00","All the tenderers must follow the PPA-2006 and PPR-2025 rules & regulations; b. The following documents have to be submitted/uploaded; (I) The minimum general experience of the Tenderer in the supply of Goods and related services as Supplier shall be 06 (Six) Month ie. Month counting backward from the date of publication of IFT in the e-GP System. (II) The minimum specific experience as Supplier in supply of similar Goods at least 01 (one) contract successfully completed within the last (Five) years, with a value of at least Tk.11,00,000/-. (Eleven Lakh only) Years counting backward from the date of publication of IFT in the e-GP System. [The tenderer will submit a copy of contract deeds along with an experience certificate in the e-GP system] (III) The minimum amount of financial resources as liquid assets or working capital or credit line(s) or specific credit commitment or in any combination of them, of the Tenderers shall be Tk. 17,00,000/-.(Format e-PG2-7) [Certificate must be issued between publication of IFT and submission date in the Newspaper.. (IV) The tenderer must submit e-TIN certificate in the e-GP system. (V) Up-to-date Valid Trade License as Supplier; (VI) Up-to-date Income Tax clearance certificate along with TIN Certificate; (VII) e-BIN (13 digits) registration certificate; (VIII) Manufacturer Authorization Letter or Contract deed with the Importers/Manufacturer (if the bidder is supplier) [When applicable]; (IX) Certificate of incorporation (in case of limited company); (X) Manufacturer are encourage to submitt the tender.","Supply of Soap To All Jail (Sylhet Division) For The Period from July 2026 To December 2026.","Lot wise","Package wise","Package wise","1000","Payment through Bank","16-Dec-2026","16-Dec-2026","1","Supply of Soap To All Jails (Sylhet Division) For The Period from July 2026 To December 2026.","Sylhet Central Jail-1,Badaghat","54000","23-Aug-2026","31-Dec-2026","Md. Nasir Uddin Prodhan","Senior Jail Super","Address : Sylhet Sadar City : Sylhet Thana : Sylhet Sadar District : Sylhet - 3100 Country : Bangladesh","Sylhet Sadar","Sylhet","Sylhet Sadar","Sylhet - 3100","0821-713447","Not Found","https://www.eprocure.gov.bd/resources/common/ViewTender.jsp?id=1314832"
"Ministry of Home Affairs","","Bangladesh Police","Khulna Metropoliton Police, Khulna","","Khulna","Goods","NCT","TENDER","Tender - Single Lot","KMP-Ration-Edible Oil 2026-2027 Q1","225825","1314513","Open Tendering Method (OTM)","Revenue","Government","Not applicable","Not applicable","KMP-Ration-Edible Oil 2026-2027 Q1 Procurement of High Quality Edible oil (Soybean Oil) for the 1st Quarter 2026-2027 for KMP, Khulna","Food products and beverages;Animal products, meat and meat products;Meat;Animal wool, hides and skins;Meat products;Prepared and preserved fish;Fish fillets, fish livers and roe;Frozen fish, fish fillets and other fish meat;Dried or salted fish; fish in brine; smoked fish;Canned or tinned fish and other prepared or preserved fish;Seafood;Fruit, vegetables and related products;Potatoes and potato products;Fruit and vegetable juices;Fruit and vegetables;Animal or vegetable oils and fats;Crude animal or vegetable oils and fats;Refined oils and fats;Edible fats;Dairy products;Milk and cream;Butter;Cheese products;Assorted dairy products;Grain mill products, starches and starch products;Grain mill products;Starches and starch products;Animal feedstuffs;Prepared animal feeds for farm and other animals;Miscellaneous food products;Bread products, fresh pastry goods and cakes;Rusks and biscuits; preserved pastry goods and cakes;Sugar and related products;Cocoa; chocolate and sugar confectionery;Pasta products;Coffee, tea and related products;Condiments and seasonings;Special nutritional products;Miscellaneous food products n.e.c. and dried goods;Beverages;Distilled alcoholic beverages;Wines;Cider and other fruit wines;Non-distilled fermented beverages;Malt beer;Non-alcoholic beverages","10-Aug-2026 10:00","20-Aug-2026 13:00","1. The minimum of years of general experience of the Tenderer in the supply of Goods and related services as Supplier shall be 01 (One) years counting backward from the date of publication of IFT in the newspaper. 2. The minimum specific experience as Supplier in supply of similar Goods of at least 1 contracts successfully completed within the last 05 years, each with a value of at least Tk. 1 Crore 3. The minimum supply or production capacity of Goods is/ are: Edible Oil (Soybean Oil) 200 Metric Ton Supply or production capacity per year 4. The minimum amount of financial resources as liquid asset or working capital or credit line(s) or specific credit commitment or in any combination of them, of the Tenderers shall be Tk 1.5 Crore 5. The Tenderer must possess (i) Upto date Trade License (ii) Upto date Income tax certificate (iii) VAT registration certificate (iv) VAT payment certificate. 6. Other required eligibility and conditions are provided in TDS and PCC.","Procurement of High Quality Edible oil (Soybean Oil) for the 1st Quarter 2026-2027 for KMP, Khulna","Lot wise","Package wise","Package wise","2500","Payment through Bank","16-Nov-2026","16-Nov-2026","01","Procurement of High Quality Edible oil (Soybean Oil) for the 1st Quarter 2026-2027 for KMP, Khulna","POLICE LINES, KMP, KHULNA","450000","23-Aug-2026","30-Sep-2026","ABDULAH-AL-MASUM","Deputy Police Commissioner","Address : Khulna Metropoliton Police, Khulna City : Khulna Thana : Khulna City Corporation District : Khulna - 9000 Country : Bangladesh","Khulna Metropoliton Police, Khulna","Khulna","Khulna City Corporation","Khulna - 9000","02-477727569","Not Found","https://www.eprocure.gov.bd/resources/common/ViewTender.jsp?id=1314513"
"Ministry of Home Affairs","","Bangladesh Police","Khulna Metropoliton Police, Khulna","","Khulna","Goods","NCT","TENDER","Tender - Single Lot","KMP-Supply-Printing and Binding-2026-27","225825","1313716","Open Tendering Method (OTM)","Revenue","Government","Not applicable","Not applicable","KMP-Supply-Printing and Binding-2026-27 Procurement of Printing and Binding Items for KMP of the fiscal Year-2026-27","Various types of printed matter and articles for printing; Printed books, brochures and leaflets; Newspapers, journals, periodicals and magazines; Postcards, greeting cards and other printed matter; Stamps, cheque forms, banknotes, stock certificates, trade advertising material, catalogues and manuals; Printing plates or cylinders or other media for use in printing; Paper or paperboard registers, account books, binders, forms and other articles of printed stationery; Miscellaneous printed matter; Printing, publishing and related services; Printing services; Services related to printing; Publishing services; Subscription services;Printed books;Publications;Directories;Leaflets;Brochures;Booklets;Newspapers;Postcards;Greeting cards;Stamps;Stamp-impressed paper;Banknotes;Cheque forms;Security-type printed matter;Trade-advertising material, commercial catalogues and manuals;Manuals;Offset plates;Dry-etching equipment;Paper or paperboard registers;Forms;Exercise books;Albums for samples;Binders and related accessories;Printed stationery except forms;Car-tax discs;Driving licences;ID cards;Permits;Entrance cards;Bespoke printed matter;Tickets;Printing services for books;Printing services for stationery;Printing services for security printed matter;Printing services for forms;Printing services for tickets;Printing services for calendars;Printing services for timetables;Newspaper printing services;Printing services for posters;Print finishing services;Composition services;Printing and delivery services;Printing and distribution services;Bookbinding and finishing services","10-Aug-2026 10:00","24-Aug-2026 13:00","Required eligibility and conditions are provided in TDS and PCC","Procurement of Printing and Binding Items for KMP of the fiscal Year-2026-27","Lot wise","Package wise","Package wise","500","Payment through Bank","20-Dec-2026","20-Dec-2026","01","Procurement of Printing and Binding Items for KMP of the fiscal Year-2026-27","KMP HQ","17500","30-Aug-2026","30-Jun-2027","ABDULAH-AL-MASUM","Deputy Police Commissioner","Address : Khulna Metropoliton Police, Khulna City : Khulna Thana : Khulna City Corporation District : Khulna - 9000 Country : Bangladesh","Khulna Metropoliton Police, Khulna","Khulna","Khulna City Corporation","Khulna - 9000","02-477727569","Not Found","https://www.eprocure.gov.bd/resources/common/ViewTender.jsp?id=1313716"
"Ministry of Education","Secondary and Higher Education Division","University of Rajshahi","RU-PHARMACY-HEAT-ATF-PIN13150","","Rajshahi","Goods","NCT","TENDER","Tender - Single Lot","RU/PIN13150/G-8N","227068","1315447","Open Tendering Method (OTM)","Development","Aid or Grant","Pin 13150","Drug Discovery Targeting Receptor and Protein for Alzheimerâ??s Disease, Cancer & Cardiac Hypertrophy using Molecular and CellularÂ Approaches.","RU/PIN13150/G-8 Procurement of Laboratory equipment for Analytical Laboratory","Instruments for measuring quantities; Instruments and appliances for measuring, checking, testing and navigating; Instruments for checking physical characteristics; Checking and testing apparatus; Instruments and appliances for measuring, checking, testing and navigating;","10-Aug-2026 10:00","25-Aug-2026 10:00","3-5 years of experience in supplying Analytical, Biotechnoligical and similar scientific instruments/ goods experience, As Per TDS","Instruments for Analytical Lab including Semi Preparative HPLC with PDA Detector, Vacuum Filtration Distillation Apparatus, UV-Vis Spectrophotometer, Water purification system, Microplate reader, Freeze Dryer, etc","Lot wise","Package wise","Package wise","2500","Payment through Bank","21-Dec-2026","21-Dec-2026","1","Procurement of Laboratory equipment for Analytical Laboratory","SPM office at the Dept of Pharmacy, University of Rajshahi","396000","27-Sep-2026","25-Mar-2027","Md. Golam Sadik","Professor","Address : Room no 337(B), Department of Pharmacy, Jamal Nazrul Islam Science Building, Rajshahi University. City : Rajshahi Thana : Rajshahi City Corporation District : Rajshahi - 6205 Country : Bangladesh","Room no 337(B), Department of Pharmacy, Jamal Nazrul Islam Science Building, Rajshahi University.","Rajshahi","Rajshahi City Corporation","Rajshahi - 6205","02-588856540","13210000.00,OTM","https://www.eprocure.gov.bd/resources/common/ViewTender.jsp?id=1315447"
"Ministry of Home Affairs","","Bangladesh Police","RAB-14, Mymensingh","00099","Mymensingh","Goods (Framework Agreement)","NCT","TENDER","Tender - Single Lot","RAB-14/14307/Accounts/1 Date: 06 Aug 2026","225235","1315646","Open Tendering Method (OTM)","Revenue","Government","Not applicable","Not applicable","RAB-14/G-1/3211102/2026-2027 Procurement Of Cleaning Products","Miscellaneous services;Washing and dry-cleaning services;Laundry-collection services;Textile-cleaning services;Fur-products cleaning services;Colouring services;Pressing services;Dyeing services;Hairdressing and beauty treatment services;Hairdressing services;Beauty treatment services;Physical well-being services;Turkish bath services;Spa services;Massage services;Accommodation and office services;Accommodation services;Civic-amenity services;Car-park management services;Marine services;Aquatic marine services;Port management services;Diving services;Funeral and related services;Funeral services;Miscellaneous services n.e.c.;Decommissioning services;Relocation services;Tailoring services;Upholstering services;Locksmith services;Clearing and Forwarding Agent;Service Provider (Others)","10-Aug-2026 10:00","19-Aug-2026 16:00","The Bidder should have valid Trade License, Current Bank Solvency Certificate, Income Tax Certificate, VAT Registration Certificate. Bidder should not be blacklisted by any Government organization in Bangladesh.","Procurement Of Cleaning Products","Lot wise","Package wise","Package wise","500","Payment through Bank","16-Dec-2026","16-Dec-2026","1","Procurement Of Cleaning Products","RAB-14, Aqua Bypass, Mymensingh","7000","25-Aug-2026","25-Oct-2026","A. N. M. SAIFUZZAMAN","Addl SP","Address : RAB-14, Mymensingh City : Mymensingh Thana : Mymensingh Sadar District : Mymensingh - 2200 Country : Bangladesh","RAB-14, Mymensingh","Mymensingh","Mymensingh Sadar","Mymensingh - 2200","091-54000","Not Found","https://www.eprocure.gov.bd/resources/common/ViewTender.jsp?id=1315646"
"Ministry of Agriculture","","Bangladesh Rice Research Institute","Program on Agricultural and Rural Transformation for Nutrition, Entrepreneurship and Resilience in Bangladesh (PARTNER)","","Gazipur","Works","NCT","TENDER","Tender - Single Lot","WD/PARTNER/BRRI/C-26/2026","228489","1315525","Open Tendering Method (OTM)","Development","Government, Aid or Grant","224374900","Program on Agricultural and Rural Transformation for Nutrition, Entrepreneurship, and Resilience in Bangladesh (PARTNER)","WD/PARTNER/BRRI/C-26/2026 Interior Decoration of Plant Breeding Division at BRRI Gazipur.","Construction work; Site preparation work; Works for complete or part construction and civil engineering work; Building installation work; Building completion work; Hire of construction and civil engineering machinery and equipment with operator;Building demolition and wrecking work and earthmoving work;Test drilling and boring work;Building construction work;Engineering works and construction works;Construction work for pipelines, communication and power lines, for highways, roads, airfields and railways; flatwork;Construction work for water projects;Construction works for plants, mining and manufacturing and for buildings relating to the oil and gas industry;Roof works and other special trade construction works;Electrical installation work;Insulation work;Plumbing and sanitary works;Fencing, railing and safety equipment installation work;Mechanical installations;Plastering work;Joinery and carpentry installation work;Floor and wall covering work;Painting and glazing work;Other building completion work;Hire of cranes with operator;Hire of earthmoving equipment with operator","10-Aug-2026 10:00","24-Aug-2026 14:50","As stated in TDS","Interior Decoration of Plant Breeding Division at BRRI Gazipur.","Lot wise","Package wise","Package wise","4000","Payment through Bank","20-Dec-2026","20-Dec-2026","1","Interior Decoration of Plant Breeding Division at BRRI Gazipur.","Brri Gazipur","700000","15-Sep-2026","30-Jun-2027","Md Abdul Kader","Agency Program Director (APD)","Address : Bangladesh Rice Research Institute, Gazipur-1701 City : Gazipur Thana : Gazipur Sadar District : Gazipur - 1701 Country : Bangladesh","Bangladesh Rice Research Institute, Gazipur-1701","Gazipur","Gazipur Sadar","Gazipur - 1701","02-49272040","Not Found","https://www.eprocure.gov.bd/resources/common/ViewTender.jsp?id=1315525"
"Ministry of Home Affairs","","Bangladesh Police","RAB-14, Mymensingh","00099","Mymensingh","Goods (Framework Agreement)","NCT","TENDER","Tender - Single Lot","RAB-14/14307/Accounts/1 Date: 06 Aug 2026","225235","1315647","Open Tendering Method (OTM)","Revenue","Government","Not applicable","Not applicable","RAB-14/G-2/3252105/2026-2027 Procurement of Medical and surgical equipment","Medical and laboratory devices, optical and precision devices, watches and clocks, pharmaceuticals and related medical consumables;Medical devices;Imaging equipment for medical, dental and veterinary use;Functional exploration;Dentistry;Medical non-chemical consumables and haematological consumables;Therapy;Operating techniques;Anaesthesia and resuscitation;Functional support;Miscellaneous medical devices;Instruments and appliances for measuring, checking, testing and navigating;Navigational, meteorological, geological and geophysical instruments;Remote-control equipment;Precision balances, instruments for drawing, calculating and measuring length;Instruments for measuring quantities;Instruments for checking physical characteristics;Checking and testing apparatus;Regulating and controlling instruments and apparatus;Non-medical equipment based on the use of radiations;Industrial process control equipment;Optical instruments;Spectacles and lenses;Polarising material;Astronomical and optical instruments;Liquid crystal devices;Photographic equipment;Horological instruments;Watches and clocks","10-Aug-2026 10:00","19-Aug-2026 16:00","The Bidder should have valid Trade License, Current Bank Solvency Certificate, Income Tax Certificate, VAT Registration Certificate. Bidder should not be blacklisted by any Government organization in Bangladesh.","Procurement of Medical and surgical equipment","Lot wise","Package wise","Package wise","1000","Payment through Bank","16-Dec-2026","16-Dec-2026","1","Procurement of Medical and surgical equipment","RAB-14, Aqua Bypass, Mymensingh","50000","25-Aug-2026","25-Oct-2026","A. N. M. SAIFUZZAMAN","Addl SP","Address : RAB-14, Mymensingh City : Mymensingh Thana : Mymensingh Sadar District : Mymensingh - 2200 Country : Bangladesh","RAB-14, Mymensingh","Mymensingh","Mymensingh Sadar","Mymensingh - 2200","091-54000","Not Found","https://www.eprocure.gov.bd/resources/common/ViewTender.jsp?id=1315647"
"Ministry of Home Affairs","","Bangladesh Police","Khulna Metropoliton Police, Khulna","","Khulna","Goods","NCT","TENDER","Tender - Single Lot","KMP-Supply-Computer Repair-2026-27","225825","1315629","Open Tendering Method (OTM)","Revenue","Government","Not applicable","Not applicable","KMP-Supply-Computer Repair-2026-27 Computer Repair For KMP Of The Fiscal Year-2026-27","Repair and maintenance services of personal computers; Repair, maintenance and associated services related to personal computers, office equipment, telecommunications and audio-visual equipment; Computer and related services; Hardware consultancy services; Software programming and consultancy services; Data services; Computer-related services;Hardware selection consultancy services;Hardware disaster-recovery consultancy services;Computer-site planning consultancy services;Computer hardware acceptance testing consultancy services;Computer audit consultancy and hardware consultancy services;Programming services of packaged software products;Systems and technical consultancy services;Custom software development services;Systems analysis and programming services;System maintenance and support services;Software-related services;Data-processing services;Database services;Computer-related management services;Computer support and consultancy services;Computer network services;Computer upgrade services;Computer audit services;Computer testing services;Computer back-up services;Computer catalogue conversion services;Computer-related professional services","10-Aug-2026 10:00","24-Aug-2026 13:00","Required eligibility and conditions are provided in TDS and PCC","Computer Repair For KMP Of The Fiscal Year-2026-27","Lot wise","Package wise","Package wise","500","Payment through Bank","20-Dec-2026","20-Dec-2026","01","Computer Repair For KMP Of The Fiscal Year-2026-27","KMP HQ","16000","01-Sep-2026","30-Jun-2027","ABDULAH-AL-MASUM","Deputy Police Commissioner","Address : Khulna Metropoliton Police, Khulna City : Khulna Thana : Khulna City Corporation District : Khulna - 9000 Country : Bangladesh","Khulna Metropoliton Police, Khulna","Khulna","Khulna City Corporation","Khulna - 9000","02-477727569","Not Found","https://www.eprocure.gov.bd/resources/common/ViewTender.jsp?id=1315629"
"Ministry of Agriculture","","Bangladesh Rice Research Institute","Program on Agricultural and Rural Transformation for Nutrition, Entrepreneurship and Resilience in Bangladesh (PARTNER)","","Gazipur","Works","NCT","TENDER","Tender - Single Lot","WD/PARTNER/BRRI/C-28/2026","228489","1315523","Open Tendering Method (OTM)","Development","Government, Aid or Grant","224374900","Program on Agricultural and Rural Transformation for Nutrition, Entrepreneurship, and Resilience in Bangladesh (PARTNER)","WD/PARTNER/BRRI/C-28/2026 Development  of hybridization Facility  for Plant Breeding Division, Hybrid Rice Division and Biotechnology Division at BRRI HQ, Gazipur.","Construction work; Site preparation work; Works for complete or part construction and civil engineering work; Building installation work; Building completion work; Hire of construction and civil engineering machinery and equipment with operator;Building demolition and wrecking work and earthmoving work;Test drilling and boring work;Building construction work;Engineering works and construction works;Construction work for pipelines, communication and power lines, for highways, roads, airfields and railways; flatwork;Construction work for water projects;Construction works for plants, mining and manufacturing and for buildings relating to the oil and gas industry;Roof works and other special trade construction works;Electrical installation work;Insulation work;Plumbing and sanitary works;Fencing, railing and safety equipment installation work;Mechanical installations;Plastering work;Joinery and carpentry installation work;Floor and wall covering work;Painting and glazing work;Other building completion work;Hire of cranes with operator;Hire of earthmoving equipment with operator","10-Aug-2026 10:00","31-Aug-2026 14:50","As stated in TDS","Development of hybridization Facility for Plant Breeding Division, Hybrid Rice Division and Biotechnology Division at BRRI HQ, Gazipur.","Lot wise","Package wise","Package wise","4000","Payment through Bank","27-Dec-2026","27-Dec-2026","1","Development  of hybridization Facility  for Plant Breeding Division, Hybrid Rice Division and Biotechnology Division at BRRI HQ, Gazipur.","Brri Gazipur","1900000","15-Sep-2026","30-Dec-2027","Md Abdul Kader","Agency Program Director (APD)","Address : Bangladesh Rice Research Institute, Gazipur-1701 City : Gazipur Thana : Gazipur Sadar District : Gazipur - 1701 Country : Bangladesh","Bangladesh Rice Research Institute, Gazipur-1701","Gazipur","Gazipur Sadar","Gazipur - 1701","02-49272040","Not Found","https://www.eprocure.gov.bd/resources/common/ViewTender.jsp?id=1315523"
"Ministry of Home Affairs","","Prisons Directorate","Sylhet Central Jail","","Sylhet","Goods","NCT","TENDER","Tender - Single Lot","44.07.9100.156.020.017.30.26-3603 Date: 04.08.2026","224865","1315628","Open Tendering Method (OTM)","Revenue","Government","Not applicable","Not applicable","Sylhet Central Jail-1-Badaghat GD 2026-27 Pack-2 Supply of miscellaneous items for Sylhet Central Jail-1, Badaghat from 01 July 2026 to 30 Jun 2027.","Manufactured goods, furniture, handicrafts, special-purpose products and associated consumables; Furniture; Jewellery and related articles; Musical instruments and parts; Sports goods and equipment; Games and toys; fairground amusements; Miscellaneous manufactured and other goods; Consumables and consumer goods; Handicraft and art supplies; Special-purpose product;Seats, chairs and associated parts;Non-domestic furniture;Domestic furniture;Miscellaneous furniture and equipment;School furniture;Coins and medals;Articles of jewellery;Musical instruments;Parts and accessories of musical instruments;Outdoor sports equipment;Gymnasium equipment;Dolls;Toys;Articles for funfair, table or parlour games;Laundry supplies;School slates or boards with writing or drawing surfaces;Artificial products;Apparatus and equipment designed for demonstrational purposes;Umbrellas and sunshades; walking sticks and seat sticks;Funeral supplies;Kitchen equipment, household items and catering supplies;Barracks supplies;Consumables;Tax-free goods;Disposable goods;Handicraft supplies;Art supplies;Police equipment;Recycled products;Security devices;Animal ear tags;Compost boxes;Tokens;Spray booths;Snow poles","10-Aug-2026 10:00","20-Aug-2026 12:00","The following conditions can be recommended for tender of miscellaneous items. a. All the tenderers must follow the PPA-2006 and PPR-2025 rules & regulations. b. The following documents are to be submitted/uploaded; (I) The minimum number of years of general experience of the Tenderer in the supply of Goods and related services as Supplier shall be 01 (One) years. Years counting backward from the date of publication of IFT in the e-GP System. (II) The minimum specific experience as Supplier in the supply of similar Goods of at least one 01 contract completed within the last 03 (Three) years, each with a value of at least Tk.600000.00. Years counting backward from the date of publication of IFT in the e-GP System. [The Tenderer shall submit a Completion Certificate along with the experience certificate in the e-GP system.] (III) The minimum amount of liquid assets, i.e., working capital or credit line(s) (Form PG2-7), net of other contractual commitments, is Tk.900000.00 [Certificate must be issued between publication of IFT and submission date in the e-GP system.] (IV) Up-to-date Valid Trade License as Supplier; (V) Up-to-date Income Tax clearance certificate; (VI) e-BIN (13 digits) registration certificate; (VII) Manufacturer Authorization Letter or Contract deed with the Importers/Manufacturer (if the bidder is a supplier) [When applicable]; (VIII) Certificate of incorporation (in case of a limited company);","Supply of miscellaneous items for Sylhet Central Jail-1, Badaghat from 01 July 2026 to 30 Jun 2027.","Lot wise","Package wise","Package wise","1000","Payment through Bank","16-Dec-2026","16-Dec-2026","1","Supply of miscellaneous items for Sylhet Central Jail-1, Badaghat from 01 July 2026 to 30 Jun 2027.","Sylhet Central Jail-1,Badaghat","29000","23-Aug-2026","31-Dec-2026","Md. Nasir Uddin Prodhan","Senior Jail Super","Address : Sylhet Sadar City : Sylhet Thana : Sylhet Sadar District : Sylhet - 3100 Country : Bangladesh","Sylhet Sadar","Sylhet","Sylhet Sadar","Sylhet - 3100","0821-713447","Not Found","https://www.eprocure.gov.bd/resources/common/ViewTender.jsp?id=1315628"
"Ministry of Home Affairs","","Bangladesh Police","RAB-14, Mymensingh","00099","Mymensingh","Goods (Framework Agreement)","NCT","TENDER","Tender - Single Lot","RAB-14/14307/Accounts/1 Date: 06 Aug 2026","225235","1315649","Open Tendering Method (OTM)","Revenue","Government","Not applicable","Not applicable","RAB-14/G-4/3255101/2026-2027 Procurement of Computer Accessories","Office and computing machinery, equipment and supplies;Office machinery, equipment and supplies except computers;Word-processing machines;Photocopying and printing equipment;Post-office equipment;Calculating and accounting machines;Typewriters;Parts and accessories of typewriters and calculating machines;Various office equipment and supplies;Computer equipment and supplies;Data-processing machines;Digital cartography equipment;Computer hardware;Software;Computer systems;Servers","10-Aug-2026 10:00","19-Aug-2026 19:00","The Bidder should have valid Trade License, Current Bank Solvency Certificate, Income Tax Certificate, VAT Registration Certificate. Bidder should not be blacklisted by any Government organization in Bangladesh.","Procurement of Computer Accessories","Lot wise","Package wise","Package wise","500","Payment through Bank","16-Dec-2026","16-Dec-2026","1","Procurement of Computer Accessories","RAB-14, Aqua Bypass, Mymensingh","10000","25-Aug-2026","25-Oct-2026","A. N. M. SAIFUZZAMAN","Addl SP","Address : RAB-14, Mymensingh City : Mymensingh Thana : Mymensingh Sadar District : Mymensingh - 2200 Country : Bangladesh","RAB-14, Mymensingh","Mymensingh","Mymensingh Sadar","Mymensingh - 2200","091-54000","Not Found","https://www.eprocure.gov.bd/resources/common/ViewTender.jsp?id=1315649"
"Ministry of Home Affairs","","Bangladesh Police","RAB-14, Mymensingh","00099","Mymensingh","Goods (Framework Agreement)","NCT","TENDER","Tender - Single Lot","RAB-14/14307/Accounts/1 Date: 06 Aug 2026","225235","1315648","Open Tendering Method (OTM)","Revenue","Government","Not applicable","Not applicable","RAB-14/G-3/3252108/2026-2027 Procurement Of Health Care Products","Health and social work services;Health services;Hospital and related services;Medical practice and related services;Dental practice and related services;Miscellaneous health services;Veterinary services;Social work and related services;Social work services;Social services","10-Aug-2026 10:00","19-Aug-2026 16:00","The Bidder should have valid Trade License, Current Bank Solvency Certificate, Income Tax Certificate, VAT Registration Certificate. Bidder should not be blacklisted by any Government organization in Bangladesh.","Procurement Of Health Care Products","Lot wise","Package wise","Package wise","1500","Payment through Bank","16-Dec-2026","16-Dec-2026","1","Procurement Of Health Care Products","RAB-14, Aqua Bypass, Mymensingh","60000","25-Aug-2026","25-Oct-2026","A. N. M. SAIFUZZAMAN","Addl SP","Address : RAB-14, Mymensingh City : Mymensingh Thana : Mymensingh Sadar District : Mymensingh - 2200 Country : Bangladesh","RAB-14, Mymensingh","Mymensingh","Mymensingh Sadar","Mymensingh - 2200","091-54000","Not Found","https://www.eprocure.gov.bd/resources/common/ViewTender.jsp?id=1315648"
"Ministry of Home Affairs","","Prisons Directorate","Sylhet Central Jail","","Sylhet","Goods","NCT","TENDER","Tender - Single Lot","44.07.9100.156.020.017.30.26-3602 Date: 04.08.2026","224865","1315368","Open Tendering Method (OTM)","Revenue","Government","Not applicable","Not applicable","Sylhet Central Jail-1 Badaghat Gd 2026-27 Pack-1 Supply to Miscellaneous Item of Sylhet Central Jail-1, Badaghat from 01 July 2026 to 30 Jun 2027.","Miscellaneous services;Washing and dry-cleaning services;Laundry-collection services;Textile-cleaning services;Fur-products cleaning services;Colouring services;Pressing services;Dyeing services;Hairdressing and beauty treatment services;Hairdressing services;Beauty treatment services;Physical well-being services;Turkish bath services;Spa services;Massage services;Accommodation and office services;Accommodation services;Civic-amenity services;Car-park management services;Marine services;Aquatic marine services;Port management services;Diving services;Funeral and related services;Funeral services;Miscellaneous services n.e.c.;Decommissioning services;Relocation services;Tailoring services;Upholstering services;Locksmith services;Clearing and Forwarding Agent;Service Provider (Others)","10-Aug-2026 10:00","20-Aug-2026 12:00","The following conditions can be recommended for tender of miscellaneous items. a. All the tenderers must follow the PPA-2006 and PPR-2025 rules & regulations. b. The following documents are to be submitted/uploaded; (I) The minimum number of years of general experience of the Tenderer in the supply of Goods and related services as Supplier shall be 01 (One) years. Years counting backward from the date of publication of IFT in the e-GP System. (II) The minimum specific experience as Supplier in the supply of similar Goods of at least one 01 contract completed within the last 03 (Three) years, each with a value of at least Tk.500000.00. Years counting backward from the date of publication of IFT in the e-GP System. [The Tenderer shall submit a Completion Certificate along with the experience certificate in the e-GP system.] (III) The minimum amount of liquid assets, i.e., working capital or credit line(s) (Form PG2-7), net of other contractual commitments, is Tk.700000.00 [Certificate must be issued between publication of IFT and submission date in the e-GP system.] (IV) Up-to-date Valid Trade License as Supplier; (V) Up-to-date Income Tax clearance certificate; (VI) e-BIN (13 digits) registration certificate; (VII) Manufacturer Authorization Letter or Contract deed with the Importers/Manufacturer (if the bidder is a supplier) [When applicable]; (VIII) Certificate of incorporation (in case of a limited company);","Supply to Miscellaneous Item of Sylhet Central Jail-1, Badaghat from 01 July 2026 to 30 Jun 2027.","Lot wise","Package wise","Package wise","500","Payment through Bank","16-Dec-2026","16-Dec-2026","1","Supply to Miscellaneous Item of Sylhet Central Jail-1, Badaghat from 01 July 2026 to 30 Jun 2027.","Sylhet central Jail-1,Badaghat","25000","23-Aug-2026","30-Jun-2027","Md. Nasir Uddin Prodhan","Senior Jail Super","Address : Sylhet Sadar City : Sylhet Thana : Sylhet Sadar District : Sylhet - 3100 Country : Bangladesh","Sylhet Sadar","Sylhet","Sylhet Sadar","Sylhet - 3100","0821-713447","Not Found","https://www.eprocure.gov.bd/resources/common/ViewTender.jsp?id=1315368"
"Ministry of Home Affairs","","Bangladesh Police","RAB-14, Mymensingh","00099","Mymensingh","Goods (Framework Agreement)","NCT","TENDER","Tender - Single Lot","RAB-14/14307/Accounts/1 Date: 06 Aug 2026","225235","1315653","Open Tendering Method (OTM)","Revenue","Government","Not applicable","Not applicable","RAB-14/G-8/3258105/2026-2027 Repair of other Machinery and Equipment","Miscellaneous repair and maintenance services; Repair, maintenance and installation services; Repair services of jewellery; Repair services of leather personal goods; Repair services of garments and textiles; Repair and maintenance services of weapons and weapon systems; Repair and maintenance services of furniture; Repair and maintenance services of musical instruments; Repair and maintenance services of playground equipment; Repair and maintenance services of hotel and restaurant equipment;","10-Aug-2026 10:00","19-Aug-2026 16:00","The Bidder should have valid Trade License, Current Bank Solvency Certificate, Income Tax Certificate, VAT Registration Certificate. Bidder should not be blacklisted by any Government organization in Bangladesh.","Repair of other Machinery and Equipment","Lot wise","Package wise","Package wise","500","Payment through Bank","16-Dec-2026","16-Dec-2026","1","Repair of other Machinery and Equipment","RAB-14, Aqua Bypass, Mymensingh","8500","25-Aug-2026","25-Oct-2026","A. N. M. SAIFUZZAMAN","Addl SP","Address : RAB-14, Mymensingh City : Mymensingh Thana : Mymensingh Sadar District : Mymensingh - 2200 Country : Bangladesh","RAB-14, Mymensingh","Mymensingh","Mymensingh Sadar","Mymensingh - 2200","091-54000","Not Found","https://www.eprocure.gov.bd/resources/common/ViewTender.jsp?id=1315653"
"Ministry of Home Affairs","","Bangladesh Police","RAB-14, Mymensingh","00099","Mymensingh","Goods (Framework Agreement)","NCT","TENDER","Tender - Single Lot","RAB-14/14307/Accounts/1 Date: 06 Aug 2026","225235","1315655","Open Tendering Method (OTM)","Revenue","Government","Not applicable","Not applicable","RAB-14/G-10/4112202/2026-2027 Procurement Of Computer And Accessories","Office and computing machinery, equipment and supplies; Office machinery, equipment and supplies except computers; Computer equipment and supplies;Word-processing machines;Photocopying and printing equipment;Post-office equipment;Calculating and accounting machines;Typewriters;Parts and accessories of typewriters and calculating machines;Various office equipment and supplies;Data-processing machines;Digital cartography equipment;Computer hardware;Software;Computer systems;Servers","10-Aug-2026 10:00","19-Aug-2026 16:00","The Bidder should have valid Trade License, Current Bank Solvency Certificate, Income Tax Certificate, VAT Registration Certificate. Bidder should not be blacklisted by any Government organization in Bangladesh.","Procurement Of Computer And Accessories","Lot wise","Package wise","Package wise","500","Payment through Bank","16-Dec-2026","16-Dec-2026","1","Procurement Of Computer And Accessories","RAB-14, Aqua Bypass, Mymensingh","5000","25-Aug-2026","25-Oct-2026","A. N. M. SAIFUZZAMAN","Addl SP","Address : RAB-14, Mymensingh City : Mymensingh Thana : Mymensingh Sadar District : Mymensingh - 2200 Country : Bangladesh","RAB-14, Mymensingh","Mymensingh","Mymensingh Sadar","Mymensingh - 2200","091-54000","Not Found","https://www.eprocure.gov.bd/resources/common/ViewTender.jsp?id=1315655"
"Ministry of Home Affairs","","Prisons Directorate","Sylhet Central Jail","","Sylhet","Goods","NCT","TENDER","Tender - Single Lot","44.07.9100.156.020.017.30.26-3604 Date: 04.08.2026","224865","1315860","Open Tendering Method (OTM)","Revenue","Government","Not applicable","Not applicable","Sylhet Central Jail-1-Badaghat GD 2026-27 Pack-3 Supply of Miscellaneous Goods to General Department of Sylhet Central Jail-1, Badaghat for the period from July 2026 to June 2027 (Package No-3)","Manufactured goods, furniture, handicrafts, special-purpose products and associated consumables; Furniture; Jewellery and related articles; Musical instruments and parts; Sports goods and equipment; Games and toys; fairground amusements; Miscellaneous manufactured and other goods; Consumables and consumer goods; Handicraft and art supplies; Special-purpose product; Electricity; Electricity, gas, nuclear energy and fuels, steam, hot water and other sources of energy; Miscellaneous services n.e.c.;Seats, chairs and associated parts;Non-domestic furniture;Domestic furniture;Miscellaneous furniture and equipment;School furniture;Coins and medals;Articles of jewellery;Musical instruments;Parts and accessories of musical instruments;Outdoor sports equipment;Gymnasium equipment;Dolls;Toys;Articles for funfair, table or parlour games;Laundry supplies;School slates or boards with writing or drawing surfaces;Artificial products;Apparatus and equipment designed for demonstrational purposes;Umbrellas and sunshades; walking sticks and seat sticks;Funeral supplies;Kitchen equipment, household items and catering supplies;Barracks supplies;Consumables;Tax-free goods;Disposable goods;Handicraft supplies;Art supplies;Police equipment;Recycled products;Security devices;Animal ear tags;Compost boxes;Tokens;Spray booths;Snow poles;Decommissioning services;Relocation services;Tailoring services;Upholstering services;Locksmith services","10-Aug-2026 10:00","20-Aug-2026 12:00","The following conditions can be recommended for tender of miscellaneous items. a. All the tenderers must follow the PPA-2006 and PPR-2025 rules & regulations. b. The following documents are to be submitted/uploaded; (I) The minimum number of years of general experience of the Tenderer in the supply of Goods and related services as Supplier shall be 01 (One) years. Years counting backward from the date of publication of IFT in the e-GP System. (II) The minimum specific experience as Supplier in the supply of similar Goods of at least one 01 contract completed within the last 03 (Three) years, each with a value of at least Tk.500000.00. Years counting backward from the date of publication of IFT in the e-GP System. [The Tenderer shall submit a Completion Certificate along with the experience certificate in the e-GP system.] (III) The minimum amount of liquid assets, i.e., working capital or credit line(s) (Form PG2-7), net of other contractual commitments, is Tk.700000.00 [Certificate must be issued between publication of IFT and submission date in the e-GP system.] (IV) Up-to-date Valid Trade License as Supplier; (V) Up-to-date Income Tax clearance certificate; (VI) e-BIN (13 digits) registration certificate; (VII) Manufacturer Authorization Letter or Contract deed with the Importers/Manufacturer (if the bidder is a supplier) [When applicable]; (VIII) Certificate of incorporation (in case of a limited company);","Supply of Miscellaneous Goods to General Department of Sylhet Central Jail-1, Badaghat for the period from July 2026 to June 2027 (Package No-3)","Lot wise","Package wise","Package wise","500","Payment through Bank","16-Dec-2026","16-Dec-2026","1","Supply of Miscellaneous Goods to General Department of Sylhet Central Jail-1, Badaghat for the period from July 2026 to June 2027 (Package No-3)","Sylhet Central Jail-1,Badaghat","23000","23-Aug-2026","30-Jun-2027","Md. Nasir Uddin Prodhan","Senior Jail Super","Address : Sylhet Sadar City : Sylhet Thana : Sylhet Sadar District : Sylhet - 3100 Country : Bangladesh","Sylhet Sadar","Sylhet","Sylhet Sadar","Sylhet - 3100","0821-713447","Not Found","https://www.eprocure.gov.bd/resources/common/ViewTender.jsp?id=1315860"
"Ministry of Home Affairs","","Bangladesh Police","RAB-14, Mymensingh","00099","Mymensingh","Goods (Framework Agreement)","NCT","TENDER","Tender - Single Lot","RAB-14/14307/Accounts/1 Date: 06 Aug 2026","225235","1315654","Open Tendering Method (OTM)","Revenue","Government","Not applicable","Not applicable","RAB-14/G-9/3258128/2026-2027 Repair and Maintenance of Water Vehicle","Repair, maintenance and installation services; Repair, maintenance and associated services of vehicles and related equipment; Repair, maintenance and associated services related to aircraft, railways, roads and marine equipment; Repair, maintenance and associated services related to personal computers, office equipment, telecommunications and audio-visual equipment; Repair and maintenance services of medical and precision equipment; Repair and maintenance services for pumps, valves, taps and metal containers and machinery; Repair and maintenance services of building installations; Miscellaneous repair and maintenance services; Installation services;Repair and maintenance services of motor vehicles and associated equipment;Demolition services of vehicles;Repair, maintenance and associated services related to aircraft and other equipment;Repair, maintenance and associated services related to railways and other equipment;Repair, maintenance and associated services related to roads and other equipment;Repair, maintenance and associated services related to marine and other equipment;Maintenance and repair of office machinery;Repair and maintenance services of personal computers;Maintenance services of telecommunications equipment;Repair and maintenance services of audio-visual and optical equipment;Repair and maintenance services of measuring, testing and checking apparatus;Repair and maintenance services of medical and surgical equipment;Repair and maintenance services of precision equipment;Repair and maintenance services of pumps, valves, taps and metal containers;Repair and maintenance services of machinery;Repair and maintenance services of electrical and mechanical building installations;Repair and maintenance services of central heating;Repair and maintenance services of cooler groups;Repair and maintenance services of escalators;Lift-maintenance services;Repair services of jewellery;Repair services of leather personal goods;Repair services of garments and textiles;Repair and maintenance services of weapons and weapon systems;Repair and maintenance services of furniture;Repair and maintenance services of musical instruments;Repair and maintenance services of playground equipment;Repair and maintenance services of hotel and restaurant equipment;Installation services of electrical and mechanical equipment;Installation services of equipment for measuring, checking, testing and navigating;Installation services of communications equipment;Installation services of medical and surgical equipment;Installation services of machinery and equipment;Installation services of computers and office equipment;Installation services of metal containers","10-Aug-2026 10:00","19-Aug-2026 16:00","The Bidder should have valid Trade License, Current Bank Solvency Certificate, Income Tax Certificate, VAT Registration Certificate. Bidder should not be blacklisted by any Government organization in Bangladesh.","Repair and Maintenance of Water Vehicle","Lot wise","Package wise","Package wise","500","Payment through Bank","16-Dec-2026","16-Dec-2026","1","Repair and Maintenance of Water Vehicle","RAB-14, Aqua Bypass, Mymensingh","20000","25-Aug-2026","25-Oct-2026","A. N. M. SAIFUZZAMAN","Addl SP","Address : RAB-14, Mymensingh City : Mymensingh Thana : Mymensingh Sadar District : Mymensingh - 2200 Country : Bangladesh","RAB-14, Mymensingh","Mymensingh","Mymensingh Sadar","Mymensingh - 2200","091-54000","Not Found","https://www.eprocure.gov.bd/resources/common/ViewTender.jsp?id=1315654"
"Ministry of Home Affairs","","Bangladesh Police","RAB-14, Mymensingh","00099","Mymensingh","Goods (Framework Agreement)","NCT","TENDER","Tender - Single Lot","RAB-14/14307/Accounts/1 Date: 06 Aug 2026","225235","1315650","Open Tendering Method (OTM)","Revenue","Government","Not applicable","Not applicable","RAB-14/G-5/3255105/2026-2027 Procurement Of Other Stationery","Various types of pulp, paper and paper products;Pulp, paper and paperboard;Pulp;Paper and paperboard;Paper or paperboard articles;Corrugated paper or paperboard;Household and hospital paper articles;Paper stationery and other items;Wallpaper and other coverings;Cigarette paper and filter paper","10-Aug-2026 10:00","19-Aug-2026 16:00","The Bidder should have valid Trade License, Current Bank Solvency Certificate, Income Tax Certificate, VAT Registration Certificate. Bidder should not be blacklisted by any Government organization in Bangladesh.","Procurement Of Other Stationery","Lot wise","Package wise","Package wise","1500","Payment through Bank","16-Dec-2026","16-Dec-2026","1","Procurement Of Other Stationery","RAB-14, Aqua Bypass, Mymensingh","87000","25-Aug-2026","25-Oct-2026","A. N. M. SAIFUZZAMAN","Addl SP","Address : RAB-14, Mymensingh City : Mymensingh Thana : Mymensingh Sadar District : Mymensingh - 2200 Country : Bangladesh","RAB-14, Mymensingh","Mymensingh","Mymensingh Sadar","Mymensingh - 2200","091-54000","Not Found","https://www.eprocure.gov.bd/resources/common/ViewTender.jsp?id=1315650"
"Ministry of Home Affairs","","Bangladesh Police","RAB-14, Mymensingh","00099","Mymensingh","Goods (Framework Agreement)","NCT","TENDER","Tender - Single Lot","RAB-14/14307/Accounts/1 Date: 06 Aug 2026","225235","1315651","Open Tendering Method (OTM)","Revenue","Government","Not applicable","Not applicable","RAB-14/G-6/3258102/2026-2027 Furniture Repair","Miscellaneous repair and maintenance services; Repair, maintenance and installation services;Repair services of jewellery;Repair services of leather personal goods;Repair services of garments and textiles;Repair and maintenance services of weapons and weapon systems;Repair and maintenance services of furniture;Repair and maintenance services of musical instruments;Repair and maintenance services of playground equipment;Repair and maintenance services of hotel and restaurant equipment","10-Aug-2026 10:00","19-Aug-2026 16:00","The Bidder should have valid Trade License, Current Bank Solvency Certificate, Income Tax Certificate, VAT Registration Certificate. Bidder should not be blacklisted by any Government organization in Bangladesh.","Furniture Repair","Lot wise","Package wise","Package wise","500","Payment through Bank","16-Dec-2026","16-Dec-2026","1","Furniture Repair","RAB-14, Aqua Bypass, Mymensingh","3500","25-Aug-2026","25-Oct-2026","A. N. M. SAIFUZZAMAN","Addl SP","Address : RAB-14, Mymensingh City : Mymensingh Thana : Mymensingh Sadar District : Mymensingh - 2200 Country : Bangladesh","RAB-14, Mymensingh","Mymensingh","Mymensingh Sadar","Mymensingh - 2200","091-54000","Not Found","https://www.eprocure.gov.bd/resources/common/ViewTender.jsp?id=1315651"
"Ministry of Home Affairs","","Bangladesh Police","Khulna Metropoliton Police, Khulna","","Khulna","Goods","NCT","TENDER","Tender - Single Lot","KMP-Transport Charge -2026-27","225825","1315914","Open Tendering Method (OTM)","Revenue","Government","Not applicable","Not applicable","KMP-Transport Charge -2026-27 Transport Charge For KMP Of The Fiscal Year-2026-27","Motor vehicles, trailers and vehicle parts; Motor vehicles; Passenger cars; Motor vehicles for the transport of 10 or more persons; Motor vehicles for the transport of goods; Heavy-duty motor vehicles; Vehicle bodies, trailers or semi-trailers; Vehicle bodies; Trailers, semi-trailers and mobile containers; Parts and accessories for vehicles and their engines; Engines and engine parts; Mechanical spare parts except engines and engine parts; Test benches; Vehicle conversion kits; Seat belts; Spare parts for goods vehicles; Spare parts for vans; Spare parts for cars; Tractor accessories; Motorcycles, bicycles and sidecars; Motorcycles; Motor scooters; Cycles with auxiliary motors; Bicycles;","10-Aug-2026 10:00","24-Aug-2026 13:00","Required eligibility and conditions are provided in TDS and PCC","Transport Charge For KMP Of The Fiscal Year-2026-27","Lot wise","Package wise","Package wise","500","Payment through Bank","20-Dec-2026","20-Dec-2026","01","Transport Charge For KMP Of The Fiscal Year-2026-27","Khulna Metropolitan Police Lines","10000","30-Aug-2026","30-Jun-2027","ABDULAH-AL-MASUM","Deputy Police Commissioner","Address : Khulna Metropoliton Police, Khulna City : Khulna Thana : Khulna City Corporation District : Khulna - 9000 Country : Bangladesh","Khulna Metropoliton Police, Khulna","Khulna","Khulna City Corporation","Khulna - 9000","02-477727569","Not Found","https://www.eprocure.gov.bd/resources/common/ViewTender.jsp?id=1315914"
"Ministry of Home Affairs","","Bangladesh Police","RAB-14, Mymensingh","00099","Mymensingh","Goods (Framework Agreement)","NCT","TENDER","Tender - Single Lot","RAB-14/14307/Accounts/1 Date: 06 Aug 2026","225235","1315652","Open Tendering Method (OTM)","Revenue","Government","Not applicable","Not applicable","RAB-14/G-7/3258103/2026-2027 Computer Servicing","Repair, maintenance and installation services;Repair, maintenance and associated services of vehicles and related equipment;Repair and maintenance services of motor vehicles and associated equipment;Demolition services of vehicles;Repair, maintenance and associated services related to aircraft, railways, roads and marine equipment;Repair, maintenance and associated services related to aircraft and other equipment;Repair, maintenance and associated services related to railways and other equipment;Repair, maintenance and associated services related to roads and other equipment;Repair, maintenance and associated services related to marine and other equipment;Repair, maintenance and associated services related to personal computers, office equipment, telecommunications and audio-visual equipment;Maintenance and repair of office machinery;Repair and maintenance services of personal computers;Maintenance services of telecommunications equipment;Repair and maintenance services of audio-visual and optical equipment;Repair and maintenance services of medical and precision equipment;Repair and maintenance services of measuring, testing and checking apparatus;Repair and maintenance services of medical and surgical equipment;Repair and maintenance services of precision equipment;Repair and maintenance services for pumps, valves, taps and metal containers and machinery;Repair and maintenance services of pumps, valves, taps and metal containers;Repair and maintenance services of machinery;Repair and maintenance services of building installations;Repair and maintenance services of electrical and mechanical building installations;Repair and maintenance services of central heating;Repair and maintenance services of cooler groups;Repair and maintenance services of escalators;Lift-maintenance services;Miscellaneous repair and maintenance services;Repair services of jewellery;Repair services of leather personal goods;Repair services of garments and textiles;Repair and maintenance services of weapons and weapon systems;Repair and maintenance services of furniture;Repair and maintenance services of musical instruments;Repair and maintenance services of playground equipment;Repair and maintenance services of hotel and restaurant equipment;Installation services;Installation services of electrical and mechanical equipment;Installation services of equipment for measuring, checking, testing and navigating;Installation services of communications equipment;Installation services of medical and surgical equipment;Installation services of machinery and equipment;Installation services of computers and office equipment;Installation services of metal containers","10-Aug-2026 10:00","19-Aug-2026 16:00","The Bidder should have valid Trade License, Current Bank Solvency Certificate, Income Tax Certificate, VAT Registration Certificate. Bidder should not be blacklisted by any Government organization in Bangladesh.","Computer Servicing","Lot wise","Package wise","Package wise","500","Payment through Bank","16-Dec-2026","16-Dec-2026","1","Computer Servicing","RAB-14, Aqua Bypass, Mymensingh","7000","25-Aug-2026","25-Oct-2026","A. N. M. SAIFUZZAMAN","Addl SP","Address : RAB-14, Mymensingh City : Mymensingh Thana : Mymensingh Sadar District : Mymensingh - 2200 Country : Bangladesh","RAB-14, Mymensingh","Mymensingh","Mymensingh Sadar","Mymensingh - 2200","091-54000","Not Found","https://www.eprocure.gov.bd/resources/common/ViewTender.jsp?id=1315652"
"Ministry of Home Affairs","","Bangladesh Police","RAB-14, Mymensingh","00099","Mymensingh","Goods (Framework Agreement)","NCT","TENDER","Tender - Single Lot","RAB-14/14307/Accounts/1 Date: 06 Aug 2026","225235","1315656","Open Tendering Method (OTM)","Revenue","Government","Not applicable","Not applicable","RAB-14/G-11/4112314/2026-2027 Procurement of Furniture","Furniture; Manufactured goods, furniture, handicrafts, special-purpose products and associated consumables;Seats, chairs and associated parts;Non-domestic furniture;Domestic furniture;Miscellaneous furniture and equipment;School furniture","10-Aug-2026 10:00","19-Aug-2026 16:00","The Bidder should have valid Trade License, Current Bank Solvency Certificate, Income Tax Certificate, VAT Registration Certificate. Bidder should not be blacklisted by any Government organization in Bangladesh.","Procurement of Furniture","Lot wise","Package wise","Package wise","500","Payment through Bank","16-Dec-2026","16-Dec-2026","1","Procurement of Furniture","RAB-14, Aqua Bypass, Mymensingh","8000","25-Aug-2026","25-Oct-2026","A. N. M. SAIFUZZAMAN","Addl SP","Address : RAB-14, Mymensingh City : Mymensingh Thana : Mymensingh Sadar District : Mymensingh - 2200 Country : Bangladesh","RAB-14, Mymensingh","Mymensingh","Mymensingh Sadar","Mymensingh - 2200","091-54000","Not Found","https://www.eprocure.gov.bd/resources/common/ViewTender.jsp?id=1315656"
"Ministry of Home Affairs","","Bangladesh Police","Khulna Metropoliton Police, Khulna","","Khulna","Goods","NCT","TENDER","Tender - Single Lot","KMP-Transport Hiring-2026-27","225825","1315901","Open Tendering Method (OTM)","Revenue","Government","Not applicable","Not applicable","KMP-Transport Hiring-2026-27 Transport Hiring For KMP Of The Fiscal Year-2026-27","Motor vehicles, trailers and vehicle parts; Motor vehicles; Vehicle bodies, trailers or semi-trailers; Parts and accessories for vehicles and their engines; Motorcycles, bicycles and sidecars; Passenger land transport services.; Land transport services;Passenger cars;Motor vehicles for the transport of 10 or more persons;Motor vehicles for the transport of goods;Heavy-duty motor vehicles;Vehicle bodies;Trailers, semi-trailers and mobile containers;Engines and engine parts;Mechanical spare parts except engines and engine parts;Test benches;Vehicle conversion kits;Seat belts;Spare parts for goods vehicles;Spare parts for vans;Spare parts for cars;Tractor accessories;Motorcycles;Motor scooters;Cycles with auxiliary motors;Bicycles","10-Aug-2026 10:00","24-Aug-2026 13:00","Required eligibility and conditions are provided in TDS and PCC","Transport Hiring For KMP Of The Fiscal Year-2026-27","Lot wise","Package wise","Package wise","1500","Payment through Bank","20-Dec-2026","20-Dec-2026","01","Transport Hiring For KMP Of The Fiscal Year-2026-27","Khulna Metropolitan Police Lines","100000","30-Aug-2026","30-Jun-2027","ABDULAH-AL-MASUM","Deputy Police Commissioner","Address : Khulna Metropoliton Police, Khulna City : Khulna Thana : Khulna City Corporation District : Khulna - 9000 Country : Bangladesh","Khulna Metropoliton Police, Khulna","Khulna","Khulna City Corporation","Khulna - 9000","02-477727569","Not Found","https://www.eprocure.gov.bd/resources/common/ViewTender.jsp?id=1315901"
"Ministry of Home Affairs","","Bangladesh Police","Research and Publication Section, Police Staff College Bangladesh","","Dhaka","Services","NCT","REOI","","","229088","1316268","Quality Cost Based Selection (QCBS)","Revenue","Government","Not applicable","Not applicable","PSC Research Pk.-5 Technology driven Terrorism in Bangladesh: emerging patterns, factors affecting the usages and responses to the misuse of new technologies","Research and development services and related consultancy services.;Research and experimental development services;Research services;Experimental development services;Research and development consultancy services;Research consultancy services;Development consultancy services;Design and execution of research and development","","","1. Updated copy of valid Trade license. 2. Updated Income Tax clearance certificate & e-TIN certificate. 3. Updated VAT registration certificate. 4. Latest certified copy of Bank Solvency Certificate & detail Bank Statement (Last 3 Months). 5. 80% Liquid Asset of total research price according to PPR 2025. 6. Certificate of ownership of the company/Firm. 7. Litigation/Blacklisted/Declaration Certificate. 8. National Identity Card/Citizenship Certificate copy & Passport size photo.","Title-5: Technology driven Terrorism in Bangladesh: emerging patterns, factors affecting the usages and responses to the misuse of new technologies. Background: The rapid development of information and communication technologies (ICTs) has increased the opportunities to the terrorist and violent extremist groups and networks to advance their criminal activities. These groups are increasingly using new technologies to organize, plan, finance, perpetrate and broadcast attacks. Council of Europe (2025) studied the emerging patterns of the misuse of new technology and found that social media platforms, terrorist-hosted websites, the decentralized web, the dark web, generative Artificial Intelligence (Al) are all playing critical roles in the radicalisation and recruitment process of terrorist activities. During the Dhaka attack in 2016 which was perpetrated by the IS supported neo-JMB, Bangladesh witnessed how the terrorists did do live streaming of attacks and sharing of manifestos online before and aftermath of the attack. Although many of these technologies provide benefits in the field of counter-terrorism to the government, their actual or potential misuse by terrorist/extremist actors often slow integration of new technologies within policy and operational responses leading to becoming major concerns for practitioners, policy makers and the broad array of entities involved in counter-terrorism today not only in Bangladesh but across the globe. In effect, these remain threatening to our national security and democratic system. In this backdrop, it is imperative to identify the main usage patterns of terrorists' misuse of technology, and vulnerabilities and risks associated with these developments, the findings. of which will inform the policy makers in Bangladesh to formulate a framework on how to monitor, disrupt, and intercept terrorist activity and mitigate these risks in a holistic way.","Package wise","","","","","","","","","Research and Publication Section","","12-Nov-2026","30-Jun-2027","Nilufa Yeasmin","Director","Address : Kafrul, Section-14, Mirpur, Dhaka City : Dhaka Thana : Dhaka North City Corporation District : Dhaka - 1206 Country : Bangladesh","Kafrul, Section-14, Mirpur, Dhaka","Dhaka","Dhaka North City Corporation","Dhaka - 1206","02-41000517","Not Found","https://www.eprocure.gov.bd/resources/common/ViewTender.jsp?id=1316268"
"Ministry of Home Affairs","","Bangladesh Police","Research and Publication Section, Police Staff College Bangladesh","","Dhaka","Services","NCT","REOI","","","229088","1316269","Quality Cost Based Selection (QCBS)","Revenue","Government","Not applicable","Not applicable","PSC Research Pk.-12 Technology-Enabled Anti-Narcotics Policing in Rohingya Camps: Assessing the Effectiveness of deployment of Integrated Unmanned Aerial Surveillance Systems and Drug Detection Canine Units in Combating Drug Trafficking","Research and development services and related consultancy services.;Research and experimental development services;Research services;Experimental development services;Research and development consultancy services;Research consultancy services;Development consultancy services;Design and execution of research and development","","","1. Updated copy of valid Trade license. 2. Updated Income Tax clearance certificate & e-TIN certificate. 3. Updated VAT registration certificate. 4. Latest certified copy of Bank Solvency Certificate & detail Bank Statement (Last 3 Months). 5. 80% Liquid Asset of total research price according to PPR 2025. 6. Certificate of ownership of the company/Firm. 7. Litigation/Blacklisted/Declaration Certificate. 8. National Identity Card/Citizenship Certificate copy & Passport size photo.","Title-12: Technology-Enabled Anti-Narcotics Policing in Rohingya Camps: Assessing the Effectiveness of deployment of Integrated Unmanned Aerial Surveillance Systems and Drug Detection Canine Units in Combating Drug Trafficking. Background : Drug trafficking remains a major security and public safety concern in the Rohingya camps of Cox’s Bazar, where high population density, complex terrain, and proximity to cross-border trafficking routes create significant challenges for conventional law-enforcement operations. Traditional patrol and surveillance methods may have limitations in ensuring continuous monitoring, timely detection, and effective intelligence collection across these high-risk areas. The integration of Unmanned Aerial Surveillance Systems (drones) with drug-detection canine (K9) units offers a technology-enabled approach to strengthen anti-narcotics policing. Drones can support wider-area surveillance and rapid identification of suspicious activities, while K9 units can assist operational teams in detecting narcotics during targeted interventions. An integrated Drone-K9 model may therefore enhance surveillance capacity, operational responsiveness, and the efficient use of policing resources. This project will assess the operational effectiveness, cost-efficiency, scalability, and community acceptability of an integrated Drone-K9 anti-narcotics surveillance model through a pilot intervention in selected high-risk Rohingya camp areas. It will also examine changes in drug-related seizures, trafficking incident detection, arrests, and intelligence reporting, while identifying operational challenges and lessons learned. The findings are expected to provide evidence-based recommendations for determining the feasibility of wider deployment of this technology-enabled policing approach across Rohingya camp areas.","Package wise","","","","","","","","","Research and Publication Section","","12-Nov-2026","30-Jun-2027","Nilufa Yeasmin","Director","Address : Kafrul, Section-14, Mirpur, Dhaka City : Dhaka Thana : Dhaka North City Corporation District : Dhaka - 1206 Country : Bangladesh","Kafrul, Section-14, Mirpur, Dhaka","Dhaka","Dhaka North City Corporation","Dhaka - 1206","02-41000517","Not Found","https://www.eprocure.gov.bd/resources/common/ViewTender.jsp?id=1316269"
"Ministry of Home Affairs","","Bangladesh Police","Research and Publication Section, Police Staff College Bangladesh","","Dhaka","Services","NCT","REOI","","","229088","1316271","Quality Cost Based Selection (QCBS)","Revenue","Government","Not applicable","Not applicable","PSC Research Pk.-7 Urban Vulnerability, Crime and Community Safety: Policing Dynamics in Bihari Settlements of Dhaka (Bihari Camp, Mirpur and Geneva Camp, Mohammadpur)","Research and development services and related consultancy services.;Research and experimental development services;Research services;Experimental development services;Research and development consultancy services;Research consultancy services;Development consultancy services;Design and execution of research and development","","","1. Updated copy of valid Trade license. 2. Updated Income Tax clearance certificate & e-TIN certificate. 3. Updated VAT registration certificate. 4. Latest certified copy of Bank Solvency Certificate & detail Bank Statement (Last 3 Months). 5. 80% Liquid Asset of total research price according to PPR 2025. 6. Certificate of ownership of the company/Firm. 7. Litigation/Blacklisted/Declaration Certificate. 8. National Identity Card/Citizenship Certificate copy & Passport size photo.","Title-7: Urban Vulnerability, Crime and Community Safety: Policing Dynamics in Bihari Settlements of Dhaka (Bihari Camp, Mirpur and Geneva Camp, Mohammadpur). Background: Bihari Camp in Mirpur and Geneva Camp in Mohammadpur are among Dhaka’s largest and oldest Bihari settlements. Despite the recognition of citizenship rights for camp-born residents in 2008, these communities continue to experience significant socioeconomic and institutional vulnerabilities. High population density, unemployment, limited educational and livelihood opportunities, inadequate public services, and informal governance structures contribute to a complex security environment. Common concerns include drug abuse and trafficking, theft, gambling, extortion, interpersonal violence, and juvenile delinquency. The densely built environment, narrow lanes, and restricted police mobility further complicate conventional law-enforcement activities. Police-community relations are also affected by mistrust and perceptions of discrimination and institutional neglect, which may discourage crime reporting and cooperation with law enforcement. Community-Oriented Policing (COP), with its emphasis on partnership, trust-building, problem-solving, and proactive engagement, may provide an effective response to these challenges. This study will comparatively examine urban vulnerability, crime patterns, community safety, and policing dynamics in the two camps and assess how community-oriented policing can strengthen crime prevention, police-community cooperation, and residents’ well-being.","Package wise","","","","","","","","","Research and Publication Section","","12-Nov-2026","30-Jun-2027","Nilufa Yeasmin","Director","Address : Kafrul, Section-14, Mirpur, Dhaka City : Dhaka Thana : Dhaka North City Corporation District : Dhaka - 1206 Country : Bangladesh","Kafrul, Section-14, Mirpur, Dhaka","Dhaka","Dhaka North City Corporation","Dhaka - 1206","02-41000517","Not Found","https://www.eprocure.gov.bd/resources/common/ViewTender.jsp?id=1316271"
"Ministry of Home Affairs","","Bangladesh Police","Research and Publication Section, Police Staff College Bangladesh","","Dhaka","Services","NCT","REOI","","","229088","1316260","Quality Cost Based Selection (QCBS)","Revenue","Government","Not applicable","Not applicable","PSC Research Pk.-3 Cybercrime and Online Scams in Bangladesh: Assessing Police Response Capacity, Investigative Challenges, and Strategies for Strengthening Cyber Policing","Research and development services and related consultancy services.;Research and experimental development services;Research services;Experimental development services;Research and development consultancy services;Research consultancy services;Development consultancy services;Design and execution of research and development","","","1. Updated copy of valid Trade license. 2. Updated Income Tax clearance certificate & e-TIN certificate. 3. Updated VAT registration certificate. 4. Latest certified copy of Bank Solvency Certificate & detail Bank Statement (Last 3 Months). 5. 80% Liquid Asset of total research price according to PPR 2025. 6. Certificate of ownership of the company/Firm. 7. Litigation/Blacklisted/Declaration Certificate. 8. National Identity Card/Citizenship Certificate copy & Passport size photo.","Title-3: Cybercrime and Online Scams in Bangladesh: Assessing Police Response Capacity, Investigative Challenges, and Strategies for Strengthening Cyber Policing. Background of the project: Online scams are increasing in scale, technical complexity, and cross-border reach. In Bangladesh, the Cyber Police Centre (CPC) of CID plays a central role in investigating these offences, yet investigators often face pressure from limited manpower, evolving offender tactics, gaps in digital-forensic capacity, and delays in obtaining electronic evidence from service providers and foreign jurisdictions. As scams increasingly involve mobile financial services, bank accounts, social-media platforms, and cryptoasset-related laundering, it is necessary to assess whether current investigative capacity is sufficient and what practical reforms are most urgently required. Objectives of the Assignment: 1.To assess the existing capacity of CPC-CID in investigating online scams, 2.To identify key limitations and bottlenecks affecting investigative effectiveness 3.To examine the prospects of improving cyber-policing through training, tools, procedures, and coordination, and 4.To suggest practical recommendations for strengthening online scam investigations.","Package wise","","","","","","","","","Research and Publication Section","","12-Nov-2026","30-Jun-2027","Nilufa Yeasmin","Director","Address : Kafrul, Section-14, Mirpur, Dhaka City : Dhaka Thana : Dhaka North City Corporation District : Dhaka - 1206 Country : Bangladesh","Kafrul, Section-14, Mirpur, Dhaka","Dhaka","Dhaka North City Corporation","Dhaka - 1206","02-41000517","Not Found","https://www.eprocure.gov.bd/resources/common/ViewTender.jsp?id=1316260"
"Ministry of Home Affairs","","Prisons Directorate","Sylhet Central Jail","","Sylhet","Goods","NCT","TENDER","Tender - Single Lot","44.07.9100.156.020.017.30.26-3605 Date: 04.08.2026","224865","1316252","Open Tendering Method (OTM)","Revenue","Government","Not applicable","Not applicable","Sylhet Central Jail-1-Badaghat MD 2026-27 Pack-1 Supply of Miscellaneous Goods to Manufacture Department of Sylhet Central Jail-1, Badaghat for the period from July 2026 to June 2027 (Package No-1)","Manufactured goods, furniture, handicrafts, special-purpose products and associated consumables;Furniture;Seats, chairs and associated parts;Non-domestic furniture;Domestic furniture;Miscellaneous furniture and equipment;School furniture;Jewellery and related articles;Coins and medals;Articles of jewellery;Musical instruments and parts;Musical instruments;Parts and accessories of musical instruments;Sports goods and equipment;Outdoor sports equipment;Gymnasium equipment;Games and toys; fairground amusements;Dolls;Toys;Articles for funfair, table or parlour games;Miscellaneous manufactured and other goods;Laundry supplies;School slates or boards with writing or drawing surfaces;Artificial products;Apparatus and equipment designed for demonstrational purposes;Umbrellas and sunshades; walking sticks and seat sticks;Funeral supplies;Kitchen equipment, household items and catering supplies;Barracks supplies;Consumables and consumer goods;Consumables;Tax-free goods;Disposable goods;Handicraft and art supplies;Handicraft supplies;Art supplies;Special-purpose product;Police equipment;Recycled products;Security devices;Animal ear tags;Compost boxes;Tokens;Spray booths;Snow poles","10-Aug-2026 10:00","20-Aug-2026 12:00","The following conditions can be recommended for tender of miscellaneous items. a. All the tenderers must follow the PPA-2006 and PPR-2025 rules & regulations. b. The following documents are to be submitted/uploaded; (I) The minimum number of years of general experience of the Tenderer in the supply of Goods and related services as Supplier shall be 01 (One) years. Years counting backward from the date of publication of IFT in the e-GP System. (II) The minimum specific experience as Supplier in the supply of similar Goods of at least one 01 contract completed within the last 03 (Three) years, each with a value of at least Tk.650000.00. Years counting backward from the date of publication of IFT in the e-GP System. [The Tenderer shall submit a Completion Certificate along with the experience certificate in the e-GP system.] (III) The minimum amount of liquid assets, i.e., working capital or credit line(s) (Form PG2-7), net of other contractual commitments, is Tk.1000000.00 [Certificate must be issued between publication of IFT and submission date in the e-GP system.] (IV) Up-to-date Valid Trade License as Supplier; (V) Up-to-date Income Tax clearance certificate; (VI) e-BIN (13 digits) registration certificate; (VII) Manufacturer Authorization Letter or Contract deed with the Importers/Manufacturer (if the bidder is a supplier) [When applicable]; (VIII) Certificate of incorporation (in case of a limited company);","Supply of Miscellaneous Goods to Manufacture Department of Sylhet Central Jail-1, Badaghat for the period from July 2026 to June 2027 (Package No-1)","Lot wise","Package wise","Package wise","1000","Payment through Bank","16-Dec-2026","16-Dec-2026","1","Supply of Miscellaneous Goods to Manufacture Department of Sylhet Central Jail-1, Badaghat for the period from July 2026 to June 2027 (Package No-1)","Sylhet central Jail-1,Badaghat","32500","23-Aug-2026","30-Jun-2027","Md. Nasir Uddin Prodhan","Senior Jail Super","Address : Sylhet Sadar City : Sylhet Thana : Sylhet Sadar District : Sylhet - 3100 Country : Bangladesh","Sylhet Sadar","Sylhet","Sylhet Sadar","Sylhet - 3100","0821-713447","Not Found","https://www.eprocure.gov.bd/resources/common/ViewTender.jsp?id=1316252"
"Ministry of Home Affairs","","Bangladesh Police","Research and Publication Section, Police Staff College Bangladesh","","Dhaka","Services","NCT","REOI","","","229088","1316254","Quality Cost Based Selection (QCBS)","Revenue","Government","Not applicable","Not applicable","PSC Research Pk.-2 Policy-Practice Disjuncture in Circle-Level Policing: Limitations, Institutional Reform, and Supervisory Role over Police Stations","Research and development services and related consultancy services.; Research and experimental development services; Research and development consultancy services; Design and execution of research and development;Research services;Experimental development services;Research consultancy services;Development consultancy services","","","1. Updated copy of valid Trade license. 2. Updated Income Tax clearance certificate & e-TIN certificate. 3. Updated VAT registration certificate. 4. Latest certified copy of Bank Solvency Certificate & detail Bank Statement (Last 3 Months). 5. 80% Liquid Asset of total research price according to PPR 2025. 6. Certificate of ownership of the company/Firm. 7. Litigation/Blacklisted/Declaration Certificate. 8. National Identity Card/Citizenship Certificate copy & Passport size photo.","Title-2: Policy–Practice Disjuncture in Circle-Level Policing: Limitations, Institutional Reform, and Supervisory Role over Police Stations Background of the project: Circle-level policing is one of the most operationally significant tiers of Bangladesh Police. Circle Officers/Supervise police stations, monitor investigations, maintain law and order, and ensure implementation of departmental policies. Despite existing laws, Police Regulations Bengal (PRB), standing orders, and training systems, a gap often exists between policy and field-level practice. This policy–practice disjuncture affects accountability, investigation quality, service delivery, procedural justice, and public trust in policing. The study aims to explore institutional limitations and recommend reforms for strengthening professional and people-centred policing in Bangladesh. Objectives of the Assignment: 1. To examine the policy–practice gap in circle-level policing and propose institutional reforms. 2. To investigate the legal and administrative role of Circle Officers 3. To identify operational and institutional limitations 4. To analyze the impact of supervisory gaps on accountability and service delivery 5. To evaluate the effectiveness of supervision over police stations 6. To recommend evidence-based reforms for improving circle-level policing","Package wise","","","","","","","","","Research and Publication Section","","12-Nov-2026","30-Jun-2027","Nilufa Yeasmin","Director","Address : Kafrul, Section-14, Mirpur, Dhaka City : Dhaka Thana : Dhaka North City Corporation District : Dhaka - 1206 Country : Bangladesh","Kafrul, Section-14, Mirpur, Dhaka","Dhaka","Dhaka North City Corporation","Dhaka - 1206","02-41000517","Not Found","https://www.eprocure.gov.bd/resources/common/ViewTender.jsp?id=1316254"
"Ministry of Home Affairs","","Bangladesh Police","Research and Publication Section, Police Staff College Bangladesh","","Dhaka","Services","NCT","REOI","","","229088","1316285","Quality Cost Based Selection (QCBS)","Revenue","Government","Not applicable","Not applicable","PSC Research Pk.-9 The Political Economy of Labor Unrest: Rule of Industrial Police for Bridging the Governance Gap Between Factory Owners and Workers","Research and development services and related consultancy services.;Research and experimental development services;Research services;Experimental development services;Research and development consultancy services;Research consultancy services;Development consultancy services;Design and execution of research and development","","","1. Updated copy of valid Trade license. 2. Updated Income Tax clearance certificate & e-TIN certificate. 3. Updated VAT registration certificate. 4. Latest certified copy of Bank Solvency Certificate & detail Bank Statement (Last 3 Months). 5. 80% Liquid Asset of total research price according to PPR 2025. 6. Certificate of ownership of the company/Firm. 7. Litigation/Blacklisted/Declaration Certificate. 8. National Identity Card/Citizenship Certificate copy & Passport size photo.","Title-9: The Political Economy of Labor Unrest: Rule of Industrial Police for Bridging the Governance Gap Between Factory Owners and Workers. Background of the project: This research proposal explores the structural and political-economic drivers of labour unrest, focusing on the ""governance gap""-the disconnect among factory management, regulatory bodies, and the workforce. The study emphasizes the need for a tripartite governance model involving government, owners, and labour unions to foster long-term industrial stability. Objectives of the Assignment: 1. To analyze the governance structures and regulatory mechanisms shaping worker-employer relations at the factory level. 2. To identify the critical governance gaps (e.g. wage gap. inflations, Power imblances weak enforcement, lack of grievance redress, limited worker representation) contributing to labour unrest. 3. To explore the perceptions and experiences of workers and factory owners regarding rights, fairness, and accountability. 4. To develop evidence-based policy recommendations to strengthen labour governance and reduce industrial conflict. 5. To evaluate the Trust building among government, worker and owners.","Package wise","","","","","","","","","Research and Publication Section","","12-Nov-2026","30-Jun-2027","Nilufa Yeasmin","Director","Address : Kafrul, Section-14, Mirpur, Dhaka City : Dhaka Thana : Dhaka North City Corporation District : Dhaka - 1206 Country : Bangladesh","Kafrul, Section-14, Mirpur, Dhaka","Dhaka","Dhaka North City Corporation","Dhaka - 1206","02-41000517","Not Found","https://www.eprocure.gov.bd/resources/common/ViewTender.jsp?id=1316285"
"Ministry of Home Affairs","","Bangladesh Police","Research and Publication Section, Police Staff College Bangladesh","","Dhaka","Services","NCT","REOI","","","229088","1316282","Quality Cost Based Selection (QCBS)","Revenue","Government","Not applicable","Not applicable","PSC Research Pk.-8 Policing Under Pressure: Health Risks, Stress, and Wellbeing among Traffic Police and Police Station Personnel in Dhaka","Research and development services and related consultancy services.;Research and experimental development services;Research services;Experimental development services;Research and development consultancy services;Research consultancy services;Development consultancy services;Design and execution of research and development","","","1. Updated copy of valid Trade license. 2. Updated Income Tax clearance certificate & e-TIN certificate. 3. Updated VAT registration certificate. 4. Latest certified copy of Bank Solvency Certificate & detail Bank Statement (Last 3 Months). 5. 80% Liquid Asset of total research price according to PPR 2025. 6. Certificate of ownership of the company/Firm. 7. Litigation/Blacklisted/Declaration Certificate. 8. National Identity Card/Citizenship Certificate copy & Passport size photo.","Tille-8: Policing Under Pressure: Health Risks, Stress, and Wellbeing among Traffic Police and Police Station Personnel in Dhaka. Background of the project : The total number of personnel in Tejgaon Traffic division under Dhaka Metropolitan police DMP is 618, of which 400 are constables, representiong the majonity of the workforce. Amons these personel 3 members reportedly died (31 Dec 2025 to 23 March 2026) in their early 40s due to sudden illenss. This suggests a concerning pattern of premature mortality, particularly considering that the age of death falls below the average life expectancy. Objectives of the Assignment : 1. To study the health condition, death rate and reason of death of traffic members working for at least 8 years compared with those of crime division members. 2. Diagnostic analysis of randomly selected traffic members. 3. To recommend on the basis of the findings","Package wise","","","","","","","","","Research and Publication Section","","12-Nov-2026","30-Jun-2027","Nilufa Yeasmin","Director","Address : Kafrul, Section-14, Mirpur, Dhaka City : Dhaka Thana : Dhaka North City Corporation District : Dhaka - 1206 Country : Bangladesh","Kafrul, Section-14, Mirpur, Dhaka","Dhaka","Dhaka North City Corporation","Dhaka - 1206","02-41000517","Not Found","https://www.eprocure.gov.bd/resources/common/ViewTender.jsp?id=1316282"
"Ministry of Home Affairs","","Bangladesh Police","Research and Publication Section, Police Staff College Bangladesh","","Dhaka","Services","NCT","REOI","","","229088","1316270","Quality Cost Based Selection (QCBS)","Revenue","Government","Not applicable","Not applicable","PSC Research Pk.-6 Campus Policing: Assessing the Impact of School Visiting Programs on Youth-Police Relations in Maintaining Social Order","Research and development services and related consultancy services.;Research and experimental development services;Research services;Experimental development services;Research and development consultancy services;Research consultancy services;Development consultancy services;Design and execution of research and development","","","1. Updated copy of valid Trade license. 2. Updated Income Tax clearance certificate & e-TIN certificate. 3. Updated VAT registration certificate. 4. Latest certified copy of Bank Solvency Certificate & detail Bank Statement (Last 3 Months). 5. 80% Liquid Asset of total research price according to PPR 2025. 6. Certificate of ownership of the company/Firm. 7. Litigation/Blacklisted/Declaration Certificate. 8. National Identity Card/Citizenship Certificate copy & Passport size photo.","Title-6: Campus Policing: Assessing the Impact of School Visiting Programs on Youth-Police Relations in Maintaining Social Order. Background of the project: Youth and police relations are important for social harmony. Misunderstanding and lack of communication often create distance. School visiting programs can build trust and awareness. Campus policing promotes cooperation between students and police Objectives of the Assignment: 1. To examine the effectiveness of school visiting programs. 2. To identify the communication gap between youth and police. 3. To assess the role of campus policing in crime prevention. 4. To provide recommendations for Bangladesh Police","Package wise","","","","","","","","","Research and Publication Section","","12-Nov-2026","30-Jun-2027","Nilufa Yeasmin","Director","Address : Kafrul, Section-14, Mirpur, Dhaka City : Dhaka Thana : Dhaka North City Corporation District : Dhaka - 1206 Country : Bangladesh","Kafrul, Section-14, Mirpur, Dhaka","Dhaka","Dhaka North City Corporation","Dhaka - 1206","02-41000517","Not Found","https://www.eprocure.gov.bd/resources/common/ViewTender.jsp?id=1316270"
"Ministry of Home Affairs","","Bangladesh Police","Research and Publication Section, Police Staff College Bangladesh","","Dhaka","Services","NCT","REOI","","","229088","1316266","Quality Cost Based Selection (QCBS)","Revenue","Government","Not applicable","Not applicable","PSC Research Pk.-4 Restructuring and Reforming the Criminal Investigation Department (CID) for Accomplishing Management Agility and Enhancing Change Management Capacity","Research and development services and related consultancy services.;Research and experimental development services;Research services;Experimental development services;Research and development consultancy services;Research consultancy services;Development consultancy services;Design and execution of research and development","","","1. Updated copy of valid Trade license. 2. Updated Income Tax clearance certificate & e-TIN certificate. 3. Updated VAT registration certificate. 4. Latest certified copy of Bank Solvency Certificate & detail Bank Statement (Last 3 Months). 5. 80% Liquid Asset of total research price according to PPR 2025. 6. Certificate of ownership of the company/Firm. 7. Litigation/Blacklisted/Declaration Certificate. 8. National Identity Card/Citizenship Certificate copy & Passport size photo.","Title-4: Restructuring and Reforming the Criminal Investigation Department (CID) for Accomplishing Management Agility and Enhancing Change Management Capacity. Background of the project: In response to these changes, law enforcement agencies around the world are increasingly focusing on organizational agility and change management as key components of effective policing. Organizational agility refers to the ability of an institution to adapt quickly to environmental changes and emerging challenges while maintaining operational efficiency. Research shows that police organizations must continuously adapt their structures, management systems, and operational processes in order to respond effectively to evolving crime patterns and community expectations. Despite the evolving nature of crime, many institutional processes within traditional police organizations remain based on conventional investigative models. Organizational structures, job responsibilities, and administrative procedures often fail to keep pace with the changing demands of modern policing, Without continuous process development and effective change management strategies, police organizations may face difficulties in responding efficiently to emerging criminal threats In this context, the Criminal Investigation Department (CID) of Bangladesh Police needs to strengthen its organizational processes, management systems, and institutional framework. Developing modem Rules of Business (RoB), clearly defined job descriptions, specialized investigative units, and performance evaluation mechanisms can significantly improve operational efficiency and institutional accountability. Therefore, this research aims to assess the necessity of process development within CID in order to enhance management agility and strengthen the department's capability to manage organizational change in response to evolving crime patterns and public expectations","Package wise","","","","","","","","","Research and Publication Section","","12-Nov-2026","30-Jun-2027","Nilufa Yeasmin","Director","Address : Kafrul, Section-14, Mirpur, Dhaka City : Dhaka Thana : Dhaka North City Corporation District : Dhaka - 1206 Country : Bangladesh","Kafrul, Section-14, Mirpur, Dhaka","Dhaka","Dhaka North City Corporation","Dhaka - 1206","02-41000517","Not Found","https://www.eprocure.gov.bd/resources/common/ViewTender.jsp?id=1316266"
"Ministry of Home Affairs","","Prisons Directorate","Sylhet Central Jail","","Sylhet","Goods","NCT","TENDER","Tender - Single Lot","44.07.9100.156.020.017.30.26-3606 Date: 04.08.2026","224865","1316331","Open Tendering Method (OTM)","Revenue","Government","Not applicable","Not applicable","Sylhet Central Jail-1-Badaghat MD 2026-27 Pack-2 Supply of Miscellaneous Goods to Manufacture Department of Sylhet Central Jail-1, Badaghat for the period from July 2026 to June 2027 (Package No-2)","Manufactured goods, furniture, handicrafts, special-purpose products and associated consumables;Furniture;Seats, chairs and associated parts;Non-domestic furniture;Domestic furniture;Miscellaneous furniture and equipment;School furniture;Jewellery and related articles;Coins and medals;Articles of jewellery;Musical instruments and parts;Musical instruments;Parts and accessories of musical instruments;Sports goods and equipment;Outdoor sports equipment;Gymnasium equipment;Games and toys; fairground amusements;Dolls;Toys;Articles for funfair, table or parlour games;Miscellaneous manufactured and other goods;Laundry supplies;School slates or boards with writing or drawing surfaces;Artificial products;Apparatus and equipment designed for demonstrational purposes;Umbrellas and sunshades; walking sticks and seat sticks;Funeral supplies;Kitchen equipment, household items and catering supplies;Barracks supplies;Consumables and consumer goods;Consumables;Tax-free goods;Disposable goods;Handicraft and art supplies;Handicraft supplies;Art supplies;Special-purpose product;Police equipment;Recycled products;Security devices;Animal ear tags;Compost boxes;Tokens;Spray booths;Snow poles","10-Aug-2026 10:00","20-Aug-2026 12:00","The following conditions can be recommended for tender of miscellaneous items. a. All the tenderers must follow the PPA-2006 and PPR-2025 rules & regulations. b. The following documents are to be submitted/uploaded; (I) The minimum number of years of general experience of the Tenderer in the supply of Goods and related services as Supplier shall be 01 (One) years. Years counting backward from the date of publication of IFT in the e-GP System. (II) The minimum specific experience as Supplier in the supply of similar Goods of at least one 01 contract completed within the last 03 (Three) years, each with a value of at least Tk.320000.00. Years counting backward from the date of publication of IFT in the e-GP System. [The Tenderer shall submit a Completion Certificate along with the experience certificate in the e-GP system.] (III) The minimum amount of liquid assets, i.e., working capital or credit line(s) (Form PG2-7), net of other contractual commitments, is Tk.500000.00 [Certificate must be issued between publication of IFT and submission date in the e-GP system.] (IV) Up-to-date Valid Trade License as Supplier; (V) Up-to-date Income Tax clearance certificate; (VI) e-BIN (13 digits) registration certificate; (VII) Manufacturer Authorization Letter or Contract deed with the Importers/Manufacturer (if the bidder is a supplier) [When applicable]; (VIII) Certificate of incorporation (in case of a limited company);","Supply of Miscellaneous Goods to Manufacture Department of Sylhet Central Jail-1, Badaghat for the period from July 2026 to June 2027 (Package No-2)","Lot wise","Package wise","Package wise","500","Payment through Bank","16-Dec-2026","16-Dec-2026","1","Supply of Miscellaneous Goods to Manufacture Department of Sylhet Central Jail-1, Badaghat for the period from July 2026 to June 2027 (Package No-2)","Sylhet central Jail-1,Badaghat","16000","23-Aug-2026","30-Jun-2027","Md. Nasir Uddin Prodhan","Senior Jail Super","Address : Sylhet Sadar City : Sylhet Thana : Sylhet Sadar District : Sylhet - 3100 Country : Bangladesh","Sylhet Sadar","Sylhet","Sylhet Sadar","Sylhet - 3100","0821-713447","Not Found","https://www.eprocure.gov.bd/resources/common/ViewTender.jsp?id=1316331"
"Ministry of Home Affairs","","Bangladesh Police","Research and Publication Section, Police Staff College Bangladesh","","Dhaka","Services","NCT","REOI","","","229088","1316289","Quality Cost Based Selection (QCBS)","Revenue","Government","Not applicable","Not applicable","PSC Research Pk.-11 Application of Predictive Policing Using Artificial Intelligence: Opportunities and Challenges in Bangladesh Police","Research and development services and related consultancy services.;Research and experimental development services;Research services;Experimental development services;Research and development consultancy services;Research consultancy services;Development consultancy services;Design and execution of research and development","","","1. Updated copy of valid Trade license. 2. Updated Income Tax clearance certificate & e-TIN certificate. 3. Updated VAT registration certificate. 4. Latest certified copy of Bank Solvency Certificate & detail Bank Statement (Last 3 Months). 5. 80% Liquid Asset of total research price according to PPR 2025. 6. Certificate of ownership of the company/Firm. 7. Litigation/Blacklisted/Declaration Certificate. 8. National Identity Card/Citizenship Certificate copy & Passport size photo.","Title-11: Application of Predictive Policing Using Artificial Intelligence: Opportunities and Challenges in Bangladesh Police. Background of the project: Artificial Intelligence (AI) is transforming modern policing worldwide. Predictive policing uses AI and data analytics to predict crimes before they occur. AI helps identify crime hotspots, criminal patterns, and high-risk areas. Countries like the USA and UK already use predictive policing systems. Bangladesh Police can use AI for smarter and faster law enforcement. Objectives of the Assignment: 1. To analyze the application of predictive policing using AI in Bangladesh Police. 2. To identify opportunities of AI in policing. 3. To examine challenges and limitations. 4. To evaluate practical impacts on crime prevention. 5. To recommend strategies for implementation","Package wise","","","","","","","","","Research and Publication Section","","12-Nov-2026","30-Jun-2027","Nilufa Yeasmin","Director","Address : Kafrul, Section-14, Mirpur, Dhaka City : Dhaka Thana : Dhaka North City Corporation District : Dhaka - 1206 Country : Bangladesh","Kafrul, Section-14, Mirpur, Dhaka","Dhaka","Dhaka North City Corporation","Dhaka - 1206","02-41000517","Not Found","https://www.eprocure.gov.bd/resources/common/ViewTender.jsp?id=1316289"
"Ministry of Home Affairs","","Bangladesh Police","Research and Publication Section, Police Staff College Bangladesh","","Dhaka","Services","NCT","REOI","","","229088","1316287","Quality Cost Based Selection (QCBS)","Revenue","Government","Not applicable","Not applicable","PSC Research Pk.-10 Investigating Budget Allocation and Expenditure Disparities in Bangladesh Police Stations: Implications for Operational and Case Management","Research and development services and related consultancy services.;Research and experimental development services;Research services;Experimental development services;Research and development consultancy services;Research consultancy services;Development consultancy services;Design and execution of research and development","","","1. Updated copy of valid Trade license. 2. Updated Income Tax clearance certificate & e-TIN certificate. 3. Updated VAT registration certificate. 4. Latest certified copy of Bank Solvency Certificate & detail Bank Statement (Last 3 Months). 5. 80% Liquid Asset of total research price according to PPR 2025. 6. Certificate of ownership of the company/Firm. 7. Litigation/Blacklisted/Declaration Certificate. 8. National Identity Card/Citizenship Certificate copy & Passport size photo.","Title-10: Investigating Budget Allocation and Expenditure Disparities in Bangladesh Police Stations: Implications for Operational and Case Management. Background of the project: Police units are vital for maintaining public order and safety, but they often face challenges related to funding. A mismatch between allocated budgets and actual operational expenses can hinder performance, stretch resources, and affect service delivery. This research seeks to explore the extent and causes of this imbalance, with the goal of framing better budgeting practices and resource planning Objectives of the Assignment: 1. To assess the difference between allocated budgets and actual operational expenses in selected police Stations. 2. To identify the key areas where budget shortfalls or overspending are most common. 3. To investigate the causes of this mismatch (e.g., poor planning, unexpected costs, inflation, mismanagement). 4. To recommend strategies for improving budget forecasting and resource allocation.","Package wise","","","","","","","","","Research and Publication Section","","12-Nov-2026","30-Jun-2027","Nilufa Yeasmin","Director","Address : Kafrul, Section-14, Mirpur, Dhaka City : Dhaka Thana : Dhaka North City Corporation District : Dhaka - 1206 Country : Bangladesh","Kafrul, Section-14, Mirpur, Dhaka","Dhaka","Dhaka North City Corporation","Dhaka - 1206","02-41000517","Not Found","https://www.eprocure.gov.bd/resources/common/ViewTender.jsp?id=1316287"
"Ministry of Public Administration","","Office of the Deputy Commissioner, Sirajganj","Office of the Deputy Commissioner, Sirajganj","","Sirajganj","Goods (Framework Agreement)","NCT","TENDER","Tender - Single Lot","DCsiraj/02.074.2026","228831","1316437","Open Tendering Method (OTM)","Revenue","Government","Not applicable","Not applicable","02.074.2026.2 Supply of Stationary","Various types of pulp, paper and paper products; Various types of printed matter and articles for printing;Pulp, paper and paperboard;Pulp;Paper and paperboard;Paper or paperboard articles;Corrugated paper or paperboard;Household and hospital paper articles;Paper stationery and other items;Wallpaper and other coverings;Cigarette paper and filter paper;Printed books, brochures and leaflets;Printed books;Publications;Directories;Leaflets;Brochures;Booklets;Newspapers, journals, periodicals and magazines;Newspapers;Postcards, greeting cards and other printed matter;Postcards;Greeting cards;Stamps, cheque forms, banknotes, stock certificates, trade advertising material, catalogues and manuals;Stamps;Stamp-impressed paper;Banknotes;Cheque forms;Security-type printed matter;Trade-advertising material, commercial catalogues and manuals;Manuals;Printing plates or cylinders or other media for use in printing;Offset plates;Dry-etching equipment;Paper or paperboard registers, account books, binders, forms and other articles of printed stationery;Paper or paperboard registers;Forms;Exercise books;Albums for samples;Binders and related accessories;Printed stationery except forms;Miscellaneous printed matter;Car-tax discs;Driving licences;ID cards;Permits;Entrance cards;Bespoke printed matter;Tickets","10-Aug-2026 10:00","24-Aug-2026 10:00","The Tenderer shall submit with its e-Tender the following additional documents: 01.Up-to-date Trade license, VAT and TIN Certificate and as per ITT clause","Office Stationary items","Lot wise","Package wise","Package wise","500","Payment through Bank","19-Jan-2027","19-Jan-2027","2","Supply of Office Stationary","DC Office , Sirajganj","2300","25-Aug-2026","30-Sep-2026","Md. Aminul Islam","Deputy Commissioner","Address : sirajganj sadar City : Sirajganj Thana : Sirajganj Sadar District : Sirajganj - 6700 Country : Bangladesh","sirajganj sadar","Sirajganj","Sirajganj Sadar","Sirajganj - 6700","02-588830335","Not Found","https://www.eprocure.gov.bd/resources/common/ViewTender.jsp?id=1316437"
"Ministry of Home Affairs","","Prisons Directorate","Sylhet Central Jail","","Sylhet","Goods","NCT","TENDER","Tender - Single Lot","44.07.9100.156.020.017.30.26-3607 Date: 04.08.2026","224865","1316441","Open Tendering Method (OTM)","Revenue","Government","Not applicable","Not applicable","Sylhet Central Jail-1-Badaghat MD 2026-27 Pack-3 Supply of Miscellaneous Goods to Manufacture Department of Sylhet Central Jail-1, Badaghat for the period from July 2026 to June 2027 (Package No-3)","Manufactured goods, furniture, handicrafts, special-purpose products and associated consumables;Furniture;Seats, chairs and associated parts;Non-domestic furniture;Domestic furniture;Miscellaneous furniture and equipment;School furniture;Jewellery and related articles;Coins and medals;Articles of jewellery;Musical instruments and parts;Musical instruments;Parts and accessories of musical instruments;Sports goods and equipment;Outdoor sports equipment;Gymnasium equipment;Games and toys; fairground amusements;Dolls;Toys;Articles for funfair, table or parlour games;Miscellaneous manufactured and other goods;Laundry supplies;School slates or boards with writing or drawing surfaces;Artificial products;Apparatus and equipment designed for demonstrational purposes;Umbrellas and sunshades; walking sticks and seat sticks;Funeral supplies;Kitchen equipment, household items and catering supplies;Barracks supplies;Consumables and consumer goods;Consumables;Tax-free goods;Disposable goods;Handicraft and art supplies;Handicraft supplies;Art supplies;Special-purpose product;Police equipment;Recycled products;Security devices;Animal ear tags;Compost boxes;Tokens;Spray booths;Snow poles","10-Aug-2026 10:00","20-Aug-2026 12:00","The following conditions can be recommended for tender of miscellaneous items. a. All the tenderers must follow the PPA-2006 and PPR-2025 rules & regulations. b. The following documents are to be submitted/uploaded; (I) The minimum number of years of general experience of the Tenderer in the supply of Goods and related services as Supplier shall be 01 (One) years. Years counting backward from the date of publication of IFT in the e-GP System. (II) The minimum specific experience as Supplier in the supply of similar Goods of at least one 01 contract completed within the last 03 (Three) years, each with a value of at least Tk.200000.00. Years counting backward from the date of publication of IFT in the e-GP System. [The Tenderer shall submit a Completion Certificate along with the experience certificate in the e-GP system.] (III) The minimum amount of liquid assets, i.e., working capital or credit line(s) (Form PG2-7), net of other contractual commitments, is Tk.300000.00 [Certificate must be issued between publication of IFT and submission date in the e-GP system.] (IV) Up-to-date Valid Trade License as Supplier; (V) Up-to-date Income Tax clearance certificate; (VI) e-BIN (13 digits) registration certificate; (VII) Manufacturer Authorization Letter or Contract deed with the Importers/Manufacturer (if the bidder is a supplier) [When applicable]; (VIII) Certificate of incorporation (in case of a limited company);","Supply of Miscellaneous Goods to Manufacture Department of Sylhet Central Jail-1, Badaghat for the period from July 2026 to June 2027 (Package No-3)","Lot wise","Package wise","Package wise","500","Payment through Bank","16-Dec-2026","16-Dec-2026","1","Supply of Miscellaneous Goods to Manufacture Department of Sylhet Central Jail-1, Badaghat for the period from July 2026 to June 2027 (Package No-2)","Sylhet central Jail-1,Badaghat","11000","23-Aug-2026","30-Jun-2027","Md. Nasir Uddin Prodhan","Senior Jail Super","Address : Sylhet Sadar City : Sylhet Thana : Sylhet Sadar District : Sylhet - 3100 Country : Bangladesh","Sylhet Sadar","Sylhet","Sylhet Sadar","Sylhet - 3100","0821-713447","Not Found","https://www.eprocure.gov.bd/resources/common/ViewTender.jsp?id=1316441"
"Ministry of Home Affairs","","Bangladesh Coast Guard Force","OFFICE OF THE ZONAL COMMANDER WEST ZONE","106831","Bagerhat","Goods","NCT","TENDER","Tender - Single Lot","44.08.0158.300.07.119.26.22 date 09 August 2026","225281","1315890","Open Tendering Method (OTM)","Revenue","Government","Not applicable","Not applicable","WZ-ENG-2026-27-22 Procurement of spare parts of Main Engine (Volvo Penta, Model: D6-435) of Stingray-1507 boat under Bangladesh Coast Guard West Zone","Engines and engine parts; Parts and accessories for vehicles and their engines;","10-Aug-2026 09:45","24-Aug-2026 06:00","The Tenderer shall have at least 03 (three) years of experience in supplying marine engine spare parts, particularly Volvo Penta engines, and possess valid Trade License, TIN, VAT Registration Certificate, adequate technical expertise, and financial capacity.","Procurement of spare parts of Main Engine (Volvo Penta, Model: D6-435) of Stingray-1507 boat under Bangladesh Coast Guard West Zone","Lot wise","Package wise","Package wise","500","Payment through Bank","20-Dec-2026","20-Dec-2026","1","Procurement of spare parts of Main Engine (Volvo Penta, Model: D6-435) of Stingray-1507 boat under Bangladesh Coast Guard West Zone","BCG Berth Mongla, Digraj, Mongla, Bagerhat","25000","27-Aug-2026","08-Sep-2026","Mohammad Mesbaul Islam","Zonal Commander West","Address : Digraj, Mongla, Bagerhat. City : Khulna Thana : Mongla District : Bagerhat - 9341 Country : Bangladesh","Digraj, Mongla, Bagerhat.","Khulna","Mongla","Bagerhat - 9341","02-477753990","Not Found","https://www.eprocure.gov.bd/resources/common/ViewTender.jsp?id=1315890"
"Ministry of Education","Technical & Madrasha Education Division","Bangladesh Technical Education Board","Bangladesh Technical Education Board, Dhaka","SECRETARY","Dhaka","Goods","NCT","TENDER","Tender - Single Lot","57.17.0000.103.07.001.26-406","227055","1307455","Open Tendering Method (OTM)","Own Fund","Own Fund","Not applicable","Not applicable","BTEB/GD/OTM/A/2026-27 Supply of White Paper (23''X36'' and 26''X40'')","Various types of pulp, paper and paper products;Pulp, paper and paperboard;Pulp;Paper and paperboard;Paper or paperboard articles;Corrugated paper or paperboard;Household and hospital paper articles;Paper stationery and other items;Wallpaper and other coverings;Cigarette paper and filter paper","10-Aug-2026 09:25","24-Aug-2026 17:00","as per IFT.","BTEB/GD/OTM/A/2026-27 Supply of White Paper (23''X36'' and 26''X40'')","Lot wise","Package wise","Package wise","4000","Payment through Bank","21-Dec-2026","21-Dec-2026","single","Supply of White Paper (23''X36'' and 26''X40'')","BTEB","550000","31-Aug-2026","15-Oct-2026","Md. Al Masud Karim","Secretary","Address : Bangladesh Technical Education Board, Agargaon, Dhaka City : Dhaka Thana : Dhaka North City Corporation District : Dhaka - 1207 Country : Bangladesh","Bangladesh Technical Education Board, Agargaon, Dhaka","Dhaka","Dhaka North City Corporation","Dhaka - 1207","02-911428","Not Found","https://www.eprocure.gov.bd/resources/common/ViewTender.jsp?id=1307455"
"Ministry of Energy","Power and Mineral Resources","Rural Electrification Board (REB)","Directorate of Clearance, Storage & Movement","","Dhaka","Goods","NCT","TENDER","Tender - Single Lot","27.12.0000.011.31.078.26.116 Date:06.08.2026","229519","1315070","Open Tendering Method (OTM)","Own Fund","Own Fund","Not applicable","Not applicable","BREB/CSM/KSS-2026-01 Transportation of Electrical Materials/Equipments from BREB Central warehouse, Savar, Dhaka to Rupganj Sub-Station-3 (Kanchan), Narayanganj PBS-2.Â (Warehouse material shifting purpose,)","Transport equipment;Ships and boats;Ships;Boats;Railway and tramway locomotives and rolling stock and associated parts;Rail locomotives and tenders;Rolling stock;Parts of railway or tramway locomotives or rolling stock; mechanical traffic-control equipment;Aircraft and spacecraft;Helicopters and aeroplanes;Spacecraft, satellites and launch vehicles;Balloons, dirigibles and other non-powered aircraft;Parts for aircraft and spacecraft;Aircraft or spacecraft equipment, trainers, simulators and associated parts;Miscellaneous transport equipment;Horse or hand-drawn carts and other non-mechanically-propelled vehicles;Baggage carts","10-Aug-2026 09:00","19-Aug-2026 14:00","(a) The Tenderer shall have a minimum 03 (Three) years of general experience in the Transportation/Carrying and Related Services of electrical line materials/equipment’s. (b) The Tenderer shall have a minimum 01 (One) years of specific experience in the Transportation and Related Services of Electrical line materials/Equipments in Govt./Semi-Govt./Autonomous Organization which also includes: (1) The Tenderer shall have successfully completed minimum 01 (One) contract of Taka 40 (Forty) Lac for transportation/carrying of electrical line materials/equipments in Govt./Semi-Govt./Autonomous Organization within last 05 (five) years. or (2) The Tenderer shall have successfully completed minimum 01 (One) contract of Taka 40 (Forty) Lac for transportation/carrying of SPC Poles from Local Pole Manufacturing plants to Govt./Semi-Govt./Autonomous Organization and 01 (One) contract of Taka 40 (Forty) Lac for transportation/carrying of electrical line materials/equipments from Local Electrical Materials Manufacturing plants to Govt./Semi-Govt./Autonomous Organization within last 05 years. In this case, The Tenderers shall have to submit the copy of contract between Manufacturer/Supplier and the carrying Contractor, Bank Statement of the tenderer's account against Received bill from that Supplier/Manufacturer, VAT deposit challan against that transportation bill & Receiving Report (RR) of transported materials as a proof of the experience. (c) Ownership or Leasing/hiring documents of minimum 4 (four) nos. of Truck/Trailor. Separate Truck/Trailor documents must be submitted for separate packages/lots.","Transportation and Related Services of Electrical Hardware Materials/Underground Cable/Submarine Cable from BREB Central warehouse, Savar, Dhaka  to Rupganj Sub-Station-3 (Kanchan), Narayanganj PBS-2 (Warehouse material shifting purpose)  or any other place & any distance as per instruction of PE according to Schedule of Routes and carrying order to be issued time to time on the basis of material allocations from MPSS directorate of BREB.","Lot wise","Package wise","Package wise","1500","Payment through Bank","15-Jan-2027","15-Jan-2027","BREB/CSM/KSS-2026-01","Transportation of Electrical Materials/Equipments from BREB Central warehouse, Savar, Dhaka to Rupganj Sub-Station-3 (Kanchan), Narayanganj PBS-2.Â (Warehouse material shifting purpose,)","As Per Delivery Schedule","140000","27-Aug-2026","25-Feb-2027","MD ALTAF HOSSAIN CHOWDHURY","Director","Address : Bangladesh Rural Electrification Board
Nikunja-2, Khilkhet
Dhaka-1229. City : Dhaka Thana : Dhaka North City Corporation District : Dhaka - 1229 Country : Bangladesh","","Dhaka","Dhaka North City Corporation","Dhaka - 1229","02-8900319","Not Found","https://www.eprocure.gov.bd/resources/common/ViewTender.jsp?id=1315070"
"Ministry of Energy","Power and Mineral Resources","Bangladesh Power Development Board","Civil Maintenance Division, Shahjibazar 330MW CCPP, BPDB, Habiganj.","","Habiganj","Works","NCT","TENDER","Tender - Single Lot","27.11.3671.436.34.205.26.524","229634","1316448","Open Tendering Method (OTM)","Revenue","Government","Not applicable","Not applicable","WR-10/Local/2026-27 Repair and maintenance of bathroom unit of central control room of Shahjibazar 330MW CCPP, BPDB, Habiganj.","Repair and maintenance services of electrical and mechanical building installations; Repair and maintenance services of building installations;","10-Aug-2026 09:00","24-Aug-2026 16:30","1.All E-gp registered tenderers regardless of whether enlisted or not enlisted with the Procuring Entity. 2.Other conditions as per TDS(tender data sheet).","Repair and Maintenance of Bathroom units of Central Control Room of Shahjibazar 330MW CCPP, BPDB, Habiganj.","Lot wise","Package wise","Package wise","500","Payment through Bank","20-Dec-2026","20-Dec-2026","1","Repair and maintenance of bathroom unit of central control room of Shahjibazar 330MW CCPP, BPDB, Habiganj.","Plant Area of Shahjibazar 330MW CCPP","13000","01-Sep-2026","30-Sep-2026","ABDULLH AL MAHMUD CHOWDHURY","Executive Engineer","Address : Civil Maintenance Division, Shahjibazar 330MW CCPP, BPDB, Habiganj. City : Habiganj Thana : Madhabpur District : Habiganj - 3332 Country : Bangladesh","Civil Maintenance Division, Shahjibazar 330MW CCPP, BPDB, Habiganj.","Habiganj","Madhabpur","Habiganj - 3332","01709-641884","Not Found","https://www.eprocure.gov.bd/resources/common/ViewTender.jsp?id=1316448"
"Ministry of Post","Telecommunications & Information Technology","Bangladesh Post Office","Sustainable & Modernization of Mail Processing and Logistic Service Project","","Dhaka","Goods","NCT","TENDER","Tender - Single Lot","14.31.0000.000.050.07.0007.26","221574","1315241","Open Tendering Method (OTM)","Development","Government","224405000","Sustainable & Modernization of Mail Processing and Logistic Service","SMMPGD-10 Procurement of Barcode Printer","Office and computing machinery, equipment and supplies;Office machinery, equipment and supplies except computers;Word-processing machines;Photocopying and printing equipment;Post-office equipment;Calculating and accounting machines;Typewriters;Parts and accessories of typewriters and calculating machines;Various office equipment and supplies;Computer equipment and supplies;Data-processing machines;Digital cartography equipment;Computer hardware;Software;Computer systems;Servers","10-Aug-2026 09:00","24-Aug-2026 14:00","As per TDS","Procurement of Barcode Printer for Bangladesh Postoffice","Lot wise","Package wise","Package wise","1000","Payment through Bank","20-Dec-2026","20-Dec-2026","1","Procurement of Barcode Printer","Dak Bhaban, Agargaon, Dhaka 1210","50000","01-Oct-2026","15-Nov-2026","MD SHAH ALAM BHUIYAN","Project Director","Address : Dak Bhaban,Agargaon,Dhaka-1210 City : Dhaka Thana : Dhaka North City Corporation District : Dhaka - 1210 Country : Bangladesh","Dak Bhaban,Agargaon,Dhaka-1210","Dhaka","Dhaka North City Corporation","Dhaka - 1210","02-58160764","2000000.00,OTM","https://www.eprocure.gov.bd/resources/common/ViewTender.jsp?id=1315241"
"Ministry of Health and Family Welfare","Health Services Division","Directorate General of Health Services (DGHS)","Daudkandi Upazila Health Complex","","Cumilla","Goods","NCT","TENDER","Tender - Single Lot","UHC/DAUD/CUM/MSR/2026-2027/1055(D)","229055","1315176","Open Tendering Method (OTM)","Revenue","Government","Not applicable","Not applicable","UHC/DAUD/CUM/APP/2026-2027/MSR/GROUP-D Supply of MSR Group-D (Linen Items) for the 50 Bed Upazila Health Complex, Daudkandi, Cumilla, and Its Six Union Sub-Centers for Procurement Year (P.Y.) 2026-2027.","Textiles and textile articles; Medical and laboratory devices, optical and precision devices, watches and clocks, pharmaceuticals and related medical consumables;Textile fabrics and related items;Woven fabrics;Woollen fabrics;Linen fabrics;Special fabrics;Knitted or crocheted fabrics;Cloth;Non-woven fabrics;Textile articles;Textile household articles;Made-up textile articles;Carpets, mats and rugs;Miscellaneous cordage, rope, twine and netting;Non-woven articles;Miscellaneous textile articles;Knitwear, hosiery and related articles;Textile yarn and thread;Natural textile fibres;Artificial textile fibres;Textile yarn and thread of natural fibres;Synthetic yarn or thread;Textile waste;Medical devices;Imaging equipment for medical, dental and veterinary use;Functional exploration;Dentistry;Medical non-chemical consumables and haematological consumables;Therapy;Operating techniques;Anaesthesia and resuscitation;Functional support;Miscellaneous medical devices;Instruments and appliances for measuring, checking, testing and navigating;Navigational, meteorological, geological and geophysical instruments;Remote-control equipment;Precision balances, instruments for drawing, calculating and measuring length;Instruments for measuring quantities;Instruments for checking physical characteristics;Checking and testing apparatus;Regulating and controlling instruments and apparatus;Non-medical equipment based on the use of radiations;Industrial process control equipment;Optical instruments;Spectacles and lenses;Polarising material;Astronomical and optical instruments;Liquid crystal devices;Photographic equipment;Horological instruments;Watches and clocks","10-Aug-2026 08:00","31-Aug-2026 10:00","As per the Terms and Conditions spefified in the TDS and PCC","Supply of MSR Group-D (Linen Items) for the 50 Bed Upazila Health Complex, Daudkandi, Cumilla, and Its Six Union Sub-Centers for Procurement Year (P.Y.) 2026-2027.","Lot wise","Package wise","Package wise","1000","Payment through Bank","29-Nov-2026","29-Nov-2026","Single Lot","Supply of MSR Group-D (Linen Items) for the 50 Bed Upazila Health Complex, Daudkandi, Cumilla, and Its Six Union Sub-Centers for Procurement Year (P.Y.) 2026-2027.","Upazila Health Complex Gouripur Daudkandi Cumilla","35000","01-Oct-2026","31-Dec-2026","Habibur Rahman","UH&FPO","Address : Vill.- Pannai, P.O.- Gouripur, P.S.- Daudkandi, Dist.- Cumilla City : Daudkandi Thana : Daudkandi District : Cumilla - 3517 Country : Bangladesh","Vill.- Pannai, P.O.- Gouripur, P.S.- Daudkandi, Dist.- Cumilla","Daudkandi","Daudkandi","Cumilla - 3517","08823-55440","Not Found","https://www.eprocure.gov.bd/resources/common/ViewTender.jsp?id=1315176"
"Ministry of Health and Family Welfare","Health Services Division","Directorate General of Health Services (DGHS)","Daudkandi Upazila Health Complex","","Cumilla","Goods","NCT","TENDER","Tender - Single Lot","UHC/DAUD/CUM/MSR/DONARCHAR+TROMA/2026-2027/1056(A)","229055","1315190","Open Tendering Method (OTM)","Revenue","Government","Not applicable","Not applicable","UHC/DAUD/CUM/APP/DONARCHAR-TROMA/2026-2027/MSR/A Supply of MSR Group-A: Non-EDCL Medicines for the Donarchar 20 Bed Hospital and Shahidnagar 20 Bed Troma Center, Daudkandi, Cumilla, for Procurement Year (P.Y.) 2026-2027.","Medical and laboratory devices, optical and precision devices, watches and clocks, pharmaceuticals and related medical consumables;Medical devices;Imaging equipment for medical, dental and veterinary use;Functional exploration;Dentistry;Medical non-chemical consumables and haematological consumables;Therapy;Operating techniques;Anaesthesia and resuscitation;Functional support;Miscellaneous medical devices;Instruments and appliances for measuring, checking, testing and navigating;Navigational, meteorological, geological and geophysical instruments;Remote-control equipment;Precision balances, instruments for drawing, calculating and measuring length;Instruments for measuring quantities;Instruments for checking physical characteristics;Checking and testing apparatus;Regulating and controlling instruments and apparatus;Non-medical equipment based on the use of radiations;Industrial process control equipment;Optical instruments;Spectacles and lenses;Polarising material;Astronomical and optical instruments;Liquid crystal devices;Photographic equipment;Horological instruments;Watches and clocks","10-Aug-2026 08:00","31-Aug-2026 10:00","As per the Terms and Conditions spefified in the TDS and PCC","Supply of MSR Group-A: Non-EDCL Medicines for the Donarchar 20 Bed Hospital and Shahidnagar 20 Bed Troma Center, Daudkandi, Cumilla, for Procurement Year (P.Y.) 2026-2027.","Lot wise","Package wise","Package wise","1000","Payment through Bank","29-Nov-2026","29-Nov-2026","Single Lot","Supply of MSR Group-A: Non-EDCL Medicines for the Donarchar 20 Bed Hospital and Shahidnagar 20 Bed Troma Center, Daudkandi, Cumilla, for Procurement Year (P.Y.) 2026-2027.","Upazila Health Complex Gouripur Daudkandi Cumilla","40000","01-Oct-2026","01-Dec-2026","Habibur Rahman","UH&FPO","Address : Vill.- Pannai, P.O.- Gouripur, P.S.- Daudkandi, Dist.- Cumilla City : Daudkandi Thana : Daudkandi District : Cumilla - 3517 Country : Bangladesh","Vill.- Pannai, P.O.- Gouripur, P.S.- Daudkandi, Dist.- Cumilla","Daudkandi","Daudkandi","Cumilla - 3517","08823-55440","Not Found","https://www.eprocure.gov.bd/resources/common/ViewTender.jsp?id=1315190"
"Ministry of Health and Family Welfare","Health Services Division","Directorate General of Health Services (DGHS)","Daudkandi Upazila Health Complex","","Cumilla","Goods","NCT","TENDER","Tender - Single Lot","UHC/DAUD/CUM/MSR/2026-2027/1055(E)","229055","1315180","Open Tendering Method (OTM)","Revenue","Government","Not applicable","Not applicable","UHC/DAUD/CUM/APP/2026-2027/MSR/GROUP-E Supply of MSR Group-E (Chemical Reagents) for the 50 Bed Upazila Health Complex, Daudkandi, Cumilla, and Its Six Union Sub-Centers for Procurement Year (P.Y.) 2026-2027.","Chemicals, chemical products and man-made fibres; Medical and laboratory devices, optical and precision devices, watches and clocks, pharmaceuticals and related medical consumables;Chemicals;Gases;Dyes and pigments;Basic inorganic chemicals;Basic organic chemicals;Fertilisers and nitrogen compounds;Plastics in primary forms;Synthetic rubber;Enzymes;Agro-chemical products;Pesticides;Insecticides;Herbicides;Plant-growth regulators;Disinfectants;Rodenticides;Fungicides;Paints, varnishes, printing ink and mastics;Paints;Varnishes;Ink;Mastics, fillers, putty;Solvents;Medicinal products;Medicinal products for the alimentary tract and metabolism;Medicinal products for the blood, blood-forming organs and the cardiovascular system;Medicinal products for dermatology and the musculo-skeletal system;Medicinal products for the genitourinary system and hormones;General anti-infectives for systemic use, vaccines, antineoplastic and immunodulating agents;Medicinal products for the nervous system and sensory organs;Medicinal products for the respiratory system;Various medicinal products;Glycerol, soaps, detergents, cleaning and polishing preparations, perfumes and toilet preparations;Glycerol;Perfumes and toiletries;Explosives and fine chemical products;Prepared explosives;Glues;Essential oils;Photographic chemicals;Unrecorded media;Specialised chemical products;Man-made fibres;Synthetic fibres;Artificial fibres;Various chemical products;Radiator fluids;Water-treatment chemicals;Anti-corrosion products;Medical devices;Imaging equipment for medical, dental and veterinary use;Functional exploration;Dentistry;Medical non-chemical consumables and haematological consumables;Therapy;Operating techniques;Anaesthesia and resuscitation;Functional support;Miscellaneous medical devices;Instruments and appliances for measuring, checking, testing and navigating;Navigational, meteorological, geological and geophysical instruments;Remote-control equipment;Precision balances, instruments for drawing, calculating and measuring length;Instruments for measuring quantities;Instruments for checking physical characteristics;Checking and testing apparatus;Regulating and controlling instruments and apparatus;Non-medical equipment based on the use of radiations;Industrial process control equipment;Optical instruments;Spectacles and lenses;Polarising material;Astronomical and optical instruments;Liquid crystal devices;Photographic equipment;Horological instruments;Watches and clocks","10-Aug-2026 08:00","31-Aug-2026 10:00","As per the Terms and Conditions spefified in the TDS and PCC","Supply of MSR Group-E (Chemical Reagents) for the 50 Bed Upazila Health Complex, Daudkandi, Cumilla, and Its Six Union Sub-Centers for Procurement Year (P.Y.) 2026-2027.","Lot wise","Package wise","Package wise","500","Payment through Bank","29-Nov-2026","29-Nov-2026","Single Lot","Supply of MSR Group-E (Chemical Reagents) for the 50 Bed Upazila Health Complex, Daudkandi, Cumilla, and Its Six Union Sub-Centers for Procurement Year (P.Y.) 2026-2027.","Upazila Health Complex Gouripur Daudkandi Cumilla","15000","01-Oct-2026","31-Dec-2026","Habibur Rahman","UH&FPO","Address : Vill.- Pannai, P.O.- Gouripur, P.S.- Daudkandi, Dist.- Cumilla City : Daudkandi Thana : Daudkandi District : Cumilla - 3517 Country : Bangladesh","Vill.- Pannai, P.O.- Gouripur, P.S.- Daudkandi, Dist.- Cumilla","Daudkandi","Daudkandi","Cumilla - 3517","08823-55440","Not Found","https://www.eprocure.gov.bd/resources/common/ViewTender.jsp?id=1315180"
"Ministry of Health and Family Welfare","Health Services Division","Directorate General of Health Services (DGHS)","Daudkandi Upazila Health Complex","","Cumilla","Goods","NCT","TENDER","Tender - Single Lot","UHC/DAUD/CUM/MSR/DONARCHAR+TROMA/2026-2027/1056(D)","229055","1315199","Open Tendering Method (OTM)","Revenue","Government","Not applicable","Not applicable","UHC/DAUD/CUM/APP/DONARCHAR-TROMA/2026-2027/MSR/D Supply of MSR Group-D (Linen Items) for the Donarchar 20 Bed Hospital and Shahidnagar 20 Bed Trauma Center, Daudkandi, Cumilla, for Procurement Year (P.Y.) 2026-2027.","Textiles and textile articles; Medical and laboratory devices, optical and precision devices, watches and clocks, pharmaceuticals and related medical consumables;Textile fabrics and related items;Woven fabrics;Woollen fabrics;Linen fabrics;Special fabrics;Knitted or crocheted fabrics;Cloth;Non-woven fabrics;Textile articles;Textile household articles;Made-up textile articles;Carpets, mats and rugs;Miscellaneous cordage, rope, twine and netting;Non-woven articles;Miscellaneous textile articles;Knitwear, hosiery and related articles;Textile yarn and thread;Natural textile fibres;Artificial textile fibres;Textile yarn and thread of natural fibres;Synthetic yarn or thread;Textile waste;Medical devices;Imaging equipment for medical, dental and veterinary use;Functional exploration;Dentistry;Medical non-chemical consumables and haematological consumables;Therapy;Operating techniques;Anaesthesia and resuscitation;Functional support;Miscellaneous medical devices;Instruments and appliances for measuring, checking, testing and navigating;Navigational, meteorological, geological and geophysical instruments;Remote-control equipment;Precision balances, instruments for drawing, calculating and measuring length;Instruments for measuring quantities;Instruments for checking physical characteristics;Checking and testing apparatus;Regulating and controlling instruments and apparatus;Non-medical equipment based on the use of radiations;Industrial process control equipment;Optical instruments;Spectacles and lenses;Polarising material;Astronomical and optical instruments;Liquid crystal devices;Photographic equipment;Horological instruments;Watches and clocks","10-Aug-2026 08:00","31-Aug-2026 10:00","As per the Terms and Conditions spefified in the TDS and PCC","Supply of MSR Group-D (Linen Items) for the Donarchar 20 Bed Hospital and Shahidnagar 20 Bed Trauma Center, Daudkandi, Cumilla, for Procurement Year (P.Y.) 2026-2027.","Lot wise","Package wise","Package wise","500","Payment through Bank","29-Nov-2026","29-Nov-2026","Single Lot","Supply of MSR Group-D (Linen Items) for the Donarchar 20 Bed Hospital and Shahidnagar 20 Bed Trauma Center, Daudkandi, Cumilla, for Procurement Year (P.Y.) 2026-2027.","Upazila Health Complex Gouripur Daudkandi Cumilla","10000","01-Oct-2026","31-Dec-2026","Habibur Rahman","UH&FPO","Address : Vill.- Pannai, P.O.- Gouripur, P.S.- Daudkandi, Dist.- Cumilla City : Daudkandi Thana : Daudkandi District : Cumilla - 3517 Country : Bangladesh","Vill.- Pannai, P.O.- Gouripur, P.S.- Daudkandi, Dist.- Cumilla","Daudkandi","Daudkandi","Cumilla - 3517","08823-55440","Not Found","https://www.eprocure.gov.bd/resources/common/ViewTender.jsp?id=1315199"
"Ministry of Health and Family Welfare","Health Services Division","Directorate General of Health Services (DGHS)","Daudkandi Upazila Health Complex","","Cumilla","Goods","NCT","TENDER","Tender - Single Lot","UHC/DAUD/CUM/MSR/2026-2027/1055(A)","229055","1315152","Open Tendering Method (OTM)","Revenue","Government","Not applicable","Not applicable","UHC/DAUD/CUM/APP/2026-2027/MSR/GROUP-A Supply of MSR Group-A: Non-EDCL Medicines for the 50 Bed Upazila Health Complex, Daudkandi, Cumilla, and Its Six Union Sub-Centers for the Procurement Year (P.Y.) 2026-2027.","Medicinal products; Chemicals, chemical products and man-made fibres; Medical and laboratory devices, optical and precision devices, watches and clocks, pharmaceuticals and related medical consumables;Medicinal products for the alimentary tract and metabolism;Medicinal products for the blood, blood-forming organs and the cardiovascular system;Medicinal products for dermatology and the musculo-skeletal system;Medicinal products for the genitourinary system and hormones;General anti-infectives for systemic use, vaccines, antineoplastic and immunodulating agents;Medicinal products for the nervous system and sensory organs;Medicinal products for the respiratory system;Various medicinal products;Medical devices;Imaging equipment for medical, dental and veterinary use;Functional exploration;Dentistry;Medical non-chemical consumables and haematological consumables;Therapy;Operating techniques;Anaesthesia and resuscitation;Functional support;Miscellaneous medical devices;Instruments and appliances for measuring, checking, testing and navigating;Navigational, meteorological, geological and geophysical instruments;Remote-control equipment;Precision balances, instruments for drawing, calculating and measuring length;Instruments for measuring quantities;Instruments for checking physical characteristics;Checking and testing apparatus;Regulating and controlling instruments and apparatus;Non-medical equipment based on the use of radiations;Industrial process control equipment;Optical instruments;Spectacles and lenses;Polarising material;Astronomical and optical instruments;Liquid crystal devices;Photographic equipment;Horological instruments;Watches and clocks","10-Aug-2026 08:00","31-Aug-2026 10:00","As per the Terms and Conditions specified in the TDS and PCC","Supply of MSR Group-A: Non-EDCL Medicines for the 50 Bed Upazila Health Complex, Daudkandi, Cumilla, and Its Six Union Sub-Centers for the Procurement Year (P.Y.) 2026-2027.","Lot wise","Package wise","Package wise","2500","Payment through Bank","29-Nov-2026","29-Nov-2026","Single Lot","Supply of MSR Group-A: Non-EDCL Medicines for the 50 Bed Upazila Health Complex, Daudkandi, Cumilla, and Its Six Union Sub-Centers for the Procurement Year (P.Y.) 2026-2027.","Upazila Health Complex Gouripur Daudkandi Cumilla","100000","01-Oct-2026","31-Dec-2026","Habibur Rahman","UH&FPO","Address : Vill.- Pannai, P.O.- Gouripur, P.S.- Daudkandi, Dist.- Cumilla City : Daudkandi Thana : Daudkandi District : Cumilla - 3517 Country : Bangladesh","Vill.- Pannai, P.O.- Gouripur, P.S.- Daudkandi, Dist.- Cumilla","Daudkandi","Daudkandi","Cumilla - 3517","08823-55440","Not Found","https://www.eprocure.gov.bd/resources/common/ViewTender.jsp?id=1315152"
"Ministry of Health and Family Welfare","Health Services Division","Directorate General of Health Services (DGHS)","Daudkandi Upazila Health Complex","","Cumilla","Goods","NCT","TENDER","Tender - Single Lot","UHC/DAUD/CUM/MSR/DONARCHAR+TROMA/2026-2027/1056(C)","229055","1315196","Open Tendering Method (OTM)","Revenue","Government","Not applicable","Not applicable","UHC/DAUD/CUM/APP/DONARCHAR-TROMA/2026-2027/MSR/C Supply of MSR Group-C (Gauze, Bandage, and Cotton) for the Donarchar 20 Bed Hospital and Shahidnagar 20 Bed Trauma Center, Daudkandi, Cumilla, for Procurement Year (P.Y.) 2026-2027.","Textiles and textile articles; Medical and laboratory devices, optical and precision devices, watches and clocks, pharmaceuticals and related medical consumables;Textile fabrics and related items;Woven fabrics;Woollen fabrics;Linen fabrics;Special fabrics;Knitted or crocheted fabrics;Cloth;Non-woven fabrics;Textile articles;Textile household articles;Made-up textile articles;Carpets, mats and rugs;Miscellaneous cordage, rope, twine and netting;Non-woven articles;Miscellaneous textile articles;Knitwear, hosiery and related articles;Textile yarn and thread;Natural textile fibres;Artificial textile fibres;Textile yarn and thread of natural fibres;Synthetic yarn or thread;Textile waste;Medical devices;Imaging equipment for medical, dental and veterinary use;Functional exploration;Dentistry;Medical non-chemical consumables and haematological consumables;Therapy;Operating techniques;Anaesthesia and resuscitation;Functional support;Miscellaneous medical devices;Instruments and appliances for measuring, checking, testing and navigating;Navigational, meteorological, geological and geophysical instruments;Remote-control equipment;Precision balances, instruments for drawing, calculating and measuring length;Instruments for measuring quantities;Instruments for checking physical characteristics;Checking and testing apparatus;Regulating and controlling instruments and apparatus;Non-medical equipment based on the use of radiations;Industrial process control equipment;Optical instruments;Spectacles and lenses;Polarising material;Astronomical and optical instruments;Liquid crystal devices;Photographic equipment;Horological instruments;Watches and clocks","10-Aug-2026 08:00","31-Aug-2026 10:00","As per the Terms and Conditions spefified in the TDS and PCC","Supply of MSR Group-C (Gauze, Bandage, and Cotton) for the Donarchar 20 Bed Hospital and Shahidnagar 20 Bed Trauma Center, Daudkandi, Cumilla, for Procurement Year (P.Y.) 2026-2027.","Lot wise","Package wise","Package wise","500","Payment through Bank","29-Nov-2026","29-Nov-2026","Single Lot","Supply of MSR Group-C (Gauze, Bandage, and Cotton) for the Donarchar 20 Bed Hospital and Shahidnagar 20 Bed Trauma Center, Daudkandi, Cumilla, for Procurement Year (P.Y.) 2026-2027.","Upazila Health Complex Gouripur Daudkandi Cumilla","10000","01-Oct-2026","31-Dec-2026","Habibur Rahman","UH&FPO","Address : Vill.- Pannai, P.O.- Gouripur, P.S.- Daudkandi, Dist.- Cumilla City : Daudkandi Thana : Daudkandi District : Cumilla - 3517 Country : Bangladesh","Vill.- Pannai, P.O.- Gouripur, P.S.- Daudkandi, Dist.- Cumilla","Daudkandi","Daudkandi","Cumilla - 3517","08823-55440","Not Found","https://www.eprocure.gov.bd/resources/common/ViewTender.jsp?id=1315196"
"Ministry of Health and Family Welfare","Health Services Division","Directorate General of Health Services (DGHS)","Daudkandi Upazila Health Complex","","Cumilla","Goods","NCT","TENDER","Tender - Single Lot","UHC/DAUD/CUM/MSR/2026-2027/1055(B)","229055","1315170","Open Tendering Method (OTM)","Revenue","Government","Not applicable","Not applicable","UHC/DAUD/CUM/APP/2026-2027/MSR/GROUP-B Supply of MSR Group-B (Surgical Instruments) for the 50 Bed Upazila Health Complex, Daudkandi, Cumilla, and Its Six Union Sub-Centers for Procurement Year (P.Y.) 2026-2027.","Medical and laboratory devices, optical and precision devices, watches and clocks, pharmaceuticals and related medical consumables;Medical devices;Imaging equipment for medical, dental and veterinary use;Functional exploration;Dentistry;Medical non-chemical consumables and haematological consumables;Therapy;Operating techniques;Anaesthesia and resuscitation;Functional support;Miscellaneous medical devices;Instruments and appliances for measuring, checking, testing and navigating;Navigational, meteorological, geological and geophysical instruments;Remote-control equipment;Precision balances, instruments for drawing, calculating and measuring length;Instruments for measuring quantities;Instruments for checking physical characteristics;Checking and testing apparatus;Regulating and controlling instruments and apparatus;Non-medical equipment based on the use of radiations;Industrial process control equipment;Optical instruments;Spectacles and lenses;Polarising material;Astronomical and optical instruments;Liquid crystal devices;Photographic equipment;Horological instruments;Watches and clocks","10-Aug-2026 08:00","31-Aug-2026 10:00","As per the Terms and Conditions spefified in the TDS and PCC","Supply of MSR Group-B (Surgical Instruments) for the 50 Bed Upazila Health Complex, Daudkandi, Cumilla, and Its Six Union Sub-Centers for Procurement Year (P.Y.) 2026-2027","Lot wise","Package wise","Package wise","1500","Payment through Bank","29-Nov-2026","29-Nov-2026","Single Lot","Supply of MSR Group-B (Surgical Instruments) for the 50 Bed Upazila Health Complex, Daudkandi, Cumilla, and Its Six Union Sub-Centers for Procurement Year (P.Y.) 2026-2027.","Upazila Health Complex Gouripur Daudkandi Cumilla","65000","01-Oct-2026","31-Dec-2026","Habibur Rahman","UH&FPO","Address : Vill.- Pannai, P.O.- Gouripur, P.S.- Daudkandi, Dist.- Cumilla City : Daudkandi Thana : Daudkandi District : Cumilla - 3517 Country : Bangladesh","Vill.- Pannai, P.O.- Gouripur, P.S.- Daudkandi, Dist.- Cumilla","Daudkandi","Daudkandi","Cumilla - 3517","08823-55440","Not Found","https://www.eprocure.gov.bd/resources/common/ViewTender.jsp?id=1315170"
"Ministry of Health and Family Welfare","Health Services Division","Directorate General of Health Services (DGHS)","Daudkandi Upazila Health Complex","","Cumilla","Goods","NCT","TENDER","Tender - Single Lot","UHC/DAUD/CUM/MSR/2026-2027/1055(C)","229055","1315174","Open Tendering Method (OTM)","Revenue","Government","Not applicable","Not applicable","UHC/DAUD/CUM/APP/2026-2027/MSR/GROUP-C Supply of MSR Group-C (Gauze, Bandage, and Cotton) for the 50-Bed Upazila Health Complex, Daudkandi, Cumilla, and Its Six Union Sub-Centers for Procurement Year (P.Y.) 2026-2027.","Textiles and textile articles; Medical and laboratory devices, optical and precision devices, watches and clocks, pharmaceuticals and related medical consumables;Textile fabrics and related items;Woven fabrics;Woollen fabrics;Linen fabrics;Special fabrics;Knitted or crocheted fabrics;Cloth;Non-woven fabrics;Textile articles;Textile household articles;Made-up textile articles;Carpets, mats and rugs;Miscellaneous cordage, rope, twine and netting;Non-woven articles;Miscellaneous textile articles;Knitwear, hosiery and related articles;Textile yarn and thread;Natural textile fibres;Artificial textile fibres;Textile yarn and thread of natural fibres;Synthetic yarn or thread;Textile waste;Medical devices;Imaging equipment for medical, dental and veterinary use;Functional exploration;Dentistry;Medical non-chemical consumables and haematological consumables;Therapy;Operating techniques;Anaesthesia and resuscitation;Functional support;Miscellaneous medical devices;Instruments and appliances for measuring, checking, testing and navigating;Navigational, meteorological, geological and geophysical instruments;Remote-control equipment;Precision balances, instruments for drawing, calculating and measuring length;Instruments for measuring quantities;Instruments for checking physical characteristics;Checking and testing apparatus;Regulating and controlling instruments and apparatus;Non-medical equipment based on the use of radiations;Industrial process control equipment;Optical instruments;Spectacles and lenses;Polarising material;Astronomical and optical instruments;Liquid crystal devices;Photographic equipment;Horological instruments;Watches and clocks","10-Aug-2026 08:00","31-Aug-2026 10:00","As per the Terms and Conditions spefified in the TDS and PCC","Supply of MSR Group-C (Gauze, Bandage, and Cotton) for the 50-Bed Upazila Health Complex, Daudkandi, Cumilla, and Its Six Union Sub-Centers for Procurement Year (P.Y.) 2026-2027.","Lot wise","Package wise","Package wise","1000","Payment through Bank","29-Nov-2026","29-Nov-2026","Single Lot","Supply of MSR Group-C (Gauze, Bandage, and Cotton) for the 50-Bed Upazila Health Complex, Daudkandi, Cumilla, and Its Six Union Sub-Centers for Procurement Year (P.Y.) 2026-2027.","Upazila Health Complex Gouripur Daudkandi Cumilla","35000","01-Oct-2026","31-Dec-2026","Habibur Rahman","UH&FPO","Address : Vill.- Pannai, P.O.- Gouripur, P.S.- Daudkandi, Dist.- Cumilla City : Daudkandi Thana : Daudkandi District : Cumilla - 3517 Country : Bangladesh","Vill.- Pannai, P.O.- Gouripur, P.S.- Daudkandi, Dist.- Cumilla","Daudkandi","Daudkandi","Cumilla - 3517","08823-55440","Not Found","https://www.eprocure.gov.bd/resources/common/ViewTender.jsp?id=1315174"
"Ministry of Health and Family Welfare","Health Services Division","Directorate General of Health Services (DGHS)","Daudkandi Upazila Health Complex","","Cumilla","Goods","NCT","TENDER","Tender - Single Lot","UHC/DAUD/CUM/MSR/2026-2027/1055(F)","229055","1315185","Open Tendering Method (OTM)","Revenue","Government","Not applicable","Not applicable","UHC/DAUD/CUM/APP/2026-2027/MSR/GROUP-F Supply of MSR Group-F (Furniture Items) for the 50-Bed Upazila Health Complex, Daudkandi, Cumilla, and Its Six Union Sub-Centers for Procurement Year (P.Y.) 2026-2027.","Manufactured goods, furniture, handicrafts, special-purpose products and associated consumables;Furniture;Seats, chairs and associated parts;Non-domestic furniture;Domestic furniture;Miscellaneous furniture and equipment;School furniture;Jewellery and related articles;Coins and medals;Articles of jewellery;Musical instruments and parts;Musical instruments;Parts and accessories of musical instruments;Sports goods and equipment;Outdoor sports equipment;Gymnasium equipment;Games and toys; fairground amusements;Dolls;Toys;Articles for funfair, table or parlour games;Miscellaneous manufactured and other goods;Laundry supplies;School slates or boards with writing or drawing surfaces;Artificial products;Apparatus and equipment designed for demonstrational purposes;Umbrellas and sunshades; walking sticks and seat sticks;Funeral supplies;Kitchen equipment, household items and catering supplies;Barracks supplies;Consumables and consumer goods;Consumables;Tax-free goods;Disposable goods;Handicraft and art supplies;Handicraft supplies;Art supplies;Special-purpose product;Police equipment;Recycled products;Security devices;Animal ear tags;Compost boxes;Tokens;Spray booths;Snow poles","10-Aug-2026 08:00","31-Aug-2026 10:00","As per the Terms and Conditions spefified in the TDS and PCC","Supply of MSR Group-F (Furniture Items) for the 50-Bed Upazila Health Complex, Daudkandi, Cumilla, and Its Six Union Sub-Centers for Procurement Year (P.Y.) 2026-2027.","Lot wise","Package wise","Package wise","500","Payment through Bank","29-Nov-2026","29-Nov-2026","Single Lot","Supply of MSR Group-F (Furniture Items) for the 50-Bed Upazila Health Complex, Daudkandi, Cumilla, and Its Six Union Sub-Centers for Procurement Year (P.Y.) 2026-2027.","Upazila Health Complex Gouripur Daudkandi Cumilla","15000","01-Oct-2026","31-Dec-2026","Habibur Rahman","UH&FPO","Address : Vill.- Pannai, P.O.- Gouripur, P.S.- Daudkandi, Dist.- Cumilla City : Daudkandi Thana : Daudkandi District : Cumilla - 3517 Country : Bangladesh","Vill.- Pannai, P.O.- Gouripur, P.S.- Daudkandi, Dist.- Cumilla","Daudkandi","Daudkandi","Cumilla - 3517","08823-55440","Not Found","https://www.eprocure.gov.bd/resources/common/ViewTender.jsp?id=1315185"
"Ministry of Health and Family Welfare","Health Services Division","Directorate General of Health Services (DGHS)","Daudkandi Upazila Health Complex","","Cumilla","Goods","NCT","TENDER","Tender - Single Lot","UHC/DAUD/CUM/MSR/DONARCHAR+TROMA/2026-2027/1056(B)","229055","1315194","Open Tendering Method (OTM)","Revenue","Government","Not applicable","Not applicable","UHC/DAUD/CUM/APP/DONARCHAR-TROMA/2026-2027/MSR/B Supply of MSR Group-B (Surgical Instruments) for the Donarchar 20 Bed Hospital and Shahidnagar 20 Bed Trauma Center, Daudkandi, Cumilla, for Procurement Year (P.Y.) 2026-2027.","Chemicals, chemical products and man-made fibres; Medical and laboratory devices, optical and precision devices, watches and clocks, pharmaceuticals and related medical consumables;Chemicals;Gases;Dyes and pigments;Basic inorganic chemicals;Basic organic chemicals;Fertilisers and nitrogen compounds;Plastics in primary forms;Synthetic rubber;Enzymes;Agro-chemical products;Pesticides;Insecticides;Herbicides;Plant-growth regulators;Disinfectants;Rodenticides;Fungicides;Paints, varnishes, printing ink and mastics;Paints;Varnishes;Ink;Mastics, fillers, putty;Solvents;Medicinal products;Medicinal products for the alimentary tract and metabolism;Medicinal products for the blood, blood-forming organs and the cardiovascular system;Medicinal products for dermatology and the musculo-skeletal system;Medicinal products for the genitourinary system and hormones;General anti-infectives for systemic use, vaccines, antineoplastic and immunodulating agents;Medicinal products for the nervous system and sensory organs;Medicinal products for the respiratory system;Various medicinal products;Glycerol, soaps, detergents, cleaning and polishing preparations, perfumes and toilet preparations;Glycerol;Perfumes and toiletries;Explosives and fine chemical products;Prepared explosives;Glues;Essential oils;Photographic chemicals;Unrecorded media;Specialised chemical products;Man-made fibres;Synthetic fibres;Artificial fibres;Various chemical products;Radiator fluids;Water-treatment chemicals;Anti-corrosion products;Medical devices;Imaging equipment for medical, dental and veterinary use;Functional exploration;Dentistry;Medical non-chemical consumables and haematological consumables;Therapy;Operating techniques;Anaesthesia and resuscitation;Functional support;Miscellaneous medical devices;Instruments and appliances for measuring, checking, testing and navigating;Navigational, meteorological, geological and geophysical instruments;Remote-control equipment;Precision balances, instruments for drawing, calculating and measuring length;Instruments for measuring quantities;Instruments for checking physical characteristics;Checking and testing apparatus;Regulating and controlling instruments and apparatus;Non-medical equipment based on the use of radiations;Industrial process control equipment;Optical instruments;Spectacles and lenses;Polarising material;Astronomical and optical instruments;Liquid crystal devices;Photographic equipment;Horological instruments;Watches and clocks","10-Aug-2026 08:00","31-Aug-2026 10:00","As per the Terms and Conditions spefified in the TDS and PCC","Supply of MSR Group-B (Surgical Instruments) for the Donarchar 20 Bed Hospital and Shahidnagar 20 Bed Trauma Center, Daudkandi, Cumilla, for Procurement Year (P.Y.) 2026-2027.","Lot wise","Package wise","Package wise","1000","Payment through Bank","29-Nov-2026","29-Nov-2026","Single Lot","Supply of MSR Group-B (Surgical Instruments) for the Donarchar 20 Bed Hospital and Shahidnagar 20 Bed Trauma Center, Daudkandi, Cumilla, for Procurement Year (P.Y.) 2026-2027.","Upazila Health Complex Gouripur Daudkandi Cumilla","20000","01-Oct-2026","31-Dec-2026","Habibur Rahman","UH&FPO","Address : Vill.- Pannai, P.O.- Gouripur, P.S.- Daudkandi, Dist.- Cumilla City : Daudkandi Thana : Daudkandi District : Cumilla - 3517 Country : Bangladesh","Vill.- Pannai, P.O.- Gouripur, P.S.- Daudkandi, Dist.- Cumilla","Daudkandi","Daudkandi","Cumilla - 3517","08823-55440","Not Found","https://www.eprocure.gov.bd/resources/common/ViewTender.jsp?id=1315194"
"Ministry of Health and Family Welfare","Health Services Division","Directorate General of Health Services (DGHS)","Daudkandi Upazila Health Complex","","Cumilla","Goods","NCT","TENDER","Tender - Single Lot","UHC/DAUD/CUM/LINEN ITEM CLEANNING/2026-2027/1058","229055","1315372","Open Tendering Method (OTM)","Revenue","Government","Not applicable","Not applicable","UHC/DAUD/CUM/APP/2026-2027/LINEN ITEMS CLEANNING/ Supply of Linen Items Cleaning for the 50 Bed Upazila Health Complex, Daudkandi, Cumilla, for Procurement Year (P.Y.) 2026-2027.","Textiles and textile articles; Clothing and accessories; Chemicals, chemical products and man-made fibres;Textile fabrics and related items;Woven fabrics;Woollen fabrics;Linen fabrics;Special fabrics;Knitted or crocheted fabrics;Cloth;Non-woven fabrics;Textile articles;Textile household articles;Made-up textile articles;Carpets, mats and rugs;Miscellaneous cordage, rope, twine and netting;Non-woven articles;Miscellaneous textile articles;Knitwear, hosiery and related articles;Textile yarn and thread;Natural textile fibres;Artificial textile fibres;Textile yarn and thread of natural fibres;Synthetic yarn or thread;Textile waste;Occupational clothing, special workwear and accessories;Occupational clothing;Special workwear;Workwear accessories;Outerwear;Coats;Weatherproof clothing;Miscellaneous outerwear;Garments;Underwear;Shirts and nightwear;T-shirts;Special clothing and accessories;Special clothing;Clothing accessories;Hats and headgear;Fasteners;Leather clothes;Leather clothing accessories;Furs and articles of fur;Fur articles;Furs;Second-hand clothing;Chemicals;Gases;Dyes and pigments;Basic inorganic chemicals;Basic organic chemicals;Fertilisers and nitrogen compounds;Plastics in primary forms;Synthetic rubber;Enzymes;Agro-chemical products;Pesticides;Insecticides;Herbicides;Plant-growth regulators;Disinfectants;Rodenticides;Fungicides;Paints, varnishes, printing ink and mastics;Paints;Varnishes;Ink;Mastics, fillers, putty;Solvents;Medicinal products;Medicinal products for the alimentary tract and metabolism;Medicinal products for the blood, blood-forming organs and the cardiovascular system;Medicinal products for dermatology and the musculo-skeletal system;Medicinal products for the genitourinary system and hormones;General anti-infectives for systemic use, vaccines, antineoplastic and immunodulating agents;Medicinal products for the nervous system and sensory organs;Medicinal products for the respiratory system;Various medicinal products;Glycerol, soaps, detergents, cleaning and polishing preparations, perfumes and toilet preparations;Glycerol;Perfumes and toiletries;Explosives and fine chemical products;Prepared explosives;Glues;Essential oils;Photographic chemicals;Unrecorded media;Specialised chemical products;Man-made fibres;Synthetic fibres;Artificial fibres;Various chemical products;Radiator fluids;Water-treatment chemicals;Anti-corrosion products","10-Aug-2026 08:00","31-Aug-2026 10:00","As per the Terms and Conditions specified in the TDS and PCC","Supply of Linen Items Cleaning for the 50 Bed Upazila Health Complex, Daudkandi, Cumilla, for Procurement Year (P.Y.) 2026-2027.","Lot wise","Package wise","Package wise","500","Payment through Bank","29-Nov-2026","29-Nov-2026","Single Lot","Supply of Linen Items Cleaning for the 50 Bed Upazila Health Complex, Daudkandi, Cumilla, for Procurement Year (P.Y.) 2026-2027.","Upazila Health Complex Gouripur Daudkandi Cumilla","20000","01-Oct-2026","31-Dec-2026","Habibur Rahman","UH&FPO","Address : Vill.- Pannai, P.O.- Gouripur, P.S.- Daudkandi, Dist.- Cumilla City : Daudkandi Thana : Daudkandi District : Cumilla - 3517 Country : Bangladesh","Vill.- Pannai, P.O.- Gouripur, P.S.- Daudkandi, Dist.- Cumilla","Daudkandi","Daudkandi","Cumilla - 3517","08823-55440","Not Found","https://www.eprocure.gov.bd/resources/common/ViewTender.jsp?id=1315372"
"Ministry of Health and Family Welfare","Health Services Division","Directorate General of Health Services (DGHS)","Daudkandi Upazila Health Complex","","Cumilla","Goods","NCT","TENDER","Tender - Single Lot","UHC/DAUD/CUM/MONOHORI+CLEAN ITEMS/2026-2026/1057","229055","1315366","Open Tendering Method (OTM)","Revenue","Government","Not applicable","Not applicable","UHC/DAUD/CUM/APP/2026-2027/MONOHORI AND CLEANNING/ Supply of Monohari, Office Accessories, and Cleaning Items for the 50 Bed Upazila Health Complex, Daudkandi, Cumilla, for Procurement Year (P.Y.) 2026-2027.","Chemicals, chemical products and man-made fibres; Office and computing machinery, equipment and supplies;Chemicals;Gases;Dyes and pigments;Basic inorganic chemicals;Basic organic chemicals;Fertilisers and nitrogen compounds;Plastics in primary forms;Synthetic rubber;Enzymes;Agro-chemical products;Pesticides;Insecticides;Herbicides;Plant-growth regulators;Disinfectants;Rodenticides;Fungicides;Paints, varnishes, printing ink and mastics;Paints;Varnishes;Ink;Mastics, fillers, putty;Solvents;Medicinal products;Medicinal products for the alimentary tract and metabolism;Medicinal products for the blood, blood-forming organs and the cardiovascular system;Medicinal products for dermatology and the musculo-skeletal system;Medicinal products for the genitourinary system and hormones;General anti-infectives for systemic use, vaccines, antineoplastic and immunodulating agents;Medicinal products for the nervous system and sensory organs;Medicinal products for the respiratory system;Various medicinal products;Glycerol, soaps, detergents, cleaning and polishing preparations, perfumes and toilet preparations;Glycerol;Perfumes and toiletries;Explosives and fine chemical products;Prepared explosives;Glues;Essential oils;Photographic chemicals;Unrecorded media;Specialised chemical products;Man-made fibres;Synthetic fibres;Artificial fibres;Various chemical products;Radiator fluids;Water-treatment chemicals;Anti-corrosion products;Office machinery, equipment and supplies except computers;Word-processing machines;Photocopying and printing equipment;Post-office equipment;Calculating and accounting machines;Typewriters;Parts and accessories of typewriters and calculating machines;Various office equipment and supplies;Computer equipment and supplies;Data-processing machines;Digital cartography equipment;Computer hardware;Software;Computer systems;Servers","10-Aug-2026 08:00","31-Aug-2026 10:00","As per Terms and Condition specified in TDS and PCC","Supply of Monohari, Office Accessories, and Cleaning Items for the 50 Bed Upazila Health Complex, Daudkandi, Cumilla, for Procurement Year (P.Y.) 2026-2027.","Lot wise","Package wise","Package wise","500","Payment through Bank","29-Nov-2026","29-Nov-2026","Single Lot","Supply of Monohari, Office Accessories, and Cleaning Items for the 50 Bed Upazila Health Complex, Daudkandi, Cumilla, for Procurement Year (P.Y.) 2026-2027.","Upazila Health Complex Gouripur Daudkandi Cumilla","20000","01-Oct-2026","31-Dec-2026","Habibur Rahman","UH&FPO","Address : Vill.- Pannai, P.O.- Gouripur, P.S.- Daudkandi, Dist.- Cumilla City : Daudkandi Thana : Daudkandi District : Cumilla - 3517 Country : Bangladesh","Vill.- Pannai, P.O.- Gouripur, P.S.- Daudkandi, Dist.- Cumilla","Daudkandi","Daudkandi","Cumilla - 3517","08823-55440","Not Found","https://www.eprocure.gov.bd/resources/common/ViewTender.jsp?id=1315366"
"Ministry of Health and Family Welfare","Health Services Division","Directorate General of Health Services (DGHS)","Daudkandi Upazila Health Complex","","Cumilla","Goods","NCT","TENDER","Tender - Single Lot","UHC/DAUD/CUM/MSR/DONARCHAR+TROMA/2026-2027/1056(E)","229055","1315200","Open Tendering Method (OTM)","Revenue","Government","Not applicable","Not applicable","UHC/DAUD/CUM/APP/DONARCHAR-TROMA/2026-2027/MSR/E Supply of MSR Group-E (Chemical Reagents) for the Donarchar 20 Bed Hospital and Shahidnagar 20 Bed Trauma Center, Daudkandi, Cumilla, for Procurement Year (P.Y.) 2026-2027.","Chemicals, chemical products and man-made fibres; Medical and laboratory devices, optical and precision devices, watches and clocks, pharmaceuticals and related medical consumables;Chemicals;Gases;Dyes and pigments;Basic inorganic chemicals;Basic organic chemicals;Fertilisers and nitrogen compounds;Plastics in primary forms;Synthetic rubber;Enzymes;Agro-chemical products;Pesticides;Insecticides;Herbicides;Plant-growth regulators;Disinfectants;Rodenticides;Fungicides;Paints, varnishes, printing ink and mastics;Paints;Varnishes;Ink;Mastics, fillers, putty;Solvents;Medicinal products;Medicinal products for the alimentary tract and metabolism;Medicinal products for the blood, blood-forming organs and the cardiovascular system;Medicinal products for dermatology and the musculo-skeletal system;Medicinal products for the genitourinary system and hormones;General anti-infectives for systemic use, vaccines, antineoplastic and immunodulating agents;Medicinal products for the nervous system and sensory organs;Medicinal products for the respiratory system;Various medicinal products;Glycerol, soaps, detergents, cleaning and polishing preparations, perfumes and toilet preparations;Glycerol;Perfumes and toiletries;Explosives and fine chemical products;Prepared explosives;Glues;Essential oils;Photographic chemicals;Unrecorded media;Specialised chemical products;Man-made fibres;Synthetic fibres;Artificial fibres;Various chemical products;Radiator fluids;Water-treatment chemicals;Anti-corrosion products;Medical devices;Imaging equipment for medical, dental and veterinary use;Functional exploration;Dentistry;Medical non-chemical consumables and haematological consumables;Therapy;Operating techniques;Anaesthesia and resuscitation;Functional support;Miscellaneous medical devices;Instruments and appliances for measuring, checking, testing and navigating;Navigational, meteorological, geological and geophysical instruments;Remote-control equipment;Precision balances, instruments for drawing, calculating and measuring length;Instruments for measuring quantities;Instruments for checking physical characteristics;Checking and testing apparatus;Regulating and controlling instruments and apparatus;Non-medical equipment based on the use of radiations;Industrial process control equipment;Optical instruments;Spectacles and lenses;Polarising material;Astronomical and optical instruments;Liquid crystal devices;Photographic equipment;Horological instruments;Watches and clocks","10-Aug-2026 08:00","31-Aug-2026 10:00","As per the Terms and Conditions spefified in the TDS and PCC","Supply of MSR Group-E (Chemical Reagents) for the Donarchar 20 Bed Hospital and Shahidnagar 20 Bed Trauma Center, Daudkandi, Cumilla, for Procurement Year (P.Y.) 2026-2027.","Lot wise","Package wise","Package wise","500","Payment through Bank","29-Nov-2026","29-Nov-2026","Single Lot","Supply of MSR Group-E (Chemical Reagents) for the Donarchar 20 Bed Hospital and Shahidnagar 20 Bed Trauma Center, Daudkandi, Cumilla, for Procurement Year (P.Y.) 2026-2027.","Upazila Health Complex Gouripur Daudkandi Cumilla","5000","01-Oct-2026","31-Dec-2026","Habibur Rahman","UH&FPO","Address : Vill.- Pannai, P.O.- Gouripur, P.S.- Daudkandi, Dist.- Cumilla City : Daudkandi Thana : Daudkandi District : Cumilla - 3517 Country : Bangladesh","Vill.- Pannai, P.O.- Gouripur, P.S.- Daudkandi, Dist.- Cumilla","Daudkandi","Daudkandi","Cumilla - 3517","08823-55440","Not Found","https://www.eprocure.gov.bd/resources/common/ViewTender.jsp?id=1315200"
"Ministry of Home Affairs","","Bangladesh Coast Guard Force","OFFICE OF THE ZONAL COMMANDER WEST ZONE","106831","Bagerhat","Goods","NCT","TENDER","Tender - Single Lot","44.08.0158.300.07.119.26.23 date 09 August 2026","225281","1316400","Open Tendering Method (OTM)","Revenue","Government","Not applicable","Not applicable","WZ-ENG-2026-27-23 Procurement of spare parts for repair of gearboxes (Gear Box Model: YX-50S, Engine: YANMAR 350 HP, 6LY2M-WDT) of Rescue Boats-1013 and 1014 (JICA 10-Meter) under Bangladesh Coast Guard West Zone.","Engines and engine parts; Parts and accessories for vehicles and their engines;","10-Aug-2026 08:00","24-Aug-2026 06:00","The Tenderer shall have at least 03 (three) years of experience in supplying marine gearbox spare parts and possess valid Trade License, TIN, VAT Registration Certificate, adequate technical expertise, necessary tools and equipment, and financial capacity.","Procurement of spare parts for repair of gearboxes (Gear Box Model: YX-50S, Engine: YANMAR 350 HP, 6LY2M-WDT) of Rescue Boats-1013 and 1014 (JICA 10-Meter) under Bangladesh Coast Guard West Zone.","Lot wise","Package wise","Package wise","500","Payment through Bank","20-Dec-2026","20-Dec-2026","1","Procurement of spare parts for repair of gearboxes (Gear Box Model: YX-50S, Engine: YANMAR 350 HP, 6LY2M-WDT) of Rescue Boats-1013 and 1014 (JICA 10-Meter) under Bangladesh Coast Guard West Zone.","BCG Berth Mongla, Digraj, Mongla, Bagerhat","24000","27-Aug-2026","08-Sep-2026","Mohammad Mesbaul Islam","Zonal Commander West","Address : Digraj, Mongla, Bagerhat. City : Khulna Thana : Mongla District : Bagerhat - 9341 Country : Bangladesh","Digraj, Mongla, Bagerhat.","Khulna","Mongla","Bagerhat - 9341","02-477753990","Not Found","https://www.eprocure.gov.bd/resources/common/ViewTender.jsp?id=1316400"
"Ministry of Health and Family Welfare","Health Services Division","Directorate General of Health Services (DGHS)","Daudkandi Upazila Health Complex","","Cumilla","Goods","NCT","TENDER","Tender - Single Lot","UHC/DAUD/CUM/MSR/DONARCHAR+TROMA/2026-2027/1056(F)","229055","1315201","Open Tendering Method (OTM)","Revenue","Government","Not applicable","Not applicable","UHC/DAUD/CUM/APP/DONARCHAR-TROMA/2026-2027/MSR/F Supply of MSR Group-F (Furniture Items) for the Donarchar 20 Bed Hospital and Shahidnagar 20 Bed Trauma Center, Daudkandi, Cumilla, for Procurement Year (P.Y.) 2026-2027.","Manufactured goods, furniture, handicrafts, special-purpose products and associated consumables;Furniture;Seats, chairs and associated parts;Non-domestic furniture;Domestic furniture;Miscellaneous furniture and equipment;School furniture;Jewellery and related articles;Coins and medals;Articles of jewellery;Musical instruments and parts;Musical instruments;Parts and accessories of musical instruments;Sports goods and equipment;Outdoor sports equipment;Gymnasium equipment;Games and toys; fairground amusements;Dolls;Toys;Articles for funfair, table or parlour games;Miscellaneous manufactured and other goods;Laundry supplies;School slates or boards with writing or drawing surfaces;Artificial products;Apparatus and equipment designed for demonstrational purposes;Umbrellas and sunshades; walking sticks and seat sticks;Funeral supplies;Kitchen equipment, household items and catering supplies;Barracks supplies;Consumables and consumer goods;Consumables;Tax-free goods;Disposable goods;Handicraft and art supplies;Handicraft supplies;Art supplies;Special-purpose product;Police equipment;Recycled products;Security devices;Animal ear tags;Compost boxes;Tokens;Spray booths;Snow poles","10-Aug-2026 08:00","31-Aug-2026 10:00","As per the Terms and Condition specified in TDS and PCC","Supply of MSR Group-F (Furniture Items) for the Donarchar 20 Bed Hospital and Shahidnagar 20 Bed Trauma Center, Daudkandi, Cumilla, for Procurement Year (P.Y.) 2026-2027.","Lot wise","Package wise","Package wise","500","Payment through Bank","29-Nov-2026","29-Nov-2026","Single Lot","Supply of MSR Group-F (Furniture Items) for the Donarchar 20 Bed Hospital and Shahidnagar 20 Bed Trauma Center, Daudkandi, Cumilla, for Procurement Year (P.Y.) 2026-2027.","Upazila Health Complex Gouripur Daudkandi Cumilla","5000","01-Oct-2026","31-Dec-2026","Habibur Rahman","UH&FPO","Address : Vill.- Pannai, P.O.- Gouripur, P.S.- Daudkandi, Dist.- Cumilla City : Daudkandi Thana : Daudkandi District : Cumilla - 3517 Country : Bangladesh","Vill.- Pannai, P.O.- Gouripur, P.S.- Daudkandi, Dist.- Cumilla","Daudkandi","Daudkandi","Cumilla - 3517","08823-55440","Not Found","https://www.eprocure.gov.bd/resources/common/ViewTender.jsp?id=1315201"
