"Ministry","Division","Organization","Procuring Entity Name","Procuring Entity Code","Procuring Entity District","Procurement Nature","Procurement Type","Event Type","Invitation for ","Invitation Reference No.","App ID","Tender/Proposal ID","Procurement Method ","Budget Type","Source of Funds","Project Code","Project Name","Tender/Proposal Package No. and Description","Category","Scheduled Tender/Proposal Publication Date and Time","Tender/Proposal Document last selling / downloading Date and Time","Eligibility of Tenderer","Brief Description of Works","Evaluation Type","Document Available","Document Fees","Tender/Proposal Document Price (In BDT) ","Mode of Payment","Tender/Proposal Security Valid Up to","Tender/Proposal Valid Up to","Lot No.","Identification of Lot","Location","Tender/Proposal security(Amount in BDT)","Tentative Start Date","Tentative Completion Date","Name of Official Inviting Tender/Proposal","Designation of Official Inviting Tender/Proposal","Address of Official Inviting Tender/Proposal","Address","City","Thana","District","Phone No","Fax No","Estimated Cost","Tender Link"
"Ministry of Housing and Public Works","","Public Works Department (PWD)","Rangpur PWD Division","Rng","Rangpur","Works","NCT","TENDER","Tender - Single Lot","PWD/Novo/Rang/RDPP/WD-5.1","231186","1323835","Open Tendering Method (OTM)","Development","Government","Novo Theatre/ Rangpur/ 2nd Rev","Establishment of Novo Theatre, Rangpur (2nd Revised).","PWD/Novo/Rang/RDPP/WD-5.1 Establishment of Novo Theatre, Rangpur (2nd Revised) (Sub-Head: Construction of Sculpture)","Fabricated products and materials; Construction work;Structural metal products;Metal structures and parts of structures;Builders joinery of metal;Metal tanks, reservoirs and containers; central-heating radiators and boilers;Metal tanks, reservoirs, containers and pressure vessels;Central-heating radiators and boilers and parts;Nuclear reactors and parts;Nuclear reactors;Parts of nuclear reactors;Cable, wire and related products;Wire products;Cable and related products;Miscellaneous fabricated metal products and related items;Metal articles for the bathroom and kitchen;Metal goods;Armour plating;Bearings;Mild steel;Props and mining struts;Cast-iron products;Miscellaneous fire-protection equipment;Cutlery, tools, locks, keys and hinges;Cutlery;Tools;Locks, keys and hinges;Fasteners, chain and springs;Fasteners;Chain;Springs;Construction materials and associated items;Construction materials;Road furniture;Sewer mains;Steel products related to construction materials;Oil country tubular goods;Pipeline, piping, pipes, casing, tubing and related items;Site preparation work;Building demolition and wrecking work and earthmoving work;Test drilling and boring work;Works for complete or part construction and civil engineering work;Building construction work;Engineering works and construction works;Construction work for pipelines, communication and power lines, for highways, roads, airfields and railways; flatwork;Construction work for water projects;Construction works for plants, mining and manufacturing and for buildings relating to the oil and gas industry;Roof works and other special trade construction works;Building installation work;Electrical installation work;Insulation work;Plumbing and sanitary works;Fencing, railing and safety equipment installation work;Mechanical installations;Building completion work;Plastering work;Joinery and carpentry installation work;Floor and wall covering work;Painting and glazing work;Other building completion work;Hire of construction and civil engineering machinery and equipment with operator;Hire of cranes with operator;Hire of earthmoving equipment with operator","25-Aug-2026 22:50","09-Sep-2026 12:00","This Invitation for Tender (IFT) is open to all eligible tenderer registered in e-GP system meeting the following criteria: 1. The Tenderers must have minimum 05(Five) years of general experience of construction works. 2. The minimum specific experience as a prime contractor in construction works of at least 1(one) number of similar nature of Sculpture works successfully completed within the last 05 (five) years with a value of at least Tk.155.00 (One Hundred and Fifty Five) lac in single contract under public sector of Bangladesh. 3. The required average annual construction turnover shall be greater than Tk. 720.00 (Seven Hundred and Twenty) Lac in last 5 (Five) years. Payment certificates for contract in progress or completed under public sector must be submitted along with the tender in support of average annual construction turnover. In JV works, JV share must be declared, otherwise the certificate will be rejected and tenderer treated as non-responsive. 5. The Tenderer must have a minimum liquid assets/ working capital/credit facilities (in the e-PW2A-8 form without any alteration) Tk. 360.00 (Three Hundred and sixty) Lac. 6. The minimum Tender Capacity of the Tenderer shall have180.00 (One Hundred and Eighty) lac. 7. The Tenderer must enclose VAT registration certificate, up-to-date income tax clearance certificate, up to-date trade license.. 8. PPA 2006 and PPR 2025 will be followed in this Tender. 9. Others qualification stated in TDS & PCC. * Years counting backward from the date of publication of IFT in the e-GP System.","Establishment of Novo Theatre, Rangpur (2nd Revised) (Sub-Head: Construction of Sculpture)","Lot wise","Package wise","Package wise","4000","Payment through Bank","04-Feb-2027","04-Feb-2027","01","Establishment of Novo Theatre, Rangpur (2nd Revised) (Sub-Head: Construction of Sculpture)","Rangpur Novo Theater, Rangpur","600000","01-Oct-2026","30-Nov-2026","Md. Shakiul Alam","Executive Engineer","Address : Purta Bhaban, Rangpur City : Rangpur Thana : Rangpur Sadar District : Rangpur - 1000 Country : Bangladesh","Purta Bhaban, Rangpur","Rangpur","Rangpur Sadar","Rangpur - 1000","0521-62124","0521-62124","Not Found","https://www.eprocure.gov.bd/resources/common/ViewTender.jsp?id=1323835"
"Ministry of Road Transport and Bridges","Road Transport and Highways Division","Roads & Highways Department (RHD)","Patuakhali Road Division","pat001","Patuakhali","Works","NCT","TENDER","Tender - Single Lot","04/e-GP/PMPMajor/Road/PATRHD/2026-2027","228893","1322845","Open Tendering Method (OTM)","Revenue","Government","Not applicable","Not applicable","04/e-GP/PMPMajor/Road/PATRHD/2026-2027 Periodic Maintenance Programme Providing, Cruck Cutting by Milling Machine & Filling with DBS-Base Course & Wearing Course work   at  Ch. 16+892 (Mohiskhata) to Ch. 29+200 (Amtoli)  of Patuakhali-Amtoli-Barguna-Kakchira Road (R-880) Under Patuakhali Road Division during the year 2026-2027.","Repair, maintenance and associated services related to roads and other equipment; Repair, maintenance and associated services related to aircraft, railways, roads and marine equipment;","25-Aug-2026 20:30","20-Sep-2026 16:30","All tenderers of Bangladeshi National regardless of whether enlisted or not enlisted with the employer may submit Tenders provided that they are qualified as per Qualification Criteria Specified in the Tender Data Sheet (TDS) of the Tender Document. 1. In case of JVCA Experience Certificates (Turnover) submission, the tenderer must submit the documents (Joint Venture Agreement etc) in favour of percent share among all the Joint Venture partners. 2. In case of JV, Lead partner as well as other partner/s shall have the experience separately of similar nature of works as stated in TDS. 3. Tenderer must submit the ownership/Lease/Hire documents of their plants & equipments. 4. For submission of any false information and documents, the Tenderer shall be considererd as Non-Responsive and be De-barred. 5. Tenderer must submit On-going Works and Current Commitment(s) details under all PE's Organization. Hiding On-going Works and Current Commitment(s) will be considered as fraudulent practice and actions will be taken against the associated tenderer according to PPR-2025.The tender participant must be very cautious regarding uploading the certificates and filling up related information (i.e. work name, work value, date of actual work completion etc.) in e-GP system. Any mismatch in uploaded certificates and related information provided will be considered as fraudulent practice and actions will be taken against the associated tenderer according to PPR-2025","Periodic Maintenance Programme Providing, Cruck Cutting by Milling Machine & Filling with DBS-Base Course & Wearing Course work at Ch. 16+892 (Mohiskhata) to Ch. 29+200 (Amtoli) of Patuakhali-Amtoli-Barguna-Kakchira Road (R-880) Under Patuakhali Road Division during the year 2026-2027.","Lot wise","Package wise","Package wise","5000","Payment through Bank","16-Feb-2027","16-Feb-2027","01","Periodic Maintenance Programme Providing, Cruck Cutting by Milling Machine & Filling with DBS-Base Course & Wearing Course work   at  Ch. 16+892 (Mohiskhata) to Ch. 29+200 (Amtoli)  of Patuakhali-Amtoli-Barguna-Kakchira Road (R-880) Under Patuakhali Road Division during the year 2026-2027.","N-8","4000000","02-Nov-2026","02-May-2027","MD. ZAMIL AKTER LIMON","Executive Engineer","Address : Patuakhali Road Division, Sarak Bhaban, Patuakhali City : Patuakhali Thana : Patuakhali Sadar District : Patuakhali - 0000 Country : Bangladesh","Patuakhali Road Division, Sarak Bhaban, Patuakhali","Patuakhali","Patuakhali Sadar","Patuakhali - 0000","0441-62216","","Not Found","https://www.eprocure.gov.bd/resources/common/ViewTender.jsp?id=1322845"
"Ministry of Industries","","Bangladesh Chemical Industries Corporation (BCIC)","Jamuna Fertilizer Company Limited  (Commercial Division)","","Jamalpur","Goods","NCT","TENDER","Tender - Single Lot","JFCL/LP/OPERATION/UTILITY/6.372","229027","1316826","Open Tendering Method (OTM)","Own Fund","Own Fund","Not applicable","Not applicable","JFCL/LP/OPERATION/UTILITY/6.372 Caustic Soda (Flake)","Chemicals, chemical products and man-made fibres;Chemicals;Gases;Dyes and pigments;Basic inorganic chemicals;Basic organic chemicals;Fertilisers and nitrogen compounds;Plastics in primary forms;Synthetic rubber;Enzymes;Agro-chemical products;Pesticides;Insecticides;Herbicides;Plant-growth regulators;Disinfectants;Rodenticides;Fungicides;Paints, varnishes, printing ink and mastics;Paints;Varnishes;Ink;Mastics, fillers, putty;Solvents;Medicinal products;Medicinal products for the alimentary tract and metabolism;Medicinal products for the blood, blood-forming organs and the cardiovascular system;Medicinal products for dermatology and the musculo-skeletal system;Medicinal products for the genitourinary system and hormones;General anti-infectives for systemic use, vaccines, antineoplastic and immunodulating agents;Medicinal products for the nervous system and sensory organs;Medicinal products for the respiratory system;Various medicinal products;Glycerol, soaps, detergents, cleaning and polishing preparations, perfumes and toilet preparations;Glycerol;Perfumes and toiletries;Explosives and fine chemical products;Prepared explosives;Glues;Essential oils;Photographic chemicals;Unrecorded media;Specialised chemical products;Man-made fibres;Synthetic fibres;Artificial fibres;Various chemical products;Radiator fluids;Water-treatment chemicals;Anti-corrosion products","25-Aug-2026 23:10","15-Sep-2026 15:00","OTM 1. Upto date Trade License 2. Upto date TIN Certificate. 3. VAT Registration Certifiate. 4. Bank Solvency Certificate. 5. Caustic Soda Supply experiance Certificate within last 05 years. 6. Dealership/Authorization Certificate from Manufacturer. 7. The packing Bag must be printed with Mfg. name, product name, net weight etc.","Caustic Soda (Flake)","Lot wise","Package wise","Package wise","2500","Payment through Bank","13-Mar-2027","13-Mar-2027","1","Caustic Soda (Flake)","JFCL","200000","20-Sep-2026","21-Feb-2027","Md. Abdul Hamim","Deputy General Manager(Com)","Address : General Manager (Commercial) 
Jamuna Fertilizer Company Limited
 Tarakandi, Sarishabari, Jamalpur-2055 City : Jamalpur Thana : Sarishabari District : Jamalpur - 2055 Country : Bangladesh","","Jamalpur","Sarishabari","Jamalpur - 2055","0751-63881","0751-63889","7790100.00, OTM","https://www.eprocure.gov.bd/resources/common/ViewTender.jsp?id=1316826"
"Ministry of Industries","","Bangladesh Chemical Industries Corporation (BCIC)","Jamuna Fertilizer Company Limited  (Commercial Division)","","Jamalpur","Goods","NCT","TENDER","Tender - Single Lot","JFCL/LP/E AND I /ELECTRICAL/4.2846","215849","1307745","Open Tendering Method (OTM)","Own Fund","Own Fund","Not applicable","Not applicable","JFCL/LP/E AND I /ELECTRICAL/4.2846 Industrial Tube Light Shade","Electrical machinery, apparatus, equipment and consumables;Electric motors, generators and transformers;Electric motors;Generators;Alternators;Cooling towers;Ballasts for discharge lamps or tubes;Parts of electric motors, generators and transformers;Transformers;Electricity distribution and control apparatus;Electrical apparatus for switching or protecting electrical circuits;Electrical circuit components;Parts of electricity distribution or control apparatus;Insulated wire and cable;Mains;Power distribution cables;Coaxial cable;Insulated cable accessories;Electric conductors for data and control purposes;Accumulators, primary cells and primary batteries;Primary cells;Primary batteries;Electric accumulators;Lighting equipment and electric lamps;Electric filament lamps;Lamps and light fittings;Parts of lamps and lighting equipment;Electrical equipment and apparatus;Electrical equipment for engines and vehicles;Sound or visual signalling apparatus;Magnets;Machines and apparatus with individual functions;Insulating fittings;Carbon electrodes;Electrical parts of machinery or apparatus;Electrical supplies and accessories;Electronic, electromechanical and electrotechnical supplies;Electronic equipment;Electromechanical equipment;Electrotechnical equipment","25-Aug-2026 23:00","13-Sep-2026 15:00","OTM As per STD","Industrial Tube Light Shade","Lot wise","Package wise","Package wise","500","Payment through Bank","11-Mar-2027","11-Mar-2027","Single","Industrial Tube Light Shade","At JFCL Site","18000","30-Sep-2026","31-Jan-2027","Md. Abdul Hamim","Deputy General Manager(Com)","Address : General Manager (Commercial) 
Jamuna Fertilizer Company Limited
 Tarakandi, Sarishabari, Jamalpur-2055 City : Jamalpur Thana : Sarishabari District : Jamalpur - 2055 Country : Bangladesh","","Jamalpur","Sarishabari","Jamalpur - 2055","0751-63881","0751-63889","Not Found","https://www.eprocure.gov.bd/resources/common/ViewTender.jsp?id=1307745"
"Ministry of Housing and Public Works","","Cox's Bazar Development Authority","Cox's Bazar Development Authority","","Cox's Bazar","Goods","NCT","TENDER","Tender - Single Lot","CoxDA/Rev/2026-27/OTM/GD-16","228315","1323214","Open Tendering Method (OTM)","Revenue","Government","Not applicable","Not applicable","CoxDA/Rev/2026-27/OTM/GD-16 Procurement and repair of CoxDA furniture. FY 2026-27","Furniture; Manufactured goods, furniture, handicrafts, special-purpose products and associated consumables; Repair, maintenance and associated services of vehicles and related equipment; Miscellaneous repair and maintenance services; Repair, maintenance and installation services; Installation services; Retail trade services of furniture; Retail trade services;Seats, chairs and associated parts;Non-domestic furniture;Domestic furniture;Miscellaneous furniture and equipment;School furniture;Repair and maintenance services of motor vehicles and associated equipment;Demolition services of vehicles;Repair services of jewellery;Repair services of leather personal goods;Repair services of garments and textiles;Repair and maintenance services of weapons and weapon systems;Repair and maintenance services of furniture;Repair and maintenance services of musical instruments;Repair and maintenance services of playground equipment;Repair and maintenance services of hotel and restaurant equipment;Installation services of electrical and mechanical equipment;Installation services of equipment for measuring, checking, testing and navigating;Installation services of communications equipment;Installation services of medical and surgical equipment;Installation services of machinery and equipment;Installation services of computers and office equipment;Installation services of metal containers","25-Aug-2026 21:58","06-Sep-2026 14:00","as per TDS.","Procurement and repair of CoxDA furniture. FY 2026-27","Lot wise","Package wise","Package wise","500","Payment through Bank","03-Dec-2026","03-Dec-2026","GD-16","Procurement and repair of CoxDA furniture. FY 2026-27","CoxDA Bhaban, Coxs Bazar 4700","2900","30-Sep-2026","31-Jan-2027","Abu Nayeem Md.Talat","Member (Engineer)","Address : CoxDA Bhaban, Circuit House Road, Cox's Bazar. City : Cox's Bazar Thana : Cox'S Bazar Sadar District : Cox's Bazar - 4700 Country : Bangladesh","CoxDA Bhaban, Circuit House Road, Cox's Bazar.","Cox's Bazar","Cox'S Bazar Sadar","Cox's Bazar - 4700","02-334462520","02-334462522","100000.00, OTM","https://www.eprocure.gov.bd/resources/common/ViewTender.jsp?id=1323214"
"Ministry of Housing and Public Works","","Cox's Bazar Development Authority","Cox's Bazar Development Authority","","Cox's Bazar","Goods","NCT","TENDER","Tender - Single Lot","CoxDA/Rev/2026-27/OTM/GD-02","228315","1323207","Open Tendering Method (OTM)","Revenue","Government","Not applicable","Not applicable","CoxDA/Rev/2026-27/OTM/GD-02 Supply of Gift Items for Coxâ??s Bazar Development Authority. FY 2026-27","Outerwear; Clothing and accessories; Garments; Special clothing and accessories; Clothing and accessories; Leather clothes; Wooden containers, pallets, boxes and other containers; Wood, wood products, cork products, basketware and wickerwork; Printed books, brochures and leaflets; Stamps, cheque forms, banknotes, stock certificates, trade advertising material, catalogues and manuals; Various types of printed matter and articles for printing; Paper or paperboard registers, account books, binders, forms and other articles of printed stationery; Miscellaneous printed matter; Various types of printed matter and articles for printing; Rubber products; Film products; Rubber, plastic and film products; Miscellaneous fabricated metal products and related items; Cutlery, tools, locks, keys and hinges; Fabricated products and materials; Fasteners, chain and springs;Coats;Weatherproof clothing;Miscellaneous outerwear;Underwear;Shirts and nightwear;T-shirts;Special clothing;Clothing accessories;Hats and headgear;Fasteners;Leather clothing accessories;Wooden containers;Wooden pallets;Printed books;Publications;Directories;Leaflets;Brochures;Booklets;Stamps;Stamp-impressed paper;Banknotes;Cheque forms;Security-type printed matter;Trade-advertising material, commercial catalogues and manuals;Manuals;Paper or paperboard registers;Forms;Exercise books;Albums for samples;Binders and related accessories;Printed stationery except forms;Car-tax discs;Driving licences;ID cards;Permits;Entrance cards;Bespoke printed matter;Tickets;Tyres and related products;Unvulcanised and vulcanised rubber articles;Rubberised textile fabrics;Reclaimed rubber;Rubber waste products;Medical articles of rubber;Articles of hard rubber;Radiology film;Cinematographic film;Video films;Metal articles for the bathroom and kitchen;Metal goods;Armour plating;Bearings;Mild steel;Props and mining struts;Cast-iron products;Miscellaneous fire-protection equipment;Cutlery;Tools;Locks, keys and hinges;Fasteners;Chain;Springs","25-Aug-2026 22:00","06-Sep-2026 14:00","as per TDS.","Supply of Gift Items for Cox's Bazar Development Authority. FY 2026-27","Lot wise","Package wise","Package wise","1000","Payment through Bank","03-Dec-2026","03-Dec-2026","GD-02","Supply of Gift Items for Coxâ??s Bazar Development Authority. FY 2026-27","CoxDA Bhaban, Coxs Bazar 4700","58000","30-Sep-2026","28-Feb-2027","Abu Nayeem Md.Talat","Member (Engineer)","Address : CoxDA Bhaban, Circuit House Road, Cox's Bazar. City : Cox's Bazar Thana : Cox'S Bazar Sadar District : Cox's Bazar - 4700 Country : Bangladesh","CoxDA Bhaban, Circuit House Road, Cox's Bazar.","Cox's Bazar","Cox'S Bazar Sadar","Cox's Bazar - 4700","02-334462520","02-334462522","2000000.00, OTM","https://www.eprocure.gov.bd/resources/common/ViewTender.jsp?id=1323207"
"Ministry of Industries","","Bangladesh Chemical Industries Corporation (BCIC)","Jamuna Fertilizer Company Limited  (Commercial Division)","","Jamalpur","Goods","NCT","TENDER","Tender - Single Lot","JFCL/LP/E AND I/EM./4.2789","229027","1320010","Open Tendering Method (OTM)","Own Fund","Own Fund","Not applicable","Not applicable","JFCL/LP/E AND I/EM./4.2789 Different Types of Bearing","Machinery, equipment, appliances, apparatus and associated products;Machinery for the production and use of mechanical power;Turbines and motors;Pumps and compressors;Taps, cocks, valves and similar appliances;Gears, gearing and driving elements;General-purpose machinery;Industrial or laboratory furnaces, incinerators and ovens;Lifting and handling equipment and parts;Cooling and ventilation equipment;Miscellaneous general-purpose machinery;Agricultural, horticultural and forestry machinery;Agricultural and forestry machinery for soil preparation or cultivation;Harvesting machinery;Spraying machinery for agriculture or horticulture;Self-loading or unloading trailers and semi-trailers for agriculture;Specialist agricultural or forestry machinery;Tractors;Parts of agricultural and forestry machinery;Machine tools;Machine tools operated by laser and machining centres;Lathes, boring and milling machine tools;Metal-working machine tools;Machine tools for working hard materials except metals;Pneumatic or motorised hand tools;Soldering, brazing and welding tools, surface tempering and hot-spraying machines and equipment;Parts and accessories of machine tools;Special-purpose machinery and parts;Machinery for metallurgy and associated parts;Machinery for mining, quarrying and construction;Machinery for food, beverage and tobacco processing and associated parts;Machinery for textile, apparel and leather production;Machinery for paper or paperboard production;Miscellaneous special-purpose machinery;Weapons, ammunition and associated parts;Motorised tanks and armoured fighting vehicles;Military weapons;Firearms;Ammunition;Parts of military weapons;Truncheons or night sticks;Domestic appliances;Electrical domestic appliances;Non-electric domestic appliances;Miscellaneous equipment;Transport related equipment;Workshop equipment;Construction equipment;Catering equipment;Emergency and security equipment;Technical equipment;Miscellaneous equipment n.e.c.","25-Aug-2026 23:00","13-Sep-2026 15:00","OTM As per STD","Different Types of Bearing","Lot wise","Package wise","Package wise","1500","Payment through Bank","11-Mar-2027","11-Mar-2027","Single","Different Types of Bearing","At JFCL Site","80000","30-Sep-2026","31-Dec-2026","Md. Abdul Hamim","Deputy General Manager(Com)","Address : General Manager (Commercial) 
Jamuna Fertilizer Company Limited
 Tarakandi, Sarishabari, Jamalpur-2055 City : Jamalpur Thana : Sarishabari District : Jamalpur - 2055 Country : Bangladesh","","Jamalpur","Sarishabari","Jamalpur - 2055","0751-63881","0751-63889","Not Found","https://www.eprocure.gov.bd/resources/common/ViewTender.jsp?id=1320010"
"Ministry of Health and Family Welfare","Health Services Division","Directorate General of Health Services (DGHS)","Chittagong Medical College Hospital","","Chattogram","Goods","NCT","TENDER","Tender - Single Lot","CMCH/egp/2026-2027/Chemical Reagent/Package-4","227486","1322913","Open Tendering Method (OTM)","Revenue","Government","Not applicable","Not applicable","CMCH/egp/2026-2027/Chemical Reagent/Package-4 Procurement of Machine Readable Reagent of AutoBio-A 2000 Plus Or Equivalent Package-4 for the fiscal year 2026-2027","Chemicals, chemical products and man-made fibres;Chemicals;Gases;Dyes and pigments;Basic inorganic chemicals;Basic organic chemicals;Fertilisers and nitrogen compounds;Plastics in primary forms;Synthetic rubber;Enzymes;Agro-chemical products;Pesticides;Insecticides;Herbicides;Plant-growth regulators;Disinfectants;Rodenticides;Fungicides;Paints, varnishes, printing ink and mastics;Paints;Varnishes;Ink;Mastics, fillers, putty;Solvents;Medicinal products;Medicinal products for the alimentary tract and metabolism;Medicinal products for the blood, blood-forming organs and the cardiovascular system;Medicinal products for dermatology and the musculo-skeletal system;Medicinal products for the genitourinary system and hormones;General anti-infectives for systemic use, vaccines, antineoplastic and immunodulating agents;Medicinal products for the nervous system and sensory organs;Medicinal products for the respiratory system;Various medicinal products;Glycerol, soaps, detergents, cleaning and polishing preparations, perfumes and toilet preparations;Glycerol;Perfumes and toiletries;Explosives and fine chemical products;Prepared explosives;Glues;Essential oils;Photographic chemicals;Unrecorded media;Specialised chemical products;Man-made fibres;Synthetic fibres;Artificial fibres;Various chemical products;Radiator fluids;Water-treatment chemicals;Anti-corrosion products","25-Aug-2026 21:47","08-Sep-2026 14:00","As Per TDS & PCC","Procurement of Machine Readable Reagent of AutoBio-A 2000 Plus Or Equivalent Package-4 for the fiscal year 2026-2027","Lot wise","Package wise","Package wise","1500","Payment through Bank","06-Mar-2027","06-Mar-2027","Single Lot","Procurement of Machine Readable Reagent of AutoBio-A 2000 Plus Or Equivalent Package-4 for the fiscal year 2026-2027","Chittagong Medical College Hospita","85000","01-Oct-2026","30-Jun-2027","Mohammad Taslim Uddin","Director","Address : K.B. Fazlul Kader Road, Panchlaish, Chittagong City : Chittagong Thana : Chattogram City Corporation District : Chattogram - 4203 Country : Bangladesh","K.B. Fazlul Kader Road, Panchlaish, Chittagong","Chittagong","Chattogram City Corporation","Chattogram - 4203","031-31630179","","Not Found","https://www.eprocure.gov.bd/resources/common/ViewTender.jsp?id=1322913"
"Ministry of Road Transport and Bridges","Road Transport and Highways Division","Roads & Highways Department (RHD)","Patuakhali Road Division","pat001","Patuakhali","Works","NCT","TENDER","Tender - Single Lot","02/e-GP/PMPCulvert/PATRHD/2026-2027","228893","1322846","Open Tendering Method (OTM)","Revenue","Government","Not applicable","Not applicable","02/e-GP/PMPCulvert/PATRHD/2026-2027 Construction of RCC Box Culvert (1x3.00m Spanx3.00m Heightx10.25m Width) at Ch.03+519KM (Itbaria Goalbari) of Golachipa Upazila Head Quarter-Rangabli Upazila Head Quarter (Golachipa Part) Z-8801, under Patuakhali Road Division, 2025-2026.","Repair, maintenance and associated services related to roads and other equipment; Repair, maintenance and associated services related to aircraft, railways, roads and marine equipment;","25-Aug-2026 20:30","20-Sep-2026 16:30","All tenderers of Bangladeshi National regardless of whether enlisted or not enlisted with the employer may submit Tenders provided that they are qualified as per Qualification Criteria Specified in the Tender Data Sheet (TDS) of the Tender Document. 1. In case of JVCA Experience Certificates (Turnover) submission, the tenderer must submit the documents (Joint Venture Agreement etc) in favour of percent share among all the Joint Venture partners. 2. In case of JV, Lead partner as well as other partner/s shall have the experience separately of similar nature of works as stated in TDS. 3. Tenderer must submit the ownership/Lease/Hire documents of their plants & equipments. 4. For submission of any false information and documents, the Tenderer shall be considererd as Non-Responsive and be De-barred. 5. Tenderer must submit On-going Works and Current Commitment(s) details under all PE's Organization. Hiding On-going Works and Current Commitment(s) will be considered as fraudulent practice and actions will be taken against the associated tenderer according to PPR-2025.The tender participant must be very cautious regarding uploading the certificates and filling up related information (i.e. work name, work value, date of actual work completion etc.) in e-GP system. Any mismatch in uploaded certificates and related information provided will be considered as fraudulent practice and actions will be taken against the associated tenderer according to PPR-2025","Construction of RCC Box Culvert (1x3.00m Spanx3.00m Heightx10.25m Width) at Ch.03+519KM (Itbaria Goalbari) of Golachipa Upazila Head Quarter-Rangabli Upazila Head Quarter (Golachipa Part) Z-8801, under Patuakhali Road Division, 2025-2026","Lot wise","Package wise","Package wise","2500","Payment through Bank","16-Feb-2027","16-Feb-2027","01","Construction of RCC Box Culvert (1x3.00m Spanx3.00m Heightx10.25m Width) at Ch.03+519KM (Itbaria Goalbari) of Golachipa Upazila Head Quarter-Rangabli Upazila Head Quarter (Golachipa Part) Z-8801, under Patuakhali Road Division, 2025-2026.","Z-8801","200000","01-Nov-2026","31-Oct-2027","MD. ZAMIL AKTER LIMON","Executive Engineer","Address : Patuakhali Road Division, Sarak Bhaban, Patuakhali City : Patuakhali Thana : Patuakhali Sadar District : Patuakhali - 0000 Country : Bangladesh","Patuakhali Road Division, Sarak Bhaban, Patuakhali","Patuakhali","Patuakhali Sadar","Patuakhali - 0000","0441-62216","","8169000.00, OTM","https://www.eprocure.gov.bd/resources/common/ViewTender.jsp?id=1322846"
"Ministry of Finance","Internal Resource Division","National Board of Revenue","Taxes Zone-1, Chattogram","","Chattogram","Goods","NCT","TENDER","Tender - Single Lot","1B-5/2026-2027/990","230882","1321984","Open Tendering Method (OTM)","Revenue","Government","Not applicable","Not applicable","1B-5/2026-2027/990 Procurement of Office Furniture","Furniture; Manufactured goods, furniture, handicrafts, special-purpose products and associated consumables; Seats, chairs and associated parts; Non-domestic furniture; Domestic furniture; Miscellaneous furniture and equipment; School furniture;","25-Aug-2026 20:00","06-Sep-2026 10:00","As Per Tender Data Sheet (TDS)","Procurement of Office Furniture","Lot wise","Package wise","Package wise","1000","Payment through Bank","02-Jan-2027","02-Jan-2027","Single Lot","Procurement of Office Furniture","Chattogram","20000","07-Sep-2026","06-Oct-2026","Md. Monjur Alam","COMMISSIONER OF TAXES","Address : CGO Building-1 (2nd Floor), Agrabad, Chattogram City : Chattogram Thana : Chattogram City Corporation District : Chattogram - 4100 Country : Bangladesh","CGO Building-1 (2nd Floor), Agrabad, Chattogram","Chattogram","Chattogram City Corporation","Chattogram - 4100","02-333315190","","2000000.00, OTM","https://www.eprocure.gov.bd/resources/common/ViewTender.jsp?id=1321984"
"Ministry of Industries","","Bangladesh Chemical Industries Corporation (BCIC)","Jamuna Fertilizer Company Limited  (Commercial Division)","","Jamalpur","Goods","NCT","TENDER","Tender - Single Lot","JFCL/LP/MAINTENANCE/PM/4.2854","229027","1319796","Open Tendering Method (OTM)","Own Fund","Own Fund","Not applicable","Not applicable","JFCL/LP/MAINTENANCE/PM/4.2854 Complete Set of after Cooler & Chilled Cooler   for  Ammonia Plant's NG Booster Compressor with Installation & Commissioning","Electrical machinery, apparatus, equipment and consumables; Electric motors, generators and transformers; Electricity distribution and control apparatus; Insulated wire and cable; Accumulators, primary cells and primary batteries; Lighting equipment and electric lamps; Electrical equipment and apparatus; Electronic, electromechanical and electrotechnical supplies;Electric motors;Generators;Alternators;Cooling towers;Ballasts for discharge lamps or tubes;Parts of electric motors, generators and transformers;Transformers;Electrical apparatus for switching or protecting electrical circuits;Electrical circuit components;Parts of electricity distribution or control apparatus;Mains;Power distribution cables;Coaxial cable;Insulated cable accessories;Electric conductors for data and control purposes;Primary cells;Primary batteries;Electric accumulators;Electric filament lamps;Lamps and light fittings;Parts of lamps and lighting equipment;Electrical equipment for engines and vehicles;Sound or visual signalling apparatus;Magnets;Machines and apparatus with individual functions;Insulating fittings;Carbon electrodes;Electrical parts of machinery or apparatus;Electrical supplies and accessories;Electronic equipment;Electromechanical equipment;Electrotechnical equipment","25-Aug-2026 23:10","14-Sep-2026 15:00","OTM As per STD","Complete Set of after Cooler & Chilled Cooler for Ammonia Plant's NG Booster Compressor with Installation & Commissioning","Lot wise","Package wise","Package wise","2500","Payment through Bank","12-Mar-2027","12-Mar-2027","Single","Complete Set of after Cooler & Chilled Cooler   for  Ammonia Plant's NG Booster Compressor with Installation & Commissioning","At JFCL Site","220000","30-Sep-2026","31-Jan-2027","Md. Abdul Hamim","Deputy General Manager(Com)","Address : General Manager (Commercial) 
Jamuna Fertilizer Company Limited
 Tarakandi, Sarishabari, Jamalpur-2055 City : Jamalpur Thana : Sarishabari District : Jamalpur - 2055 Country : Bangladesh","","Jamalpur","Sarishabari","Jamalpur - 2055","0751-63881","0751-63889","Not Found","https://www.eprocure.gov.bd/resources/common/ViewTender.jsp?id=1319796"
"Ministry of Health and Family Welfare","Health Services Division","Directorate General of Health Services (DGHS)","Chittagong Medical College Hospital","","Chattogram","Goods","NCT","TENDER","Tender - Single Lot","CMCH/egp/2026-2027/Chemical Reagent/Package-15","227486","1322922","Open Tendering Method (OTM)","Revenue","Government","Not applicable","Not applicable","CMCH/egp/2026-2027/Chemical Reagent/Package-15 Procurement of Chemical Releted Accessories & Others Package-15 for the fiscal year 2026-2027","Chemicals, chemical products and man-made fibres;Chemicals;Gases;Dyes and pigments;Basic inorganic chemicals;Basic organic chemicals;Fertilisers and nitrogen compounds;Plastics in primary forms;Synthetic rubber;Enzymes;Agro-chemical products;Pesticides;Insecticides;Herbicides;Plant-growth regulators;Disinfectants;Rodenticides;Fungicides;Paints, varnishes, printing ink and mastics;Paints;Varnishes;Ink;Mastics, fillers, putty;Solvents;Medicinal products;Medicinal products for the alimentary tract and metabolism;Medicinal products for the blood, blood-forming organs and the cardiovascular system;Medicinal products for dermatology and the musculo-skeletal system;Medicinal products for the genitourinary system and hormones;General anti-infectives for systemic use, vaccines, antineoplastic and immunodulating agents;Medicinal products for the nervous system and sensory organs;Medicinal products for the respiratory system;Various medicinal products;Glycerol, soaps, detergents, cleaning and polishing preparations, perfumes and toilet preparations;Glycerol;Perfumes and toiletries;Explosives and fine chemical products;Prepared explosives;Glues;Essential oils;Photographic chemicals;Unrecorded media;Specialised chemical products;Man-made fibres;Synthetic fibres;Artificial fibres;Various chemical products;Radiator fluids;Water-treatment chemicals;Anti-corrosion products","25-Aug-2026 19:50","08-Sep-2026 14:00","As Per TDS & PCC","Procurement of Chemical Releted Accessories & Others Package-15 for the fiscal year 2026-2027","Lot wise","Package wise","Package wise","1500","Payment through Bank","06-Mar-2027","06-Mar-2027","Single Lot","Procurement of Chemical Releted Accessories & Others Package-15 for the fiscal year 2026-2027","Chittagong Medical College Hospita","102000","01-Oct-2026","30-Jun-2027","Mohammad Taslim Uddin","Director","Address : K.B. Fazlul Kader Road, Panchlaish, Chittagong City : Chittagong Thana : Chattogram City Corporation District : Chattogram - 4203 Country : Bangladesh","K.B. Fazlul Kader Road, Panchlaish, Chittagong","Chittagong","Chattogram City Corporation","Chattogram - 4203","031-31630179","","Not Found","https://www.eprocure.gov.bd/resources/common/ViewTender.jsp?id=1322922"
"Ministry of Housing and Public Works","","Cox's Bazar Development Authority","Cox's Bazar Development Authority","","Cox's Bazar","Goods","NCT","TENDER","Tender - Single Lot","CoxDA/Rev/2026-27/OTM/GD-09","228315","1323212","Open Tendering Method (OTM)","Revenue","Government","Not applicable","Not applicable","CoxDA/Rev/2026-27/OTM/GD-09 Procurement of Furniture for CoxDA. FY 2026-27","Furniture; Manufactured goods, furniture, handicrafts, special-purpose products and associated consumables; Musical instruments and parts; Sports goods and equipment; Manufactured goods, furniture, handicrafts, special-purpose products and associated consumables; Miscellaneous manufactured and other goods; Handicraft and art supplies; Manufactured goods, furniture, handicrafts, special-purpose products and associated consumables; Special-purpose product; Repair, maintenance and associated services of vehicles and related equipment; Repair, maintenance and installation services; Repair, maintenance and associated services related to personal computers, office equipment, telecommunications and audio-visual equipment; Installation services; Repair, maintenance and installation services;Seats, chairs and associated parts;Non-domestic furniture;Domestic furniture;Miscellaneous furniture and equipment;School furniture;Musical instruments;Parts and accessories of musical instruments;Outdoor sports equipment;Gymnasium equipment;Laundry supplies;School slates or boards with writing or drawing surfaces;Artificial products;Apparatus and equipment designed for demonstrational purposes;Umbrellas and sunshades; walking sticks and seat sticks;Funeral supplies;Kitchen equipment, household items and catering supplies;Barracks supplies;Handicraft supplies;Art supplies;Police equipment;Recycled products;Security devices;Animal ear tags;Compost boxes;Tokens;Spray booths;Snow poles;Repair and maintenance services of motor vehicles and associated equipment;Demolition services of vehicles;Maintenance and repair of office machinery;Repair and maintenance services of personal computers;Maintenance services of telecommunications equipment;Repair and maintenance services of audio-visual and optical equipment;Installation services of electrical and mechanical equipment;Installation services of equipment for measuring, checking, testing and navigating;Installation services of communications equipment;Installation services of medical and surgical equipment;Installation services of machinery and equipment;Installation services of computers and office equipment;Installation services of metal containers","25-Aug-2026 22:00","06-Sep-2026 14:30","as per TDS.","Procurement of Furniture for CoxDA. FY 2026-27","Lot wise","Package wise","Package wise","500","Payment through Bank","03-Dec-2026","03-Dec-2026","CoxDA/Rev/2026-27/OTM/GD-09","Procurement of Furniture for CoxDA. FY 2026-27","CoxDA Bhaban, Coxs Bazar 4700","29000","30-Sep-2026","28-Feb-2027","Abu Nayeem Md.Talat","Member (Engineer)","Address : CoxDA Bhaban, Circuit House Road, Cox's Bazar. City : Cox's Bazar Thana : Cox'S Bazar Sadar District : Cox's Bazar - 4700 Country : Bangladesh","CoxDA Bhaban, Circuit House Road, Cox's Bazar.","Cox's Bazar","Cox'S Bazar Sadar","Cox's Bazar - 4700","02-334462520","02-334462522","Not Found","https://www.eprocure.gov.bd/resources/common/ViewTender.jsp?id=1323212"
"Ministry of Finance","Internal Resource Division","National Board of Revenue","Taxes Zone-1, Chattogram","","Chattogram","Goods","NCT","TENDER","Tender - Single Lot","1B-5/2026-2027/991","230882","1321985","Open Tendering Method (OTM)","Revenue","Government","Not applicable","Not applicable","1B-5/2026-2027/991 Procurement of Office Equipment","Photocopying and printing equipment; Office machinery, equipment and supplies except computers;","25-Aug-2026 20:00","06-Sep-2026 10:00","As per Tender Data Sheet (TDS)","Procurement of Office Equipment","Lot wise","Package wise","Package wise","500","Payment through Bank","02-Jan-2027","02-Jan-2027","Single Lot","Procurement of Office Equipment","Chattogram","10000","07-Sep-2026","08-Oct-2026","Md. Monjur Alam","COMMISSIONER OF TAXES","Address : CGO Building-1 (2nd Floor), Agrabad, Chattogram City : Chattogram Thana : Chattogram City Corporation District : Chattogram - 4100 Country : Bangladesh","CGO Building-1 (2nd Floor), Agrabad, Chattogram","Chattogram","Chattogram City Corporation","Chattogram - 4100","02-333315190","","1000000.00, OTM","https://www.eprocure.gov.bd/resources/common/ViewTender.jsp?id=1321985"
"Ministry of Health and Family Welfare","Health Services Division","Directorate General of Health Services (DGHS)","Chittagong Medical College Hospital","","Chattogram","Goods","NCT","TENDER","Tender - Single Lot","CMCH/egp/2026-2027Chemical Reagent//Package-8.","227486","1323265","Open Tendering Method (OTM)","Revenue","Government","Not applicable","Not applicable","CMCH/egp/2026-2027Chemical Reagent//Package-8 Procurement of Machine Readable Reagent of Automated Microbioal ID+AST System with MIC (Vitek-2 Compact Consumables), Automated Microbioal Detection System (Bact/Alert 3D Consumables), Urine Analyzer- (FUS-2000), Antibiotic Panel Or Equivalent Package-8 for the fiscal year 2026-2027","Medical and laboratory devices, optical and precision devices, watches and clocks, pharmaceuticals and related medical consumables;Medical devices;Imaging equipment for medical, dental and veterinary use;Functional exploration;Dentistry;Medical non-chemical consumables and haematological consumables;Therapy;Operating techniques;Anaesthesia and resuscitation;Functional support;Miscellaneous medical devices;Instruments and appliances for measuring, checking, testing and navigating;Navigational, meteorological, geological and geophysical instruments;Remote-control equipment;Precision balances, instruments for drawing, calculating and measuring length;Instruments for measuring quantities;Instruments for checking physical characteristics;Checking and testing apparatus;Regulating and controlling instruments and apparatus;Non-medical equipment based on the use of radiations;Industrial process control equipment;Optical instruments;Spectacles and lenses;Polarising material;Astronomical and optical instruments;Liquid crystal devices;Photographic equipment;Horological instruments;Watches and clocks","25-Aug-2026 21:37","08-Sep-2026 14:00","As Per TDS & PCC","Procurement of Machine Readable Reagent of Automated Microbioal ID+AST System with MIC (Vitek-2 Compact Consumables), Automated Microbioal Detection System (Bact/Alert 3D Consumables), Urine Analyzer- (FUS-2000), Antibiotic Panel Or Equivalent Package-8 for the fiscal year 2026-2027","Lot wise","Package wise","Package wise","2500","Payment through Bank","06-Mar-2027","06-Mar-2027","Single Lot","Procurement of Machine Readable Reagent of Automated Microbioal ID+AST System with MIC (Vitek-2 Compact Consumables), Automated Microbioal Detection System (Bact/Alert 3D Consumables), Urine Analyzer- (FUS-2000), Antibiotic Panel Or Equivalent Package-8 for the fiscal year 2026-2027","Chittagong Medical College Hospital","310000","01-Oct-2026","30-Jun-2027","Mohammad Taslim Uddin","Director","Address : K.B. Fazlul Kader Road, Panchlaish, Chittagong City : Chittagong Thana : Chattogram City Corporation District : Chattogram - 4203 Country : Bangladesh","K.B. Fazlul Kader Road, Panchlaish, Chittagong","Chittagong","Chattogram City Corporation","Chattogram - 4203","031-31630179","","Not Found","https://www.eprocure.gov.bd/resources/common/ViewTender.jsp?id=1323265"
"Ministry of Road Transport and Bridges","Road Transport and Highways Division","Roads & Highways Department (RHD)","Patuakhali Road Division","pat001","Patuakhali","Works","NCT","TENDER","Tender - Single Lot","03/e-GP/PMPMajor/Road/PATRHD/2026-2027","228893","1322844","Open Tendering Method (OTM)","Revenue","Government","Not applicable","Not applicable","03/e-GP/PMPMajor/Road/PATRHD/2026-2027 Periodic Maintenance Programme Providing DBS Wearing Course work including Repair of Potholes, Undulation, Depression & Strengthening work  at Ch. 13+690 Km (Boga Ferry Ghat) to Ch. 41+680 Km (Dashmina College Road)  of Lebukhali-Bauphal-Galachipa-Amragachia Road (Z-8806) Under Patuakhali Road Division during the year 2026-2027.","Construction work; Site preparation work; Works for complete or part construction and civil engineering work; Building installation work; Building completion work; Hire of construction and civil engineering machinery and equipment with operator;Building demolition and wrecking work and earthmoving work;Test drilling and boring work;Building construction work;Engineering works and construction works;Construction work for pipelines, communication and power lines, for highways, roads, airfields and railways; flatwork;Construction work for water projects;Construction works for plants, mining and manufacturing and for buildings relating to the oil and gas industry;Roof works and other special trade construction works;Electrical installation work;Insulation work;Plumbing and sanitary works;Fencing, railing and safety equipment installation work;Mechanical installations;Plastering work;Joinery and carpentry installation work;Floor and wall covering work;Painting and glazing work;Other building completion work;Hire of cranes with operator;Hire of earthmoving equipment with operator","25-Aug-2026 20:35","20-Sep-2026 16:30","All tenderers of Bangladeshi National regardless of whether enlisted or not enlisted with the employer may submit Tenders provided that they are qualified as per Qualification Criteria Specified in the Tender Data Sheet (TDS) of the Tender Document. 1. In case of JVCA Experience Certificates (Turnover) submission, the tenderer must submit the documents (Joint Venture Agreement etc) in favour of percent share among all the Joint Venture partners. 2. In case of JV, Lead partner as well as other partner/s shall have the experience separately of similar nature of works as stated in TDS. 3. Tenderer must submit the ownership/Lease/Hire documents of their plants & equipments. 4. For submission of any false information and documents, the Tenderer shall be considererd as Non-Responsive and be De-barred. 5. Tenderer must submit On-going Works and Current Commitment(s) details under all PE's Organization. Hiding On-going Works and Current Commitment(s) will be considered as fraudulent practice and actions will be taken against the associated tenderer according to PPR-2025.The tender participant must be very cautious regarding uploading the certificates and filling up related information (i.e. work name, work value, date of actual work completion etc.) in e-GP system. Any mismatch in uploaded certificates and related information provided will be considered as fraudulent practice and actions will be taken against the associated tenderer according to PPR-2025.","Periodic Maintenance Programme Providing DBS Wearing Course work including Repair of Potholes, Undulation, Depression & Strengthening work at Ch. 13+690 Km (Boga Ferry Ghat) to Ch. 41+680 Km (Dashmina College Road) of Lebukhali-Bauphal-Galachipa-Amragachia Road (Z-8806) Under Patuakhali Road Division during the year 2026-2027","Lot wise","Package wise","Package wise","5000","Payment through Bank","16-Feb-2027","16-Feb-2027","01","Periodic Maintenance Programme Providing DBS Wearing Course work including Repair of Potholes, Undulation, Depression & Strengthening work  at Ch. 13+690 Km (Boga Ferry Ghat) to Ch. 41+680 Km (Dashmina College Road)  of Lebukhali-Bauphal-Galachipa-Amragachia Road (Z-8806) Under Patuakhali Road Division during the year 2026-2027.","Z-8806","6500000","02-Nov-2026","02-May-2027","MD. ZAMIL AKTER LIMON","Executive Engineer","Address : Patuakhali Road Division, Sarak Bhaban, Patuakhali City : Patuakhali Thana : Patuakhali Sadar District : Patuakhali - 0000 Country : Bangladesh","Patuakhali Road Division, Sarak Bhaban, Patuakhali","Patuakhali","Patuakhali Sadar","Patuakhali - 0000","0441-62216","","249849500.00, OTM","https://www.eprocure.gov.bd/resources/common/ViewTender.jsp?id=1322844"
"Ministry of Health and Family Welfare","Health Services Division","Directorate General of Health Services (DGHS)","Chittagong Medical College Hospital","","Chattogram","Goods","NCT","TENDER","Tender - Single Lot","CMCH/egp/205-2027/Chemical Reagent/Package -5","227486","1322914","Open Tendering Method (OTM)","Revenue","Government","Not applicable","Not applicable","CMCH/egp/205-2027/Chemical Reagent/Package -5 Procurement of Machine Readable Reagent of Automated Biochemistry Analyzer (Biochem FC-200), Biochem Electrolyte Analyzer, Automated Coagulation Analyzer RAC-050, Colloidal gold Reader , Model ADT 100, Diasune USA; Multi Drug Test cassette (Alcohol, Amphetamine,Cannabis, Benzodiazipine, Opiates) Urine / Serum Or Equivalent Package-5 for the fiscal year 2026-2027","Medical and laboratory devices, optical and precision devices, watches and clocks, pharmaceuticals and related medical consumables;Medical devices;Imaging equipment for medical, dental and veterinary use;Functional exploration;Dentistry;Medical non-chemical consumables and haematological consumables;Therapy;Operating techniques;Anaesthesia and resuscitation;Functional support;Miscellaneous medical devices;Instruments and appliances for measuring, checking, testing and navigating;Navigational, meteorological, geological and geophysical instruments;Remote-control equipment;Precision balances, instruments for drawing, calculating and measuring length;Instruments for measuring quantities;Instruments for checking physical characteristics;Checking and testing apparatus;Regulating and controlling instruments and apparatus;Non-medical equipment based on the use of radiations;Industrial process control equipment;Optical instruments;Spectacles and lenses;Polarising material;Astronomical and optical instruments;Liquid crystal devices;Photographic equipment;Horological instruments;Watches and clocks","25-Aug-2026 21:44","08-Sep-2026 14:00","As Per TDS & PCC","Procurement of Machine Readable Reagent of Automated Biochemistry Analyzer (Biochem FC-200), Biochem Electrolyte Analyzer, Automated Coagulation Analyzer RAC-050, Colloidal gold Reader , Model ADT 100, Diasune USA; Multi Drug Test cassette (Alcohol, Amphetamine,Cannabis, Benzodiazipine, Opiates) Urine / Serum Or Equivalent Package-5 for the fiscal year 2026-2027","Lot wise","Package wise","Package wise","1500","Payment through Bank","06-Mar-2027","06-Mar-2027","Single Lot","Procurement of Machine Readable Reagent of Automated Biochemistry Analyzer (Biochem FC-200), Biochem Electrolyte Analyzer, Automated Coagulation Analyzer RAC-050, Colloidal gold Reader , Model ADT 100, Diasune USA; Multi Drug Test cassette (Alcohol, Amphetamine,Cannabis, Benzodiazipine, Opiates) Urine / Serum Or Equivalent Package-5 for the fiscal year 2026-2027","Chittagong Medical College Hospita","90500","01-Oct-2026","30-Jun-2027","Mohammad Taslim Uddin","Director","Address : K.B. Fazlul Kader Road, Panchlaish, Chittagong City : Chittagong Thana : Chattogram City Corporation District : Chattogram - 4203 Country : Bangladesh","K.B. Fazlul Kader Road, Panchlaish, Chittagong","Chittagong","Chattogram City Corporation","Chattogram - 4203","031-31630179","","Not Found","https://www.eprocure.gov.bd/resources/common/ViewTender.jsp?id=1322914"
"Ministry of Finance","Internal Resource Division","National Board of Revenue","Taxes Zone-1, Chattogram","","Chattogram","Goods","NCT","TENDER","Tender - Single Lot","1B-5/2026-2027/994","230882","1321988","Open Tendering Method (OTM)","Revenue","Government","Not applicable","Not applicable","1B-5/2026-2027/994 Procurement of office cleaning items","Chemicals; Chemicals, chemical products and man-made fibres; Glycerol, soaps, detergents, cleaning and polishing preparations, perfumes and toilet preparations;Gases;Dyes and pigments;Basic inorganic chemicals;Basic organic chemicals;Fertilisers and nitrogen compounds;Plastics in primary forms;Synthetic rubber;Enzymes;Glycerol;Perfumes and toiletries","25-Aug-2026 20:00","06-Sep-2026 10:00","As Per Tender Data Sheet (TDS)","Procurement of office cleaning items","Lot wise","Package wise","Package wise","500","Payment through Bank","02-Jan-2027","02-Jan-2027","Single Lot","Procurement of office cleaning items","Chattogram","7000","07-Sep-2026","08-Oct-2026","Md. Monjur Alam","COMMISSIONER OF TAXES","Address : CGO Building-1 (2nd Floor), Agrabad, Chattogram City : Chattogram Thana : Chattogram City Corporation District : Chattogram - 4100 Country : Bangladesh","CGO Building-1 (2nd Floor), Agrabad, Chattogram","Chattogram","Chattogram City Corporation","Chattogram - 4100","02-333315190","","700000.00, OTM","https://www.eprocure.gov.bd/resources/common/ViewTender.jsp?id=1321988"
"Ministry of Health and Family Welfare","Health Services Division","Directorate General of Health Services (DGHS)","Chittagong Medical College Hospital","","Chattogram","Goods","NCT","TENDER","Tender - Single Lot","CMCH/egp/2026-2027/Chemical Reagent/Package-14","227486","1322920","Open Tendering Method (OTM)","Revenue","Government","Not applicable","Not applicable","CMCH/egp/2026-2027/Chemical Reagent/Package-14 Procurement of Machine Readable Reagent of Nova ABG Machine Prime Calibrator Or Equivalent  Package-14 for the fiscal year 2026-2027","Medical and laboratory devices, optical and precision devices, watches and clocks, pharmaceuticals and related medical consumables;Medical devices;Imaging equipment for medical, dental and veterinary use;Functional exploration;Dentistry;Medical non-chemical consumables and haematological consumables;Therapy;Operating techniques;Anaesthesia and resuscitation;Functional support;Miscellaneous medical devices;Instruments and appliances for measuring, checking, testing and navigating;Navigational, meteorological, geological and geophysical instruments;Remote-control equipment;Precision balances, instruments for drawing, calculating and measuring length;Instruments for measuring quantities;Instruments for checking physical characteristics;Checking and testing apparatus;Regulating and controlling instruments and apparatus;Non-medical equipment based on the use of radiations;Industrial process control equipment;Optical instruments;Spectacles and lenses;Polarising material;Astronomical and optical instruments;Liquid crystal devices;Photographic equipment;Horological instruments;Watches and clocks","25-Aug-2026 19:50","08-Sep-2026 14:00","As Per TDS & PCC","Procurement of Machine Readable Reagent of Nova ABG Machine Prime Calibrator Or Equivalent Package-14 for the fiscal year 2026-2027","Lot wise","Package wise","Package wise","500","Payment through Bank","06-Mar-2027","06-Mar-2027","Single Lot","Procurement of Machine Readable Reagent of Nova ABG Machine Prime Calibrator Or Equivalent Package-14 for the fiscal year 2026-2027","Chittagong Medical College Hospita","20500","01-Oct-2026","30-Jun-2027","Mohammad Taslim Uddin","Director","Address : K.B. Fazlul Kader Road, Panchlaish, Chittagong City : Chittagong Thana : Chattogram City Corporation District : Chattogram - 4203 Country : Bangladesh","K.B. Fazlul Kader Road, Panchlaish, Chittagong","Chittagong","Chattogram City Corporation","Chattogram - 4203","031-31630179","","Not Found","https://www.eprocure.gov.bd/resources/common/ViewTender.jsp?id=1322920"
"Ministry of Finance","Internal Resource Division","National Board of Revenue","Taxes Zone-1, Chattogram","","Chattogram","Goods","NCT","TENDER","Tender - Single Lot","1B-5/2026-2027/993","230882","1321987","Open Tendering Method (OTM)","Revenue","Government","Not applicable","Not applicable","1B-5/2026-2027/993 Procurement of Computers and related services","Computer and related services;Hardware consultancy services;Hardware selection consultancy services;Hardware disaster-recovery consultancy services;Computer-site planning consultancy services;Computer hardware acceptance testing consultancy services;Computer audit consultancy and hardware consultancy services;Software programming and consultancy services;Programming services of packaged software products;Systems and technical consultancy services;Custom software development services;Systems analysis and programming services;System maintenance and support services;Software-related services;Data services;Data-processing services;Database services;Computer-related services;Computer-related management services;Computer support and consultancy services;Computer network services;Computer upgrade services;Computer audit services;Computer testing services;Computer back-up services;Computer catalogue conversion services;Computer-related professional services","25-Aug-2026 20:00","06-Sep-2026 10:00","As Per Tender Data Sheet (TDS)","Procurement of Computers and related services","Lot wise","Package wise","Package wise","1000","Payment through Bank","02-Jan-2027","02-Jan-2027","Single Lot","Procurement of Computers and related services","Chattogram","14000","07-Sep-2026","08-Oct-2026","Md. Monjur Alam","COMMISSIONER OF TAXES","Address : CGO Building-1 (2nd Floor), Agrabad, Chattogram City : Chattogram Thana : Chattogram City Corporation District : Chattogram - 4100 Country : Bangladesh","CGO Building-1 (2nd Floor), Agrabad, Chattogram","Chattogram","Chattogram City Corporation","Chattogram - 4100","02-333315190","","1400000.00, OTM","https://www.eprocure.gov.bd/resources/common/ViewTender.jsp?id=1321987"
"Ministry of Health and Family Welfare","Health Services Division","Directorate General of Health Services (DGHS)","Chittagong Medical College Hospital","","Chattogram","Goods","NCT","TENDER","Tender - Single Lot","CMCH/egp/2026-2027/Chemical Reagent/Package-6","227486","1322928","Open Tendering Method (OTM)","Revenue","Government","Not applicable","Not applicable","CMCH/egp/2026-2027/Chemical Reagent/Package-6 Procurement of Machine Readable Reagent of  LF Reader Plus (Scikey) ATR-300 Or Equivalent Package-6 for the fiscal year 2026-2027","Medical and laboratory devices, optical and precision devices, watches and clocks, pharmaceuticals and related medical consumables;Medical devices;Imaging equipment for medical, dental and veterinary use;Functional exploration;Dentistry;Medical non-chemical consumables and haematological consumables;Therapy;Operating techniques;Anaesthesia and resuscitation;Functional support;Miscellaneous medical devices;Instruments and appliances for measuring, checking, testing and navigating;Navigational, meteorological, geological and geophysical instruments;Remote-control equipment;Precision balances, instruments for drawing, calculating and measuring length;Instruments for measuring quantities;Instruments for checking physical characteristics;Checking and testing apparatus;Regulating and controlling instruments and apparatus;Non-medical equipment based on the use of radiations;Industrial process control equipment;Optical instruments;Spectacles and lenses;Polarising material;Astronomical and optical instruments;Liquid crystal devices;Photographic equipment;Horological instruments;Watches and clocks","25-Aug-2026 19:50","08-Sep-2026 14:00","As Per TDS & PCC","Procurement of Machine Readable Reagent of LF Reader Plus (Scikey) ATR-300 Or Equivalent Package-6 for the fiscal year 2026-2027","Lot wise","Package wise","Package wise","500","Payment through Bank","06-Mar-2027","06-Mar-2027","Single Lot","Procurement of Machine Readable Reagent of  LF Reader Plus (Scikey), ATR-300 Or Equivalent Package-6 for the fiscal year 2026-2027","Chittagong Medical College Hospita","8500","01-Oct-2026","30-Jun-2027","Mohammad Taslim Uddin","Director","Address : K.B. Fazlul Kader Road, Panchlaish, Chittagong City : Chittagong Thana : Chattogram City Corporation District : Chattogram - 4203 Country : Bangladesh","K.B. Fazlul Kader Road, Panchlaish, Chittagong","Chittagong","Chattogram City Corporation","Chattogram - 4203","031-31630179","","Not Found","https://www.eprocure.gov.bd/resources/common/ViewTender.jsp?id=1322928"
"Ministry of Road Transport and Bridges","Road Transport and Highways Division","Roads & Highways Department (RHD)","Sariatpur Road Division","sari001","Shariatpur","Works","NCT","TENDER","Tender - Single Lot","e-GP-06/EE/SRD of 2026-2027.","229289","1321137","Open Tendering Method (OTM)","Revenue","Government","Not applicable","Not applicable","e-GP-06/EE/SRD of 2026-2027. Potholes Repair & Premix Bituminous Carpeting work at 3rd(P), 4th & 5th(P) km of Shariatpur (Burirhat)-Goshairhat Road (Z-8601) under Shariatpur Road Division, during the year-2026-2027.","Repair, maintenance and associated services related to roads and other equipment; Repair, maintenance and associated services related to aircraft, railways, roads and marine equipment;","25-Aug-2026 18:00","09-Sep-2026 16:00","Any person or firm having enlistment in the e-GP system of BPPA and complying with the requirement of TDS are eligible to participate in the tender.","Potholes Repair & Premix Bituminous Carpeting work at 3rd(P), 4th & 5th(P) km of Shariatpur (Burirhat)-Goshairhat Road (Z-8601) under Shariatpur Road Division.","Lot wise","Package wise","Package wise","2500","Payment through Bank","05-Feb-2027","05-Feb-2027","01","Potholes Repair & Premix Bituminous Carpeting work at 3rd(P), 4th & 5th(P) km of Shariatpur (Burirhat)-Goshairhat Road (Z-8601) under Shariatpur Road Division, during the year-2026-2027.","Shariatpur Burirhat-Goshairhat Road Z-8601","150000","01-Oct-2026","30-Nov-2026","Sheikh Nabil Hossain","Executive Engineer","Address : Sariatpur Road Division, Sarak Bhaban, Sariatpur City : Sariatpur Thana : Shariatpur Sadar District : Shariatpur - 0000 Country : Bangladesh","Sariatpur Road Division, Sarak Bhaban, Sariatpur","Sariatpur","Shariatpur Sadar","Shariatpur - 0000","0601-55406","","Not Found","https://www.eprocure.gov.bd/resources/common/ViewTender.jsp?id=1321137"
"Ministry of Health and Family Welfare","Health Services Division","Directorate General of Health Services (DGHS)","Chittagong Medical College Hospital","","Chattogram","Goods","NCT","TENDER","Tender - Single Lot","CMCH/egp/2026-2027/Chemical Regent/Package-9","227486","1322916","Open Tendering Method (OTM)","Revenue","Government","Not applicable","Not applicable","CMCH/egp/2026-2027/Chemical Regent/Package-9 Procurement of Machine Readable Reagent of COBAS PURE / Pro  Intergrated Or Equivalent Package-9 for the fiscal year 2026-2027","Medical and laboratory devices, optical and precision devices, watches and clocks, pharmaceuticals and related medical consumables;Medical devices;Imaging equipment for medical, dental and veterinary use;Functional exploration;Dentistry;Medical non-chemical consumables and haematological consumables;Therapy;Operating techniques;Anaesthesia and resuscitation;Functional support;Miscellaneous medical devices;Instruments and appliances for measuring, checking, testing and navigating;Navigational, meteorological, geological and geophysical instruments;Remote-control equipment;Precision balances, instruments for drawing, calculating and measuring length;Instruments for measuring quantities;Instruments for checking physical characteristics;Checking and testing apparatus;Regulating and controlling instruments and apparatus;Non-medical equipment based on the use of radiations;Industrial process control equipment;Optical instruments;Spectacles and lenses;Polarising material;Astronomical and optical instruments;Liquid crystal devices;Photographic equipment;Horological instruments;Watches and clocks","25-Aug-2026 21:35","08-Sep-2026 14:00","As Per TDS & PCC","Procurement of Machine Readable Reagent of COBAS PURE / Pro Intergrated Or Equivalent Package-9 for the fiscal year 2026-2027","Lot wise","Package wise","Package wise","2500","Payment through Bank","06-Mar-2027","06-Mar-2027","Single Lot","Procurement of Machine Readable Reagent of COBAS PURE / Pro  Intergrated Or Equivalent Package-9 for the fiscal year 2026-2027","Chittagong Medical College Hospita","515000","01-Oct-2026","30-Jun-2027","Mohammad Taslim Uddin","Director","Address : K.B. Fazlul Kader Road, Panchlaish, Chittagong City : Chittagong Thana : Chattogram City Corporation District : Chattogram - 4203 Country : Bangladesh","K.B. Fazlul Kader Road, Panchlaish, Chittagong","Chittagong","Chattogram City Corporation","Chattogram - 4203","031-31630179","","Not Found","https://www.eprocure.gov.bd/resources/common/ViewTender.jsp?id=1322916"
"Ministry of Finance","Internal Resource Division","National Board of Revenue","Taxes Zone-1, Chattogram","","Chattogram","Goods","NCT","TENDER","Tender - Single Lot","1B-5/2026-2027/992","230882","1321986","Open Tendering Method (OTM)","Revenue","Government","Not applicable","Not applicable","1B-5/2026-2027/992 Procurement of IPS and related services","Electrical machinery, apparatus, equipment and consumables; Electric motors, generators and transformers; Electricity distribution and control apparatus; Insulated wire and cable; Accumulators, primary cells and primary batteries; Lighting equipment and electric lamps; Electrical equipment and apparatus; Electronic, electromechanical and electrotechnical supplies;Electric motors;Generators;Alternators;Cooling towers;Ballasts for discharge lamps or tubes;Parts of electric motors, generators and transformers;Transformers;Electrical apparatus for switching or protecting electrical circuits;Electrical circuit components;Parts of electricity distribution or control apparatus;Mains;Power distribution cables;Coaxial cable;Insulated cable accessories;Electric conductors for data and control purposes;Primary cells;Primary batteries;Electric accumulators;Electric filament lamps;Lamps and light fittings;Parts of lamps and lighting equipment;Electrical equipment for engines and vehicles;Sound or visual signalling apparatus;Magnets;Machines and apparatus with individual functions;Insulating fittings;Carbon electrodes;Electrical parts of machinery or apparatus;Electrical supplies and accessories;Electronic equipment;Electromechanical equipment;Electrotechnical equipment","25-Aug-2026 20:00","06-Sep-2026 10:00","As Per Tender Data Sheet (TDS)","Procurement of IPS and related services","Lot wise","Package wise","Package wise","500","Payment through Bank","02-Jan-2027","02-Jan-2027","Single Lot","Procurement of IPS and related services","Chattogram","6000","07-Sep-2026","08-Oct-2026","Md. Monjur Alam","COMMISSIONER OF TAXES","Address : CGO Building-1 (2nd Floor), Agrabad, Chattogram City : Chattogram Thana : Chattogram City Corporation District : Chattogram - 4100 Country : Bangladesh","CGO Building-1 (2nd Floor), Agrabad, Chattogram","Chattogram","Chattogram City Corporation","Chattogram - 4100","02-333315190","","Not Found","https://www.eprocure.gov.bd/resources/common/ViewTender.jsp?id=1321986"
"Ministry of Health and Family Welfare","Health Services Division","Directorate General of Health Services (DGHS)","Chittagong Medical College Hospital","","Chattogram","Goods","NCT","TENDER","Tender - Single Lot","CMCH/egp/2026-2027Chemical Reagent/Package-3","227486","1322912","Open Tendering Method (OTM)","Revenue","Government","Not applicable","Not applicable","CMCH/egp/2026-2027Chemical Reagent/Package-3 Procurement of Machine Readable Reagent of Blood Gas Analyzer-Radiometer, BECKMAN COULTER IMMUNIASSAY SERIES REAGENTS, ACCESSORIES & CONSUMABLES (Access-2/Integrated) ,BECKMAN COULTER AU Series Reagents, Accessories & Consumables (Biochemistry Model-AU 480/Integrated) Or Equivalent  Package-3 for the fiscal year 2026-2027","Medical and laboratory devices, optical and precision devices, watches and clocks, pharmaceuticals and related medical consumables;Medical devices;Imaging equipment for medical, dental and veterinary use;Functional exploration;Dentistry;Medical non-chemical consumables and haematological consumables;Therapy;Operating techniques;Anaesthesia and resuscitation;Functional support;Miscellaneous medical devices;Instruments and appliances for measuring, checking, testing and navigating;Navigational, meteorological, geological and geophysical instruments;Remote-control equipment;Precision balances, instruments for drawing, calculating and measuring length;Instruments for measuring quantities;Instruments for checking physical characteristics;Checking and testing apparatus;Regulating and controlling instruments and apparatus;Non-medical equipment based on the use of radiations;Industrial process control equipment;Optical instruments;Spectacles and lenses;Polarising material;Astronomical and optical instruments;Liquid crystal devices;Photographic equipment;Horological instruments;Watches and clocks","25-Aug-2026 20:10","08-Sep-2026 14:00","As Per TDS & PCC","Procurement of Machine Readable Reagent of Blood Gas Analyzer-Radiometer, BECKMAN COULTER IMMUNIASSAY SERIES REAGENTS, ACCESSORIES & CONSUMABLES (Access-2/Integrated) ,BECKMAN COULTER AU Series Reagents, Accessories & Consumables (Biochemistry Model-AU 480/Integrated) Or Equivalent Package-3 for the fiscal year 2026-2027","Lot wise","Package wise","Package wise","2500","Payment through Bank","06-Mar-2027","06-Mar-2027","Single Lot","Procurement of Machine Readable Reagent of Blood Gas Analyzer-Radiometer, BECKMAN COULTER IMMUNIASSAY SERIES REAGENTS, ACCESSORIES & CONSUMABLES (Access-2/Intergrated) ,BECKMAN COULTER AU Series Reagents, Accessories & Consumables (Biochemistry Model-AU 480/Intergrated) Or Equivalent  Package-3 for the fiscal year 2026-2027","Chittagong Medical College Hospita","575000","01-Oct-2026","30-Jun-2027","Mohammad Taslim Uddin","Director","Address : K.B. Fazlul Kader Road, Panchlaish, Chittagong City : Chittagong Thana : Chattogram City Corporation District : Chattogram - 4203 Country : Bangladesh","K.B. Fazlul Kader Road, Panchlaish, Chittagong","Chittagong","Chattogram City Corporation","Chattogram - 4203","031-31630179","","Not Found","https://www.eprocure.gov.bd/resources/common/ViewTender.jsp?id=1322912"
"Ministry of Health and Family Welfare","Health Services Division","Directorate General of Health Services (DGHS)","Chittagong Medical College Hospital","","Chattogram","Goods","NCT","TENDER","Tender - Single Lot","Cmch/e-Gp/2026-2027/Chemical Reagent/Package-1","227486","1319680","Open Tendering Method (OTM)","Revenue","Government","Not applicable","Not applicable","Cmch/e-Gp/2026-2027/Chemical Reagent. Procurement of Machine Readable Reagent of Lumirayb-630  Or Equivalent for the fiscal year 2026-2027","Medical and laboratory devices, optical and precision devices, watches and clocks, pharmaceuticals and related medical consumables;Medical devices;Imaging equipment for medical, dental and veterinary use;Functional exploration;Dentistry;Medical non-chemical consumables and haematological consumables;Therapy;Operating techniques;Anaesthesia and resuscitation;Functional support;Miscellaneous medical devices;Instruments and appliances for measuring, checking, testing and navigating;Navigational, meteorological, geological and geophysical instruments;Remote-control equipment;Precision balances, instruments for drawing, calculating and measuring length;Instruments for measuring quantities;Instruments for checking physical characteristics;Checking and testing apparatus;Regulating and controlling instruments and apparatus;Non-medical equipment based on the use of radiations;Industrial process control equipment;Optical instruments;Spectacles and lenses;Polarising material;Astronomical and optical instruments;Liquid crystal devices;Photographic equipment;Horological instruments;Watches and clocks","25-Aug-2026 19:50","08-Sep-2026 14:00","As Per TDS & PCC","Procurement of Machine Readable Reagent of Lumirayb-630 Or Equivalent Package-1 for the fiscal year 2026-2027","Lot wise","Package wise","Package wise","2500","Payment through Bank","06-Mar-2027","06-Mar-2027","Single Lot","Procurement of Machine Readable Reagent Lumirayb-630  Or Equivalent for the fiscal year 2026-2027","Chittagong Medical College Hospita","247500","01-Oct-2026","30-Jun-2027","Mohammad Taslim Uddin","Director","Address : K.B. Fazlul Kader Road, Panchlaish, Chittagong City : Chittagong Thana : Chattogram City Corporation District : Chattogram - 4203 Country : Bangladesh","K.B. Fazlul Kader Road, Panchlaish, Chittagong","Chittagong","Chattogram City Corporation","Chattogram - 4203","031-31630179","","Not Found","https://www.eprocure.gov.bd/resources/common/ViewTender.jsp?id=1319680"
"Ministry of Health and Family Welfare","Health Services Division","Directorate General of Health Services (DGHS)","Chittagong Medical College Hospital","","Chattogram","Goods","NCT","TENDER","Tender - Single Lot","CMCH/egp/2026-2027/Chemical Reagent/Package-11","227486","1322923","Open Tendering Method (OTM)","Revenue","Government","Not applicable","Not applicable","CMCH/egp/2026-2027/Chemical Reagent/Package-11 Procurement of Machine Readable Reagent of COAGULATION STAGO, CAPILLARY ELECTROPHORESIS ANALYZER (SEBIA) Or Equivalent Package-11 for the fiscal year 2026-2027","Medical and laboratory devices, optical and precision devices, watches and clocks, pharmaceuticals and related medical consumables;Medical devices;Imaging equipment for medical, dental and veterinary use;Functional exploration;Dentistry;Medical non-chemical consumables and haematological consumables;Therapy;Operating techniques;Anaesthesia and resuscitation;Functional support;Miscellaneous medical devices;Instruments and appliances for measuring, checking, testing and navigating;Navigational, meteorological, geological and geophysical instruments;Remote-control equipment;Precision balances, instruments for drawing, calculating and measuring length;Instruments for measuring quantities;Instruments for checking physical characteristics;Checking and testing apparatus;Regulating and controlling instruments and apparatus;Non-medical equipment based on the use of radiations;Industrial process control equipment;Optical instruments;Spectacles and lenses;Polarising material;Astronomical and optical instruments;Liquid crystal devices;Photographic equipment;Horological instruments;Watches and clocks","25-Aug-2026 19:50","08-Sep-2026 14:00","As Per TDS & PCC","Procurement of Machine Readable Reagent of COAGULATION STAGO, CAPILLARY ELECTROPHORESIS ANALYZER (SEBIA) Or Equivalent Package-11 for the fiscal year 2026-2027","Lot wise","Package wise","Package wise","1500","Payment through Bank","06-Mar-2027","06-Mar-2027","Single Lot","Procurement of Machine Readable Reagent of COAGULATION STAGO, CAPILLARY ELECTROPHORESIS ANALYZER (SEBIA) Or Equivalent Package-11 for the fiscal year 2026-2027","Chittagong Medical College Hospita","84500","01-Oct-2026","30-Jun-2027","Mohammad Taslim Uddin","Director","Address : K.B. Fazlul Kader Road, Panchlaish, Chittagong City : Chittagong Thana : Chattogram City Corporation District : Chattogram - 4203 Country : Bangladesh","K.B. Fazlul Kader Road, Panchlaish, Chittagong","Chittagong","Chattogram City Corporation","Chattogram - 4203","031-31630179","","Not Found","https://www.eprocure.gov.bd/resources/common/ViewTender.jsp?id=1322923"
"Ministry of Industries","","Bangladesh Small & Cottage Industries Corporation (BSCIC)","BSCIC Industrial Park, Tangail (1st Revised)","","Tangail","Works","NCT","TENDER","Tender - Single Lot","36.02.9366.018.00.092.26","228266","1323254","Open Tendering Method (OTM)","Development","Government","224056800","BSCIC Industrial Park, Tangail (1st Revised)","BIPT/WD-12/EGP-07/2026-27 Construction of Dumping Yard","Construction work;Site preparation work;Building demolition and wrecking work and earthmoving work;Test drilling and boring work;Works for complete or part construction and civil engineering work;Building construction work;Engineering works and construction works;Construction work for pipelines, communication and power lines, for highways, roads, airfields and railways; flatwork;Construction work for water projects;Construction works for plants, mining and manufacturing and for buildings relating to the oil and gas industry;Roof works and other special trade construction works;Building installation work;Electrical installation work;Insulation work;Plumbing and sanitary works;Fencing, railing and safety equipment installation work;Mechanical installations;Building completion work;Plastering work;Joinery and carpentry installation work;Floor and wall covering work;Painting and glazing work;Other building completion work;Hire of construction and civil engineering machinery and equipment with operator;Hire of cranes with operator;Hire of earthmoving equipment with operator","25-Aug-2026 18:00","06-Sep-2026 16:00","Details mentioned in Tender Data Sheet","Construction of Dumping Yard","Lot wise","Package wise","Package wise","2500","Payment through Bank","02-Feb-2027","02-Feb-2027","01","Construction of Dumping Yard","Tangail","250000","01-Oct-2026","31-Mar-2027","Md Mizanur Rahman","Project Director","Address : Khan Bari, Saidpur, Momin Nagar, Gorai City : Tangail Thana : Mirzapur District : Tangail - 1941 Country : Bangladesh","Khan Bari, Saidpur, Momin Nagar, Gorai","Tangail","Mirzapur","Tangail - 1941","02-9555313","","9417000.00, OTM","https://www.eprocure.gov.bd/resources/common/ViewTender.jsp?id=1323254"
"Ministry of Industries","","Bangladesh Small & Cottage Industries Corporation (BSCIC)","BSCIC Industrial Park, Tangail (1st Revised)","","Tangail","Works","NCT","TENDER","Tender - Single Lot","36.02.9366.018.00.091.26","228266","1323276","Open Tendering Method (OTM)","Development","Government","224056800","BSCIC Industrial Park, Tangail (1st Revised)","BIPT/WD-14/EGP-08/2026-27 Main Gate of Industrial Park","Construction work;Site preparation work;Building demolition and wrecking work and earthmoving work;Test drilling and boring work;Works for complete or part construction and civil engineering work;Building construction work;Engineering works and construction works;Construction work for pipelines, communication and power lines, for highways, roads, airfields and railways; flatwork;Construction work for water projects;Construction works for plants, mining and manufacturing and for buildings relating to the oil and gas industry;Roof works and other special trade construction works;Building installation work;Electrical installation work;Insulation work;Plumbing and sanitary works;Fencing, railing and safety equipment installation work;Mechanical installations;Building completion work;Plastering work;Joinery and carpentry installation work;Floor and wall covering work;Painting and glazing work;Other building completion work;Hire of construction and civil engineering machinery and equipment with operator;Hire of cranes with operator;Hire of earthmoving equipment with operator","25-Aug-2026 18:00","06-Sep-2026 16:00","Details mentioned in Tender Data Sheet","Main Gate of Industrial Park","Lot wise","Package wise","Package wise","1500","Payment through Bank","02-Feb-2027","02-Feb-2027","01","Main Gate of Industrial Park","Tangail","100000","01-Oct-2026","31-Mar-2027","Md Mizanur Rahman","Project Director","Address : Khan Bari, Saidpur, Momin Nagar, Gorai City : Tangail Thana : Mirzapur District : Tangail - 1941 Country : Bangladesh","Khan Bari, Saidpur, Momin Nagar, Gorai","Tangail","Mirzapur","Tangail - 1941","02-9555313","","4660000.00, OTM","https://www.eprocure.gov.bd/resources/common/ViewTender.jsp?id=1323276"
"Ministry of Energy","Power and Mineral Resources","Bangladesh Power Development Board","Executive Engineer, Mechanical Maintenance, Bibiyana-3, 400 MW Combined Cycle Power Plant, BPDB","","Habiganj","Goods","NCT","TENDER","Tender - Single Lot","27.11.3677.454.05.005.26.650 Date:25.08.2026","229934","1322283","Open Tendering Method (OTM)","Revenue","Government","Not applicable","Not applicable","APP 2627 N.Est GR-29 Procurement of Spares for Chlorination System of  Bibiyana-III, 400 MW CCPP, BPDB, Nabiganj, Habiganj.","Machinery for the production and use of mechanical power; Machinery, equipment, appliances, apparatus and associated products; Machine tools; Special-purpose machinery and parts; Machinery, equipment, appliances, apparatus and associated products; Miscellaneous equipment;Turbines and motors;Pumps and compressors;Taps, cocks, valves and similar appliances;Gears, gearing and driving elements;Machine tools operated by laser and machining centres;Lathes, boring and milling machine tools;Metal-working machine tools;Machine tools for working hard materials except metals;Pneumatic or motorised hand tools;Soldering, brazing and welding tools, surface tempering and hot-spraying machines and equipment;Parts and accessories of machine tools;Machinery for metallurgy and associated parts;Machinery for mining, quarrying and construction;Machinery for food, beverage and tobacco processing and associated parts;Machinery for textile, apparel and leather production;Machinery for paper or paperboard production;Miscellaneous special-purpose machinery;Transport related equipment;Workshop equipment;Construction equipment;Catering equipment;Emergency and security equipment;Technical equipment;Miscellaneous equipment n.e.c.","25-Aug-2026 19:00","06-Sep-2026 23:59","All tenderers regardless of whether enlisted or not enlisted with the Employer except Israel may submit the prescribed tender providing their trade license, vat registration, income tax payment certificate (with TIN) and bank solvency certificate by fulfilling the following criteria: 1.Tenderers should have 5(Five) years (counting backward from the Publication date of IFT in the e-GP System) of general experiences of any supply works. 2. The minimum specific experience as Supplier in supply of similar Goods of at least 2 (Two) contracts successfully completed within the last 3 (Three) years, i.e. years counting backward from the date of publication of IFT in the newspaper, with a value of at least BDT 20,00,000.00 (Twenty Lac). 3. Tenderers should fulfil the other criteria as per TDS","Procurement of Spares for Chlorination System of Bibiyana-III, 400 MW CCPP, BPDB, Nabiganj, Habiganj.","Lot wise","Package wise","Package wise","1000","Payment through Bank","02-Feb-2027","02-Feb-2027","1","Procurement of Spares for Chlorination System of  Bibiyana-III, 400 MW CCPP, BPDB, Nabiganj, Habiganj.","Store of Bibiyana III, 400 MW CCPP, BPDB, Nabiganj, Habiganj","60000","15-Sep-2026","15-Nov-2026","MD SABIUL ALAM","Executive Engineer","Address : Bibiyana-3, 400 MW Combined Cycle Power Plant, BPDB, Parkul, Nabiganj, Habiganj City : Nabiganj Thana : Nabiganj District : Habiganj - 3203 Country : Bangladesh","Bibiyana-3, 400 MW Combined Cycle Power Plant, BPDB, Parkul, Nabiganj, Habiganj","Nabiganj","Nabiganj","Habiganj - 3203","01708-168877","","Not Found","https://www.eprocure.gov.bd/resources/common/ViewTender.jsp?id=1322283"
"Ministry of Local Government","Rural Development and Co-operatives","Chittagong City Corporation","Engineering Department","","Chattogram","Works","NCT","TENDER","Tender - Single Lot","ADP231/2026-27/CPC/W-1","230396","1320176","Open Tendering Method (OTM)","Development","Government","ADP230","Construction of Porichanna Karmi Nibash in Chattogram City Corporation Area","CPC/W-1 Construction of 14 Storied Building no.1 at Bundle Sebok Nibash under Chattogram City Corporation at 33 no Ward","Construction work;Site preparation work;Building demolition and wrecking work and earthmoving work;Test drilling and boring work;Works for complete or part construction and civil engineering work;Building construction work;Engineering works and construction works;Construction work for pipelines, communication and power lines, for highways, roads, airfields and railways; flatwork;Construction work for water projects;Construction works for plants, mining and manufacturing and for buildings relating to the oil and gas industry;Roof works and other special trade construction works;Building installation work;Electrical installation work;Insulation work;Plumbing and sanitary works;Fencing, railing and safety equipment installation work;Mechanical installations;Building completion work;Plastering work;Joinery and carpentry installation work;Floor and wall covering work;Painting and glazing work;Other building completion work;Hire of construction and civil engineering machinery and equipment with operator;Hire of cranes with operator;Hire of earthmoving equipment with operator","25-Aug-2026 17:00","16-Sep-2026 12:00","as per TDS","Construction of 14 Storied Building no.1 at Bundle Sebok Nibash under Chattogram City Corporation at 33 no Ward","Lot wise","Package wise","Package wise","5000","Payment through Bank","11-Feb-2027","11-Feb-2027","single","Construction of 14 Storied Building no.1 at Bundle Sebok Nibash under Chattogram City Corporation at 33 no Ward","Bundle Colony, Anderkilla","7000000","15-Nov-2026","14-Nov-2027","Md Anisur Rahman","Chief Engineer","Address : Andorkilla, Chittagong City : Chittagong Thana : Chattogram City Corporation District : Chattogram - 4200 Country : Bangladesh","Andorkilla, Chittagong","Chittagong","Chattogram City Corporation","Chattogram - 4200","031-633486","","280000000.00, OTM","https://www.eprocure.gov.bd/resources/common/ViewTender.jsp?id=1320176"
"Ministry of Health and Family Welfare","Health Services Division","Directorate General of Health Services (DGHS)","Chittagong Medical College Hospital","","Chattogram","Goods","NCT","TENDER","Tender - Single Lot","CMCH/egp/2026-2027/Chemical Reagent/Package-12","227486","1322917","Open Tendering Method (OTM)","Revenue","Government","Not applicable","Not applicable","CMCH/egp/2026-2027/Chemical Reagent/Package-12 Procurement of  ISOFLURANE Package-12 for the fiscal year 2026-2027","Medical and laboratory devices, optical and precision devices, watches and clocks, pharmaceuticals and related medical consumables;Medical devices;Imaging equipment for medical, dental and veterinary use;Functional exploration;Dentistry;Medical non-chemical consumables and haematological consumables;Therapy;Operating techniques;Anaesthesia and resuscitation;Functional support;Miscellaneous medical devices;Instruments and appliances for measuring, checking, testing and navigating;Navigational, meteorological, geological and geophysical instruments;Remote-control equipment;Precision balances, instruments for drawing, calculating and measuring length;Instruments for measuring quantities;Instruments for checking physical characteristics;Checking and testing apparatus;Regulating and controlling instruments and apparatus;Non-medical equipment based on the use of radiations;Industrial process control equipment;Optical instruments;Spectacles and lenses;Polarising material;Astronomical and optical instruments;Liquid crystal devices;Photographic equipment;Horological instruments;Watches and clocks","25-Aug-2026 19:50","08-Sep-2026 14:00","As per TDS & PCC","Procurement of ISOFLURANE Package-12 for the fiscal year 2026-2027","Lot wise","Package wise","Package wise","1500","Payment through Bank","06-Mar-2027","06-Mar-2027","Single Lot","Procurement of  ISOFLURANE Package-12 for the fiscal year 2026-2027","Chittagong Medical College Hospita","150000","01-Oct-2026","30-Jun-2027","Mohammad Taslim Uddin","Director","Address : K.B. Fazlul Kader Road, Panchlaish, Chittagong City : Chittagong Thana : Chattogram City Corporation District : Chattogram - 4203 Country : Bangladesh","K.B. Fazlul Kader Road, Panchlaish, Chittagong","Chittagong","Chattogram City Corporation","Chattogram - 4203","031-31630179","","Not Found","https://www.eprocure.gov.bd/resources/common/ViewTender.jsp?id=1322917"
"Ministry of Energy","Power and Mineral Resources","Power Grid Bangladesh PLC","Grid Maintenance Division, Ishwardi","023","Pabna","Works","NCT","TENDER","Tender - Single Lot","27.21.6944.738.02.118.26.443, Date: 17-08-26","229923","1318246","Open Tendering Method (OTM)","Own Fund","Own Fund","Not applicable","Not applicable","WR 32 26-27 Replacement works of 02 (two) set Circuit Breaker & 01 (one) set CT at Pabna Grid Sub-station under GMD, Power Grid, Ishwardi.","Electrical apparatus for switching or protecting electrical circuits; Electricity distribution and control apparatus;","25-Aug-2026 17:00","16-Sep-2026 16:00","1. Updated trade license, Tax certificate, BIN, Electrical contractor with ABC Licence 2. The tenderer shall have general working experience of at least 3 (three) years. 3. A satisfactory completion of similar works of at least Tk 3.0 lac under 1 number of contract(s) over a period of 5 years shall be required. 4.The required average annual construction turnover shall be greater than Tk 5.0 lac in best of 2 years over the last 5 years. 5.The minimum amount of liquid asset or working capital or credites facilities of the tenderer shall have tk 3.0 lac. 6.The work shall have to be completed by 60 days. 7. As per TDS, PCC","Replacement works of 02 (two) set Circuit Breaker & 01 (one) set CT at Pabna Grid Sub-station under GMD, Power Grid, Ishwardi.","Lot wise","Package wise","Package wise","500","Payment through Bank","13-Jan-2027","13-Jan-2027","1","Replacement works of 02 (two) set Circuit Breaker & 01 (one) set CT at Pabna Grid Sub-station under GMD, Power Grid, Ishwardi.","Pabna Grid Substation","10000","14-Oct-2026","15-Dec-2026","Md. Ariful Kaiser","Executive Engineer","Address : Biddyut Bhabon,Alobag, Ishwardi, Pabna-6620 City : Ishwardi Thana : Ishwardi District : Pabna - 6620 Country : Bangladesh","Biddyut Bhabon,Alobag, Ishwardi, Pabna-6620","Ishwardi","Ishwardi","Pabna - 6620","07326-63498","","Not Found","https://www.eprocure.gov.bd/resources/common/ViewTender.jsp?id=1318246"
"Ministry of Industries","","Bangladesh Chemical Industries Corporation (BCIC)","Ghorashal Polash Fertilizer PLC (Commercial)","","Norshingdi","Physical Services","NCT","PPS","","","228091","1323266","Open Tendering Method (OTM)","Own Fund","Own Fund","Not applicable","Not applicable","GPFPLC/COM/SALES/2026-27/Loading-Unloading Loading work of approximately 5,00,000.00 MT (more/less) of bagged Urea, TSP and DAP fertilizer into trucks/Barge or similar transport for 02 (two) years from Ghorashal Palash Fertilizer PLC. warehouse and various open places.","Miscellaneous services; Washing and dry-cleaning services; Hairdressing and beauty treatment services; Physical well-being services; Accommodation and office services; Civic-amenity services; Marine services; Funeral and related services; Miscellaneous services n.e.c.; Clearing and Forwarding Agent; Service Provider (Others);Laundry-collection services;Textile-cleaning services;Fur-products cleaning services;Colouring services;Pressing services;Dyeing services;Hairdressing services;Beauty treatment services;Turkish bath services;Spa services;Massage services;Accommodation services;Car-park management services;Aquatic marine services;Port management services;Diving services;Funeral services;Decommissioning services;Relocation services;Tailoring services;Upholstering services;Locksmith services","25-Aug-2026 17:00","10-Sep-2026 11:00","As Per TDS Clause No.- 21.1 (i)","Appointment of loading contractor for loading work of approximately 5,00,000.00 MT (more/less) of bagged Urea, TSP and DAP fertilizer into trucks/Barge or similar transport for 02 (two) years from Ghorashal Palash Fertilizer PLC's main bagged warehouse, other warehouses and various open places inside the factory.","Package wise","","Package wise","2500","Payment through Bank","05-Feb-2027","05-Feb-2027","","","GPFPLC","","30-Sep-2026","28-Sep-2028","Mohammad Atiqur Rahman Khan","General Manager(Comm)","Address : Ghorashal Polash Fertilizer PLC
Polash, Norshingdi. City : Polash, Ghorashal. Thana : Palash District : Norshingdi - 1611 Country : Bangladesh","","Polash, Ghorashal.","Palash","Norshingdi - 1611","02-9466391","","14000000.00, OTM","https://www.eprocure.gov.bd/resources/common/ViewTender.jsp?id=1323266"
"Ministry of Health and Family Welfare","Health Services Division","Directorate General of Health Services (DGHS)","Chittagong Medical College Hospital","","Chattogram","Goods","NCT","TENDER","Tender - Single Lot","Cmch/e-Gp/2026-2027/Chemical Reagent/Package-2","227486","1319679","Open Tendering Method (OTM)","Revenue","Government","Not applicable","Not applicable","Cmch/e-Gp/2026-2027/Chemical Reagent Procurement of Machine Readable Reagent of Electrolyte Analyzer, CBS-300 & Hormone Analyzer ZECEN  Or Equivalent for the fiscal year 2026-2027","Medical and laboratory devices, optical and precision devices, watches and clocks, pharmaceuticals and related medical consumables;Medical devices;Imaging equipment for medical, dental and veterinary use;Functional exploration;Dentistry;Medical non-chemical consumables and haematological consumables;Therapy;Operating techniques;Anaesthesia and resuscitation;Functional support;Miscellaneous medical devices;Instruments and appliances for measuring, checking, testing and navigating;Navigational, meteorological, geological and geophysical instruments;Remote-control equipment;Precision balances, instruments for drawing, calculating and measuring length;Instruments for measuring quantities;Instruments for checking physical characteristics;Checking and testing apparatus;Regulating and controlling instruments and apparatus;Non-medical equipment based on the use of radiations;Industrial process control equipment;Optical instruments;Spectacles and lenses;Polarising material;Astronomical and optical instruments;Liquid crystal devices;Photographic equipment;Horological instruments;Watches and clocks","25-Aug-2026 19:50","08-Sep-2026 14:00","As Per TDS & PCC","Procurement of Machine Readable Reagent of Electrolyte Analyzer, CBS-300 & Hormone Analyzer ZECEN Or Equivalent Package-2 for the fiscal year 2026-2027","Lot wise","Package wise","Package wise","2500","Payment through Bank","06-Mar-2027","06-Mar-2027","Single Lot","Procurement of Machine Readable Reagent of  Electrolyte Analyzer, CBS-300 & Hormone Analyzer ZECEN  Or Equivalent for the fiscal year 2026-2027","Chittagong Medical College Hospita","252000","01-Oct-2026","30-Jun-2027","Mohammad Taslim Uddin","Director","Address : K.B. Fazlul Kader Road, Panchlaish, Chittagong City : Chittagong Thana : Chattogram City Corporation District : Chattogram - 4203 Country : Bangladesh","K.B. Fazlul Kader Road, Panchlaish, Chittagong","Chittagong","Chattogram City Corporation","Chattogram - 4203","031-31630179","","Not Found","https://www.eprocure.gov.bd/resources/common/ViewTender.jsp?id=1319679"
"Ministry of Health and Family Welfare","Health Services Division","Directorate General of Health Services (DGHS)","Chittagong Medical College Hospital","","Chattogram","Goods","NCT","TENDER","Tender - Single Lot","CMCH/egp/2026-2027/Chemical Reagent/Package-7","227486","1322915","Open Tendering Method (OTM)","Revenue","Government","Not applicable","Not applicable","CMCH/egp/2026-2027/Chemical Reagent/Package-7 Procurement of X-ray film (14x17) for CT Scan & MRI Compatible with Hitachi Machine & Printer Drystar 5302  Package-7 for the fiscal year 2026-2027","Medical and laboratory devices, optical and precision devices, watches and clocks, pharmaceuticals and related medical consumables;Medical devices;Imaging equipment for medical, dental and veterinary use;Functional exploration;Dentistry;Medical non-chemical consumables and haematological consumables;Therapy;Operating techniques;Anaesthesia and resuscitation;Functional support;Miscellaneous medical devices;Instruments and appliances for measuring, checking, testing and navigating;Navigational, meteorological, geological and geophysical instruments;Remote-control equipment;Precision balances, instruments for drawing, calculating and measuring length;Instruments for measuring quantities;Instruments for checking physical characteristics;Checking and testing apparatus;Regulating and controlling instruments and apparatus;Non-medical equipment based on the use of radiations;Industrial process control equipment;Optical instruments;Spectacles and lenses;Polarising material;Astronomical and optical instruments;Liquid crystal devices;Photographic equipment;Horological instruments;Watches and clocks","25-Aug-2026 19:50","08-Sep-2026 14:00","As Per TDS & PCC","Procurement of X-ray film (14x17) for CT Scan & MRI Compatible with Hitachi Machine & Printer Drystar 5302 Package-7 for the fiscal year 2026-2027","Lot wise","Package wise","Package wise","2500","Payment through Bank","06-Mar-2027","06-Mar-2027","Single Lot","Procurement of X-ray film (14x17) for CT Scan & MRI Compatible with Hitachi Machine & Printer Drystar 5302

Package-7 for the fiscal year 2026-2027","Chittagong Medical College Hospita","180000","01-Oct-2026","30-Jun-2027","Mohammad Taslim Uddin","Director","Address : K.B. Fazlul Kader Road, Panchlaish, Chittagong City : Chittagong Thana : Chattogram City Corporation District : Chattogram - 4203 Country : Bangladesh","K.B. Fazlul Kader Road, Panchlaish, Chittagong","Chittagong","Chattogram City Corporation","Chattogram - 4203","031-31630179","","Not Found","https://www.eprocure.gov.bd/resources/common/ViewTender.jsp?id=1322915"
"Ministry of Health and Family Welfare","Health Services Division","Directorate General of Health Services (DGHS)","Chittagong Medical College Hospital","","Chattogram","Goods","NCT","TENDER","Tender - Single Lot","CMCH/egp/2026-2027/Chemical Reagent/Package-10","227486","1322929","Open Tendering Method (OTM)","Revenue","Government","Not applicable","Not applicable","CMCH/egp/2026-2027/Chemical Reagent/Package-10 Procurement of Machine Readable Reagent of Hematology Horiba, Urine Analyzer (ERBA) Or Equivalent  Package-10 for the fiscal year 2026-2027","Medical and laboratory devices, optical and precision devices, watches and clocks, pharmaceuticals and related medical consumables;Medical devices;Imaging equipment for medical, dental and veterinary use;Functional exploration;Dentistry;Medical non-chemical consumables and haematological consumables;Therapy;Operating techniques;Anaesthesia and resuscitation;Functional support;Miscellaneous medical devices;Instruments and appliances for measuring, checking, testing and navigating;Navigational, meteorological, geological and geophysical instruments;Remote-control equipment;Precision balances, instruments for drawing, calculating and measuring length;Instruments for measuring quantities;Instruments for checking physical characteristics;Checking and testing apparatus;Regulating and controlling instruments and apparatus;Non-medical equipment based on the use of radiations;Industrial process control equipment;Optical instruments;Spectacles and lenses;Polarising material;Astronomical and optical instruments;Liquid crystal devices;Photographic equipment;Horological instruments;Watches and clocks","25-Aug-2026 19:50","08-Sep-2026 14:00","As Per TDS & PCC","Procurement of Machine Readable Reagent of Hematology Horiba, Urine Analyzer (ERBA) Or Equivalent Package-10 for the fiscal year 2026-2027","Lot wise","Package wise","Package wise","1500","Payment through Bank","06-Mar-2027","06-Mar-2027","Single Lot","Procurement of Machine Readable Reagent of Hematology Horiba, Urine Analyzer (ERBA) Or Equivalent

Package-10 for the fiscal year 2026-2027","Chittagong Medical College Hospita","148000","01-Oct-2026","30-Jun-2027","Mohammad Taslim Uddin","Director","Address : K.B. Fazlul Kader Road, Panchlaish, Chittagong City : Chittagong Thana : Chattogram City Corporation District : Chattogram - 4203 Country : Bangladesh","K.B. Fazlul Kader Road, Panchlaish, Chittagong","Chittagong","Chattogram City Corporation","Chattogram - 4203","031-31630179","","Not Found","https://www.eprocure.gov.bd/resources/common/ViewTender.jsp?id=1322929"
"Ministry of Road Transport and Bridges","Road Transport and Highways Division","Roads & Highways Department (RHD)","Sariatpur Road Division","sari001","Shariatpur","Works","NCT","TENDER","Tender - Single Lot","e-GP-08/EE/SRD of 2026-2027.","229289","1321139","Open Tendering Method (OTM)","Revenue","Government","Not applicable","Not applicable","e-GP-08/EE/SRD of 2026-2027. Potholes Repair & Premix Bituminous Carpeting work at 23rd(P), 24th (P), 27th (P) & 28th (P) km of Mostafapur-Madaripur-Shariatpur(Monohar bazaar)-Ibrahimpur-Horina-Chandpur (Bhatialpur) Road (R-860) under Shariatpur Road Division, during the year-2026-2027.","Repair, maintenance and associated services related to roads and other equipment; Repair, maintenance and associated services related to aircraft, railways, roads and marine equipment;","25-Aug-2026 18:00","09-Sep-2026 16:00","Any person or firm having enlistment in the e-GP system of BPPA and complying with the requirement of TDS are eligible to participate in the tender.","Potholes Repair & Premix Bituminous Carpeting work at 23rd(P), 24th (P), 27th (P) & 28th (P) km of Mostafapur-Madaripur-Shariatpur(Monohar bazaar)-Ibrahimpur-Horina-Chandpur (Bhatialpur) Road (R-860) under Shariatpur Road Division.","Lot wise","Package wise","Package wise","1500","Payment through Bank","05-Feb-2027","05-Feb-2027","01","Potholes Repair & Premix Bituminous Carpeting work at 23rd(P), 24th (P), 27th (P) & 28th (P) km of Mostafapur-Madaripur-Shariatpur(Monohar bazaar)-Ibrahimpur-Horina-Chandpur (Bhatialpur) Road (R-860) under Shariatpur Road Division, during the year-2026-2027.","Mostafapur-Madaripur-Shariatpur Monohar bazaar-Ibrahimpur-Horina-Chandpur Bhatialpur Road R-860","75000","01-Oct-2026","30-Nov-2026","Sheikh Nabil Hossain","Executive Engineer","Address : Sariatpur Road Division, Sarak Bhaban, Sariatpur City : Sariatpur Thana : Shariatpur Sadar District : Shariatpur - 0000 Country : Bangladesh","Sariatpur Road Division, Sarak Bhaban, Sariatpur","Sariatpur","Shariatpur Sadar","Shariatpur - 0000","0601-55406","","Not Found","https://www.eprocure.gov.bd/resources/common/ViewTender.jsp?id=1321139"
"Ministry of Industries","","Bangladesh Small & Cottage Industries Corporation (BSCIC)","BSCIC Industrial Park, Tangail (1st Revised)","","Tangail","Works","NCT","TENDER","Tender - Single Lot","36.02.9366.018.00.090.26","228266","1323140","Open Tendering Method (OTM)","Development","Government","224056800","BSCIC Industrial Park, Tangail (1st Revised)","BIPT/WD-5/EGP-02/2026-27 Non-Residential Building/ Admin Building (One-story building on a two-story foundation)","Construction work;Site preparation work;Building demolition and wrecking work and earthmoving work;Test drilling and boring work;Works for complete or part construction and civil engineering work;Building construction work;Engineering works and construction works;Construction work for pipelines, communication and power lines, for highways, roads, airfields and railways; flatwork;Construction work for water projects;Construction works for plants, mining and manufacturing and for buildings relating to the oil and gas industry;Roof works and other special trade construction works;Building installation work;Electrical installation work;Insulation work;Plumbing and sanitary works;Fencing, railing and safety equipment installation work;Mechanical installations;Building completion work;Plastering work;Joinery and carpentry installation work;Floor and wall covering work;Painting and glazing work;Other building completion work;Hire of construction and civil engineering machinery and equipment with operator;Hire of cranes with operator;Hire of earthmoving equipment with operator","25-Aug-2026 18:00","09-Sep-2026 16:00","Details mentioned in Tender Data Sheet","Non-Residential Building/ Admin Building (One-story building on a two-story foundation)","Lot wise","Package wise","Package wise","4000","Payment through Bank","05-Feb-2027","05-Feb-2027","01","Non-Residential Building/ Admin Building (One-story building on a two-story foundation)","Tangail","900000","01-Oct-2026","31-May-2027","Md Mizanur Rahman","Project Director","Address : Khan Bari, Saidpur, Momin Nagar, Gorai City : Tangail Thana : Mirzapur District : Tangail - 1941 Country : Bangladesh","Khan Bari, Saidpur, Momin Nagar, Gorai","Tangail","Mirzapur","Tangail - 1941","02-9555313","","35208000.00, OTM","https://www.eprocure.gov.bd/resources/common/ViewTender.jsp?id=1323140"
"Ministry of Road Transport and Bridges","Road Transport and Highways Division","Roads & Highways Department (RHD)","Sariatpur Road Division","sari001","Shariatpur","Works","NCT","TENDER","Tender - Single Lot","e-GP-07/EE/SRD of 2026-2027.","229289","1321138","Open Tendering Method (OTM)","Revenue","Government","Not applicable","Not applicable","e-GP-07/EE/SRD of 2026-2027. Pavement Maintenance work by Base Type-I & 40mm DBS (Wearing Course) of Mostafapur-Madaripur-Shariatpur(Monohar bazaar)-Ibrahimpur-Horina-Chandpur (Bhatialpur) Road (R-860) at 28th (P) km & 29th (P) km under Shariatpur Road Division, during the year-2026-2027.","Repair, maintenance and associated services related to roads and other equipment; Repair, maintenance and associated services related to aircraft, railways, roads and marine equipment;","25-Aug-2026 18:00","09-Sep-2026 16:00","Any person or firm having enlistment in the e-GP system of BPPA and complying with the requirement of TDS are eligible to participate in the tender.","Pavement Maintenance work by Base Type-I & 40mm DBS (Wearing Course) of Mostafapur-Madaripur-Shariatpur(Monohar bazaar)-Ibrahimpur-Horina-Chandpur (Bhatialpur) Road (R-860) at 28th (P) km & 29th (P) km under Shariatpur Road Division.","Lot wise","Package wise","Package wise","2500","Payment through Bank","05-Feb-2027","05-Feb-2027","01","Pavement Maintenance work by Base Type-I & 40mm DBS (Wearing Course) of Mostafapur-Madaripur-Shariatpur (Monohar bazaar)-Ibrahimpur-Horina-Chandpur (Bhatialpur) Road (R-860) at 28th (P) km & 29th (P) km under Shariatpur Road Division, during the year-2026-2027.","Mostafapur-Madaripur-Shariatpur Monohar bazaar-Ibrahimpur-Horina-Chandpur Bhatialpur Road R-860","150000","01-Oct-2026","30-Nov-2026","Sheikh Nabil Hossain","Executive Engineer","Address : Sariatpur Road Division, Sarak Bhaban, Sariatpur City : Sariatpur Thana : Shariatpur Sadar District : Shariatpur - 0000 Country : Bangladesh","Sariatpur Road Division, Sarak Bhaban, Sariatpur","Sariatpur","Shariatpur Sadar","Shariatpur - 0000","0601-55406","","Not Found","https://www.eprocure.gov.bd/resources/common/ViewTender.jsp?id=1321138"
"Ministry of Education","Secondary and Higher Education Division","National Curriculum and textbook Board (NCTB)","Member (Textbook), NCTB","","Dhaka","Goods","NCT","TENDER","Tender - Single Lot","37.06.0000.303.07.005.26.1882","225442","1323220","Open Tendering Method (OTM)","Revenue","Government","Not applicable","Not applicable","2027.GD.SEC.7.746 For Printing (with paper), Binding and Supplying  of textbooks of Secondary (Bangla & English Version), Dakhil and Technical Class-7  to be  distributed free of cost for the Academic Year 2027","Various types of printed matter and articles for printing; Printing, publishing and related services;Printed books, brochures and leaflets;Printed books;Publications;Directories;Leaflets;Brochures;Booklets;Newspapers, journals, periodicals and magazines;Newspapers;Postcards, greeting cards and other printed matter;Postcards;Greeting cards;Stamps, cheque forms, banknotes, stock certificates, trade advertising material, catalogues and manuals;Stamps;Stamp-impressed paper;Banknotes;Cheque forms;Security-type printed matter;Trade-advertising material, commercial catalogues and manuals;Manuals;Printing plates or cylinders or other media for use in printing;Offset plates;Dry-etching equipment;Paper or paperboard registers, account books, binders, forms and other articles of printed stationery;Paper or paperboard registers;Forms;Exercise books;Albums for samples;Binders and related accessories;Printed stationery except forms;Miscellaneous printed matter;Car-tax discs;Driving licences;ID cards;Permits;Entrance cards;Bespoke printed matter;Tickets;Printing services;Printing services for books;Printing services for stationery;Printing services for security printed matter;Printing services for forms;Printing services for tickets;Printing services for calendars;Printing services for timetables;Newspaper printing services;Printing services for posters;Services related to printing;Print finishing services;Composition services;Printing and delivery services;Printing and distribution services;Publishing services;Bookbinding and finishing services;Subscription services","25-Aug-2026 16:30","07-Sep-2026 17:00","As per TDS","For Printing (with paper), Binding and Supplying of textbooks of Secondary (Bangla & English Version), Dakhil, and Technical Class-7 to be distributed free of cost for the Academic Year 2027.","Lot wise","Package wise","Package wise","4000","Payment through Bank","05-Mar-2027","05-Mar-2027","746","For Printing (with paper), Binding and Supplying  of textbooks of Secondary (Bangla & English Version), Dakhil and Technical Class-7  to be  distributed free of cost for the Academic Year 2027","As per Delivery Schedule","490000","06-Oct-2026","26-Nov-2026","Mohammad Abu Nasher Tuku","Member (Textbook)","Address :  69-70, Motijheel, C/A, Dhaka-1000 City : Dhaka Thana : Dhaka South City Corporation District : Dhaka - 1000 Country : Bangladesh","69-70, Motijheel, C/A, Dhaka-1000","Dhaka","Dhaka South City Corporation","Dhaka - 1000","02-9550805","","26501135.00, OTM","https://www.eprocure.gov.bd/resources/common/ViewTender.jsp?id=1323220"
"Ministry of Education","Secondary and Higher Education Division","National Curriculum and textbook Board (NCTB)","Member (Textbook), NCTB","","Dhaka","Goods","NCT","TENDER","Tender - Single Lot","37.06.0000.303.07.005.26.1883","225442","1323217","Open Tendering Method (OTM)","Revenue","Government","Not applicable","Not applicable","2027.GD.SEC.7.756 For Printing (with paper), Binding and Supplying  of textbooks of Secondary (Bangla & English Version), Dakhil and Technical Class-7  to be  distributed free of cost for the Academic Year 2027","Various types of printed matter and articles for printing; Printing, publishing and related services;Printed books, brochures and leaflets;Printed books;Publications;Directories;Leaflets;Brochures;Booklets;Newspapers, journals, periodicals and magazines;Newspapers;Postcards, greeting cards and other printed matter;Postcards;Greeting cards;Stamps, cheque forms, banknotes, stock certificates, trade advertising material, catalogues and manuals;Stamps;Stamp-impressed paper;Banknotes;Cheque forms;Security-type printed matter;Trade-advertising material, commercial catalogues and manuals;Manuals;Printing plates or cylinders or other media for use in printing;Offset plates;Dry-etching equipment;Paper or paperboard registers, account books, binders, forms and other articles of printed stationery;Paper or paperboard registers;Forms;Exercise books;Albums for samples;Binders and related accessories;Printed stationery except forms;Miscellaneous printed matter;Car-tax discs;Driving licences;ID cards;Permits;Entrance cards;Bespoke printed matter;Tickets;Printing services;Printing services for books;Printing services for stationery;Printing services for security printed matter;Printing services for forms;Printing services for tickets;Printing services for calendars;Printing services for timetables;Newspaper printing services;Printing services for posters;Services related to printing;Print finishing services;Composition services;Printing and delivery services;Printing and distribution services;Publishing services;Bookbinding and finishing services;Subscription services","25-Aug-2026 16:25","07-Sep-2026 17:00","As per TDS","For Printing (with paper), Binding and Supplying of textbooks of Secondary (Bangla & English Version), Dakhil, and Technical Class-7 to be distributed free of cost for the Academic Year 2027.","Lot wise","Package wise","Package wise","4000","Payment through Bank","05-Mar-2027","05-Mar-2027","756","For Printing (with paper), Binding and Supplying  of textbooks of Secondary (Bangla & English Version), Dakhil and Technical Class-7  to be  distributed free of cost for the Academic Year 2027","As per Delivery Schedule","600000","06-Oct-2026","26-Nov-2026","Mohammad Abu Nasher Tuku","Member (Textbook)","Address :  69-70, Motijheel, C/A, Dhaka-1000 City : Dhaka Thana : Dhaka South City Corporation District : Dhaka - 1000 Country : Bangladesh","69-70, Motijheel, C/A, Dhaka-1000","Dhaka","Dhaka South City Corporation","Dhaka - 1000","02-9550805","","20177520.00, OTM","https://www.eprocure.gov.bd/resources/common/ViewTender.jsp?id=1323217"
"Ministry of Housing and Public Works","","Public Works Department (PWD)","Mymensingh PWD Division, Mymensingh","","Mymensingh","Works","NCT","TENDER","Tender - Single Lot","APP-Mymen-2026-27-NR-105","226820","1323728","Open Tendering Method (OTM)","Revenue","Government","Not applicable","Not applicable","APP-Mymen-2026-27-NR-105 Overhead line repair and other ancillary works at Mymensingh District Police Lines.","Repair, maintenance and installation services;Repair, maintenance and associated services of vehicles and related equipment;Repair and maintenance services of motor vehicles and associated equipment;Demolition services of vehicles;Repair, maintenance and associated services related to aircraft, railways, roads and marine equipment;Repair, maintenance and associated services related to aircraft and other equipment;Repair, maintenance and associated services related to railways and other equipment;Repair, maintenance and associated services related to roads and other equipment;Repair, maintenance and associated services related to marine and other equipment;Repair, maintenance and associated services related to personal computers, office equipment, telecommunications and audio-visual equipment;Maintenance and repair of office machinery;Repair and maintenance services of personal computers;Maintenance services of telecommunications equipment;Repair and maintenance services of audio-visual and optical equipment;Repair and maintenance services of medical and precision equipment;Repair and maintenance services of measuring, testing and checking apparatus;Repair and maintenance services of medical and surgical equipment;Repair and maintenance services of precision equipment;Repair and maintenance services for pumps, valves, taps and metal containers and machinery;Repair and maintenance services of pumps, valves, taps and metal containers;Repair and maintenance services of machinery;Repair and maintenance services of building installations;Repair and maintenance services of electrical and mechanical building installations;Repair and maintenance services of central heating;Repair and maintenance services of cooler groups;Repair and maintenance services of escalators;Lift-maintenance services;Miscellaneous repair and maintenance services;Repair services of jewellery;Repair services of leather personal goods;Repair services of garments and textiles;Repair and maintenance services of weapons and weapon systems;Repair and maintenance services of furniture;Repair and maintenance services of musical instruments;Repair and maintenance services of playground equipment;Repair and maintenance services of hotel and restaurant equipment;Installation services;Installation services of electrical and mechanical equipment;Installation services of equipment for measuring, checking, testing and navigating;Installation services of communications equipment;Installation services of medical and surgical equipment;Installation services of machinery and equipment;Installation services of computers and office equipment;Installation services of metal containers","25-Aug-2026 17:00","06-Sep-2026 16:00","As per TDS","Overhead line repair and other ancillary works at Mymensingh District Police Lines.","Lot wise","Package wise","Package wise","500","Payment through Bank","03-Jan-2027","03-Jan-2027","1","Overhead line repair and other ancillary works at Mymensingh District Police Lines.","Mymensingh","8000","10-Sep-2026","30-Sep-2026","Arnab Biswas","Executive Engineer","Address : PWD Division, Shaheb Quarter, Kachijhuly City : Mymensingh Thana : Mymensingh Sadar District : Mymensingh - 2200 Country : Bangladesh","PWD Division, Shaheb Quarter, Kachijhuly","Mymensingh","Mymensingh Sadar","Mymensingh - 2200","091-65855","091-62699","300000.00, OTM","https://www.eprocure.gov.bd/resources/common/ViewTender.jsp?id=1323728"
"Ministry of Education","Secondary and Higher Education Division","National Curriculum and textbook Board (NCTB)","Member (Textbook), NCTB","","Dhaka","Goods","NCT","TENDER","Tender - Single Lot","37.06.0000.303.07.005.26.1881","225442","1323221","Open Tendering Method (OTM)","Revenue","Government","Not applicable","Not applicable","2027.GD.SEC.7.745 For Printing (with paper), Binding and Supplying  of textbooks of Secondary (Bangla & English Version), Dakhil and Technical Class-7  to be  distributed free of cost for the Academic Year 2027","Various types of printed matter and articles for printing; Printing, publishing and related services;Printed books, brochures and leaflets;Printed books;Publications;Directories;Leaflets;Brochures;Booklets;Newspapers, journals, periodicals and magazines;Newspapers;Postcards, greeting cards and other printed matter;Postcards;Greeting cards;Stamps, cheque forms, banknotes, stock certificates, trade advertising material, catalogues and manuals;Stamps;Stamp-impressed paper;Banknotes;Cheque forms;Security-type printed matter;Trade-advertising material, commercial catalogues and manuals;Manuals;Printing plates or cylinders or other media for use in printing;Offset plates;Dry-etching equipment;Paper or paperboard registers, account books, binders, forms and other articles of printed stationery;Paper or paperboard registers;Forms;Exercise books;Albums for samples;Binders and related accessories;Printed stationery except forms;Miscellaneous printed matter;Car-tax discs;Driving licences;ID cards;Permits;Entrance cards;Bespoke printed matter;Tickets;Printing services;Printing services for books;Printing services for stationery;Printing services for security printed matter;Printing services for forms;Printing services for tickets;Printing services for calendars;Printing services for timetables;Newspaper printing services;Printing services for posters;Services related to printing;Print finishing services;Composition services;Printing and delivery services;Printing and distribution services;Publishing services;Bookbinding and finishing services;Subscription services","25-Aug-2026 16:35","07-Sep-2026 17:00","As per TDS","For Printing (with paper), Binding and Supplying of textbooks of Secondary (Bangla & English Version), Dakhil, and Technical Class-7 to be distributed free of cost for the Academic Year 2027.","Lot wise","Package wise","Package wise","4000","Payment through Bank","05-Mar-2027","05-Mar-2027","745","For Printing (with paper), Binding and Supplying  of textbooks of Secondary (Bangla & English Version), Dakhil and Technical Class-7  to be  distributed free of cost for the Academic Year 2027","As per Delivery Schedule","590000","06-Oct-2026","26-Nov-2026","Mohammad Abu Nasher Tuku","Member (Textbook)","Address :  69-70, Motijheel, C/A, Dhaka-1000 City : Dhaka Thana : Dhaka South City Corporation District : Dhaka - 1000 Country : Bangladesh","69-70, Motijheel, C/A, Dhaka-1000","Dhaka","Dhaka South City Corporation","Dhaka - 1000","02-9550805","","31095420.00, OTM","https://www.eprocure.gov.bd/resources/common/ViewTender.jsp?id=1323221"
"Ministry of Agriculture","","Department of Agricultural Extension (DAE)","Extension of Modern Agricultural Technologies in Char Areas of Bangladesh Project","","Dhaka","Works","NCT","TENDER","Tender - Single Lot","12.01.0000.981.07.005.26-177","229930","1320814","Open Tendering Method (OTM)","Development","Government","224385000","Extension of Modern Agricultural Technologies in Char Areas of Bangladesh Project","WD/DAE/CHAR-03 Vegetable seedling production shed in trays","Construction work;Site preparation work;Building demolition and wrecking work and earthmoving work;Test drilling and boring work;Works for complete or part construction and civil engineering work;Building construction work;Engineering works and construction works;Construction work for pipelines, communication and power lines, for highways, roads, airfields and railways; flatwork;Construction work for water projects;Construction works for plants, mining and manufacturing and for buildings relating to the oil and gas industry;Roof works and other special trade construction works;Building installation work;Electrical installation work;Insulation work;Plumbing and sanitary works;Fencing, railing and safety equipment installation work;Mechanical installations;Building completion work;Plastering work;Joinery and carpentry installation work;Floor and wall covering work;Painting and glazing work;Other building completion work;Hire of construction and civil engineering machinery and equipment with operator;Hire of cranes with operator;Hire of earthmoving equipment with operator","25-Aug-2026 17:00","10-Sep-2026 13:25","As per TDS","Construction of 121 (One Hundred and Twenty One) Nos. Vegetable Seedling Production (Poly)Sheds in Tray","Lot wise","Package wise","Package wise","4000","Payment through Bank","05-Feb-2027","05-Feb-2027","01","Construction of Vegetable Seedling Production Shed in Trays","Project Area","1190000","22-Oct-2026","13-May-2027","Md. Ziaur Rahman","Project Director","Address : Department of Agricultural Extension (DAE), Khamarbari-1215, Dhaka City : Dhaka Thana : Dhaka North City Corporation District : Dhaka - 1215 Country : Bangladesh","Department of Agricultural Extension (DAE), Khamarbari-1215, Dhaka","Dhaka","Dhaka North City Corporation","Dhaka - 1215","02-55028294","","47730000.00, OTM","https://www.eprocure.gov.bd/resources/common/ViewTender.jsp?id=1320814"
"Ministry of Road Transport and Bridges","Road Transport and Highways Division","Roads & Highways Department (RHD)","Narsingdi Road Division","nars001","Norshingdi","Works","NCT","TENDER","Tender - Single Lot","e-GP/EE/NAR/PMP-Road/01/2026-2027","229549","1320388","Open Tendering Method (OTM)","Revenue","Government","Not applicable","Not applicable","e-GP/EE/NAR/PMP-Road/01/2026-2027 Periodic Maintenance Program Works for Construction of  Rigid Pavement and RCC ""U"" Drain at Ch. 24+500 to Ch. 25+560 of Nayapur-Araihazar-Narsingdi-Raipura  Road (R-114) under Narsingdi Road Division during the year 2026-2027.","Construction work;Site preparation work;Building demolition and wrecking work and earthmoving work;Test drilling and boring work;Works for complete or part construction and civil engineering work;Building construction work;Engineering works and construction works;Construction work for pipelines, communication and power lines, for highways, roads, airfields and railways; flatwork;Construction work for water projects;Construction works for plants, mining and manufacturing and for buildings relating to the oil and gas industry;Roof works and other special trade construction works;Building installation work;Electrical installation work;Insulation work;Plumbing and sanitary works;Fencing, railing and safety equipment installation work;Mechanical installations;Building completion work;Plastering work;Joinery and carpentry installation work;Floor and wall covering work;Painting and glazing work;Other building completion work;Hire of construction and civil engineering machinery and equipment with operator;Hire of cranes with operator;Hire of earthmoving equipment with operator","25-Aug-2026 16:00","20-Sep-2026 15:00","As stated in TDS.","Periodic Maintenance Program Works for Construction of Rigid Pavement and RCC ""U"" Drain at Ch. 24+500 to Ch. 25+560 of Nayapur-Araihazar-Narsingdi-Raipura Road (R-114) under Narsingdi Road Division during the year 2026-2027.","Lot wise","Package wise","Package wise","4000","Payment through Bank","18-Mar-2027","18-Mar-2027","1","Periodic Maintenance Program Works for Construction of  Rigid Pavement and RCC ""U"" Drain at Ch. 24+500 to Ch. 25+560 of Nayapur-Araihazar-Narsingdi-Raipura  Road (R-114) under Narsingdi Road Division during the year 2026-2027.","Nayapur-Araihazar-Narsingdi-Raipura Road","2500000","17-Nov-2026","16-May-2027","Md Reza E Rabbi","Executive Engineer","Address : Narsingdi Road Division, Narsingdi City : Narsingdi Thana : Narshingdi Sadar District : Norshingdi - 0000 Country : Bangladesh","Narsingdi Road Division, Narsingdi","Narsingdi","Narshingdi Sadar","Norshingdi - 0000","0628-613222","","99656500.00, OTM","https://www.eprocure.gov.bd/resources/common/ViewTender.jsp?id=1320388"
"Ministry of Home Affairs","","Bangladesh Police","Rangpur Metropolitan Police, Rangpur","00051","Rangpur","Works","NCT","TENDER","Tender - Single Lot","RPMP/E&D/437","224789","1320256","Open Tendering Method (OTM)","Revenue","Government","Not applicable","Not applicable","RPMP/ED/1364-1/26-27 Construction work of the internal road of the Police Lines acquired by Rangpur Metropolitan Police, Rangpur","Construction work;Site preparation work;Building demolition and wrecking work and earthmoving work;Test drilling and boring work;Works for complete or part construction and civil engineering work;Building construction work;Engineering works and construction works;Construction work for pipelines, communication and power lines, for highways, roads, airfields and railways; flatwork;Construction work for water projects;Construction works for plants, mining and manufacturing and for buildings relating to the oil and gas industry;Roof works and other special trade construction works;Building installation work;Electrical installation work;Insulation work;Plumbing and sanitary works;Fencing, railing and safety equipment installation work;Mechanical installations;Building completion work;Plastering work;Joinery and carpentry installation work;Floor and wall covering work;Painting and glazing work;Other building completion work;Hire of construction and civil engineering machinery and equipment with operator;Hire of cranes with operator;Hire of earthmoving equipment with operator","25-Aug-2026 16:30","08-Sep-2026 10:00","1. The Tenderer must be a Bangladeshi firm registered in the e-GP system of the Government of the People’s Republic of Bangladesh. 2. The Tenderer shall submit valid Trade License, TIN Certificate and VAT Registration (BIN) Certificate. 3. The Tenderer shall have many years of experience like this cosntruction. 4. The Tenderer shall submit a Bank Solvency Certificate issued by any scheduled bank of Bangladesh. 5. The Tenderer shall submit e-GP Registration Certificate, experience certificate for similar works and National ID of the proprietor/authorized person. 6. The Tenderer shall not be under a declaration of ineligibility or blacklisted under PPA 2006 (Amended 2016) and PPR 2008 (Amended 2018). 7. Other eligibility requirements shall be as specified in the Tender Data Sheet (TDS).","Construction work of the internal road","Lot wise","Package wise","Package wise","500","Payment through Bank","05-Dec-2026","05-Dec-2026","RPMP/ED/1364/26-27","Construction work of the internal road of the Police Lines acquired by Rangpur Metropolitan Police, Rangpur","Rangpur Metropoliton Police","12000","15-Sep-2026","15-Nov-2026","SONATON CHAKROBORTY","Deputy Police Commissioner","Address : Rangpur Metropolitan Police, Rangpur City : Rangpur Thana : Rangpur Sadar District : Rangpur - 5402 Country : Bangladesh","Rangpur Metropolitan Police, Rangpur","Rangpur","Rangpur Sadar","Rangpur - 5402","0521-68101","","Not Found","https://www.eprocure.gov.bd/resources/common/ViewTender.jsp?id=1320256"
"Ministry of Road Transport and Bridges","Road Transport and Highways Division","Roads & Highways Department (RHD)","Sariatpur Road Division","sari001","Shariatpur","Works","NCT","TENDER","Tender - Single Lot","e-GP-05/EE/SRD of 2026-2027.","229289","1321136","Open Tendering Method (OTM)","Revenue","Government","Not applicable","Not applicable","e-GP-05/EE/SRD of 2026-2027. Pavement Maintenance work by Base Type-I & 40mm DBS (Wearing Course) of Mostafapur-Madaripur-Shariatpur(Monohar bazaar)-Ibrahimpur-Horina-Chandpur (Bhatialpur) Road (R-860) at 27th (P) km & 28th (P) km under Shariatpur Road Division, during the year-2026-2027.","Repair, maintenance and associated services related to roads and other equipment; Repair, maintenance and associated services related to aircraft, railways, roads and marine equipment;","25-Aug-2026 18:00","09-Sep-2026 16:00","Any person or firm having enlistment in the e-GP system of BPPA and complying with the requirement of TDS are eligible to participate in the tender.","Pavement Maintenance work by Base Type-I & 40mm DBS (Wearing Course) of Mostafapur-Madaripur-Shariatpur(Monohar bazaar)-Ibrahimpur-Horina-Chandpur (Bhatialpur) Road (R-860) at 27th (P) km & 28th (P) km under Shariatpur Road Division.","Lot wise","Package wise","Package wise","2500","Payment through Bank","05-Feb-2027","05-Feb-2027","01","Pavement Maintenance work by Base Type-I & 40mm DBS (Wearing Course) of Mostafapur-Madaripur-Shariatpur(Monohar bazaar)-Ibrahimpur-Horina-Chandpur (Bhatialpur) Road (R-860) at 27th (P) km & 28th (P) km under Shariatpur Road Division, during the year-2026-2027.","Mostafapur-Madaripur-Shariatpur Monohar bazaar-Ibrahimpur-Horina-Chandpur Bhatialpur Road R-860","175000","01-Oct-2026","30-Nov-2026","Sheikh Nabil Hossain","Executive Engineer","Address : Sariatpur Road Division, Sarak Bhaban, Sariatpur City : Sariatpur Thana : Shariatpur Sadar District : Shariatpur - 0000 Country : Bangladesh","Sariatpur Road Division, Sarak Bhaban, Sariatpur","Sariatpur","Shariatpur Sadar","Shariatpur - 0000","0601-55406","","Not Found","https://www.eprocure.gov.bd/resources/common/ViewTender.jsp?id=1321136"
"Ministry of Defence","","Bangladesh Meteorological Department","Storm Warning Center (SWC)","","Dhaka","Goods","NCT","TENDER","Tender - Single Lot","23.09.2680.174.26.003.26-2204, Date: 25/09/2026","230218","1323681","Open Tendering Method (OTM)","Revenue","Government","Not applicable","Not applicable","Cons/2026-2027 Supply of Consumable Goods","Cutlery, tools, locks, keys and hinges; Fabricated products and materials; Cutlery; Tools; Locks, keys and hinges; Office machinery, equipment and supplies except computers; Manufactured goods, furniture, handicrafts, special-purpose products and associated consumables; Furniture; Jewellery and related articles; Musical instruments and parts; Sports goods and equipment; Games and toys; fairground amusements; Miscellaneous manufactured and other goods; Consumables and consumer goods; Handicraft and art supplies; Special-purpose product; Computer and related services;Word-processing machines;Photocopying and printing equipment;Post-office equipment;Calculating and accounting machines;Typewriters;Parts and accessories of typewriters and calculating machines;Various office equipment and supplies;Seats, chairs and associated parts;Non-domestic furniture;Domestic furniture;Miscellaneous furniture and equipment;School furniture;Coins and medals;Articles of jewellery;Musical instruments;Parts and accessories of musical instruments;Outdoor sports equipment;Gymnasium equipment;Dolls;Toys;Articles for funfair, table or parlour games;Laundry supplies;School slates or boards with writing or drawing surfaces;Artificial products;Apparatus and equipment designed for demonstrational purposes;Umbrellas and sunshades; walking sticks and seat sticks;Funeral supplies;Kitchen equipment, household items and catering supplies;Barracks supplies;Consumables;Tax-free goods;Disposable goods;Handicraft supplies;Art supplies;Police equipment;Recycled products;Security devices;Animal ear tags;Compost boxes;Tokens;Spray booths;Snow poles;Hardware consultancy services;Hardware selection consultancy services;Hardware disaster-recovery consultancy services;Computer-site planning consultancy services;Computer hardware acceptance testing consultancy services;Computer audit consultancy and hardware consultancy services;Software programming and consultancy services;Programming services of packaged software products;Systems and technical consultancy services;Custom software development services;Systems analysis and programming services;System maintenance and support services;Software-related services;Data services;Data-processing services;Database services;Computer-related services;Computer-related management services;Computer support and consultancy services;Computer network services;Computer upgrade services;Computer audit services;Computer testing services;Computer back-up services;Computer catalogue conversion services;Computer-related professional services","25-Aug-2026 19:00","09-Sep-2026 15:00","a. The minimum number of years of general experience of the Tenderer in the supply of Goods as Supplier shall be Five (05) years. b. The minimum specific experience as Supplier in supply of similar Goods of at least Two (02) contracts successfully completed within the last Two (02) years in any govt./ semi govt./ autonomous organization, each with a value of at least Tk. Eight Lac (8,00,000) only. c. The minimum amount of liquid assets i.e working capital or credit line (s) of the Tenderer shall be Tk. Eight Lac (8,00,000) only.","Supply of Consumable Goods","Lot wise","Package wise","Package wise","500","Payment through Bank","07-Dec-2026","07-Dec-2026","1","Supply of Consumable Goods","Storm Warning Center, E-24, Agargaon, Dhaka-1207","23000","01-Oct-2026","01-Nov-2026","Md. Nurul Karim","Deputy Director 2","Address : Storm Warning Center, E-24, Meteorological Complex, Dhaka City : Dhaka Thana : Dhaka North City Corporation District : Dhaka - 1207 Country : Bangladesh","Storm Warning Center, E-24, Meteorological Complex, Dhaka","Dhaka","Dhaka North City Corporation","Dhaka - 1207","02-41025720","02-41025728","Not Found","https://www.eprocure.gov.bd/resources/common/ViewTender.jsp?id=1323681"
"Ministry of Road Transport and Bridges","Road Transport and Highways Division","Roads & Highways Department (RHD)","Sariatpur Road Division","sari001","Shariatpur","Goods","NCT","TENDER","Tender - Single Lot","e-GP-09/EE/SRD of 2026-2027.","229289","1321140","Open Tendering Method (OTM)","Revenue","Government","Not applicable","Not applicable","e-GP-09/EE/SRD of 2026-2027. Supplying of 1st Class Bricks, Stone Chips, Sylhet Sand (F. M. 2.50), Local Sand (F.M-0.50) & Fire Wood at RHD Stackyard Shariatpur for Maintenance work of Different km of different Road under Shariatpur Road Division, during the year-2026-2027.","Repair, maintenance and associated services related to roads and other equipment; Repair, maintenance and associated services related to aircraft, railways, roads and marine equipment;","25-Aug-2026 18:00","09-Sep-2026 16:00","Any person or firm having enlistment in the e-GP system of BPPA and complying with the requirement of TDS are eligible to participate in the tender.","Supplying of 1st Class Bricks, Stone Chips, Sylhet Sand (F. M. 2.50), Local Sand (F.M-0.50) & Fire Wood at RHD Stackyard Shariatpur for Maintenance work of Different km of different Road under Shariatpur Road Division.","Lot wise","Package wise","Package wise","1500","Payment through Bank","05-Feb-2027","05-Feb-2027","01","Supplying of 1st Class Bricks, Stone Chips, Sylhet Sand (F. M. 2.50), Local Sand (F.M-0.50) & Fire Wood at RHD Stackyard Shariatpur for Maintenance work of Different km of different Road under Shariatpur Road Division, during the year-2026-2027.","At RHD Stackyard Shariatpur","85000","01-Oct-2026","30-Nov-2026","Sheikh Nabil Hossain","Executive Engineer","Address : Sariatpur Road Division, Sarak Bhaban, Sariatpur City : Sariatpur Thana : Shariatpur Sadar District : Shariatpur - 0000 Country : Bangladesh","Sariatpur Road Division, Sarak Bhaban, Sariatpur","Sariatpur","Shariatpur Sadar","Shariatpur - 0000","0601-55406","","Not Found","https://www.eprocure.gov.bd/resources/common/ViewTender.jsp?id=1321140"
"Ministry of Road Transport and Bridges","Road Transport and Highways Division","Roads & Highways Department (RHD)","Sariatpur Road Division","sari001","Shariatpur","Goods","NCT","TENDER","Tender - Single Lot","e-GP-10/EE/SRD of 2026-2027.","229289","1321141","Open Tendering Method (OTM)","Revenue","Government","Not applicable","Not applicable","e-GP-10/EE/SRD of 2026-2027. Emergency Supplying of Bullah Pile, Geotextile & Local Sand (F.M-0.50) at RHD Stackyard Shariatpur for Maintenance work of Different km of Different Road under Shariatpur Road Division, during the year-2026-2027.","Repair, maintenance and associated services related to roads and other equipment; Repair, maintenance and associated services related to aircraft, railways, roads and marine equipment;","25-Aug-2026 18:00","09-Sep-2026 16:00","Any person or firm having enlistment in the e-GP system of BPPA and complying with the requirement of TDS are eligible to participate in the tender.","Emergency Supplying of Bullah Pile, Geotextile & Local Sand (F.M-0.50) at RHD Stackyard Shariatpur for Maintenance work of Different km of Different Road.","Lot wise","Package wise","Package wise","1000","Payment through Bank","05-Feb-2027","05-Feb-2027","01","Emergency Supplying of Bullah Pile, Geotextile & Local Sand (F.M-0.50) at RHD Stackyard Shariatpur for Maintenance work of Different km of Different Road under Shariatpur Road Division, during the year-2026-2027.","At RHD Stackyard Shariatpur","62000","01-Oct-2026","30-Nov-2026","Sheikh Nabil Hossain","Executive Engineer","Address : Sariatpur Road Division, Sarak Bhaban, Sariatpur City : Sariatpur Thana : Shariatpur Sadar District : Shariatpur - 0000 Country : Bangladesh","Sariatpur Road Division, Sarak Bhaban, Sariatpur","Sariatpur","Shariatpur Sadar","Shariatpur - 0000","0601-55406","","Not Found","https://www.eprocure.gov.bd/resources/common/ViewTender.jsp?id=1321141"
"Ministry of Education","Secondary and Higher Education Division","National Curriculum and textbook Board (NCTB)","Member (Textbook), NCTB","","Dhaka","Goods","NCT","TENDER","Tender - Single Lot","37.06.0000.303.07.005.26.1879","225442","1323224","Open Tendering Method (OTM)","Revenue","Government","Not applicable","Not applicable","2027.GD.SEC.7.718 For Printing (with paper), Binding and Supplying  of textbooks of Secondary (Bangla & English Version), Dakhil and Technical Class-7  to be  distributed free of cost for the Academic Year 2027","Various types of printed matter and articles for printing; Printing, publishing and related services;Printed books, brochures and leaflets;Printed books;Publications;Directories;Leaflets;Brochures;Booklets;Newspapers, journals, periodicals and magazines;Newspapers;Postcards, greeting cards and other printed matter;Postcards;Greeting cards;Stamps, cheque forms, banknotes, stock certificates, trade advertising material, catalogues and manuals;Stamps;Stamp-impressed paper;Banknotes;Cheque forms;Security-type printed matter;Trade-advertising material, commercial catalogues and manuals;Manuals;Printing plates or cylinders or other media for use in printing;Offset plates;Dry-etching equipment;Paper or paperboard registers, account books, binders, forms and other articles of printed stationery;Paper or paperboard registers;Forms;Exercise books;Albums for samples;Binders and related accessories;Printed stationery except forms;Miscellaneous printed matter;Car-tax discs;Driving licences;ID cards;Permits;Entrance cards;Bespoke printed matter;Tickets;Printing services;Printing services for books;Printing services for stationery;Printing services for security printed matter;Printing services for forms;Printing services for tickets;Printing services for calendars;Printing services for timetables;Newspaper printing services;Printing services for posters;Services related to printing;Print finishing services;Composition services;Printing and delivery services;Printing and distribution services;Publishing services;Bookbinding and finishing services;Subscription services","25-Aug-2026 16:25","07-Sep-2026 17:00","As per TDS","For Printing (with paper), Binding and Supplying of textbooks of Secondary (Bangla & English Version), Dakhil, and Technical Class-7 to be distributed free of cost for the Academic Year 2027.","Lot wise","Package wise","Package wise","4000","Payment through Bank","05-Mar-2027","05-Mar-2027","718","For Printing (with paper), Binding and Supplying  of textbooks of Secondary (Bangla & English Version), Dakhil and Technical Class-7  to be  distributed free of cost for the Academic Year 2027","As per Delivery Schedule","280000","06-Oct-2026","26-Nov-2026","Mohammad Abu Nasher Tuku","Member (Textbook)","Address :  69-70, Motijheel, C/A, Dhaka-1000 City : Dhaka Thana : Dhaka South City Corporation District : Dhaka - 1000 Country : Bangladesh","69-70, Motijheel, C/A, Dhaka-1000","Dhaka","Dhaka South City Corporation","Dhaka - 1000","02-9550805","","27442347.50, OTM","https://www.eprocure.gov.bd/resources/common/ViewTender.jsp?id=1323224"
"Ministry of Education","Secondary and Higher Education Division","National Curriculum and textbook Board (NCTB)","Member (Textbook), NCTB","","Dhaka","Goods","NCT","TENDER","Tender - Single Lot","37.06.0000.303.07.002.26.1876","225442","1323215","Open Tendering Method (OTM)","Revenue","Government","Not applicable","Not applicable","2027.GD.SEC.6.637 For Printing (with paper), Binding and Supplying  of textbooks of Secondary (Bangla & English Version), Dakhil, and Technical Class-6 to be  distributed free of cost for the Academic Year 2027.","Various types of printed matter and articles for printing; Printing, publishing and related services;Printed books, brochures and leaflets;Printed books;Publications;Directories;Leaflets;Brochures;Booklets;Newspapers, journals, periodicals and magazines;Newspapers;Postcards, greeting cards and other printed matter;Postcards;Greeting cards;Stamps, cheque forms, banknotes, stock certificates, trade advertising material, catalogues and manuals;Stamps;Stamp-impressed paper;Banknotes;Cheque forms;Security-type printed matter;Trade-advertising material, commercial catalogues and manuals;Manuals;Printing plates or cylinders or other media for use in printing;Offset plates;Dry-etching equipment;Paper or paperboard registers, account books, binders, forms and other articles of printed stationery;Paper or paperboard registers;Forms;Exercise books;Albums for samples;Binders and related accessories;Printed stationery except forms;Miscellaneous printed matter;Car-tax discs;Driving licences;ID cards;Permits;Entrance cards;Bespoke printed matter;Tickets;Printing services;Printing services for books;Printing services for stationery;Printing services for security printed matter;Printing services for forms;Printing services for tickets;Printing services for calendars;Printing services for timetables;Newspaper printing services;Printing services for posters;Services related to printing;Print finishing services;Composition services;Printing and delivery services;Printing and distribution services;Publishing services;Bookbinding and finishing services;Subscription services","25-Aug-2026 16:14","07-Sep-2026 17:00","As Per TDS","For Printing (with paper), Binding and Supplying of textbooks of Secondary (Bangla & English Version), Dakhil, and Technical Class-6 to be distributed free of cost for the Academic Year 2027.","Lot wise","Package wise","Package wise","2500","Payment through Bank","05-Mar-2027","05-Mar-2027","637","For Printing (with paper), Binding and Supplying  of textbooks of Secondary (Bangla & English Version), Dakhil, and Technical Class-6 to be  distributed free of cost for the Academic Year 2027.","As Per Delivery Schedule","350000","06-Oct-2026","26-Nov-2026","Mohammad Abu Nasher Tuku","Member (Textbook)","Address :  69-70, Motijheel, C/A, Dhaka-1000 City : Dhaka Thana : Dhaka South City Corporation District : Dhaka - 1000 Country : Bangladesh","69-70, Motijheel, C/A, Dhaka-1000","Dhaka","Dhaka South City Corporation","Dhaka - 1000","02-9550805","","17806025.00, OTM","https://www.eprocure.gov.bd/resources/common/ViewTender.jsp?id=1323215"
"Ministry of Home Affairs","","Bangladesh Police","Rangpur Metropolitan Police, Rangpur","00051","Rangpur","Works","NCT","TENDER","Tender - Single Lot","RPMP/E&D/437","224789","1320254","Open Tendering Method (OTM)","Revenue","Government","Not applicable","Not applicable","RPMP/ED/1364/26-27 Installation work of gate and billboard at the Police Lines land acquired by Rangpur Metropolitan Police, Rangpur","Construction work; Site preparation work; Works for complete or part construction and civil engineering work; Building installation work; Building completion work; Hire of construction and civil engineering machinery and equipment with operator;Building demolition and wrecking work and earthmoving work;Test drilling and boring work;Building construction work;Engineering works and construction works;Construction work for pipelines, communication and power lines, for highways, roads, airfields and railways; flatwork;Construction work for water projects;Construction works for plants, mining and manufacturing and for buildings relating to the oil and gas industry;Roof works and other special trade construction works;Electrical installation work;Insulation work;Plumbing and sanitary works;Fencing, railing and safety equipment installation work;Mechanical installations;Plastering work;Joinery and carpentry installation work;Floor and wall covering work;Painting and glazing work;Other building completion work;Hire of cranes with operator;Hire of earthmoving equipment with operator","25-Aug-2026 16:30","08-Sep-2026 10:30","1. The Tenderer must be a Bangladeshi firm registered in the e-GP system of the Government of the People’s Republic of Bangladesh. 2. The Tenderer shall submit valid Trade License, TIN Certificate and VAT Registration (BIN) Certificate. 3. The Tenderer shall have many years of experience like this cosntruction. 4. The Tenderer shall submit a Bank Solvency Certificate issued by any scheduled bank of Bangladesh. 5. The Tenderer shall submit e-GP Registration Certificate, experience certificate for similar works and National ID of the proprietor/authorized person. 6. The Tenderer shall not be under a declaration of ineligibility or blacklisted under PPA 2006 (Amended 2016) and PPR 2008 (Amended 2018). 7. Other eligibility requirements shall be as specified in the Tender Data Sheet (TDS).","Installation work of gate and billboard at the Police Lines","Lot wise","Package wise","Package wise","500","Payment through Bank","05-Dec-2026","05-Dec-2026","RPMP/ED/1364/26-27","Installation work of gate and billboard at the Police Lines land acquired by Rangpur Metropolitan Police, Rangpur","Rangpur Metropoliton Police","14000","15-Sep-2026","15-Nov-2026","SONATON CHAKROBORTY","Deputy Police Commissioner","Address : Rangpur Metropolitan Police, Rangpur City : Rangpur Thana : Rangpur Sadar District : Rangpur - 5402 Country : Bangladesh","Rangpur Metropolitan Police, Rangpur","Rangpur","Rangpur Sadar","Rangpur - 5402","0521-68101","","478754.17, OTM","https://www.eprocure.gov.bd/resources/common/ViewTender.jsp?id=1320254"
"Ministry of Home Affairs","","Bangladesh Ansar & Village Defence Party","Provision Branch","","Dhaka","Goods","NCT","TENDER","Tender - Single Lot","44.03.0000.017.07.055.2026","226299","1323189","Open Tendering Method (OTM)","Revenue","Government","Not applicable","Not applicable","ET-Pro-2026-Furniture-01-D The Procurement of Computer Chair.","Manufactured goods, furniture, handicrafts, special-purpose products and associated consumables;Furniture;Seats, chairs and associated parts;Non-domestic furniture;Domestic furniture;Miscellaneous furniture and equipment;School furniture;Jewellery and related articles;Coins and medals;Articles of jewellery;Musical instruments and parts;Musical instruments;Parts and accessories of musical instruments;Sports goods and equipment;Outdoor sports equipment;Gymnasium equipment;Games and toys; fairground amusements;Dolls;Toys;Articles for funfair, table or parlour games;Miscellaneous manufactured and other goods;Laundry supplies;School slates or boards with writing or drawing surfaces;Artificial products;Apparatus and equipment designed for demonstrational purposes;Umbrellas and sunshades; walking sticks and seat sticks;Funeral supplies;Kitchen equipment, household items and catering supplies;Barracks supplies;Consumables and consumer goods;Consumables;Tax-free goods;Disposable goods;Handicraft and art supplies;Handicraft supplies;Art supplies;Special-purpose product;Police equipment;Recycled products;Security devices;Animal ear tags;Compost boxes;Tokens;Spray booths;Snow poles","25-Aug-2026 15:40","06-Sep-2026 16:00","All the tenderer must follow the PPR-2025 rules & regulation. The Tenderer shall have a minimum 3(two) years of overall experience in the supply of goods & related items. The Tenderer shall have a minimum 1(one) year of specific experience in the supply of similar goods and related services. The minimum supply value of similar goods under a single contract in the last five years is Tk. 10 Lac by the tenderer. The minimum amount of liquid assets i.e. working capital or credit line(s), net of other contractual commitments is Tk. 12 Lac. Sample of 01 piece must be submitted to the PE Office as per approved sample on or before the tender opening date and time. The Supplier should either be a manufacturer, producing not less than 2000 piece per year or would have to furnish a certificate from the manufacturer that his firm’s production is not less than 2000 piece per year. Certificate should shown in every case. Note: Lab test (pre and post) fee has to be paid by the tenderer. Test fee must be submitted to the PE Office before the tender opening date and time. Otherwise, the tender will be considered non-responsive. PE reserves the right to define the test criteria.","The Procurement of Computer Chair.","Lot wise","Package wise","Package wise","1000","Payment through Bank","04-Dec-2026","04-Dec-2026","1","The Procurement of Computer Chair.","central store ansar and vdp academy shafipur gazipur","37000","13-Sep-2026","12-Nov-2026","MD. ASHRAFUL ISLAM","Director (Admin-Q)","Address : Ansar & VDP HQ, Khilgaon, Dhaka City : Dhaka Thana : Dhaka South City Corporation District : Dhaka - 1219 Country : Bangladesh","Ansar & VDP HQ, Khilgaon, Dhaka","Dhaka","Dhaka South City Corporation","Dhaka - 1219","02-55120967","","1500000.00, OTM","https://www.eprocure.gov.bd/resources/common/ViewTender.jsp?id=1323189"
"Ministry of Industries","","Bangladesh Chemical Industries Corporation (BCIC)","Ghorashal Polash Fertilizer PLC (Commercial)","","Norshingdi","Goods","NCT","TENDER","Tender - Single Lot","36.01.6863.627.000.07.31.177.2025-26","214592","1321922","Open Tendering Method (OTM)","Own Fund","Own Fund","Not applicable","Not applicable","36.01.6863.627.000.07.31.177.2025-26 Procurement of 25 items Scaffolding Materials & Hand Tools","Basic metals and associated products; Machinery, equipment, appliances, apparatus and associated products;Basic metals;Basic iron and steel;Steel alloy ingots;Carbon-steel products;Bars and rods;Railway-track construction materials;Slag, dross, ferrous waste and scrap;Tubes;Iron tubes and fittings;Steel tubes and fittings;Iron and steel products;Cold drawn products;Cold-rolled products;Folded products;Wire and miscellaneous products;Ferro-alloys;Precious metals and metals clad with precious metals;Precious metals;Metals clad with precious metals;Aluminium and aluminium products;Unwrought aluminium;Aluminium products;Waste and scrap of aluminium;Lead, zinc and tin products;Lead, zinc and tin;Semi-finished products of lead, zinc or tin;Waste and scrap of lead, zinc or tin;Copper products;Unwrought copper;Semi-finished products of copper;Waste and scrap of copper;Non-ferrous metal products;Unwrought nickel;Nickel products;Waste and scrap of nickel;Machinery for the production and use of mechanical power;Turbines and motors;Pumps and compressors;Taps, cocks, valves and similar appliances;Gears, gearing and driving elements;General-purpose machinery;Industrial or laboratory furnaces, incinerators and ovens;Lifting and handling equipment and parts;Cooling and ventilation equipment;Miscellaneous general-purpose machinery;Agricultural, horticultural and forestry machinery;Agricultural and forestry machinery for soil preparation or cultivation;Harvesting machinery;Spraying machinery for agriculture or horticulture;Self-loading or unloading trailers and semi-trailers for agriculture;Specialist agricultural or forestry machinery;Tractors;Parts of agricultural and forestry machinery;Machine tools;Machine tools operated by laser and machining centres;Lathes, boring and milling machine tools;Metal-working machine tools;Machine tools for working hard materials except metals;Pneumatic or motorised hand tools;Soldering, brazing and welding tools, surface tempering and hot-spraying machines and equipment;Parts and accessories of machine tools;Special-purpose machinery and parts;Machinery for metallurgy and associated parts;Machinery for mining, quarrying and construction;Machinery for food, beverage and tobacco processing and associated parts;Machinery for textile, apparel and leather production;Machinery for paper or paperboard production;Miscellaneous special-purpose machinery;Weapons, ammunition and associated parts;Motorised tanks and armoured fighting vehicles;Military weapons;Firearms;Ammunition;Parts of military weapons;Truncheons or night sticks;Domestic appliances;Electrical domestic appliances;Non-electric domestic appliances;Miscellaneous equipment;Transport related equipment;Workshop equipment;Construction equipment;Catering equipment;Emergency and security equipment;Technical equipment;Miscellaneous equipment n.e.c.","25-Aug-2026 16:00","07-Sep-2026 16:00","Terms & Condition 1. Declaration of eligibility: A Tender submission letter to be submitted by the Bidder where in the owner of the company will have to mention that we are attending the tender inquiry no:36.01.6863.627.000.07.31.177-Re25-26 as a competent and eligible candidate & the required necessary certificates and documents are here by mentioned in the below. The owner of the company or an important person on his behalf will be the signatory of tender submission letter. 2. Up To Date Trade license. 3. Up to date income tax certificate (TIN) and Up to date income tax paid certificate or slip. 4. VAT registration certificate. 5. Photocopy of national ID. 6. Bank solvency certificate issued by any scheduled bank.","Procurement of 25 items Scaffolding Materials & Hand Tools","Lot wise","Package wise","Package wise","2500","Payment through Bank","03-Feb-2027","03-Feb-2027","single","Procurement of 25 items Scaffolding Materials & Hand Tools","GPFPLC STORE , POLASH, NOARSINDI","215000","30-Sep-2026","19-Nov-2026","Mohammad Atiqur Rahman Khan","General Manager(Comm)","Address : Ghorashal Polash Fertilizer PLC
Polash, Norshingdi. City : Polash, Ghorashal. Thana : Palash District : Norshingdi - 1611 Country : Bangladesh","","Polash, Ghorashal.","Palash","Norshingdi - 1611","02-9466391","","7995370.00, OTM","https://www.eprocure.gov.bd/resources/common/ViewTender.jsp?id=1321922"
"Ministry of Education","Secondary and Higher Education Division","National Curriculum and textbook Board (NCTB)","Member (Textbook), NCTB","","Dhaka","Goods","NCT","TENDER","Tender - Single Lot","37.06.0000.303.07.002.26.1875","225442","1323211","Open Tendering Method (OTM)","Revenue","Government","Not applicable","Not applicable","2027.GD.SEC.6.623 For Printing (with paper), Binding and Supplying  of textbooks of Secondary (Bangla & English Version), Dakhil, and Technical Class-6 to be  distributed free of cost for the Academic Year 2027.","Various types of printed matter and articles for printing; Printing, publishing and related services;Printed books, brochures and leaflets;Printed books;Publications;Directories;Leaflets;Brochures;Booklets;Newspapers, journals, periodicals and magazines;Newspapers;Postcards, greeting cards and other printed matter;Postcards;Greeting cards;Stamps, cheque forms, banknotes, stock certificates, trade advertising material, catalogues and manuals;Stamps;Stamp-impressed paper;Banknotes;Cheque forms;Security-type printed matter;Trade-advertising material, commercial catalogues and manuals;Manuals;Printing plates or cylinders or other media for use in printing;Offset plates;Dry-etching equipment;Paper or paperboard registers, account books, binders, forms and other articles of printed stationery;Paper or paperboard registers;Forms;Exercise books;Albums for samples;Binders and related accessories;Printed stationery except forms;Miscellaneous printed matter;Car-tax discs;Driving licences;ID cards;Permits;Entrance cards;Bespoke printed matter;Tickets;Printing services;Printing services for books;Printing services for stationery;Printing services for security printed matter;Printing services for forms;Printing services for tickets;Printing services for calendars;Printing services for timetables;Newspaper printing services;Printing services for posters;Services related to printing;Print finishing services;Composition services;Printing and delivery services;Printing and distribution services;Publishing services;Bookbinding and finishing services;Subscription services","25-Aug-2026 16:49","07-Sep-2026 17:00","As Per TDS","For Printing (with paper), Binding and Supplying of textbooks of Secondary (Bangla & English Version), Dakhil, and Technical Class-6 to be distributed free of cost for the Academic Year 2027.","Lot wise","Package wise","Package wise","2500","Payment through Bank","05-Mar-2027","05-Mar-2027","623","For Printing (with paper), Binding and Supplying  of textbooks of Secondary (Bangla & English Version), Dakhil, and Technical Class-6 to be  distributed free of cost for the Academic Year 2027.","As Per Delivery Schedule","450000","06-Oct-2026","26-Nov-2026","Mohammad Abu Nasher Tuku","Member (Textbook)","Address :  69-70, Motijheel, C/A, Dhaka-1000 City : Dhaka Thana : Dhaka South City Corporation District : Dhaka - 1000 Country : Bangladesh","69-70, Motijheel, C/A, Dhaka-1000","Dhaka","Dhaka South City Corporation","Dhaka - 1000","02-9550805","","15411120.00, OTM","https://www.eprocure.gov.bd/resources/common/ViewTender.jsp?id=1323211"
"Ministry of Education","Secondary and Higher Education Division","National Curriculum and textbook Board (NCTB)","Member (Textbook), NCTB","","Dhaka","Goods","NCT","TENDER","Tender - Single Lot","37.06.0000.303.07.008.26.1872","225442","1323187","Open Tendering Method (OTM)","Revenue","Government","Not applicable","Not applicable","2027.GD.EBT.1-5.2017 For Printing (with paper), Binding and Supplying  of textbooks of Ebtedayee 1, 2, 3, 4 & 5 to be  distributed free of cost for the Academic Year 2027.","Various types of printed matter and articles for printing; Printing, publishing and related services;Printed books, brochures and leaflets;Printed books;Publications;Directories;Leaflets;Brochures;Booklets;Newspapers, journals, periodicals and magazines;Newspapers;Postcards, greeting cards and other printed matter;Postcards;Greeting cards;Stamps, cheque forms, banknotes, stock certificates, trade advertising material, catalogues and manuals;Stamps;Stamp-impressed paper;Banknotes;Cheque forms;Security-type printed matter;Trade-advertising material, commercial catalogues and manuals;Manuals;Printing plates or cylinders or other media for use in printing;Offset plates;Dry-etching equipment;Paper or paperboard registers, account books, binders, forms and other articles of printed stationery;Paper or paperboard registers;Forms;Exercise books;Albums for samples;Binders and related accessories;Printed stationery except forms;Miscellaneous printed matter;Car-tax discs;Driving licences;ID cards;Permits;Entrance cards;Bespoke printed matter;Tickets;Printing services;Printing services for books;Printing services for stationery;Printing services for security printed matter;Printing services for forms;Printing services for tickets;Printing services for calendars;Printing services for timetables;Newspaper printing services;Printing services for posters;Services related to printing;Print finishing services;Composition services;Printing and delivery services;Printing and distribution services;Publishing services;Bookbinding and finishing services;Subscription services","25-Aug-2026 16:00","07-Sep-2026 16:00","As Per TDS","For Printing (with paper), Binding and Supplying of textbooks of Ebtedayee 1, 2, 3, 4 & 5 to be distributed free of cost for the Academic Year 2027.","Lot wise","Package wise","Package wise","4000","Payment through Bank","05-Mar-2027","05-Mar-2027","2017","For Printing (with paper), Binding and Supplying  of textbooks of Ebtedayee 1, 2, 3, 4 & 5 to be  distributed free of cost for the Academic Year 2027.","As Per Delivery Schedule","580000","06-Oct-2026","26-Nov-2026","Mohammad Abu Nasher Tuku","Member (Textbook)","Address :  69-70, Motijheel, C/A, Dhaka-1000 City : Dhaka Thana : Dhaka South City Corporation District : Dhaka - 1000 Country : Bangladesh","69-70, Motijheel, C/A, Dhaka-1000","Dhaka","Dhaka South City Corporation","Dhaka - 1000","02-9550805","","22449733.54, OTM","https://www.eprocure.gov.bd/resources/common/ViewTender.jsp?id=1323187"
"Ministry of Home Affairs","","Prisons Directorate","The Inspector General of Prisons","","Dhaka","Goods","NCT","TENDER","Tender - Single Lot","47.07.0000.030.25.043.26-1097, Date: 17.08.2026","227466","1319685","Open Tendering Method (OTM)","Revenue","Government","Not applicable","Not applicable","e-Gp/PD/Jeep/2026-27 Jeep","Motor vehicles, trailers and vehicle parts;Motor vehicles;Passenger cars;Motor vehicles for the transport of 10 or more persons;Motor vehicles for the transport of goods;Heavy-duty motor vehicles;Vehicle bodies, trailers or semi-trailers;Vehicle bodies;Trailers, semi-trailers and mobile containers;Parts and accessories for vehicles and their engines;Engines and engine parts;Mechanical spare parts except engines and engine parts;Test benches;Vehicle conversion kits;Seat belts;Spare parts for goods vehicles;Spare parts for vans;Spare parts for cars;Tractor accessories;Motorcycles, bicycles and sidecars;Motorcycles;Motor scooters;Cycles with auxiliary motors;Bicycles","25-Aug-2026 16:00","10-Sep-2026 13:00","a. All the tenderers must follow the PPR-2025 rules & regulations; b. Following documents have to be submitted/uploaded; (I) The minimum of years of general experience of the Tenderer in the supply of Goods and related services as Supplier shall be 01 (One) year; (years counting backward from the date of publication of IFT in the e-GP system.) (II) The minimum specific experience as Supplier in supply of similar Goods of at least 01(One) contract successfully completed within the last 05 (Five) years with a value of at least Tk 1,20,00,000 (One Crore Twenty Lakh Only) ; (years counting backward from the date of publication of IFT in the e-gp system.) (III) The minimum amount of liquid assets i.e. working capital or credit line (s) (Form PG3-8) of the Tenderer shall be Tk 1,50,00,000; (One Crore Fifty Lakh Only); (IV) Up-to- date Valid Trade License as Supplier/Manufacturer; (V) Up-to- date Income Tax clearance certificate; (VI) Up-to- date e-Bin (13 digits) registration certificate; (VII) Manufacturer Authorization Letter or Contract deed with the Importers/ Manufacturer (if bidder is a supplier); (VIII) Certificate of incorporation (in case of limited company); (IX) Sample of Jeep/Catalogue must be submitted to the prisons Directorate as per technical specification on or before tender opening date and time;","Jeep","Lot wise","Package wise","Package wise","2500","Payment through Bank","07-Mar-2027","07-Mar-2027","1","Jeep","Prison Directorate","420000","17-Sep-2026","16-Dec-2026","MOHAMMAD FORKAN WAHID","AIG Prisons","Address : 30/3, Umesh Datta Road, Bakshibazar. City : Dhaka Thana : Dhaka South City Corporation District : Dhaka - 1211 Country : Bangladesh","30/3, Umesh Datta Road, Bakshibazar.","Dhaka","Dhaka South City Corporation","Dhaka - 1211","02-57300514","02-57300514","17000000.00, OTM","https://www.eprocure.gov.bd/resources/common/ViewTender.jsp?id=1319685"
"Ministry of Home Affairs","","Bangladesh Police","Office of the Superintendent of Police, Rangpur","00161","Rangpur","Goods","NCT","TENDER","Tender - Single Lot","Memo No-Rangpur-Tender/Ration/5995/E","225366","1318404","Open Tendering Method (OTM)","Revenue","Government","Not applicable","Not applicable","SPR/RATION/26-27/FIREWOOD/Q-2 Procurement of ""Firewood (Mango Wood) Dry (Chopped)"" for the Financial Year 2026-2027 (2nd Quarter) at District Police Lines Ration Store, Rangpur.","Wood, wood products, cork products, basketware and wickerwork;Sawn wood;Railway sleepers;Mining timber;Prepared softwood;Hardwood;Parquet;Prepared or treated wooden products;Sawdust;Wooden sheets and veneers;Wooden boards and panels;Densified wood;Builders wood joinery and carpentry;Builders wood joinery;Builders wood carpentry;Prefabricated wooden buildings;Wooden containers, pallets, boxes and other containers;Wooden containers;Wooden pallets;Articles of wood and cork;Products of wood and related articles;Articles of cork, basketware and wickerwork","25-Aug-2026 15:00","07-Sep-2026 17:00","The folowing documents must be submitted along with the submitted documents.Otherwise, the tender wil be considered as canceled. (1) Updated Income Tax Payment Certificate (2) VAT Registration Certificate (3) Valid Trade License of the company (4) Financial Solvency Certificate (5) National ID card with 01 copy of recent passport size photo (6) Ownership Certificate (7) Declaration/Agreement signed by a Gazetted Officer to the effect that the bidder is not blacklisted. (8) Renewed Agricultural Marketing License and relevant work experience certificate","1) Firewood/Jalani Khori (Mango Wood) Dry (Chopped) 2) As per the general and special terms and conditions of the agreement, the dry sawn firewood shal be supplied as per the sample firewood (mango wood) kept at the Rangpur Police lines Ration Store. The required dry sawn firewood shall be brought to the Rangpur Police lines Ration Store at its own cost and warehoused as per the work order. If the dry sawn firewood is not supplied as per the sample, legal action wil be taken including confiscation of money.","Lot wise","Package wise","Package wise","500","Payment through Bank","04-Jan-2027","04-Jan-2027","1","Procurement of ""Firewood (Mango Wood) Dry (Chopped)"" for the Financial Year 2026-2027 (2nd Quarter) at District Police Lines Ration
Store, Rangpur.","District Police Lines Ration Store, Rangpur","2500","01-Oct-2026","31-Dec-2026","Mohammad Muzammel Hoque","SP","Address : Office of the Superintendent of Police, Rangpur City : Rangpur Thana : Rangpur Sadar District : Rangpur - 5402 Country : Bangladesh","Office of the Superintendent of Police, Rangpur","Rangpur","Rangpur Sadar","Rangpur - 5402","0521-62131","0521-63434","93600.00, OTM","https://www.eprocure.gov.bd/resources/common/ViewTender.jsp?id=1318404"
"Ministry of Education","Secondary and Higher Education Division","National Curriculum and textbook Board (NCTB)","Member (Textbook), NCTB","","Dhaka","Goods","NCT","TENDER","Tender - Single Lot","37.06.0000.303.07.002.26.1873","225442","1323201","Open Tendering Method (OTM)","Revenue","Government","Not applicable","Not applicable","2027.GD.SEC.6.602 For Printing (with paper), Binding and Supplying  of textbooks of Secondary (Bangla & English Version), Dakhil, and Technical Class-6 to be  distributed free of cost for the Academic Year 2027.","Various types of printed matter and articles for printing; Printing, publishing and related services;Printed books, brochures and leaflets;Printed books;Publications;Directories;Leaflets;Brochures;Booklets;Newspapers, journals, periodicals and magazines;Newspapers;Postcards, greeting cards and other printed matter;Postcards;Greeting cards;Stamps, cheque forms, banknotes, stock certificates, trade advertising material, catalogues and manuals;Stamps;Stamp-impressed paper;Banknotes;Cheque forms;Security-type printed matter;Trade-advertising material, commercial catalogues and manuals;Manuals;Printing plates or cylinders or other media for use in printing;Offset plates;Dry-etching equipment;Paper or paperboard registers, account books, binders, forms and other articles of printed stationery;Paper or paperboard registers;Forms;Exercise books;Albums for samples;Binders and related accessories;Printed stationery except forms;Miscellaneous printed matter;Car-tax discs;Driving licences;ID cards;Permits;Entrance cards;Bespoke printed matter;Tickets;Printing services;Printing services for books;Printing services for stationery;Printing services for security printed matter;Printing services for forms;Printing services for tickets;Printing services for calendars;Printing services for timetables;Newspaper printing services;Printing services for posters;Services related to printing;Print finishing services;Composition services;Printing and delivery services;Printing and distribution services;Publishing services;Bookbinding and finishing services;Subscription services","25-Aug-2026 16:00","07-Sep-2026 16:00","As Per TDS","For Printing (with paper), Binding and Supplying of textbooks of Secondary (Bangla & English Version), Dakhil, and Technical Class-6 to be distributed free of cost for the Academic Year 2027.","Lot wise","Package wise","Package wise","4000","Payment through Bank","05-Mar-2027","05-Mar-2027","602","For Printing (with paper), Binding and Supplying  of textbooks of Secondary (Bangla & English Version), Dakhil, and Technical Class-6 to be  distributed free of cost for the Academic Year 2027.","As Per Delevery Schedule","490000","06-Oct-2026","26-Nov-2026","Mohammad Abu Nasher Tuku","Member (Textbook)","Address :  69-70, Motijheel, C/A, Dhaka-1000 City : Dhaka Thana : Dhaka South City Corporation District : Dhaka - 1000 Country : Bangladesh","69-70, Motijheel, C/A, Dhaka-1000","Dhaka","Dhaka South City Corporation","Dhaka - 1000","02-9550805","","Not Found","https://www.eprocure.gov.bd/resources/common/ViewTender.jsp?id=1323201"
"Ministry of Home Affairs","","Bangladesh Ansar & Village Defence Party","Provision Branch","","Dhaka","Goods","NCT","TENDER","Tender - Single Lot","44.03.0000.017.07.052.2026","226299","1323163","Open Tendering Method (OTM)","Revenue","Government","Not applicable","Not applicable","ET-Pro-2026-Furniture-01-A The Procurement of Steel Almirah.","Manufactured goods, furniture, handicrafts, special-purpose products and associated consumables; Furniture; Jewellery and related articles; Musical instruments and parts; Sports goods and equipment; Games and toys; fairground amusements; Miscellaneous manufactured and other goods; Consumables and consumer goods; Handicraft and art supplies; Special-purpose product;Seats, chairs and associated parts;Non-domestic furniture;Domestic furniture;Miscellaneous furniture and equipment;School furniture;Coins and medals;Articles of jewellery;Musical instruments;Parts and accessories of musical instruments;Outdoor sports equipment;Gymnasium equipment;Dolls;Toys;Articles for funfair, table or parlour games;Laundry supplies;School slates or boards with writing or drawing surfaces;Artificial products;Apparatus and equipment designed for demonstrational purposes;Umbrellas and sunshades; walking sticks and seat sticks;Funeral supplies;Kitchen equipment, household items and catering supplies;Barracks supplies;Consumables;Tax-free goods;Disposable goods;Handicraft supplies;Art supplies;Police equipment;Recycled products;Security devices;Animal ear tags;Compost boxes;Tokens;Spray booths;Snow poles","25-Aug-2026 15:55","06-Sep-2026 16:00","All the tenderer must follow the PPR-2025 rules & regulation. The Tenderer shall have a minimum 3(two) years of overall experience in the supply of goods & related items. The Tenderer shall have a minimum 1(one) year of specific experience in the supply of similar goods and related services. The minimum supply value of similar goods under a single contract in the last five years is Tk. 44 Lac by the tenderer. The minimum amount of liquid assets i.e. working capital or credit line(s), net of other contractual commitments is Tk. 50 Lac. Sample of 01 piece must be submitted to the PE Office as per approved sample on or before the tender opening date and time. The Supplier should either be a manufacturer, producing not less than 1700 piece per year or would have to furnish a certificate from the manufacturer that his firm’s production is not less than 1700 piece per year. Certificate should shown in every case. Note: Lab test (pre and post) fee has to be paid by the tenderer. Test fee must be submitted to the PE Office before the tender opening date and time. Otherwise, the tender will be considered non-responsive. PE reserves the right to define the test criteria.","The Procurement of Steel Almirah.","Lot wise","Package wise","Package wise","2500","Payment through Bank","04-Dec-2026","04-Dec-2026","1","The Procurement of Steel Almirah.","central store ansar and vdp academy shafipur gazipur","150000","13-Sep-2026","12-Nov-2026","MD. ASHRAFUL ISLAM","Director (Admin-Q)","Address : Ansar & VDP HQ, Khilgaon, Dhaka City : Dhaka Thana : Dhaka South City Corporation District : Dhaka - 1219 Country : Bangladesh","Ansar & VDP HQ, Khilgaon, Dhaka","Dhaka","Dhaka South City Corporation","Dhaka - 1219","02-55120967","","6300000.00, OTM","https://www.eprocure.gov.bd/resources/common/ViewTender.jsp?id=1323163"
"Ministry of Education","Secondary and Higher Education Division","National Curriculum and textbook Board (NCTB)","Member (Textbook), NCTB","","Dhaka","Goods","NCT","TENDER","Tender - Single Lot","37.06.0000.303.07.005.26.1878","225442","1323226","Open Tendering Method (OTM)","Revenue","Government","Not applicable","Not applicable","2027.GD.SEC.7.713 For Printing (with paper), Binding and Supplying  of textbooks of Secondary (Bangla & English Version), Dakhil and Technical Class-7  to be  distributed free of cost for the Academic Year 2027","Various types of printed matter and articles for printing; Printing, publishing and related services;Printed books, brochures and leaflets;Printed books;Publications;Directories;Leaflets;Brochures;Booklets;Newspapers, journals, periodicals and magazines;Newspapers;Postcards, greeting cards and other printed matter;Postcards;Greeting cards;Stamps, cheque forms, banknotes, stock certificates, trade advertising material, catalogues and manuals;Stamps;Stamp-impressed paper;Banknotes;Cheque forms;Security-type printed matter;Trade-advertising material, commercial catalogues and manuals;Manuals;Printing plates or cylinders or other media for use in printing;Offset plates;Dry-etching equipment;Paper or paperboard registers, account books, binders, forms and other articles of printed stationery;Paper or paperboard registers;Forms;Exercise books;Albums for samples;Binders and related accessories;Printed stationery except forms;Miscellaneous printed matter;Car-tax discs;Driving licences;ID cards;Permits;Entrance cards;Bespoke printed matter;Tickets;Printing services;Printing services for books;Printing services for stationery;Printing services for security printed matter;Printing services for forms;Printing services for tickets;Printing services for calendars;Printing services for timetables;Newspaper printing services;Printing services for posters;Services related to printing;Print finishing services;Composition services;Printing and delivery services;Printing and distribution services;Publishing services;Bookbinding and finishing services;Subscription services","25-Aug-2026 16:21","07-Sep-2026 17:00","As per TDS","For Printing (with paper), Binding and Supplying of textbooks of Secondary (Bangla & English Version), Dakhil, and Technical Class-7 to be distributed free of cost for the Academic Year 2027.","Lot wise","Package wise","Package wise","4000","Payment through Bank","05-Mar-2027","05-Mar-2027","713","For Printing (with paper), Binding and Supplying  of textbooks of Secondary (Bangla & English Version), Dakhil and Technical Class-7  to be  distributed free of cost for the Academic Year 2027","As per Delivery Schedule","580000","06-Oct-2026","26-Nov-2026","Mohammad Abu Nasher Tuku","Member (Textbook)","Address :  69-70, Motijheel, C/A, Dhaka-1000 City : Dhaka Thana : Dhaka South City Corporation District : Dhaka - 1000 Country : Bangladesh","69-70, Motijheel, C/A, Dhaka-1000","Dhaka","Dhaka South City Corporation","Dhaka - 1000","02-9550805","","21938555.00, OTM","https://www.eprocure.gov.bd/resources/common/ViewTender.jsp?id=1323226"
"Ministry of Agriculture","","Bangladesh Rice Research Institute","BRRI Procurement Cell","","Gazipur","Goods","NCT","TENDER","Tender - Single Lot","12.22.0000.000.034.24.0002.19.20","229412","1323495","Open Tendering Method (OTM)","Revenue","Government","Not applicable","Not applicable","12.22.0000.000.034.24.0002.19.20 Printing of BRRI Annual Report 2025-2026","Various types of printed matter and articles for printing;Printed books, brochures and leaflets;Printed books;Publications;Directories;Leaflets;Brochures;Booklets;Newspapers, journals, periodicals and magazines;Newspapers;Postcards, greeting cards and other printed matter;Postcards;Greeting cards;Stamps, cheque forms, banknotes, stock certificates, trade advertising material, catalogues and manuals;Stamps;Stamp-impressed paper;Banknotes;Cheque forms;Security-type printed matter;Trade-advertising material, commercial catalogues and manuals;Manuals;Printing plates or cylinders or other media for use in printing;Offset plates;Dry-etching equipment;Paper or paperboard registers, account books, binders, forms and other articles of printed stationery;Paper or paperboard registers;Forms;Exercise books;Albums for samples;Binders and related accessories;Printed stationery except forms;Miscellaneous printed matter;Car-tax discs;Driving licences;ID cards;Permits;Entrance cards;Bespoke printed matter;Tickets","25-Aug-2026 15:30","13-Sep-2026 14:40","Will have latest documents related to 1. Update and Valid Trade license (Trade License & Business Type must be Related); 2. Value Added Tax (VAT)/BIN Registration Certificate; 3. TIN Certificate with Update Tax Payer Certificate; 4. General supply experience Certificate/Document in Govt. Organization. 5. Relevant/Similar & Specific Experience of Supply of goods amount BDT 1.4 lakh in one contract last 3 years 6. Sufficient liquid assets/financial solvency Certificate/credit line facilities (use CPTU prescribed format).","Printing of BRRI Annual Report 2025-2026","Lot wise","Package wise","Package wise","500","Payment through Bank","08-Feb-2027","08-Feb-2027","1","Printing of BRRI Annual Report 2025-2026","at BRRI HQ Gazipur","5500","17-Sep-2026","30-Jun-2027","Muhammad Aminur Rashid","Assistant Director(Procurement)","Address : BRRI Gazipur 1701. City : Gazipur Thana : Gazipur Sadar District : Gazipur - 1701 Country : Bangladesh","BRRI Gazipur 1701.","Gazipur","Gazipur Sadar","Gazipur - 1701","02-9264059","","210000.00, OTM","https://www.eprocure.gov.bd/resources/common/ViewTender.jsp?id=1323495"
"Ministry of Road Transport and Bridges","Road Transport and Highways Division","Roads & Highways Department (RHD)","Sariatpur Road Division","sari001","Shariatpur","Works","NCT","TENDER","Tender - Single Lot","e-GP-04/EE/SRD of 2026-2027.","229289","1321135","Open Tendering Method (OTM)","Revenue","Government","Not applicable","Not applicable","e-GP-04/EE/SRD of 2026-2027. Pavement Maintenance work by Base Type-I & 40mm DBS (Wearing Course) of Shariatpur-Janjira-Kawrakandi (Khathalbari) (R-863) at 11th (P) & 12th (P) km Road under Shariatpur Road Division, during the year-2026-2027.","Repair, maintenance and associated services related to roads and other equipment; Repair, maintenance and associated services related to aircraft, railways, roads and marine equipment;","25-Aug-2026 18:00","09-Sep-2026 16:00","Any person or firm having enlistment in the e-GP system of BPPA and complying with the requirement of TDS are eligible to participate in the tender.","Pavement Maintenance work by Base Type-I & 40mm DBS (Wearing Course) of Shariatpur-Janjira-Kawrakandi (Khathalbari) (R-863) at 11th (P) & 12th (P) km Road under Shariatpur Road Division.","Lot wise","Package wise","Package wise","2500","Payment through Bank","05-Feb-2027","05-Feb-2027","01","Pavement Maintenance work by Base Type-I & 40mm DBS (Wearing Course) of Shariatpur-Janjira-Kawrakandi (Khathalbari) (R-863) at 11th (P) & 12th (P) km Road under Shariatpur Road Division, during the year-2026-2027.","Shariatpur-Janjira-Kawrakandi Khathalbari R-863","200000","01-Oct-2026","30-Nov-2026","Sheikh Nabil Hossain","Executive Engineer","Address : Sariatpur Road Division, Sarak Bhaban, Sariatpur City : Sariatpur Thana : Shariatpur Sadar District : Shariatpur - 0000 Country : Bangladesh","Sariatpur Road Division, Sarak Bhaban, Sariatpur","Sariatpur","Shariatpur Sadar","Shariatpur - 0000","0601-55406","","Not Found","https://www.eprocure.gov.bd/resources/common/ViewTender.jsp?id=1321135"
"Ministry of Agriculture","","Barind Multipurpose Development Authority (BMDA)","Planning Section, BMDA, Head Office, Rajshahi","","Rajshahi","Services","NCT","REOI","","","227471","1323229","Selection under a Fixed Budget (SFB)","Own Fund","Own Fund","Not applicable","Not applicable","BMDA/Plan/Service-001/2026-27 Feasibility Study for the Integrated Agricultural Development in Rajshahi and Rangpur division.","Research and development services and related consultancy services.; Research and experimental development services; Research and development consultancy services; Design and execution of research and development;Research services;Experimental development services;Research consultancy services;Development consultancy services","25-Aug-2026 17:00","","1. Tenderer shall have update trade license, VAT/BIN Certificate upto 2024-25, Up to date TAX clearence Certificate upto 2024-25. 2. The consulting firm/JV firm(s) must have at least 10 (ten) years of experience in feasibility study, integrated water resources management, hydrological and hydrogeological study, mathematical modelling, irrigation planning, and agricultural development projects. 3. The Consulting Firm must have permanent and skilled professionals for Team Leader, Senior Groundwater Management Expert, Hydrogeologist, Senior Hydrologist, Surface Water Management Expert, Senior Irrigation Engineer, Agriculturist, GIS and Remote Sensing Specialist, Agricultural Mechanization specialist, Agricultural Economies, IOT and Database Management specialist, Design Engineer, Data Analyst, Economist, Water Resources Modeling Specialist, Solar Energy Specialist,  and other professionals as mentioned in the ToR. 4. The firm(s) must have successfully completed at least 10 similar projects, including at least 6 projects for Government of Bangladesh (GoB) among them at least 2 (two) projects in Barind region. 5. Among the completion experience certificate must have one contract value of at least BDT 1 (one) crore. 6. Must have audit report for the previous 03 (three) years and the audit report must reflect the average yearly turnover of the firm at least BDT 3 (three) crore. 7. Must have minimum BDT 1 (one) crore as liquid assets (certificate or proof on availability of liquid assets or fund availability, must be issued 03 (three) months from the date of EOI submission by the concern authority) 8. Interested firms(s) may form Joint Venture, Consortium or Association (JVCA) with other local firms to enhance their qualification and experience","Feasibility Study for the Integrated Irrigation and Agricultural Development Project in Barind Region.","Package wise","","","","","","","","","All upazilla's of Rajshahi & Rangpur Division","","25-Oct-2026","18-Feb-2027","Md. Abdul Latif","Superintending Engineer","Address : BMDA, Head Office, Rajshahi City : Rajshahi Thana : Rajshahi City Corporation District : Rajshahi - 6000 Country : Bangladesh","BMDA, Head Office, Rajshahi","Rajshahi","Rajshahi City Corporation","Rajshahi - 6000","0721-761754","","Not Found","https://www.eprocure.gov.bd/resources/common/ViewTender.jsp?id=1323229"
"Ministry of Home Affairs","","Bangladesh Police","Logistics Division, Dhaka Metropolitan Police, Dhaka","10003","Dhaka","Goods","NCT","TENDER","Tender - Single Lot","02/DMP/Logistics/RS/2026-2027/02","224308","1323639","Open Tendering Method (OTM)","Revenue","Government","Not applicable","Not applicable","02/DMP/Logistics/RS/2026-2027/02 Edible Oil","Food products and beverages;Animal products, meat and meat products;Meat;Animal wool, hides and skins;Meat products;Prepared and preserved fish;Fish fillets, fish livers and roe;Frozen fish, fish fillets and other fish meat;Dried or salted fish; fish in brine; smoked fish;Canned or tinned fish and other prepared or preserved fish;Seafood;Fruit, vegetables and related products;Potatoes and potato products;Fruit and vegetable juices;Fruit and vegetables;Animal or vegetable oils and fats;Crude animal or vegetable oils and fats;Refined oils and fats;Edible fats;Dairy products;Milk and cream;Butter;Cheese products;Assorted dairy products;Grain mill products, starches and starch products;Grain mill products;Starches and starch products;Animal feedstuffs;Prepared animal feeds for farm and other animals;Miscellaneous food products;Bread products, fresh pastry goods and cakes;Rusks and biscuits; preserved pastry goods and cakes;Sugar and related products;Cocoa; chocolate and sugar confectionery;Pasta products;Coffee, tea and related products;Condiments and seasonings;Special nutritional products;Miscellaneous food products n.e.c. and dried goods;Beverages;Distilled alcoholic beverages;Wines;Cider and other fruit wines;Non-distilled fermented beverages;Malt beer;Non-alcoholic beverages","25-Aug-2026 17:00","08-Sep-2026 17:00","(i) Copies of valid Trade license for 2025-2026 fiscal year. (ii) Bank solvency certificate. (iii) Income tax clearance certificate (2024-2025) (iv) Up to date VAT registration certificate & TIN Certificate. (v) Manufacturer Authorization Letter. (vi) 80% Liquid Asset of total price according to Form-8 of PG-3. (vii) National ID Card with one copy PP size color Photograph. (viii) Three years Experiences Certificate similar works. ** Tenderer must be submited 2 Liter Sample on opening date before opening time.","Edible Oil","Lot wise","Package wise","Package wise","5000","Payment through Bank","04-Feb-2027","04-Feb-2027","02","Edible Oil","Logistics Division, Dhaka Metropolitan Police, Dhaka","4500000","15-Sep-2026","30-Sep-2026","MD. RABIUL HASAN","Deputy Police Commissioner","Address : Logistics Division, Dhaka Metropolitan Police, Dhaka City : Dhaka Thana : Dhaka South City Corporation District : Dhaka - 1000 Country : Bangladesh","Logistics Division, Dhaka Metropolitan Police, Dhaka","Dhaka","Dhaka South City Corporation","Dhaka - 1000","02-9338592","","Not Found","https://www.eprocure.gov.bd/resources/common/ViewTender.jsp?id=1323639"
"Ministry of Road Transport and Bridges","Road Transport and Highways Division","Roads & Highways Department (RHD)","Panchagarh Road Division","pan001","Panchagarh","Works","NCT","TENDER","Tender - Single Lot","e-GP-01/OTM/EE/PRD/PMP-Major- Road/2026-2027","230191","1318789","Open Tendering Method (OTM)","Revenue","Government","Not applicable","Not applicable","e-GP-01/OTM/EE/PRD/PMP-Major- Road/2026-2027 Periodic Maintenance by DBS Surfacing work at Ch:454+765(satkhamar) to 460+180 km(Monnapara) of Dhaka(Mirpur)-Utholi-Paturia-Notakhola-Kashinathpur-Bogura-Rangpur-Beldanga-Banglabandha(N-5) (Panchagarh portion) Road under Road Division Panchagarh during the year 2026-2027.","Engineering works and construction works; Works for complete or part construction and civil engineering work;","25-Aug-2026 16:00","20-Sep-2026 17:00","As Per TDS & ITT.","Periodic Maintenance by DBS Surfacing work at Ch:454+765(satkhamar) to 460+180 km(Monnapara) of Dhaka(Mirpur)-Utholi-Paturia-Notakhola-Kashinathpur-Bogura-Rangpur-Beldanga-Banglabandha(N-5) (Panchagarh portion) Road under Road Division Panchagarh during the year 2026-2027.","Lot wise","Package wise","Package wise","5000","Payment through Bank","16-Feb-2027","16-Feb-2027","01","Periodic Maintenance by DBS Surfacing work at Ch:454+765(satkhamar) to 460+180 km(Monnapara) of Dhaka(Mirpur)-Utholi-Paturia-Notakhola-Kashinathpur-Bogura-Rangpur-Beldanga-Banglabandha(N-5) (Panchagarh portion) Road under Road Division Panchagarh during the year 2026-2027","At 455th P Km to 461th P km N 5 Road","5000000","15-Nov-2026","12-Aug-2027","Partha Sarkar","Executive Engineer","Address : Panchagarh Road Division, Sarak Bhaban, Panchagarh City : Panchagarh Thana : Sadar District : Panchagarh - 0000 Country : Bangladesh","Panchagarh Road Division, Sarak Bhaban, Panchagarh","Panchagarh","Sadar","Panchagarh - 0000","0568-61205","","Not Found","https://www.eprocure.gov.bd/resources/common/ViewTender.jsp?id=1318789"
"Ministry of Home Affairs","","Bangladesh Police","Office of the Superintendent of Police, Rangpur","00161","Rangpur","Goods","NCT","TENDER","Tender - Single Lot","Memo No-Rangpur-Tender/Ration/5995/E","225366","1318556","Open Tendering Method (OTM)","Revenue","Government","Not applicable","Not applicable","SPR/RATION/26-27/WHEAT-GRINDING/Q-2 Tender for the supply of high quality white flour by grinding wheat for the Financial Year 2026-2027(2nd Quarter) at District Police Lines Ration Store, Rangpur.","Food products and beverages;Animal products, meat and meat products;Meat;Animal wool, hides and skins;Meat products;Prepared and preserved fish;Fish fillets, fish livers and roe;Frozen fish, fish fillets and other fish meat;Dried or salted fish; fish in brine; smoked fish;Canned or tinned fish and other prepared or preserved fish;Seafood;Fruit, vegetables and related products;Potatoes and potato products;Fruit and vegetable juices;Fruit and vegetables;Animal or vegetable oils and fats;Crude animal or vegetable oils and fats;Refined oils and fats;Edible fats;Dairy products;Milk and cream;Butter;Cheese products;Assorted dairy products;Grain mill products, starches and starch products;Grain mill products;Starches and starch products;Animal feedstuffs;Prepared animal feeds for farm and other animals;Miscellaneous food products;Bread products, fresh pastry goods and cakes;Rusks and biscuits; preserved pastry goods and cakes;Sugar and related products;Cocoa; chocolate and sugar confectionery;Pasta products;Coffee, tea and related products;Condiments and seasonings;Special nutritional products;Miscellaneous food products n.e.c. and dried goods;Beverages;Distilled alcoholic beverages;Wines;Cider and other fruit wines;Non-distilled fermented beverages;Malt beer;Non-alcoholic beverages","25-Aug-2026 15:00","07-Sep-2026 17:00","The folowing documents must be submitted along with the submitted documents. Otherwise, the tender wil be considered as canceled. 1) Updated Income Tax Payment Certificate 2) VAT Registration Certificate 3) Valid Trade License of the company 4) Financial Solvency Certificate 5) National ID card with 01 copy of recent passport size photo 6) Ownership Certificate 7) Declaration/Agreement signed by a Gazetted Officer to the effect that the bidder is not blacklisted 8) Renewed Agricultural Marketing License and relevant work experience certificate. 9) Must have a wheat grinding mil or submit a contract with the mil owner with location/address of the mil along with al supporting documents. 10) For warehousing the monthly alotted wheat, the bidder must have a secure warehouse adjacent to the mil with a capacity of 80 MT. 11) Sample of Wheat Flour (Ata) must be submitted to Police Ration Store,Rangpur before the opening of the tender.","1) High quality white flour by grinding wheat 2) As per the instructions of the Police Headquarters, the flour must be packaged in high-quality transparent polypacks of 2 kg and 5 kg (market standard) and the weight of the product, date of production and expiry date must be clearly mentioned on the package. 3) The wheat alocated each month, the transport contractor wil transport it to the mil by himself, and after grinding the wheat, the transport contractor wil be responsible for transporting the miled flour to the police ration store at his own expense and storing it in the warehouse. 4) The wheat bags supplied from the government warehouse must be deposited in the ration store along with the delivery invoice. 5) Before grinding wheat, it must be thoroughly cleaned, including hulering. 6) Sample of Wheat Flour (Ata) must be submitted to Police Ration Store,Rangpur before the opening of the tender.","Lot wise","Package wise","Package wise","1500","Payment through Bank","04-Jan-2027","04-Jan-2027","1","Tender for the supply of high quality white flour by grinding wheat for the Financial Year 2026-2027(2nd Quarter) at District Police Lines Ration Store, Rangpur.","District Police Lines Ration Store, Rangpur","85000","01-Oct-2026","31-Dec-2026","Mohammad Muzammel Hoque","SP","Address : Office of the Superintendent of Police, Rangpur City : Rangpur Thana : Rangpur Sadar District : Rangpur - 5402 Country : Bangladesh","Office of the Superintendent of Police, Rangpur","Rangpur","Rangpur Sadar","Rangpur - 5402","0521-62131","0521-63434","2940000.00, OTM","https://www.eprocure.gov.bd/resources/common/ViewTender.jsp?id=1318556"
"Ministry of Housing and Public Works","","Public Works Department (PWD)","Sunamganj PWD Division","","Sunamganj","Works","NCT","TENDER","Tender - Single Lot","ace/syl/25.36.9100.008.14.098.26-39(2), D04/08/26","229752","1323490","Open Tendering Method (OTM)","Revenue","Government","Not applicable","Not applicable","PWD/Sunam/NSI/2026-27/002 Construction of Boundary Wall for District NSI Office Building at Sunamganj.","Construction work;Site preparation work;Building demolition and wrecking work and earthmoving work;Test drilling and boring work;Works for complete or part construction and civil engineering work;Building construction work;Engineering works and construction works;Construction work for pipelines, communication and power lines, for highways, roads, airfields and railways; flatwork;Construction work for water projects;Construction works for plants, mining and manufacturing and for buildings relating to the oil and gas industry;Roof works and other special trade construction works;Building installation work;Electrical installation work;Insulation work;Plumbing and sanitary works;Fencing, railing and safety equipment installation work;Mechanical installations;Building completion work;Plastering work;Joinery and carpentry installation work;Floor and wall covering work;Painting and glazing work;Other building completion work;Hire of construction and civil engineering machinery and equipment with operator;Hire of cranes with operator;Hire of earthmoving equipment with operator","25-Aug-2026 15:05","10-Sep-2026 11:00","This invitation for Tender is open to all eligible tenderers as mentioned below: 1. The minimum number of years of general experience of the Tenderer in the construction works as Prime Contractor, Subcontractor or Management Contractor shall be 05 (Five) years. 2. The minimum specific experience as Prime Contractor, Subcontractor or Management Contractor in construction of similar nature works successfully completed within the last 05 (five) years with a value of at least Tk. 90.00 (Ninety) Lac in a single contract under public sector of Bangladesh. 3. The required average annual construction turnover shall be greater than Tk. 150.00 (One Hundred & Fifty) Lac in the last 5 (Five) years. Payment certificates for contract in progress or completed under public sector during last 5 (five) years must be submitted along with the tender in support of average annual construction turnover. 4. The minimum amount of liquid assets of the tenderer shall be Tk. 75.00 (Seventy Five) Lac in the form of a letter of commitment for bank's undertaking for line of credit (Form e-PW2A-8) without alteration issued in between IFT publication date & opening date. 5. The Tender Capacity is Tk. 105.00 (One Hundred & Five) Lac. Supporting document must be submitted along with information as per enclosed form (ongoing works/commitments). 6. Up-to-date valid ABC category Contractor and Electrical Supervisory License (FY 2026-27). 7. The intending Tenderer must enclose valid VAT & TIN Registration Certificate, up-to-date valid Trade License and up-to-date valid Income Tax Clearance Certificate. All other conditions as mentioned in e-TDS & PCC of e-tender documents must be fulfilled.","Construction of Boundary Wall for District NSI Office Building at Sunamganj.","Lot wise","Package wise","Package wise","2500","Payment through Bank","05-Feb-2027","05-Feb-2027","1","Construction of Boundary Wall for District NSI Office Building at Sunamganj.","Sunamganj","360000","25-Oct-2026","25-Apr-2027","Molla Rabiul Islam","Executive Engineer","Address : Sunamganj PWD Division ,Sunamganj City : Sunamganj Thana : Sunamganj Sadar District : Sunamganj - 3000 Country : Bangladesh","Sunamganj PWD Division ,Sunamganj","Sunamganj","Sunamganj Sadar","Sunamganj - 3000","0871-61431","","15099500.00, OTM","https://www.eprocure.gov.bd/resources/common/ViewTender.jsp?id=1323490"
"Ministry of Agriculture","","Department of Agricultural Extension (DAE)","Agriculture Development Project for Rajshahi Division through the Expansion of Modern Technology","","Dhaka","Works","NCT","TENDER","Tender - Single Lot","12.02.0000.935.07.015.21-4619","229132","1316566","Open Tendering Method (OTM)","Development","Government","224316900","Agriculture Development Project for Rajshahi Division through the Expansion of Modern Technology","WD/DAE-12 Constructtion of New Polynet House","Construction work; Site preparation work; Works for complete or part construction and civil engineering work; Building installation work; Building completion work; Hire of construction and civil engineering machinery and equipment with operator;Building demolition and wrecking work and earthmoving work;Test drilling and boring work;Building construction work;Engineering works and construction works;Construction work for pipelines, communication and power lines, for highways, roads, airfields and railways; flatwork;Construction work for water projects;Construction works for plants, mining and manufacturing and for buildings relating to the oil and gas industry;Roof works and other special trade construction works;Electrical installation work;Insulation work;Plumbing and sanitary works;Fencing, railing and safety equipment installation work;Mechanical installations;Plastering work;Joinery and carpentry installation work;Floor and wall covering work;Painting and glazing work;Other building completion work;Hire of cranes with operator;Hire of earthmoving equipment with operator","25-Aug-2026 16:00","08-Sep-2026 14:00","As per TDS","Constructtion of New Polynet House","Lot wise","Package wise","Package wise","2500","Payment through Bank","04-Jan-2027","04-Jan-2027","1","Constructtion of New Polynet House","8 (Eight) Horticulture Centres of Rajshahi Division and ATI, Ishwardi, Pabna","550000","01-Oct-2026","17-Jun-2027","S. M. Hasanuzzaman","Project Director","Address : Room no.725
1st building
6th floor
Department of Agriculture Extension Khamarbari Farmgate
Dhaka-1215 City : Dhaka Thana : Dhaka North City Corporation District : Dhaka - 1215 Country : Bangladesh","","Dhaka","Dhaka North City Corporation","Dhaka - 1215","02-550282717","","19683000.00, OTM","https://www.eprocure.gov.bd/resources/common/ViewTender.jsp?id=1316566"
"Ministry of Local Government","Rural Development and Co-operatives","Department of Public Health Engineering (DPHE)","Office of the Executive Engineer,DPHE,Gopalganj","","Gopalganj","Works","NCT","TENDER","Tender - Single Lot","46.03.3500.061.07.035.26-652 Date: 06/08/2026","227731","1315588","Open Tendering Method (OTM)","Development","Government","224415000","Rural Sanitation Project.","WDTPL-74. Construction of 1389 nos.Twin Pit Latrine at Gopalganj Sadar upazila in Gopalganj District under Rural Sanitation Project FY 2025-2026","Construction work;Site preparation work;Building demolition and wrecking work and earthmoving work;Test drilling and boring work;Works for complete or part construction and civil engineering work;Building construction work;Engineering works and construction works;Construction work for pipelines, communication and power lines, for highways, roads, airfields and railways; flatwork;Construction work for water projects;Construction works for plants, mining and manufacturing and for buildings relating to the oil and gas industry;Roof works and other special trade construction works;Building installation work;Electrical installation work;Insulation work;Plumbing and sanitary works;Fencing, railing and safety equipment installation work;Mechanical installations;Building completion work;Plastering work;Joinery and carpentry installation work;Floor and wall covering work;Painting and glazing work;Other building completion work;Hire of construction and civil engineering machinery and equipment with operator;Hire of cranes with operator;Hire of earthmoving equipment with operator","25-Aug-2026 15:00","15-Sep-2026 15:00","As per TDS","Construction of 1389 nos.Twin Pit Latrine at Gopalganj Sadar upazila in Gopalganj District under Rural Sanitation Project FY 2025-2026","Lot wise","Package wise","Package wise","4000","Payment through Bank","11-Feb-2027","11-Feb-2027","n/a","Construction of 1389 nos.Twin Pit Latrine at Gopalganj Sadar upazila in Gopalganj District under Rural Sanitation Project FY 2025-2026","Sadar","2400000","01-Oct-2026","30-Mar-2028","Md. Fayez Ahmed","Executive Engineer","Address : Office of the Executive Engineer,DPHE,Gopalganj City : Gopalganj Thana : Gopalganj Sadar District : Gopalganj - 8100 Country : Bangladesh","Office of the Executive Engineer,DPHE,Gopalganj","Gopalganj","Gopalganj Sadar","Gopalganj - 8100","02-6685590","","88893000.00, OTM","https://www.eprocure.gov.bd/resources/common/ViewTender.jsp?id=1315588"
"Ministry of Industries","","Bangladesh Industrial Technical Assistance Center (BITAC)","BITAC, Establishment of six centers project.","","Dhaka","Goods","ICT","TENDER","Tender - Single Lot","36.06.0000.000.025.07.0001.25 (09)","228044","1320009","Open Tendering Method (OTM)","Development","Government","224352900","Establishment of 6 (Six) Center's of BITAC in Gopalganj, Sunamganj, Barishal, Rangpur, Jamalpur and Jashore Districts.","SIXBITACPROJECT.PUR.2026-2027 GD-18  Package-1 Procurement of Equipment for Industrial Automation (BITAC Gopalganj)","Machinery, equipment, appliances, apparatus and associated products;Machinery for the production and use of mechanical power;Turbines and motors;Pumps and compressors;Taps, cocks, valves and similar appliances;Gears, gearing and driving elements;General-purpose machinery;Industrial or laboratory furnaces, incinerators and ovens;Lifting and handling equipment and parts;Cooling and ventilation equipment;Miscellaneous general-purpose machinery;Agricultural, horticultural and forestry machinery;Agricultural and forestry machinery for soil preparation or cultivation;Harvesting machinery;Spraying machinery for agriculture or horticulture;Self-loading or unloading trailers and semi-trailers for agriculture;Specialist agricultural or forestry machinery;Tractors;Parts of agricultural and forestry machinery;Machine tools;Machine tools operated by laser and machining centres;Lathes, boring and milling machine tools;Metal-working machine tools;Machine tools for working hard materials except metals;Pneumatic or motorised hand tools;Soldering, brazing and welding tools, surface tempering and hot-spraying machines and equipment;Parts and accessories of machine tools;Special-purpose machinery and parts;Machinery for metallurgy and associated parts;Machinery for mining, quarrying and construction;Machinery for food, beverage and tobacco processing and associated parts;Machinery for textile, apparel and leather production;Machinery for paper or paperboard production;Miscellaneous special-purpose machinery;Weapons, ammunition and associated parts;Motorised tanks and armoured fighting vehicles;Military weapons;Firearms;Ammunition;Parts of military weapons;Truncheons or night sticks;Domestic appliances;Electrical domestic appliances;Non-electric domestic appliances;Miscellaneous equipment;Transport related equipment;Workshop equipment;Construction equipment;Catering equipment;Emergency and security equipment;Technical equipment;Miscellaneous equipment n.e.c.","25-Aug-2026 15:45","07-Oct-2026 11:00","The Tenderer shall submit with its Tender the following additional documents: a. Updated trade licence b. updated Income-TAX payment certificate c. VAT registration certificate d. Bank solvency certificate e) Maintenance Agreement: The Tenderer must submit a duly signed Maintenance Agreement stating that the purchaser will receive free-of-cost servicing for a period of One (01) years following the expiration of the standard warranty period. f) Authorization Certificate from OEM (Item No: 1, 2,3,4,5, 6,7,8,9,10,11,12,13,14,15,16,17,20,21,22,23,24,25,26 and 27) must be forwarded the official email to the purchaser on or before opening of the tender. Hard copy must be submitted with the tender documents.","Procurement of Equipment for Industrial Automation","Lot wise","Package wise","Package wise","12000","Payment through Bank","04-Mar-2027","04-Mar-2027","01","Procurement of Equipment for Industrial Automation (BITAC Gopalganj)","BITAC- BITAC- Gopalganj, Gobra, Gopalganj Sadar","4080","26-Nov-2026","24-May-2027","S M Inamul Hossain","Project Director","Address : 116 (Kha),Tejgaon Industrial Area City : Dhaka Thana : Dhaka South City Corporation District : Dhaka - 1208 Country : Bangladesh","116 (Kha),Tejgaon Industrial Area","Dhaka","Dhaka South City Corporation","Dhaka - 1208","02-55030048","","Not Found","https://www.eprocure.gov.bd/resources/common/ViewTender.jsp?id=1320009"
"Ministry of Education","Secondary and Higher Education Division","National Curriculum and textbook Board (NCTB)","Member (Textbook), NCTB","","Dhaka","Goods","NCT","TENDER","Tender - Single Lot","37.06.0000.303.07.002.26.1874","225442","1323206","Open Tendering Method (OTM)","Revenue","Government","Not applicable","Not applicable","2027.GD.SEC.6.619 For Printing (with paper), Binding and Supplying  of textbooks of Secondary (Bangla & English Version), Dakhil, and Technical Class-6 to be  distributed free of cost for the Academic Year 2027.","Various types of printed matter and articles for printing; Printing, publishing and related services;Printed books, brochures and leaflets;Printed books;Publications;Directories;Leaflets;Brochures;Booklets;Newspapers, journals, periodicals and magazines;Newspapers;Postcards, greeting cards and other printed matter;Postcards;Greeting cards;Stamps, cheque forms, banknotes, stock certificates, trade advertising material, catalogues and manuals;Stamps;Stamp-impressed paper;Banknotes;Cheque forms;Security-type printed matter;Trade-advertising material, commercial catalogues and manuals;Manuals;Printing plates or cylinders or other media for use in printing;Offset plates;Dry-etching equipment;Paper or paperboard registers, account books, binders, forms and other articles of printed stationery;Paper or paperboard registers;Forms;Exercise books;Albums for samples;Binders and related accessories;Printed stationery except forms;Miscellaneous printed matter;Car-tax discs;Driving licences;ID cards;Permits;Entrance cards;Bespoke printed matter;Tickets;Printing services;Printing services for books;Printing services for stationery;Printing services for security printed matter;Printing services for forms;Printing services for tickets;Printing services for calendars;Printing services for timetables;Newspaper printing services;Printing services for posters;Services related to printing;Print finishing services;Composition services;Printing and delivery services;Printing and distribution services;Publishing services;Bookbinding and finishing services;Subscription services","25-Aug-2026 16:00","07-Sep-2026 16:00","As Per TDS","For Printing (with paper), Binding and Supplying of textbooks of Secondary (Bangla & English Version), Dakhil, and Technical Class-6 to be distributed free of cost for the Academic Year 2027.","Lot wise","Package wise","Package wise","2500","Payment through Bank","05-Mar-2027","05-Mar-2027","619","For Printing (with paper), Binding and Supplying  of textbooks of Secondary (Bangla & English Version), Dakhil, and Technical Class-6 to be  distributed free of cost for the Academic Year 2027.","As Per Delivery Schedule","450000","06-Oct-2026","26-Nov-2026","Mohammad Abu Nasher Tuku","Member (Textbook)","Address :  69-70, Motijheel, C/A, Dhaka-1000 City : Dhaka Thana : Dhaka South City Corporation District : Dhaka - 1000 Country : Bangladesh","69-70, Motijheel, C/A, Dhaka-1000","Dhaka","Dhaka South City Corporation","Dhaka - 1000","02-9550805","","18053925.00, OTM","https://www.eprocure.gov.bd/resources/common/ViewTender.jsp?id=1323206"
"Ministry of Education","Secondary and Higher Education Division","National Curriculum and textbook Board (NCTB)","Member (Textbook), NCTB","","Dhaka","Goods","NCT","TENDER","Tender - Single Lot","37.06.0000.07.304.002.26/1867","225442","1323109","Open Tendering Method (OTM)","Revenue","Government","Not applicable","Not applicable","2027.GD.PRE_PRI.129 For Printing (with paper), Binding and Supplying of Pre-Primary teaching package to be distributed free of cost for the Academic Year 2027","Various types of printed matter and articles for printing; Printing, publishing and related services;Printed books, brochures and leaflets;Printed books;Publications;Directories;Leaflets;Brochures;Booklets;Newspapers, journals, periodicals and magazines;Newspapers;Postcards, greeting cards and other printed matter;Postcards;Greeting cards;Stamps, cheque forms, banknotes, stock certificates, trade advertising material, catalogues and manuals;Stamps;Stamp-impressed paper;Banknotes;Cheque forms;Security-type printed matter;Trade-advertising material, commercial catalogues and manuals;Manuals;Printing plates or cylinders or other media for use in printing;Offset plates;Dry-etching equipment;Paper or paperboard registers, account books, binders, forms and other articles of printed stationery;Paper or paperboard registers;Forms;Exercise books;Albums for samples;Binders and related accessories;Printed stationery except forms;Miscellaneous printed matter;Car-tax discs;Driving licences;ID cards;Permits;Entrance cards;Bespoke printed matter;Tickets;Printing services;Printing services for books;Printing services for stationery;Printing services for security printed matter;Printing services for forms;Printing services for tickets;Printing services for calendars;Printing services for timetables;Newspaper printing services;Printing services for posters;Services related to printing;Print finishing services;Composition services;Printing and delivery services;Printing and distribution services;Publishing services;Bookbinding and finishing services;Subscription services","25-Aug-2026 15:00","07-Sep-2026 16:00","As Per TDS","For Printing (with paper), Binding and Supplying of Pre-Primary teaching package to be distributed free of cost for the Academic Year 2027","Lot wise","Package wise","Package wise","4000","Payment through Bank","05-Mar-2027","05-Mar-2027","129","For Printing (with paper), Binding and Supplying of Pre-Primary teaching package to be distributed free of cost for the Academic Year 2027","As Per Delivery Schedule","486000","06-Oct-2026","26-Nov-2026","Mohammad Abu Nasher Tuku","Member (Textbook)","Address :  69-70, Motijheel, C/A, Dhaka-1000 City : Dhaka Thana : Dhaka South City Corporation District : Dhaka - 1000 Country : Bangladesh","69-70, Motijheel, C/A, Dhaka-1000","Dhaka","Dhaka South City Corporation","Dhaka - 1000","02-9550805","","20720698.13, OTM","https://www.eprocure.gov.bd/resources/common/ViewTender.jsp?id=1323109"
"Ministry of Energy","Power and Mineral Resources","Rural Electrification Board (REB)","Chandpur Palli Bidyut Samity 2","","Chandpur","Goods","NCT","TENDER","Tender - Single Lot","27.12.1349.504.01.38.26.2586, Date: 23-08-2026","227056","1322121","Open Tendering Method (OTM)","Own Fund","Own Fund","Not applicable","Not applicable","G.26-27-078-02 Unified Computerized Electricity bill form","Various types of printed matter and articles for printing; Chemicals, chemical products and man-made fibres; Office and computing machinery, equipment and supplies; Printing, publishing and related services;Printed books, brochures and leaflets;Printed books;Publications;Directories;Leaflets;Brochures;Booklets;Newspapers, journals, periodicals and magazines;Newspapers;Postcards, greeting cards and other printed matter;Postcards;Greeting cards;Stamps, cheque forms, banknotes, stock certificates, trade advertising material, catalogues and manuals;Stamps;Stamp-impressed paper;Banknotes;Cheque forms;Security-type printed matter;Trade-advertising material, commercial catalogues and manuals;Manuals;Printing plates or cylinders or other media for use in printing;Offset plates;Dry-etching equipment;Paper or paperboard registers, account books, binders, forms and other articles of printed stationery;Paper or paperboard registers;Forms;Exercise books;Albums for samples;Binders and related accessories;Printed stationery except forms;Miscellaneous printed matter;Car-tax discs;Driving licences;ID cards;Permits;Entrance cards;Bespoke printed matter;Tickets;Chemicals;Gases;Dyes and pigments;Basic inorganic chemicals;Basic organic chemicals;Fertilisers and nitrogen compounds;Plastics in primary forms;Synthetic rubber;Enzymes;Agro-chemical products;Pesticides;Insecticides;Herbicides;Plant-growth regulators;Disinfectants;Rodenticides;Fungicides;Paints, varnishes, printing ink and mastics;Paints;Varnishes;Ink;Mastics, fillers, putty;Solvents;Medicinal products;Medicinal products for the alimentary tract and metabolism;Medicinal products for the blood, blood-forming organs and the cardiovascular system;Medicinal products for dermatology and the musculo-skeletal system;Medicinal products for the genitourinary system and hormones;General anti-infectives for systemic use, vaccines, antineoplastic and immunodulating agents;Medicinal products for the nervous system and sensory organs;Medicinal products for the respiratory system;Various medicinal products;Glycerol, soaps, detergents, cleaning and polishing preparations, perfumes and toilet preparations;Glycerol;Perfumes and toiletries;Explosives and fine chemical products;Prepared explosives;Glues;Essential oils;Photographic chemicals;Unrecorded media;Specialised chemical products;Man-made fibres;Synthetic fibres;Artificial fibres;Various chemical products;Radiator fluids;Water-treatment chemicals;Anti-corrosion products;Office machinery, equipment and supplies except computers;Word-processing machines;Photocopying and printing equipment;Post-office equipment;Calculating and accounting machines;Typewriters;Parts and accessories of typewriters and calculating machines;Various office equipment and supplies;Computer equipment and supplies;Data-processing machines;Digital cartography equipment;Computer hardware;Software;Computer systems;Servers;Printing services;Printing services for books;Printing services for stationery;Printing services for security printed matter;Printing services for forms;Printing services for tickets;Printing services for calendars;Printing services for timetables;Newspaper printing services;Printing services for posters;Services related to printing;Print finishing services;Composition services;Printing and delivery services;Printing and distribution services;Publishing services;Bookbinding and finishing services;Subscription services","25-Aug-2026 15:00","06-Sep-2026 16:00","All Bangladeshi Tenderer","Unified Computerized Electricity bill form","Lot wise","Package wise","Package wise","1500","Payment through Bank","04-Mar-2027","04-Mar-2027","single","Unified Computerized Electricity bill form","Head Quarter, Chandpur PBS-2","130000","01-Oct-2026","01-Nov-2026","MD. ATIKUZZAMAN CHOUDHURY","General Manager","Address : Raldia, Baburhat, Chandpur. City : Chandpur Thana : Chandpur Sadar District : Chandpur - 3602 Country : Bangladesh","Raldia, Baburhat, Chandpur.","Chandpur","Chandpur Sadar","Chandpur - 3602","02-334489039","","5000000.00, OTM","https://www.eprocure.gov.bd/resources/common/ViewTender.jsp?id=1322121"
"Ministry of Home Affairs","","Bangladesh Ansar & Village Defence Party","Provision Branch","","Dhaka","Goods","NCT","TENDER","Tender - Single Lot","44.03.0000.017.07.053.2026","226299","1323175","Open Tendering Method (OTM)","Revenue","Government","Not applicable","Not applicable","ET-Pro-2026-Furniture-01-B The Procurement of File Cabinet.","Manufactured goods, furniture, handicrafts, special-purpose products and associated consumables;Furniture;Seats, chairs and associated parts;Non-domestic furniture;Domestic furniture;Miscellaneous furniture and equipment;School furniture;Jewellery and related articles;Coins and medals;Articles of jewellery;Musical instruments and parts;Musical instruments;Parts and accessories of musical instruments;Sports goods and equipment;Outdoor sports equipment;Gymnasium equipment;Games and toys; fairground amusements;Dolls;Toys;Articles for funfair, table or parlour games;Miscellaneous manufactured and other goods;Laundry supplies;School slates or boards with writing or drawing surfaces;Artificial products;Apparatus and equipment designed for demonstrational purposes;Umbrellas and sunshades; walking sticks and seat sticks;Funeral supplies;Kitchen equipment, household items and catering supplies;Barracks supplies;Consumables and consumer goods;Consumables;Tax-free goods;Disposable goods;Handicraft and art supplies;Handicraft supplies;Art supplies;Special-purpose product;Police equipment;Recycled products;Security devices;Animal ear tags;Compost boxes;Tokens;Spray booths;Snow poles","25-Aug-2026 15:55","06-Sep-2026 16:00","All the tenderer must follow the PPR-2025 rules & regulation. The Tenderer shall have a minimum 3(two) years of overall experience in the supply of goods & related items. The Tenderer shall have a minimum 1(one) year of specific experience in the supply of similar goods and related services. The minimum supply value of similar goods under a single contract in the last five years is Tk. 32.5 Lac by the tenderer. The minimum amount of liquid assets i.e. working capital or credit line(s), net of other contractual commitments is Tk. 37.5 Lac. Sample of 01 piece must be submitted to the PE Office as per approved sample on or before the tender opening date and time. The Supplier should either be a manufacturer, producing not less than 1700 piece per year or would have to furnish a certificate from the manufacturer that his firm’s production is not less than 1700 piece per year. Certificate should shown in every case. Note: Lab test (pre and post) fee has to be paid by the tenderer. Test fee must be submitted to the PE Office before the tender opening date and time. Otherwise, the tender will be considered non-responsive. PE reserves the right to define the test criteria.","The Procurement of File Cabinet.","Lot wise","Package wise","Package wise","1500","Payment through Bank","04-Dec-2026","04-Dec-2026","1","The Procurement of File Cabinet.","central store ansar and vdp academy shafipur gazipur","110000","13-Sep-2026","12-Nov-2026","MD. ASHRAFUL ISLAM","Director (Admin-Q)","Address : Ansar & VDP HQ, Khilgaon, Dhaka City : Dhaka Thana : Dhaka South City Corporation District : Dhaka - 1219 Country : Bangladesh","Ansar & VDP HQ, Khilgaon, Dhaka","Dhaka","Dhaka South City Corporation","Dhaka - 1219","02-55120967","","Not Found","https://www.eprocure.gov.bd/resources/common/ViewTender.jsp?id=1323175"
"Ministry of Home Affairs","","Bangladesh Police","Office of the Superintendent of Police, Rangpur","00161","Rangpur","Goods","NCT","TENDER","Tender - Single Lot","Memo No-Rangpur-Tender/Ration/5995/E","225366","1318537","Open Tendering Method (OTM)","Revenue","Government","Not applicable","Not applicable","SPR/RATION/26-27/POLAO-RICE/Q-2 Procurement of high quality 'Polao Rice' for the Financial Year 2026-2027 (2nd Quarter) at District Police Lines Ration Store, Rangpur.","Food products and beverages;Animal products, meat and meat products;Meat;Animal wool, hides and skins;Meat products;Prepared and preserved fish;Fish fillets, fish livers and roe;Frozen fish, fish fillets and other fish meat;Dried or salted fish; fish in brine; smoked fish;Canned or tinned fish and other prepared or preserved fish;Seafood;Fruit, vegetables and related products;Potatoes and potato products;Fruit and vegetable juices;Fruit and vegetables;Animal or vegetable oils and fats;Crude animal or vegetable oils and fats;Refined oils and fats;Edible fats;Dairy products;Milk and cream;Butter;Cheese products;Assorted dairy products;Grain mill products, starches and starch products;Grain mill products;Starches and starch products;Animal feedstuffs;Prepared animal feeds for farm and other animals;Miscellaneous food products;Bread products, fresh pastry goods and cakes;Rusks and biscuits; preserved pastry goods and cakes;Sugar and related products;Cocoa; chocolate and sugar confectionery;Pasta products;Coffee, tea and related products;Condiments and seasonings;Special nutritional products;Miscellaneous food products n.e.c. and dried goods;Beverages;Distilled alcoholic beverages;Wines;Cider and other fruit wines;Non-distilled fermented beverages;Malt beer;Non-alcoholic beverages","25-Aug-2026 15:00","07-Sep-2026 17:00","The folowing documents must be submitted along with the submitted documents. Otherwise, the tender wil be considered as canceled. (1) Updated Income Tax Payment Certificate (2) VAT Registration Certificate (3) Valid Trade License of the company (4) Financial Solvency Certificate (5) National ID card with 01 copy of recent passport size photo (6) Ownership Certificate (7) Declaration/Agreement signed by a Gazetted Officer to the effect that the bidder is not blacklisted (8) Renewed Agriculture/Marketing License and relevant work experience certificate. (9) Sample of Polao Rice must be submitted to Police Ration Store, Rangpur before the opening of the tender.","1) High quality Polao Rice required as per the work order. 2) As a general and special condition of the agreement, high quality polao rice shal be supplied as per the sample of high quality polao rice kept at Rangpur Police Ration Store. The high quality polao rice required as per the work order shal be delivered to Rangpur Police Ration Store at its own cost and  warehoused. If the high quality polao rice is not supplied as per the sample, legal action shal be taken including confiscation of the security deposit. (3) Sample of Polao Rice must be submitted to Police Ration Store, Rangpur before the opening of the tender.","Lot wise","Package wise","Package wise","500","Payment through Bank","04-Jan-2027","04-Jan-2027","1","Procurement of high quality 'Polao Rice' for the Financial Year 2026-2027 (2nd Quarter) at District Police Lines Ration Store, Rangpur.","District Police Lines Ration Store, Rangpur","13000","01-Oct-2026","31-Dec-2026","Mohammad Muzammel Hoque","SP","Address : Office of the Superintendent of Police, Rangpur City : Rangpur Thana : Rangpur Sadar District : Rangpur - 5402 Country : Bangladesh","Office of the Superintendent of Police, Rangpur","Rangpur","Rangpur Sadar","Rangpur - 5402","0521-62131","0521-63434","450000.00, OTM","https://www.eprocure.gov.bd/resources/common/ViewTender.jsp?id=1318537"
"Ministry of Housing and Public Works","","Public Works Department (PWD)","Kishoreganj pwd division","","Kishoreganj","Works","NCT","TENDER","Tender - Single Lot","Memo: 1802, Date: 24/08/2026","226819","1323675","Open Tendering Method (OTM)","Revenue","Government","Not applicable","Not applicable","KPWD/APP/26-27/028 Incidental electrical repair and renovation work at the Kishoreganj District Circuit House, including the replacement of lights, switches, and sockets. Fiscal Year: 2026-27.","Repair, maintenance and installation services;Repair, maintenance and associated services of vehicles and related equipment;Repair and maintenance services of motor vehicles and associated equipment;Demolition services of vehicles;Repair, maintenance and associated services related to aircraft, railways, roads and marine equipment;Repair, maintenance and associated services related to aircraft and other equipment;Repair, maintenance and associated services related to railways and other equipment;Repair, maintenance and associated services related to roads and other equipment;Repair, maintenance and associated services related to marine and other equipment;Repair, maintenance and associated services related to personal computers, office equipment, telecommunications and audio-visual equipment;Maintenance and repair of office machinery;Repair and maintenance services of personal computers;Maintenance services of telecommunications equipment;Repair and maintenance services of audio-visual and optical equipment;Repair and maintenance services of medical and precision equipment;Repair and maintenance services of measuring, testing and checking apparatus;Repair and maintenance services of medical and surgical equipment;Repair and maintenance services of precision equipment;Repair and maintenance services for pumps, valves, taps and metal containers and machinery;Repair and maintenance services of pumps, valves, taps and metal containers;Repair and maintenance services of machinery;Repair and maintenance services of building installations;Repair and maintenance services of electrical and mechanical building installations;Repair and maintenance services of central heating;Repair and maintenance services of cooler groups;Repair and maintenance services of escalators;Lift-maintenance services;Miscellaneous repair and maintenance services;Repair services of jewellery;Repair services of leather personal goods;Repair services of garments and textiles;Repair and maintenance services of weapons and weapon systems;Repair and maintenance services of furniture;Repair and maintenance services of musical instruments;Repair and maintenance services of playground equipment;Repair and maintenance services of hotel and restaurant equipment;Installation services;Installation services of electrical and mechanical equipment;Installation services of equipment for measuring, checking, testing and navigating;Installation services of communications equipment;Installation services of medical and surgical equipment;Installation services of machinery and equipment;Installation services of computers and office equipment;Installation services of metal containers","25-Aug-2026 15:09","06-Sep-2026 15:00","1. Reputed Contractors/firms who have minimum 5 (Five) years of general experience. 2. The minimum specific experience as a Prime Contractor in Electric repair work under public sector of at least 1.50 Lakh in one(01) contract of successfully completed within the last 03 years. Years counting backward from the date of publication of IFT in e-GP. 3. The Tenderers shall have a minimum Average Annual Construction Turnover shall be TK 2.00 Lakh during the last 5 (Five) Years. Detailed eligibility requirements and conditions applicable to the tenderer are stated in the Tender Data Sheet (TDS). 4. The Tenderers shall have minimum Liquid assets i.e line of credit shall be TK. 1.50 Lakh. Document Submitted along with the tender must be issued in between publication date and submission date of the tender. Prescribed from for Line of Credit for this purpose shall be submitted as per form PW-2(a) of tender and Contract forms. 5. The minimum Tender Capacity Tk 1.50 Lakh 6.The tenderer must have updated valid trade licence. 7. Income Tax Clearance Certificate. 8. VAT registration certificate. 9.Must have Updated and valid BC/C Electrical Contractor and Supervisor License from Electricity Licensing Board.","Incidental electrical repair and renovation work at the Kishoreganj District Circuit House, including the replacement of lights, switches, and sockets. Fiscal Year: 2026-27.","Lot wise","Package wise","Package wise","500","Payment through Bank","03-Mar-2027","03-Mar-2027","Single","Incidental electrical repair and renovation work at the Kishoreganj District Circuit House, including the replacement of lights, switches, and sockets. Fiscal Year: 2026-27.","Kishoreganj","5000","14-Sep-2026","30-Sep-2026","Md. Mohiuddin Jahangir","Executive Engineer","Address : Kishoreganj pwd division ,Kishoreganj City : Kishorerganj Thana : Kishoreganj Sadar District : Kishoreganj - 2300 Country : Bangladesh","Kishoreganj pwd division ,Kishoreganj","Kishorerganj","Kishoreganj Sadar","Kishoreganj - 2300","02-94161751","","220000.00, OTM","https://www.eprocure.gov.bd/resources/common/ViewTender.jsp?id=1323675"
"Ministry of Local Government","Rural Development and Co-operatives","Department of Public Health Engineering (DPHE)","Office of the Executive Engineer,DPHE,Gopalganj","","Gopalganj","Works","NCT","TENDER","Tender - Single Lot","46.03.3500.061.07.035.26-654 Date: 06/08/2026","227731","1315590","Open Tendering Method (OTM)","Development","Government","224415000","Rural Sanitation Project.","WDTPL-76. Construction of 935 nos.Twin Pit Latrine at Kotalipara upazila in Gopalganj District under Rural Sanitation Project FY 2025-2026","Construction work;Site preparation work;Building demolition and wrecking work and earthmoving work;Test drilling and boring work;Works for complete or part construction and civil engineering work;Building construction work;Engineering works and construction works;Construction work for pipelines, communication and power lines, for highways, roads, airfields and railways; flatwork;Construction work for water projects;Construction works for plants, mining and manufacturing and for buildings relating to the oil and gas industry;Roof works and other special trade construction works;Building installation work;Electrical installation work;Insulation work;Plumbing and sanitary works;Fencing, railing and safety equipment installation work;Mechanical installations;Building completion work;Plastering work;Joinery and carpentry installation work;Floor and wall covering work;Painting and glazing work;Other building completion work;Hire of construction and civil engineering machinery and equipment with operator;Hire of cranes with operator;Hire of earthmoving equipment with operator","25-Aug-2026 15:00","15-Sep-2026 15:00","As ped TDS","Construction of 935 nos.Twin Pit Latrine at Kotalipara upazila in Gopalganj District under Rural Sanitation Project FY 2025-2026","Lot wise","Package wise","Package wise","4000","Payment through Bank","11-Feb-2027","11-Feb-2027","n/a","Construction of 935 nos.Twin Pit Latrine at Kotalipara upazila in Gopalganj District under Rural Sanitation Project FY 2025-2026","kotalipara","1600000","01-Oct-2026","30-Mar-2028","Md. Fayez Ahmed","Executive Engineer","Address : Office of the Executive Engineer,DPHE,Gopalganj City : Gopalganj Thana : Gopalganj Sadar District : Gopalganj - 8100 Country : Bangladesh","Office of the Executive Engineer,DPHE,Gopalganj","Gopalganj","Gopalganj Sadar","Gopalganj - 8100","02-6685590","","59840000.00, OTM","https://www.eprocure.gov.bd/resources/common/ViewTender.jsp?id=1315590"
"Ministry of Education","Secondary and Higher Education Division","National Curriculum and textbook Board (NCTB)","Member (Textbook), NCTB","","Dhaka","Goods","NCT","TENDER","Tender - Single Lot","37.06.0000.303.07.005.26.1880","225442","1323223","Open Tendering Method (OTM)","Revenue","Government","Not applicable","Not applicable","2027.GD.SEC.7.731 For Printing (with paper), Binding and Supplying  of textbooks of Secondary (Bangla & English Version), Dakhil and Technical Class-7  to be  distributed free of cost for the Academic Year 2027","Various types of printed matter and articles for printing; Printing, publishing and related services;Printed books, brochures and leaflets;Printed books;Publications;Directories;Leaflets;Brochures;Booklets;Newspapers, journals, periodicals and magazines;Newspapers;Postcards, greeting cards and other printed matter;Postcards;Greeting cards;Stamps, cheque forms, banknotes, stock certificates, trade advertising material, catalogues and manuals;Stamps;Stamp-impressed paper;Banknotes;Cheque forms;Security-type printed matter;Trade-advertising material, commercial catalogues and manuals;Manuals;Printing plates or cylinders or other media for use in printing;Offset plates;Dry-etching equipment;Paper or paperboard registers, account books, binders, forms and other articles of printed stationery;Paper or paperboard registers;Forms;Exercise books;Albums for samples;Binders and related accessories;Printed stationery except forms;Miscellaneous printed matter;Car-tax discs;Driving licences;ID cards;Permits;Entrance cards;Bespoke printed matter;Tickets;Printing services;Printing services for books;Printing services for stationery;Printing services for security printed matter;Printing services for forms;Printing services for tickets;Printing services for calendars;Printing services for timetables;Newspaper printing services;Printing services for posters;Services related to printing;Print finishing services;Composition services;Printing and delivery services;Printing and distribution services;Publishing services;Bookbinding and finishing services;Subscription services","25-Aug-2026 16:30","07-Sep-2026 17:00","As per TDS","For Printing (with paper), Binding and Supplying of textbooks of Secondary (Bangla & English Version), Dakhil, and Technical Class-7 to be distributed free of cost for the Academic Year 2027.","Lot wise","Package wise","Package wise","2500","Payment through Bank","05-Mar-2027","05-Mar-2027","731","For Printing (with paper), Binding and Supplying  of textbooks of Secondary (Bangla & English Version), Dakhil and Technical Class-7  to be  distributed free of cost for the Academic Year 2027","As per Delivery Schedule","440000","06-Oct-2026","26-Nov-2026","Mohammad Abu Nasher Tuku","Member (Textbook)","Address :  69-70, Motijheel, C/A, Dhaka-1000 City : Dhaka Thana : Dhaka South City Corporation District : Dhaka - 1000 Country : Bangladesh","69-70, Motijheel, C/A, Dhaka-1000","Dhaka","Dhaka South City Corporation","Dhaka - 1000","02-9550805","","Not Found","https://www.eprocure.gov.bd/resources/common/ViewTender.jsp?id=1323223"
"Ministry of Local Government","Rural Development and Co-operatives","Chittagong City Corporation","Office of Superintendent Engineer (Zone-4,6)","","Chattogram","Works","NCT","TENDER","Tender - Single Lot","APP ID- 216758 (142)","216758","1322650","Open Tendering Method (OTM)","Revenue","Government","Not applicable","Not applicable","CCC/Z-04/26-27/02 Construction of boundary wall, drain slab and walkway adjacent to Chatteshorai Gayebi Mosjid graveyard at 23 No Pathantuly Ward","Construction work;Site preparation work;Building demolition and wrecking work and earthmoving work;Test drilling and boring work;Works for complete or part construction and civil engineering work;Building construction work;Engineering works and construction works;Construction work for pipelines, communication and power lines, for highways, roads, airfields and railways; flatwork;Construction work for water projects;Construction works for plants, mining and manufacturing and for buildings relating to the oil and gas industry;Roof works and other special trade construction works;Building installation work;Electrical installation work;Insulation work;Plumbing and sanitary works;Fencing, railing and safety equipment installation work;Mechanical installations;Building completion work;Plastering work;Joinery and carpentry installation work;Floor and wall covering work;Painting and glazing work;Other building completion work;Hire of construction and civil engineering machinery and equipment with operator;Hire of cranes with operator;Hire of earthmoving equipment with operator","25-Aug-2026 16:25","10-Sep-2026 11:00","as per TDS","Construction of boundary wall, drain slab and walkway adjacent to Chatteshorai Gayebi Mosjid graveyard at 23 No Pathantuly Ward","Lot wise","Package wise","Package wise","2500","Payment through Bank","05-Feb-2027","05-Feb-2027","single","Construction of boundary wall, drain slab and walkway adjacent to Chatteshorai Gayebi Mosjid graveyard at 23 No Pathantuly Ward","23 No Pathantuly Ward","162500","01-Oct-2026","29-Apr-2027","JASHIM UDDIN","Superintending Engineer","Address : Tigerpass, Batali Hill, Chattogram City : Chattogram Thana : Chattogram City Corporation District : Chattogram - 4000 Country : Bangladesh","Tigerpass, Batali Hill, Chattogram","Chattogram","Chattogram City Corporation","Chattogram - 4000","02-333388819","02-333388803","Not Found","https://www.eprocure.gov.bd/resources/common/ViewTender.jsp?id=1322650"
"Ministry of Education","Secondary and Higher Education Division","National Curriculum and textbook Board (NCTB)","Member (Textbook), NCTB","","Dhaka","Goods","NCT","TENDER","Tender - Single Lot","37.06.0000.303.07.002.26.1877","225442","1323228","Open Tendering Method (OTM)","Revenue","Government","Not applicable","Not applicable","2027.GD.SEC.6.648 For Printing (with paper), Binding and Supplying  of textbooks of Secondary (Bangla & English Version), Dakhil, and Technical Class-6 to be  distributed free of cost for the Academic Year 2027.","Various types of printed matter and articles for printing; Printing, publishing and related services;Printed books, brochures and leaflets;Printed books;Publications;Directories;Leaflets;Brochures;Booklets;Newspapers, journals, periodicals and magazines;Newspapers;Postcards, greeting cards and other printed matter;Postcards;Greeting cards;Stamps, cheque forms, banknotes, stock certificates, trade advertising material, catalogues and manuals;Stamps;Stamp-impressed paper;Banknotes;Cheque forms;Security-type printed matter;Trade-advertising material, commercial catalogues and manuals;Manuals;Printing plates or cylinders or other media for use in printing;Offset plates;Dry-etching equipment;Paper or paperboard registers, account books, binders, forms and other articles of printed stationery;Paper or paperboard registers;Forms;Exercise books;Albums for samples;Binders and related accessories;Printed stationery except forms;Miscellaneous printed matter;Car-tax discs;Driving licences;ID cards;Permits;Entrance cards;Bespoke printed matter;Tickets;Printing services;Printing services for books;Printing services for stationery;Printing services for security printed matter;Printing services for forms;Printing services for tickets;Printing services for calendars;Printing services for timetables;Newspaper printing services;Printing services for posters;Services related to printing;Print finishing services;Composition services;Printing and delivery services;Printing and distribution services;Publishing services;Bookbinding and finishing services;Subscription services","25-Aug-2026 16:21","07-Sep-2026 17:00","As Per TDS","For Printing (with paper), Binding and Supplying of textbooks of Secondary (Bangla & English Version), Dakhil, and Technical Class-6 to be distributed free of cost for the Academic Year 2027.","Lot wise","Package wise","Package wise","2500","Payment through Bank","05-Mar-2027","05-Mar-2027","648","For Printing (with paper), Binding and Supplying  of textbooks of Secondary (Bangla & English Version), Dakhil, and Technical Class-6 to be  distributed free of cost for the Academic Year 2027.","As Per Delivery Schedule","500000","06-Oct-2026","26-Nov-2026","Mohammad Abu Nasher Tuku","Member (Textbook)","Address :  69-70, Motijheel, C/A, Dhaka-1000 City : Dhaka Thana : Dhaka South City Corporation District : Dhaka - 1000 Country : Bangladesh","69-70, Motijheel, C/A, Dhaka-1000","Dhaka","Dhaka South City Corporation","Dhaka - 1000","02-9550805","","Not Found","https://www.eprocure.gov.bd/resources/common/ViewTender.jsp?id=1323228"
"Ministry of Energy","Power and Mineral Resources","West Zone Power Distribution Company Ltd (WZPDCL)","Office of the Superintending Engineer, Procurement & Store, WZPDCL, Khulna.","","Khulna","Goods","NCT","TENDER","Tender - Single Lot","27.22.4785.007.74.013.26.2014 Date: 25/08/26","226899","1316837","Open Tendering Method (OTM)","Own Fund","Own Fund","Not applicable","Not applicable","CE OnM GO-30 FY-2026-27 Supply & Delivery of different size control cable.","Rubber products; Rubber, plastic and film products; Copper products;Tyres and related products;Unvulcanised and vulcanised rubber articles;Rubberised textile fabrics;Reclaimed rubber;Rubber waste products;Medical articles of rubber;Articles of hard rubber;Unwrought copper;Semi-finished products of copper;Waste and scrap of copper","25-Aug-2026 15:30","20-Sep-2026 15:00","Please see the Tender Document for Details.","Supply & Delivery of different size control cabl at WZPDCL Central Store, Khalispur, Khulna.","Lot wise","Package wise","Package wise","2500","Payment through Bank","16-Feb-2027","16-Feb-2027","1","Supply & Delivery of different size control cable.","WZPDCL Central Store, Khalispur, Khulna","460000","01-Nov-2026","31-Jan-2027","Md. Shafiqul Islam","Superintending Engineer","Address : Bidyut Bhaban Campus, 35 Boyra Main Road, Sonadanga, Khulna. City : Khulna City Corporation Thana : Khulna City Corporation District : Khulna - 9000 Country : Bangladesh","Bidyut Bhaban Campus, 35 Boyra Main Road, Sonadanga, Khulna.","Khulna City Corporation","Khulna City Corporation","Khulna - 9000","0176-6690770","","Not Found","https://www.eprocure.gov.bd/resources/common/ViewTender.jsp?id=1316837"
"Ministry of Education","Secondary and Higher Education Division","National Curriculum and textbook Board (NCTB)","Member (Textbook), NCTB","","Dhaka","Goods","NCT","TENDER","Tender - Single Lot","37.06.0000.07.304.002.26/1866","225442","1323108","Open Tendering Method (OTM)","Revenue","Government","Not applicable","Not applicable","2027.GD.PRE_PRI.125 For Printing (with paper), Binding and Supplying of Pre-Primary teaching package to be distributed free of cost for the Academic Year 2027","Various types of printed matter and articles for printing; Printing, publishing and related services;Printed books, brochures and leaflets;Printed books;Publications;Directories;Leaflets;Brochures;Booklets;Newspapers, journals, periodicals and magazines;Newspapers;Postcards, greeting cards and other printed matter;Postcards;Greeting cards;Stamps, cheque forms, banknotes, stock certificates, trade advertising material, catalogues and manuals;Stamps;Stamp-impressed paper;Banknotes;Cheque forms;Security-type printed matter;Trade-advertising material, commercial catalogues and manuals;Manuals;Printing plates or cylinders or other media for use in printing;Offset plates;Dry-etching equipment;Paper or paperboard registers, account books, binders, forms and other articles of printed stationery;Paper or paperboard registers;Forms;Exercise books;Albums for samples;Binders and related accessories;Printed stationery except forms;Miscellaneous printed matter;Car-tax discs;Driving licences;ID cards;Permits;Entrance cards;Bespoke printed matter;Tickets;Printing services;Printing services for books;Printing services for stationery;Printing services for security printed matter;Printing services for forms;Printing services for tickets;Printing services for calendars;Printing services for timetables;Newspaper printing services;Printing services for posters;Services related to printing;Print finishing services;Composition services;Printing and delivery services;Printing and distribution services;Publishing services;Bookbinding and finishing services;Subscription services","25-Aug-2026 15:00","07-Sep-2026 16:00","As Per TDS","For Printing (with paper), Binding and Supplying of Pre-Primary teaching package to be distributed free of cost for the Academic Year 2027","Lot wise","Package wise","Package wise","2500","Payment through Bank","05-Mar-2027","05-Mar-2027","125","For Printing (with paper), Binding and Supplying of Pre-Primary teaching package to be distributed free of cost for the Academic Year 2027","As Per Delivery Schedule","413000","06-Oct-2026","26-Nov-2026","Mohammad Abu Nasher Tuku","Member (Textbook)","Address :  69-70, Motijheel, C/A, Dhaka-1000 City : Dhaka Thana : Dhaka South City Corporation District : Dhaka - 1000 Country : Bangladesh","69-70, Motijheel, C/A, Dhaka-1000","Dhaka","Dhaka South City Corporation","Dhaka - 1000","02-9550805","","17599064.87, OTM","https://www.eprocure.gov.bd/resources/common/ViewTender.jsp?id=1323108"
"Ministry of Energy","Power and Mineral Resources","Rural Electrification Board (REB)","Chandpur Palli Bidyut Samity 2","","Chandpur","Goods","NCT","TENDER","Tender - Single Lot","27.12.1322.578.01.038.26.2580, Date: 20-08-2026","227056","1321792","Open Tendering Method (OTM)","Own Fund","Own Fund","Not applicable","Not applicable","G.26-27-078-14 Ribbon","Chemicals, chemical products and man-made fibres; Collected and purified water;Chemicals;Gases;Dyes and pigments;Basic inorganic chemicals;Basic organic chemicals;Fertilisers and nitrogen compounds;Plastics in primary forms;Synthetic rubber;Enzymes;Agro-chemical products;Pesticides;Insecticides;Herbicides;Plant-growth regulators;Disinfectants;Rodenticides;Fungicides;Paints, varnishes, printing ink and mastics;Paints;Varnishes;Ink;Mastics, fillers, putty;Solvents;Medicinal products;Medicinal products for the alimentary tract and metabolism;Medicinal products for the blood, blood-forming organs and the cardiovascular system;Medicinal products for dermatology and the musculo-skeletal system;Medicinal products for the genitourinary system and hormones;General anti-infectives for systemic use, vaccines, antineoplastic and immunodulating agents;Medicinal products for the nervous system and sensory organs;Medicinal products for the respiratory system;Various medicinal products;Glycerol, soaps, detergents, cleaning and polishing preparations, perfumes and toilet preparations;Glycerol;Perfumes and toiletries;Explosives and fine chemical products;Prepared explosives;Glues;Essential oils;Photographic chemicals;Unrecorded media;Specialised chemical products;Man-made fibres;Synthetic fibres;Artificial fibres;Various chemical products;Radiator fluids;Water-treatment chemicals;Anti-corrosion products;Natural water;Drinking water;Non-drinking water","25-Aug-2026 15:00","06-Sep-2026 16:00","Bangladeshi Tenderers. Sample Requirement: For the purpose of technical evaluation, the Tenderer shall submit 2 (two) samples of the offered ribbon cartridge as specified in the Tender Document. Details regarding sample submission, deadline and evaluation procedure are provided in the TDS,PCC and Technical Specifications.","Espon 2190 Dot Printer Ribbon","Lot wise","Package wise","Package wise","1500","Payment through Bank","02-Feb-2027","02-Feb-2027","single","Ribbon","Chandpur Palli Bidyut Samity-2, Baburhat, Chandpur","60000","20-Sep-2026","29-Oct-2026","MD. ATIKUZZAMAN CHOUDHURY","General Manager","Address : Raldia, Baburhat, Chandpur. City : Chandpur Thana : Chandpur Sadar District : Chandpur - 3602 Country : Bangladesh","Raldia, Baburhat, Chandpur.","Chandpur","Chandpur Sadar","Chandpur - 3602","02-334489039","","2750000.00, OTM","https://www.eprocure.gov.bd/resources/common/ViewTender.jsp?id=1321792"
"Ministry of Agriculture","","National Agriculture Training Academy (NATA)","National Agriculture Training Academy (NATA)","1701","Gazipur","Goods","NCT","TENDER","Tender - Single Lot","12.15.0000.000.001.07.0001.24.461","230967","1322999","Open Tendering Method (OTM)","Revenue","Government","Not applicable","Not applicable","GD_2 Procurement of Cleaning and Washing Items Procurement of Cleaning and washing items for National Agriculture Training Academy (NATA), Gazipur","Chemicals; Chemicals, chemical products and man-made fibres; Glycerol, soaps, detergents, cleaning and polishing preparations, perfumes and toilet preparations; Various chemical products; Chemicals, chemical products and man-made fibres; Radiator fluids; Water-treatment chemicals; Anti-corrosion products; Washing and dry-cleaning services;Gases;Dyes and pigments;Basic inorganic chemicals;Basic organic chemicals;Fertilisers and nitrogen compounds;Plastics in primary forms;Synthetic rubber;Enzymes;Glycerol;Perfumes and toiletries;Laundry-collection services;Textile-cleaning services;Fur-products cleaning services;Colouring services;Pressing services;Dyeing services","25-Aug-2026 14:30","06-Sep-2026 11:00","As per TDS and Notice","Procurement of Cleaning and washing items for NATA (Detergent-300, Dishwashing Liquid (Bottle- 500ml)- 119, Hand wash Bottle (1000 Ml)- 150, Mop- 150, Bucket- 50, Mug (1.5 Liter)- 12, Paposh - 100, Paposh (Coil)- 5, Flower Broom-150, Garden Broom-30kg, Toilet Cleaner- 180, Floor Cleaner (500ml)- 100, Aerosol- 160, Antiseptic liquit- 30, Micro Fiber Towel- 10, Hand Towel- 20, Mazuni- 50,Chicken Feather Duster- 10, Waste Paper Basket- 20, Toilet Freshener – 300, Bleaching Powder- 30, Mini soap- 1000)= 27906","Lot wise","Package wise","Package wise","500","Payment through Bank","03-Jan-2027","03-Jan-2027","1","Procurement of Cleaning and washing items for National Agriculture Training Academy (NATA), Gazipur","National Agriculture Training Academy NATA Gazipur 1701","12000","08-Sep-2026","08-Oct-2026","MD. SAIFUL AZAM KHAN","Director Admin","Address : National Agriculture Training Academy (NATA)
Gazipur-1701 City : Gazipur Thana : Gazipur Sadar District : Gazipur - 1701 Country : Bangladesh","","Gazipur","Gazipur Sadar","Gazipur - 1701","02-9263298","02-9263463","Not Found","https://www.eprocure.gov.bd/resources/common/ViewTender.jsp?id=1322999"
"Ministry of Education","Secondary and Higher Education Division","Education Engineering Department","Office of the Executive Engineer, EED,Pabna, District.","27","Pabna","Works","NCT","TENDER","Tender - Single Lot","Memo: 37.07.0000.017.19.063.25.26/68, dt:20/07/26","227175","1322450","Open Tendering Method (OTM)","Development","Government","224411900","Capacity Building of 15 Covernment Polytechnic Institutes.","02/Dev/15 Govt. Polytechnic Institute/WD- 9 CONSTRUCTION OF 10-STORIED ACADEMIC CUM WORKSHOP BUILDING WITH 10-STORIED FOUNDATION IN/C. SANITARY, WATER SUPPLY, FIRE FIGHTING & ELECTRIFICATION WORKS AT PABNA POLYTECHNIC INSTITUTE, SADAR, PABNA(Pile Foundation) (WD-9).","Construction work;Site preparation work;Building demolition and wrecking work and earthmoving work;Test drilling and boring work;Works for complete or part construction and civil engineering work;Building construction work;Engineering works and construction works;Construction work for pipelines, communication and power lines, for highways, roads, airfields and railways; flatwork;Construction work for water projects;Construction works for plants, mining and manufacturing and for buildings relating to the oil and gas industry;Roof works and other special trade construction works;Building installation work;Electrical installation work;Insulation work;Plumbing and sanitary works;Fencing, railing and safety equipment installation work;Mechanical installations;Building completion work;Plastering work;Joinery and carpentry installation work;Floor and wall covering work;Painting and glazing work;Other building completion work;Hire of construction and civil engineering machinery and equipment with operator;Hire of cranes with operator;Hire of earthmoving equipment with operator","25-Aug-2026 15:00","21-Sep-2026 16:00","1.The Required General Experience Shall be at 05 (Five) years. 2. The Minimum Specific Experience of Similar Nature of Works for the Tenderer shall be at least one number amounting Tk 2700.00 Lac (Twenty Seven Crore) in single tender in any Govt. / Semi-Govt. or Autonomous Organization within last 05 (five) Years.(Year Counting backward from the tender publication date). 3. The required Average Annual Construction Turnover shall be BDT 3000.00 Lac (Thirty Crore) per year during the last 05 (five) Financial Years. Totaling BDT 3000 x 5 = 15000 Lac (One Hundred Fifty Crore). Only Payment certificate shall be acceptable as Turnover. 4. The minimum liquid asset shall be fixed BDT 600.00 Lac (Six Crore) and it must be submitted in accordance with e-PW3-8 Formate. 5. The Tenderer must have ABC category Electrical License & Electrical Supervisory License from Electrical Licensing Board, Govt. of Bangladesh. 6. The minimum tender capacity shall be TK. 3600.00 Lac (Thirty Six Crore). 7. The Income Tax Assesment Year shall be 2025-2026 or 2024-2025 8. Audit Report for the last 01 (One) year from the date of IFT must be uploaded. 9. The rates quated by the tenderer shall remain Fixed for the entire duration of the contract till the contracted work is completed through the contract period. Any price adjustment,escalation or additional financial claim shall never be entertained/allowed under any circumstancs until the completion of works. 10. Work done bill will be paid in accordance with fund availablity. However the contractor shall complete all works within the stipulated time specified in the contract. 11. Satisfying other Criterions laid down in the TDS & PCC","02/Dev/15 Govt. Polytechnic Institute/WD- 9 CONSTRUCTION OF 10-STORIED ACADEMIC CUM WORKSHOP BUILDING WITH 10-STORIED FOUNDATION IN/C. SANITARY, WATER SUPPLY, FIRE FIGHTING & ELECTRIFICATION WORKS AT PABNA POLYTECHNIC INSTITUTE, SADAR, PABNA(Pile Foundation) (WD-9).","Lot wise","Package wise","Package wise","7000","Payment through Bank","18-Apr-2027","18-Apr-2027","01","CONSTRUCTION OF 10-STORIED ACADEMIC CUM WORKSHOP BUILDING WITH 10-STORIED FOUNDATION IN/C. SANITARY, WATER SUPPLY, FIRE FIGHTING & ELECTRIFICATION WORKS AT PABNA POLYTECHNIC INSTITUTE, SADAR, PABNA(Pile Foundation) (WD-9).","Sadar, Pabna","10000000","03-Jan-2027","28-Dec-2028","Dipok Kumar Mondoll","Executive Engineer","Address : Office of the Executive Engineer, 
Education Engineering Department,
Pabna Zone, Pabna. City : Pabna Thana : Pabna Sadar District : Pabna - 6600 Country : Bangladesh","","Pabna","Pabna Sadar","Pabna - 6600","0731-66301","0731-66301","Not Found","https://www.eprocure.gov.bd/resources/common/ViewTender.jsp?id=1322450"
"Ministry of Local Government","Rural Development and Co-operatives","Department of Public Health Engineering (DPHE)","Office of the Executive Engineer,DPHE,Gopalganj","","Gopalganj","Works","NCT","TENDER","Tender - Single Lot","46.03.3500.061.07.035.26-653 Date: 06/08/2026","227731","1315589","Open Tendering Method (OTM)","Development","Government","224415000","Rural Sanitation Project.","WDTPL-75. Construction of 425 nos.Twin Pit Latrine at Tungipara upazila in Gopalganj District under Rural Sanitation Project FY 2025-2026","Construction work;Site preparation work;Building demolition and wrecking work and earthmoving work;Test drilling and boring work;Works for complete or part construction and civil engineering work;Building construction work;Engineering works and construction works;Construction work for pipelines, communication and power lines, for highways, roads, airfields and railways; flatwork;Construction work for water projects;Construction works for plants, mining and manufacturing and for buildings relating to the oil and gas industry;Roof works and other special trade construction works;Building installation work;Electrical installation work;Insulation work;Plumbing and sanitary works;Fencing, railing and safety equipment installation work;Mechanical installations;Building completion work;Plastering work;Joinery and carpentry installation work;Floor and wall covering work;Painting and glazing work;Other building completion work;Hire of construction and civil engineering machinery and equipment with operator;Hire of cranes with operator;Hire of earthmoving equipment with operator","25-Aug-2026 15:05","15-Sep-2026 15:00","As per TDS","Construction of 425 nos.Twin Pit Latrine at Tungipara upazila in Gopalganj District under Rural Sanitation Project FY 2025-2026","Lot wise","Package wise","Package wise","4000","Payment through Bank","11-Feb-2027","11-Feb-2027","n/a","Construction of 425 nos.Twin Pit Latrine at Tungipara upazila in Gopalganj District under Rural Sanitation Project FY 2025-2026","Tungipara","750000","01-Oct-2026","30-Sep-2027","Md. Fayez Ahmed","Executive Engineer","Address : Office of the Executive Engineer,DPHE,Gopalganj City : Gopalganj Thana : Gopalganj Sadar District : Gopalganj - 8100 Country : Bangladesh","Office of the Executive Engineer,DPHE,Gopalganj","Gopalganj","Gopalganj Sadar","Gopalganj - 8100","02-6685590","","Not Found","https://www.eprocure.gov.bd/resources/common/ViewTender.jsp?id=1315589"
"Ministry of Energy","Power and Mineral Resources","Sylhet Gas Fields Limited","Procurement Department","","Sylhet","Goods","NCT","TENDER","Tender - Single Lot","28.20.9153.000.142.14.0013.26/1","227737","1310567","Open Tendering Method (OTM)","Own Fund","Own Fund","Not applicable","Not applicable","28.20.9153.000.142.14.0013.26/1 Procurement of Various Types of New Filled Fire Extinguishers","Machinery, equipment, appliances, apparatus and associated products;Machinery for the production and use of mechanical power;Turbines and motors;Pumps and compressors;Taps, cocks, valves and similar appliances;Gears, gearing and driving elements;General-purpose machinery;Industrial or laboratory furnaces, incinerators and ovens;Lifting and handling equipment and parts;Cooling and ventilation equipment;Miscellaneous general-purpose machinery;Agricultural, horticultural and forestry machinery;Agricultural and forestry machinery for soil preparation or cultivation;Harvesting machinery;Spraying machinery for agriculture or horticulture;Self-loading or unloading trailers and semi-trailers for agriculture;Specialist agricultural or forestry machinery;Tractors;Parts of agricultural and forestry machinery;Machine tools;Machine tools operated by laser and machining centres;Lathes, boring and milling machine tools;Metal-working machine tools;Machine tools for working hard materials except metals;Pneumatic or motorised hand tools;Soldering, brazing and welding tools, surface tempering and hot-spraying machines and equipment;Parts and accessories of machine tools;Special-purpose machinery and parts;Machinery for metallurgy and associated parts;Machinery for mining, quarrying and construction;Machinery for food, beverage and tobacco processing and associated parts;Machinery for textile, apparel and leather production;Machinery for paper or paperboard production;Miscellaneous special-purpose machinery;Weapons, ammunition and associated parts;Motorised tanks and armoured fighting vehicles;Military weapons;Firearms;Ammunition;Parts of military weapons;Truncheons or night sticks;Domestic appliances;Electrical domestic appliances;Non-electric domestic appliances;Miscellaneous equipment;Transport related equipment;Workshop equipment;Construction equipment;Catering equipment;Emergency and security equipment;Technical equipment;Miscellaneous equipment n.e.c.","25-Aug-2026 15:00","14-Sep-2026 16:00","As per TDS","Procurement of Various Types of New Filled Fire Extinguishers.","Lot wise","Package wise","Package wise","1000","Payment through Bank","11-Jan-2027","11-Jan-2027","1","Procurement of Various Types of New Filled Fire Extinguishers","Head office, Chiknagul, jaintapur, Sylhet","55000","15-Dec-2026","14-Jan-2027","MD EKRAMUL HAQUE","General Manager","Address : Sylhet Gas Fields Limited,
Chiknagool, Sylhet City : Sylhet Thana : Jointiapur District : Sylhet - 3152 Country : Bangladesh","","Sylhet","Jointiapur","Sylhet - 3152","0821-760630","","2300000.00, OTM","https://www.eprocure.gov.bd/resources/common/ViewTender.jsp?id=1310567"
"Ministry of Industries","","Bangladesh Sugar and Food Industries Corporation (BSFIC)","Zeal Bangla Sugar Mills Ltd.-Commercial Department.","","Jamalpur","Goods","NCT","TENDER","Tender - Single Lot","ZBSM/COM/MECH-15/2026-27","224659","1321993","Open Tendering Method (OTM)","Own Fund","Own Fund","Not applicable","Not applicable","ZBSM/COM/MECH-15/2026-27 Procurement of Various types of  Weighbridge and Welding material.","Machinery, equipment, appliances, apparatus and associated products;Machinery for the production and use of mechanical power;Turbines and motors;Pumps and compressors;Taps, cocks, valves and similar appliances;Gears, gearing and driving elements;General-purpose machinery;Industrial or laboratory furnaces, incinerators and ovens;Lifting and handling equipment and parts;Cooling and ventilation equipment;Miscellaneous general-purpose machinery;Agricultural, horticultural and forestry machinery;Agricultural and forestry machinery for soil preparation or cultivation;Harvesting machinery;Spraying machinery for agriculture or horticulture;Self-loading or unloading trailers and semi-trailers for agriculture;Specialist agricultural or forestry machinery;Tractors;Parts of agricultural and forestry machinery;Machine tools;Machine tools operated by laser and machining centres;Lathes, boring and milling machine tools;Metal-working machine tools;Machine tools for working hard materials except metals;Pneumatic or motorised hand tools;Soldering, brazing and welding tools, surface tempering and hot-spraying machines and equipment;Parts and accessories of machine tools;Special-purpose machinery and parts;Machinery for metallurgy and associated parts;Machinery for mining, quarrying and construction;Machinery for food, beverage and tobacco processing and associated parts;Machinery for textile, apparel and leather production;Machinery for paper or paperboard production;Miscellaneous special-purpose machinery;Weapons, ammunition and associated parts;Motorised tanks and armoured fighting vehicles;Military weapons;Firearms;Ammunition;Parts of military weapons;Truncheons or night sticks;Domestic appliances;Electrical domestic appliances;Non-electric domestic appliances;Miscellaneous equipment;Transport related equipment;Workshop equipment;Construction equipment;Catering equipment;Emergency and security equipment;Technical equipment;Miscellaneous equipment n.e.c.","25-Aug-2026 14:10","08-Sep-2026 17:00","As per Tender Document.","Procurement of Various types of Weighbridge and Welding material.","Lot wise","Package wise","Package wise","500","Payment through Bank","04-Feb-2027","04-Feb-2027","Single","Procurement of Various types of  Weighbridge and Welding material.","Zeal Bangla Sugar Mills Ltd,  Dewanganj,Jamalpur","10000","15-Sep-2026","15-Oct-2026","ATAUR RAHMAN","Manager (Commercial)-Zeal Bangla Sugar Mills Ltd.","Address : Post : D.S Mills-2031, Upazilla- Dewanganj, District-Jamalpur. City : Dewanganj Thana : Dewanganj District : Jamalpur - 2031 Country : Bangladesh","Post : D.S Mills-2031, Upazilla- Dewanganj, District-Jamalpur.","Dewanganj","Dewanganj","Jamalpur - 2031","09-82375008","","350000.00, OTM","https://www.eprocure.gov.bd/resources/common/ViewTender.jsp?id=1321993"
"Ministry of Home Affairs","","Bangladesh Police","Office of the Superintendent of Police, Rangpur","00161","Rangpur","Goods","NCT","TENDER","Tender - Single Lot","Memo No-Rangpur-Tender/Ration/5995/E","225366","1318544","Open Tendering Method (OTM)","Revenue","Government","Not applicable","Not applicable","SPR/RATION/26-27/SOYABEAN OIL/Q-2 Procurement of Packaged Soyabean Oil for the Financial Year 2026-2027 (2nd Quarter) at District Police Lines Ration Store, Rangpur.","Food products and beverages;Animal products, meat and meat products;Meat;Animal wool, hides and skins;Meat products;Prepared and preserved fish;Fish fillets, fish livers and roe;Frozen fish, fish fillets and other fish meat;Dried or salted fish; fish in brine; smoked fish;Canned or tinned fish and other prepared or preserved fish;Seafood;Fruit, vegetables and related products;Potatoes and potato products;Fruit and vegetable juices;Fruit and vegetables;Animal or vegetable oils and fats;Crude animal or vegetable oils and fats;Refined oils and fats;Edible fats;Dairy products;Milk and cream;Butter;Cheese products;Assorted dairy products;Grain mill products, starches and starch products;Grain mill products;Starches and starch products;Animal feedstuffs;Prepared animal feeds for farm and other animals;Miscellaneous food products;Bread products, fresh pastry goods and cakes;Rusks and biscuits; preserved pastry goods and cakes;Sugar and related products;Cocoa; chocolate and sugar confectionery;Pasta products;Coffee, tea and related products;Condiments and seasonings;Special nutritional products;Miscellaneous food products n.e.c. and dried goods;Beverages;Distilled alcoholic beverages;Wines;Cider and other fruit wines;Non-distilled fermented beverages;Malt beer;Non-alcoholic beverages","25-Aug-2026 15:00","07-Sep-2026 17:00","The folowing documents must be submitted along with the submitted documents. Otherwise, the tender wil be considered as canceled. (1) Updated Income Tax Payment Certificate (2) VAT Registration Certificate (3) Valid Trade License of the company (4) Financial Solvency Certificate (5) National ID card with 01 copy of recent passport size photo (6) Ownership Certificate. (7) Authorization Certificate. (8) Declaration/Agreement signed by a Gazetted Officer to the effect that the bidder is not blacklisted. (9) Renewed Agricultural Marketing License. (10) Relevant work experience certificate. 11) Sample of Edible Soyabean oil (in plastic cans) must be submitted to Police Ration Store, Rangpur before the opening of the Tender.","1) High quality Edible Soyabean Oil (in plastic cans) for the Financial Year 2026-2027 (2nd Quarter) at District Police Lines Ration Store, Rangpur. 2) The edible soyabean oil (in plastic cans) of the accepted brand shal be supplied as per the sample of edible soybean oil (in plastic cans) kept at Rangpur Police Ration Store. The required edible soybean oil (in plastic cans) as per the work order shal be delivered to Rangpur Police Ration Store at its own cost and warehoused. 3) The Edible soyabean oil should be supplied in 0.500 liter (plastic can), 01liter (plastic can), 02 liter (plastic can),03 liter (plastic can), 05 liter (plastic can) as per the demand of the authorities. 4) As per the instructions of Police Headquarters, the level of enrichment of BSTI approved edible soybean oil with Vitamin ""A"" wil be 15 to 30 ppm (Parts per milion) i.e. minimum 0.015 to maximum 0.030 mg of Vitamin A per gram of edible oil (0.015-0.030 mg/g) and the symbol ""Shothik Pusti, Shustho Jibon"" should be displayed on the container of edible oil. If the samples submitted under the tender and Random Sample at the time of acceptance are colected and sent to the Accredited Laboratory for testing, al expenses in this regard wil be borne by the tenderer. (5)  Sample of Edible Soyabean oil (in plastic cans) must be submitted to Police Ration Store, Rangpur before the opening of the Tender.","Lot wise","Package wise","Package wise","2500","Payment through Bank","04-Jan-2027","04-Jan-2027","1","Procurement of Packaged Soyabean Oil for the Financial Year 2026-2027 (2nd Quarter) at District Police Lines Ration Store, Rangpur.","District Police Lines Ration Store, Rangpur","340000","01-Oct-2026","31-Dec-2026","Mohammad Muzammel Hoque","SP","Address : Office of the Superintendent of Police, Rangpur City : Rangpur Thana : Rangpur Sadar District : Rangpur - 5402 Country : Bangladesh","Office of the Superintendent of Police, Rangpur","Rangpur","Rangpur Sadar","Rangpur - 5402","0521-62131","0521-63434","Not Found","https://www.eprocure.gov.bd/resources/common/ViewTender.jsp?id=1318544"
"Ministry of Finance","Finance Division","Finance Division","Office of the Executive Program Director, SDCMU, SICIP.","","Dhaka","Services","NCT","REOI","","","228409","1322280","Quality Cost Based Selection (QCBS)","Development","Aid or Grant","4334-BAN","Skill for Industry Competitiveness and Innovation Program (SICIP)","SD-309 External Audit Service (Financial Audit)","Architectural, engineering, construction, legal, accounting and other professional services;Legal, accounting, auditing, business, management and related services;Legal services;Accounting, auditing and fiscal services;Market research, public-opinion polling and related services;Business and management consultancy and related services;Management holdings services;Architectural, engineering, construction and related technical consultancy services;Technical consultancy services;Architectural and related services;Engineering services;Integrated engineering services;Urban planning and landscape architectural services;Construction-related services;Engineering-related scientific and technical services;Testing, inspection, analysis, monitoring and control services;Technical testing and analysis services;Monitoring and control services;Advertising and marketing services;Advertising services;Marketing services;Labour recruitment and provision of personnel services.;Placement services of personnel.;Supply services of personnel.;Recruitment services.;Personnel services except placement and supply services;Investigation and security services;Security services;Investigation services;Cleaning services;Accommodation cleaning services;Industrial cleaning services;Specialised cleaning services;Miscellaneous cleaning services;Office cleaning services;School cleaning services;Miscellaneous business and business-related services;Photographic and ancillary services;Packaging and related services;Secretarial and related services;Specialty design services;Collection agency services;Exhibition, fair and congress organisation services;Miscellaneous business-related services","25-Aug-2026 15:00","","As per ToR.","External Audit Service (Financial Audit)","Package wise","","","","","","","","","SICIP Office Level-15","","01-Nov-2026","28-Feb-2027","MOHAMMED WALID HOSSAIN","Executive Program Director (EPD)","Address : Probashi Kollan Bhaban (15th Floor), 71-72 Eskaton Garden, Ramna, Dhaka-1000. City : Dhaka Thana : Dhaka South City Corporation District : Dhaka - 1000 Country : Bangladesh","Probashi Kollan Bhaban (15th Floor), 71-72 Eskaton Garden, Ramna, Dhaka-1000.","Dhaka","Dhaka South City Corporation","Dhaka - 1000","02-551387535","","12500000.00, QCBS","https://www.eprocure.gov.bd/resources/common/ViewTender.jsp?id=1322280"
"Ministry of Home Affairs","","Bangladesh Ansar & Village Defence Party","Provision Branch","","Dhaka","Goods","NCT","TENDER","Tender - Single Lot","44.03.0000.017.07.051.2026","226299","1323136","Open Tendering Method (OTM)","Revenue","Government","Not applicable","Not applicable","ET-Pro-2026-Uniform-07-A The Procurement of Winter Coat (Combat).","Clothing and accessories; Occupational clothing, special workwear and accessories; Occupational clothing; Special workwear; Workwear accessories; Outerwear; Coats; Weatherproof clothing; Miscellaneous outerwear; Garments; Special clothing and accessories; Leather clothes; Furs and articles of fur; Second-hand clothing;Underwear;Shirts and nightwear;T-shirts;Special clothing;Clothing accessories;Hats and headgear;Fasteners;Leather clothing accessories;Fur articles;Furs","25-Aug-2026 16:10","07-Sep-2026 17:00","All the tenderer must follow the PPR-2025 rules & regulation. The Tenderer shall have a minimum 3(two) years of overall experience in the supply of goods & related items. The Tenderer shall have a minimum 1(one) year of specific experience in the supply of similar goods and related services. The minimum supply value of similar goods under a single contract in the last five years is Tk. 74 Lac by the tenderer. The minimum amount of liquid assets i.e. working capital or credit line(s), net of other contractual commitments is Tk. 84 Lac. Sample of 04 Pices must be submitted to the PE Office as per approved sample on or before the tender opening date and time. (Not-Refundable). The Supplier should either be a manufacturer, producing not less than 10000 Pieces per year or would have to furnish a certificate from the manufacturer that his firm’s production is not less than 10000 Pieces per year. Certificate should shown in every case. Note: Lab test (pre- and post-test) fees must be paid by the tenderer. Test fee must be submitted to the PE Office before the tender opening date and time. Otherwise, the tender will be considered as Non- Responsive. PE reserves the right to define the test criteria.","The Procurement of Winter Coat (Combat).","Lot wise","Package wise","Package wise","2500","Payment through Bank","05-Dec-2026","05-Dec-2026","1","The Procurement of Winter Coat (Combat).","DPC Store Ansar VDP Academy Shofipur, Gazipur","260000","13-Sep-2026","12-Nov-2026","MD. ASHRAFUL ISLAM","Director (Admin-Q)","Address : Ansar & VDP HQ, Khilgaon, Dhaka City : Dhaka Thana : Dhaka South City Corporation District : Dhaka - 1219 Country : Bangladesh","Ansar & VDP HQ, Khilgaon, Dhaka","Dhaka","Dhaka South City Corporation","Dhaka - 1219","02-55120967","","Not Found","https://www.eprocure.gov.bd/resources/common/ViewTender.jsp?id=1323136"
"Ministry of Local Government","Rural Development and Co-operatives","Department of Public Health Engineering (DPHE)","Office of the Executive Engineer,DPHE,Munshiganj","PE-20","Munshiganj","Works","NCT","TENDER","Tender - Single Lot","DPHE Munshiganj Memo no. 730  Date: 19/08/2026","227960","1321924","Open Tendering Method (OTM)","Development","Government","224303400","Project for Safe Water Supply Throughout the Country.","PSWSC-4937 Installation of Deep Tube Well  (100*38) with Submersible Pump at Sadar & Gazaria upazila under Safe Water Supply Through out The Country fiscal year 2026-27.","Construction work;Site preparation work;Building demolition and wrecking work and earthmoving work;Test drilling and boring work;Works for complete or part construction and civil engineering work;Building construction work;Engineering works and construction works;Construction work for pipelines, communication and power lines, for highways, roads, airfields and railways; flatwork;Construction work for water projects;Construction works for plants, mining and manufacturing and for buildings relating to the oil and gas industry;Roof works and other special trade construction works;Building installation work;Electrical installation work;Insulation work;Plumbing and sanitary works;Fencing, railing and safety equipment installation work;Mechanical installations;Building completion work;Plastering work;Joinery and carpentry installation work;Floor and wall covering work;Painting and glazing work;Other building completion work;Hire of construction and civil engineering machinery and equipment with operator;Hire of cranes with operator;Hire of earthmoving equipment with operator","25-Aug-2026 14:00","08-Sep-2026 16:00","As per IFT","Installation of Deep Tube Well (100*38) with Submersible Pump at Sadar & Gazaria upazila under Safe Water Supply Through out The Country fiscal year 2026-27.","Lot wise","Package wise","Package wise","2500","Payment through Bank","04-Feb-2027","04-Feb-2027","1","Installation of Deep Tube Well  (100*38) with Submersible Pump at Sadar & Gazaria upazila under Safe Water Supply Through out The Country fiscal year 2026-27.","Sadar and Gazaria Upazila","500000","04-Oct-2026","30-Jun-2027","MD. HUMAYUN KABIR","Executive Engineer","Address : Office of the Executive Engineer,DPHE,Munshiganj Sadar City : Munshiganj Sadar Thana : Munshiganj Sadar District : Munshiganj - 1500 Country : Bangladesh","Office of the Executive Engineer,DPHE,Munshiganj Sadar","Munshiganj Sadar","Munshiganj Sadar","Munshiganj - 1500","02-7611144","","18500000.00, OTM","https://www.eprocure.gov.bd/resources/common/ViewTender.jsp?id=1321924"
"Ministry of Agriculture","","Department of Agricultural Extension (DAE)","Agriculture Development Project for Rajshahi Division through the Expansion of Modern Technology","","Dhaka","Works","NCT","TENDER","Tender - Single Lot","12.02.0000.935.07.016.21-4618","229132","1316435","Open Tendering Method (OTM)","Development","Government","224316900","Agriculture Development Project for Rajshahi Division through the Expansion of Modern Technology","WD/DAE-14 Establishment of Solar Operated Oil Extraction Machine","Machinery for food, beverage and tobacco processing and associated parts; Special-purpose machinery and parts; Solar energy; Solar panels; Solar installation; Construction work; Site preparation work; Works for complete or part construction and civil engineering work; Building installation work; Building completion work; Hire of construction and civil engineering machinery and equipment with operator;Building demolition and wrecking work and earthmoving work;Test drilling and boring work;Building construction work;Engineering works and construction works;Construction work for pipelines, communication and power lines, for highways, roads, airfields and railways; flatwork;Construction work for water projects;Construction works for plants, mining and manufacturing and for buildings relating to the oil and gas industry;Roof works and other special trade construction works;Electrical installation work;Insulation work;Plumbing and sanitary works;Fencing, railing and safety equipment installation work;Mechanical installations;Plastering work;Joinery and carpentry installation work;Floor and wall covering work;Painting and glazing work;Other building completion work;Hire of cranes with operator;Hire of earthmoving equipment with operator","25-Aug-2026 16:00","06-Sep-2026 14:00","As per TDS","Establishment of Solar Operated Oil Extraction Machine","Lot wise","Package wise","Package wise","1500","Payment through Bank","02-Jan-2027","02-Jan-2027","1","Establishment of Solar Operated Oil Extraction Machine","Any different upazila of Rajshahi Division","80000","01-Oct-2026","17-Jun-2027","S. M. Hasanuzzaman","Project Director","Address : Room no.725
1st building
6th floor
Department of Agriculture Extension Khamarbari Farmgate
Dhaka-1215 City : Dhaka Thana : Dhaka North City Corporation District : Dhaka - 1215 Country : Bangladesh","","Dhaka","Dhaka North City Corporation","Dhaka - 1215","02-550282717","","Not Found","https://www.eprocure.gov.bd/resources/common/ViewTender.jsp?id=1316435"
"Ministry of Energy","Power and Mineral Resources","Karnaphuli Gas Distribution Company Limited","Budget, Fund and Welfare Department","","Chattogram","Services","NCT","REOI","","","230204","1323028","Quality Cost Based Selection (QCBS)","Own Fund","Own Fund","Not applicable","Not applicable","KGDCL/Fund/Audit/2025-26/2 Providing Consultant Service as Statutory External Auditor of 04 (four) funds of Karnaphuli Gas Distribution Company Ltd. (KGDCL) for the fiscal year 2025-2026, namely Provident Fund/CPF, Welfare Fund, Gratuity Fund and BPPF respectively.","Legal, accounting, auditing, business, management and related services; Architectural, engineering, construction, legal, accounting and other professional services;Legal services;Accounting, auditing and fiscal services;Market research, public-opinion polling and related services;Business and management consultancy and related services;Management holdings services","25-Aug-2026 16:00","","(1) The firm must be registered with the Institute of Chartered accountants of Bangladesh (ICAB) and possess a valid practicing certificate. (2) The firm shall submit documentary evidence in support of its eligibility and qualifications; including: I) ICAB Registration and Valid Practicing Certificate, II) Evidence of Enlistment with Financial Reporting Council (FRC), Bangladesh Bank/Bangladesh Securities and Exchange Commission (BSEC), III) Firm Profile along with Brochure summarizing its key facilities and areas of expertise, IV) List of Key Professionals such as Partners (FCA), Qualified CAs (ACA), Partly Qualified Officials (their Qualifications and signed CVs with Photograph), Course Completed and Articled Students along with description of related Assignments and Experiences in similar working conditions, V) List of Similar Assignments completed during the last three (3) years along with supporting Documents, VI) Updated Trade License (If any), TIN and BIN Certificates, VII) Income Tax Certificate along with Tax Return Acknowledgment Receipt for the latest Assessment Year, VIII) Audit Report of the Firm of last 03 (Three) Fiscal Years, IX) Bank Solvency Certificate along with Bank Statement from 01/07/2025 to 30/06/2026. (3) All Certificates of Experience from the clients shall be in client’s letterhead indicating address, telephone numbers and e-mail of the clients and shall include name of the assignment, duration of service and contract amount. (4) The firm shall not have any Conflict of Interest in relation to this assignment and shall provide a declaration to that effect. (5) Black Listed firms from Financial Reporting Council (FRC), Bangladesh Bank and BSEC are strongly discouraged to apply.","Providing Consultant Service as Statutory External Auditor of 04 (four) funds of Karnaphuli Gas Distribution Company Ltd. (KGDCL) for the fiscal year 2025-2026, namely Provident Fund/CPF, Welfare Fund, Gratuity Fund and BPPF respectively (As per ToR).","Package wise","","","","","","","","","Karnaphuli Gas Distribution Company Limited (KGDCL)","","09-Nov-2026","29-Nov-2026","Md. Abul Kalam Azad","Deputy General Manager","Address : 137/A CDA Avenue, Sholoshahar, Chattogram City : Chattogram Thana : Chattogram City Corporation District : Chattogram - 4200 Country : Bangladesh","137/A CDA Avenue, Sholoshahar, Chattogram","Chattogram","Chattogram City Corporation","Chattogram - 4200","031-650130","","Not Found","https://www.eprocure.gov.bd/resources/common/ViewTender.jsp?id=1323028"
"Ministry of Fisheries & Livestock","","Department of Fisheries","Increasing Fish Production and Capacity Building through Infrastucture Development of Existing Govt. Fish Farm Project (1st Phase)","224400600","Dhaka","Works","NCT","TENDER","Tender - Single Lot","33.02.0000.000.964.03.0027.26.952","226892","1320834","Open Tendering Method (OTM)","Development","Government","224400600","Increasing Fish Production and Capacity Building through Infrastucture Development of Existing Govt. Fish Farm Project (1st Phase)","Farm/2026-27/WD-2/1 Pond Excavation and Dyke Compaction with Mechanical Stabilizer at Fish Seed Multiplication Farm Kurigram Sadar, Kurigram.","Construction work; Site preparation work; Works for complete or part construction and civil engineering work; Building installation work; Building completion work; Hire of construction and civil engineering machinery and equipment with operator;Building demolition and wrecking work and earthmoving work;Test drilling and boring work;Building construction work;Engineering works and construction works;Construction work for pipelines, communication and power lines, for highways, roads, airfields and railways; flatwork;Construction work for water projects;Construction works for plants, mining and manufacturing and for buildings relating to the oil and gas industry;Roof works and other special trade construction works;Electrical installation work;Insulation work;Plumbing and sanitary works;Fencing, railing and safety equipment installation work;Mechanical installations;Plastering work;Joinery and carpentry installation work;Floor and wall covering work;Painting and glazing work;Other building completion work;Hire of cranes with operator;Hire of earthmoving equipment with operator","25-Aug-2026 14:00","06-Sep-2026 11:00","As Per Tender Data Sheet (TDS).","Pond Excavation and Dyke Compaction with Mechanical Stabilizer at Fish Seed Multiplication Farm Kurigram Sadar, Kurigram.","Lot wise","Package wise","Package wise","1500","Payment through Bank","03-Mar-2027","03-Mar-2027","Single","Pond Excavation and Dyke Compaction with Mechanical Stabilizer at Fish Seed Multiplication Farm Kurigram Sadar, Kurigram.","Fish Seed Multiplication Farm Kurigram Sadar,Kurigram","100000","04-Oct-2026","01-Mar-2027","Md. Moshiur Rahman","Project Director","Address : Office of the Project Director, Increasing Fish Production and Capacity Building through Infrastucture Development of Existing Govt. Fish Farm Project (1st Phase), Department of Fisheries, Matshya Bhaban, Ramna, Dhaka-1000. City : Dhaka Thana : Dhaka South City Corporation District : Dhaka - 1000 Country : Bangladesh","Office of the Project Director, Increasing Fish Production and Capacity Building through Infrastucture Development of Existing Govt. Fish Farm Project (1st Phase), Department of Fisheries, Matshya Bhaban, Ramna, Dhaka-1000.","Dhaka","Dhaka South City Corporation","Dhaka - 1000","01712-739023","","3600000.00, OTM","https://www.eprocure.gov.bd/resources/common/ViewTender.jsp?id=1320834"
"Ministry of Disaster Management & Relief","","Department of Disaster Management","Department of Disaster Management","","Dhaka","Goods","NCT","TENDER","Tender - Single Lot","51.01.0000.000.016.07.0007.26.343","227284","1322975","Open Tendering Method (OTM)","Revenue","Government","Not applicable","Not applicable","DDM/Relief Blanket/2026-27/Chittagong-02 Supply of Blanket for DDM.","Textiles and textile articles; Clothing and accessories;Textile fabrics and related items;Woven fabrics;Woollen fabrics;Linen fabrics;Special fabrics;Knitted or crocheted fabrics;Cloth;Non-woven fabrics;Textile articles;Textile household articles;Made-up textile articles;Carpets, mats and rugs;Miscellaneous cordage, rope, twine and netting;Non-woven articles;Miscellaneous textile articles;Knitwear, hosiery and related articles;Textile yarn and thread;Natural textile fibres;Artificial textile fibres;Textile yarn and thread of natural fibres;Synthetic yarn or thread;Textile waste;Occupational clothing, special workwear and accessories;Occupational clothing;Special workwear;Workwear accessories;Outerwear;Coats;Weatherproof clothing;Miscellaneous outerwear;Garments;Underwear;Shirts and nightwear;T-shirts;Special clothing and accessories;Special clothing;Clothing accessories;Hats and headgear;Fasteners;Leather clothes;Leather clothing accessories;Furs and articles of fur;Fur articles;Furs;Second-hand clothing","25-Aug-2026 15:00","16-Sep-2026 15:00","As Per TDS","Supply of Blanket","Lot wise","Package wise","Package wise","5000","Payment through Bank","14-Mar-2027","14-Mar-2027","01","Supply of Blanket for DDM.","Regional Relief Godown, Chittagong","2000000","22-Oct-2026","22-Nov-2026","Md. Rasel Sabrin","Director (Relief)","Address : Disaster Management Bhaban, 92-93 Mohakhali C/A, Dhaka-1212. City : Dhaka Thana : Dhaka North City Corporation District : Dhaka - 1212 Country : Bangladesh","Disaster Management Bhaban, 92-93 Mohakhali C/A, Dhaka-1212.","Dhaka","Dhaka North City Corporation","Dhaka - 1212","02-9860386","02-9885816","Not Found","https://www.eprocure.gov.bd/resources/common/ViewTender.jsp?id=1322975"
"Ministry of Education","Secondary and Higher Education Division","National Curriculum and textbook Board (NCTB)","Member (Textbook), NCTB","","Dhaka","Goods","NCT","TENDER","Tender - Single Lot","37.06.0000.07.304.003.26/1869","225442","1323113","Open Tendering Method (OTM)","Revenue","Government","Not applicable","Not applicable","2027.GD.PRI.1_5.344 For Printing (With Paper), Binding and Supplying of textbooks of Classes One, Two, Three, Four and Five (Primary Level) to be distributed free of cost for the Academic Year 2027","Various types of printed matter and articles for printing; Printing, publishing and related services;Printed books, brochures and leaflets;Printed books;Publications;Directories;Leaflets;Brochures;Booklets;Newspapers, journals, periodicals and magazines;Newspapers;Postcards, greeting cards and other printed matter;Postcards;Greeting cards;Stamps, cheque forms, banknotes, stock certificates, trade advertising material, catalogues and manuals;Stamps;Stamp-impressed paper;Banknotes;Cheque forms;Security-type printed matter;Trade-advertising material, commercial catalogues and manuals;Manuals;Printing plates or cylinders or other media for use in printing;Offset plates;Dry-etching equipment;Paper or paperboard registers, account books, binders, forms and other articles of printed stationery;Paper or paperboard registers;Forms;Exercise books;Albums for samples;Binders and related accessories;Printed stationery except forms;Miscellaneous printed matter;Car-tax discs;Driving licences;ID cards;Permits;Entrance cards;Bespoke printed matter;Tickets;Printing services;Printing services for books;Printing services for stationery;Printing services for security printed matter;Printing services for forms;Printing services for tickets;Printing services for calendars;Printing services for timetables;Newspaper printing services;Printing services for posters;Services related to printing;Print finishing services;Composition services;Printing and delivery services;Printing and distribution services;Publishing services;Bookbinding and finishing services;Subscription services","25-Aug-2026 15:00","07-Sep-2026 16:00","As Per TDS","For Printing (With Paper), Binding and Supplying of textbooks of Classes One, Two, Three, Four and Five (Primary Level) to be distributed free of cost for the Academic Year 2027","Lot wise","Package wise","Package wise","4000","Payment through Bank","05-Mar-2027","05-Mar-2027","344","For Printing (With Paper), Binding and Supplying of textbooks of Classes One, Two, Three, Four and Five (Primary Level) to be distributed free of cost for the Academic Year 2027","As Per Delevery Schedule","953000","06-Oct-2026","26-Nov-2026","Mohammad Abu Nasher Tuku","Member (Textbook)","Address :  69-70, Motijheel, C/A, Dhaka-1000 City : Dhaka Thana : Dhaka South City Corporation District : Dhaka - 1000 Country : Bangladesh","69-70, Motijheel, C/A, Dhaka-1000","Dhaka","Dhaka South City Corporation","Dhaka - 1000","02-9550805","","39685668.84, OTM","https://www.eprocure.gov.bd/resources/common/ViewTender.jsp?id=1323113"
"Ministry of Energy","Power and Mineral Resources","Rural Power company Ltd.","RPCL Raozan Power Plant","","Chattogram","Goods","NCT","TENDER","Tender - Single Lot","Pur-01/LG/RPP/OTM/2026-27","230285","1322008","Open Tendering Method (OTM)","Own Fund","Own Fund","Not applicable","Not applicable","Pur-01/LG/RPP/OTM/2026-27 Supply, Repairing ,Testing and Commissining of 110V DC Battery Charger for RPCL-Raozan Power Plant.","Electricity distribution and control apparatus; Electrical machinery, apparatus, equipment and consumables; Insulated wire and cable; Electrical equipment and apparatus; Electrical machinery, apparatus, equipment and consumables; Electronic, electromechanical and electrotechnical supplies;Electrical apparatus for switching or protecting electrical circuits;Electrical circuit components;Parts of electricity distribution or control apparatus;Mains;Power distribution cables;Coaxial cable;Insulated cable accessories;Electric conductors for data and control purposes;Electrical equipment for engines and vehicles;Sound or visual signalling apparatus;Magnets;Machines and apparatus with individual functions;Insulating fittings;Carbon electrodes;Electrical parts of machinery or apparatus;Electrical supplies and accessories;Electronic equipment;Electromechanical equipment;Electrotechnical equipment","25-Aug-2026 14:00","07-Sep-2026 23:00","1. The Tenderer should have valid Trade License, TIN with last Financial year tax return acknowledgement slip, 13 Digit BIN and as per current VAT Act., Income tax return Acknowledgement slip of last Financial Year. 2. The minimum number of years of General Experince of the Tenderer in the supply of Goods as supplier shall be 02 years. Years will be counted backward from the date of Tender Publication. 3. The Tenderer shall have specific experience for the supply of similar goods of minimum BDT 1,30,000.00 (One Lac Thirty Thousend) under ‍a contract in the last 3 (Three) years. i.e. years counting backward from the date of publication of IFT in the e-GP System. 4. The minimum amount of liquid assets i.e working capital or credit line (s) of the Tenderer shall be Tk. 1,80,000.00 (One Lac Eighty Thousend) 5. Other criteria for eligibility as specified in Tender document. Note-2: I nterested tender are requested to visit RPCL-Raozan 25MW Power Plant, Noapara, Raozan, Chattogram to see the site within the office hour (from Saturday to Thursday 9.00 AM5.00PM)","Supply, Repairing ,Testing and Commissioning of 110V DC Battery Charger for RPCL-Raozan Power Plant.","Lot wise","Package wise","Package wise","500","Payment through Bank","04-Jan-2027","04-Jan-2027","1","Supply, Repairing ,Testing and Commissining of 110V DC Battery Charger for RPCL-Raozan Power Plant.","RPCL-Raozan Power Plant","5000","07-Oct-2026","22-Nov-2026","ARIFUZZAMAN TIPU","Executive Engineer","Address : RPCL-Raozan 25MW Duel Fuel Power Plant, Raozan,Chittagong City : Chattogram Thana : Raojan District : Chattogram - 4340 Country : Bangladesh","RPCL-Raozan 25MW Duel Fuel Power Plant, Raozan,Chittagong","Chattogram","Raojan","Chattogram - 4340","02-55098105","","214500.00, OTM","https://www.eprocure.gov.bd/resources/common/ViewTender.jsp?id=1322008"
"Ministry of Home Affairs","","Bangladesh Police","Office of the Superintendent of Police, Rangpur","00161","Rangpur","Goods","NCT","TENDER","Tender - Single Lot","Memo No-Rangpur-Tender/Ration/5995/E","225366","1318551","Open Tendering Method (OTM)","Revenue","Government","Not applicable","Not applicable","SPR/RATION/26-27/LENTILS/Q-2 Procurement of high quality packaged Lentils (MUSUR DAL) for the Financial Year 2026-2027(2nd Quarter) at District Police Lines Ration Store, Rangpur.","Food products and beverages;Animal products, meat and meat products;Meat;Animal wool, hides and skins;Meat products;Prepared and preserved fish;Fish fillets, fish livers and roe;Frozen fish, fish fillets and other fish meat;Dried or salted fish; fish in brine; smoked fish;Canned or tinned fish and other prepared or preserved fish;Seafood;Fruit, vegetables and related products;Potatoes and potato products;Fruit and vegetable juices;Fruit and vegetables;Animal or vegetable oils and fats;Crude animal or vegetable oils and fats;Refined oils and fats;Edible fats;Dairy products;Milk and cream;Butter;Cheese products;Assorted dairy products;Grain mill products, starches and starch products;Grain mill products;Starches and starch products;Animal feedstuffs;Prepared animal feeds for farm and other animals;Miscellaneous food products;Bread products, fresh pastry goods and cakes;Rusks and biscuits; preserved pastry goods and cakes;Sugar and related products;Cocoa; chocolate and sugar confectionery;Pasta products;Coffee, tea and related products;Condiments and seasonings;Special nutritional products;Miscellaneous food products n.e.c. and dried goods;Beverages;Distilled alcoholic beverages;Wines;Cider and other fruit wines;Non-distilled fermented beverages;Malt beer;Non-alcoholic beverages","25-Aug-2026 15:00","07-Sep-2026 17:00","The folowing documents must be submitted along with the submitted documents. Otherwise, the tender wil be considered as canceled. (1) Updated Income Tax Payment Certificate (2) VAT Registration Certificate (3) Valid Trade License of the company (4) Financial Solvency Certificate (5) National ID card with 01 copy of recent passport size photo (6) Ownership Certificate (7) Declaration/Agreement signed by a Gazetted Officer to the effect that the bidder is not blacklisted (8) Renewed Agricultural Marketing License and relevant work experience certificate. (9) Sample of Lentil pulses (MUSUR DAL) must be submitted to Police Ration Store, Rangpur before the opening of the tender.","1) High quality packaged Lentils (MUSUR DAL) 2) The color and quality of lentils (MUSUR DAL) should be appropriate as per the instructions of Police Headquarters (There should be 600 grains per 10grams of lentils and the color of the lentils should be yelow to red-orange). If the random sample of lentils submitted with the tender is colected and sent to an accredited laboratory for testing, al expenses in this regard wil be borne by the tenderer. The lentils supplied by the committee wil be accepted on the basis of the test report. 3) According to the instructions of the Police Headquarters, Lentil pulses (MUSUR DAL) should be packaged and supplied in high-quality transparent polybags of 3.5 kg, 4 kg and 5.5 kg, and the weight of the product, date of production and expiry date should be clearly mentioned on the package. 4) As a general and special condition of the contract, lentils wil be supplied as per the sample kept at Rangpur Police Ration Store. As per the work order, the required lentils wil be transported to Rangpur Police Ration Store at their own expense and warehoused. The net quantity of lentils wil be weighed and delivered without weighing the item. If lentils cannot be supplied as per the sample, legal action wil be taken including confiscation. 5) Sample of Lentil pulses (MUSUR DAL) must be submitted to Police Ration Store, Rangpur before the opening of the tender.","Lot wise","Package wise","Package wise","2500","Payment through Bank","04-Jan-2027","04-Jan-2027","1","Procurement of high quality packaged Lentils (MUSUR DAL) for the Financial Year 2026-2027(2nd Quarter) at District Police Lines Ration Store, Rangpur.","District Police Lines Ration Store, Rangpur","250000","01-Oct-2026","31-Dec-2026","Mohammad Muzammel Hoque","SP","Address : Office of the Superintendent of Police, Rangpur City : Rangpur Thana : Rangpur Sadar District : Rangpur - 5402 Country : Bangladesh","Office of the Superintendent of Police, Rangpur","Rangpur","Rangpur Sadar","Rangpur - 5402","0521-62131","0521-63434","Not Found","https://www.eprocure.gov.bd/resources/common/ViewTender.jsp?id=1318551"
"Ministry of Energy","Power and Mineral Resources","Power Grid Bangladesh PLC","Grid Maintenance Division, Kaliakair","","Gazipur","Works","NCT","TENDER","Tender - Single Lot","27.21.0000.448.07.001.26.787","229552","1316519","Open Tendering Method (OTM)","Own Fund","Own Fund","Not applicable","Not applicable","27.21.0000.448.07.001.26.728 Yearly Cleaning (2026-27) Control room's Floor, GIS Room, Glass, Toilet and Street at Mirzapur & Ghatail 132/33 kV Grid Sub Station Under GMD, Kaliakair, Power Grid Bangladesh PLC.","Electricity, gas, nuclear energy and fuels, steam, hot water and other sources of energy; Electricity; Manufactured gas; Steam, hot water and associated products; Solar energy; Nuclear fuels;Coal gas or similar gases;Mains gas;Hot water;Steam;District heating;Long-distance heating;Solar panels;Solar installation;Uranium;Plutonium;Radioactive materials;Radio-isotopes","25-Aug-2026 13:00","08-Sep-2026 13:00","As per TDS","Yearly Cleaning (2026-27) Control room's Floor, GIS Room, Glass, Toilet and Street at Mirzapur & Ghatail 132/33 kV Grid Sub Station Under GMD, Kaliakair, Power Grid Bangladesh PLC.","Lot wise","Package wise","Package wise","500","Payment through Bank","03-Feb-2027","03-Feb-2027","1","Yearly Cleaning (2026-27) Control room's Floor, GIS Room, Glass, Toilet and Street at Mirzapur & Ghatail 132/33 kV Grid Sub Station Under GMD, Kaliakair, Power Grid Bangladesh PLC.","GMD Kaliakair, Sutrapur ,Kaliakair, Gazipu","17000","24-Sep-2026","23-Sep-2027","Md Hasanul Islam","Executive Engineer","Address : Office of the Executive Engineer, GMD Office, Kaliakair 400/230/132 KV Grid Substation. City : Gazipur Thana : Kaliakoir District : Gazipur - 1750 Country : Bangladesh","Office of the Executive Engineer, GMD Office, Kaliakair 400/230/132 KV Grid Substation.","Gazipur","Kaliakoir","Gazipur - 1750","02-9556136","","600000.00, OTM","https://www.eprocure.gov.bd/resources/common/ViewTender.jsp?id=1316519"
"Ministry of Post","Telecommunications & Information Technology","Bangladesh Post Office","Sustainable & Modernization of Mail Processing and Logistic Service Project","","Dhaka","Goods","NCT","TENDER","Tender - Single Lot","14.31.0000.000.050.07.0009.26","229016","1323283","Open Tendering Method (OTM)","Development","Government","224405000","Sustainable & Modernization of Mail Processing and Logistic Service","SMMP G 9 Procurement of Thermal Printer for BPO","Office and computing machinery, equipment and supplies; Office machinery, equipment and supplies except computers; Word-processing machines; Photocopying and printing equipment; Post-office equipment; Calculating and accounting machines; Typewriters; Parts and accessories of typewriters and calculating machines; Various office equipment and supplies; Computer equipment and supplies; Data-processing machines; Digital cartography equipment; Computer hardware; Software; Computer systems; Servers;","25-Aug-2026 15:00","16-Sep-2026 14:00","Procurement of Thermal Printer for BPO","Procurement of Thermal Printer for BPO","Lot wise","Package wise","Package wise","4000","Payment through Bank","11-Feb-2027","11-Feb-2027","1","Procurement of Thermal Printer for BPO","Dak Bhaban, Agargaon, Dhaka 1210","1650000","15-Oct-2026","15-Dec-2026","MD SHAH ALAM BHUIYAN","Project Director (Additional Charge)","Address : Dak Bhaban,Agargaon,Dhaka-1210 City : Dhaka Thana : Dhaka North City Corporation District : Dhaka - 1210 Country : Bangladesh","Dak Bhaban,Agargaon,Dhaka-1210","Dhaka","Dhaka North City Corporation","Dhaka - 1210","02-58160764","","Not Found","https://www.eprocure.gov.bd/resources/common/ViewTender.jsp?id=1323283"
"Ministry of Education","Secondary and Higher Education Division","National Curriculum and textbook Board (NCTB)","Member (Textbook), NCTB","","Dhaka","Goods","NCT","TENDER","Tender - Single Lot","37.06.0000.07.304.003.26/1870","225442","1323114","Open Tendering Method (OTM)","Revenue","Government","Not applicable","Not applicable","2027.GD.PRI.1_5.394 For Printing (With Paper), Binding and Supplying of textbooks of Classes One, Two, Three, Four and Five (Primary Level) to be distributed free of cost for the Academic Year 2027","Various types of printed matter and articles for printing; Printing, publishing and related services;Printed books, brochures and leaflets;Printed books;Publications;Directories;Leaflets;Brochures;Booklets;Newspapers, journals, periodicals and magazines;Newspapers;Postcards, greeting cards and other printed matter;Postcards;Greeting cards;Stamps, cheque forms, banknotes, stock certificates, trade advertising material, catalogues and manuals;Stamps;Stamp-impressed paper;Banknotes;Cheque forms;Security-type printed matter;Trade-advertising material, commercial catalogues and manuals;Manuals;Printing plates or cylinders or other media for use in printing;Offset plates;Dry-etching equipment;Paper or paperboard registers, account books, binders, forms and other articles of printed stationery;Paper or paperboard registers;Forms;Exercise books;Albums for samples;Binders and related accessories;Printed stationery except forms;Miscellaneous printed matter;Car-tax discs;Driving licences;ID cards;Permits;Entrance cards;Bespoke printed matter;Tickets;Printing services;Printing services for books;Printing services for stationery;Printing services for security printed matter;Printing services for forms;Printing services for tickets;Printing services for calendars;Printing services for timetables;Newspaper printing services;Printing services for posters;Services related to printing;Print finishing services;Composition services;Printing and delivery services;Printing and distribution services;Publishing services;Bookbinding and finishing services;Subscription services","25-Aug-2026 15:00","07-Sep-2026 16:00","As Per TDS","For Printing (With Paper), Binding and Supplying of textbooks of Classes One, Two, Three, Four and Five (Primary Level) to be distributed free of cost for the Academic Year 2027","Lot wise","Package wise","Package wise","4000","Payment through Bank","05-Mar-2027","05-Mar-2027","394","For Printing (With Paper), Binding and Supplying of textbooks of Classes One, Two, Three, Four and Five (Primary Level) to be distributed free of cost for the Academic Year 2027","As Per Delevery Schedule","708000","06-Oct-2026","26-Nov-2026","Mohammad Abu Nasher Tuku","Member (Textbook)","Address :  69-70, Motijheel, C/A, Dhaka-1000 City : Dhaka Thana : Dhaka South City Corporation District : Dhaka - 1000 Country : Bangladesh","69-70, Motijheel, C/A, Dhaka-1000","Dhaka","Dhaka South City Corporation","Dhaka - 1000","02-9550805","","29421240.88, OTM","https://www.eprocure.gov.bd/resources/common/ViewTender.jsp?id=1323114"
"Ministry of Road Transport and Bridges","Road Transport and Highways Division","Roads & Highways Department (RHD)","Ferry Construction Division, Dhaka","eefeddha","Dhaka","Works","NCT","TENDER","Tender - Single Lot","Memo No:35.01.0000.157.07.001.26-155, Date:16.8.26","228214","1321671","Open Tendering Method (OTM)","Revenue","Government","Not applicable","Not applicable","18/egp/FCD/2026-27 Repair & Painting works for the Gangway bridge no: G-003/2019 at ""Atokbana-Kalisankorpur"" Ferryghat under RHD, Ferry Sub-Division, Faridpur during the Fiscal year of 2026-2027.","Repair, maintenance and associated services related to aircraft, railways, roads and marine equipment; Repair, maintenance and installation services;Repair, maintenance and associated services related to aircraft and other equipment;Repair, maintenance and associated services related to railways and other equipment;Repair, maintenance and associated services related to roads and other equipment;Repair, maintenance and associated services related to marine and other equipment","25-Aug-2026 13:00","09-Sep-2026 16:00","All tenderers who have registered in e-GP system may participate in the tender provided that they fulfill the criteria as stated in Tender Document (TDS & PCC).","Repair & Painting works for the Gangway bridge no: G-003/2019 at ""Atokbana-Kalisankorpur"" Ferryghat under RHD, Ferry Sub-Division, Faridpur during the Fiscal year of 2026-2027.","Lot wise","Package wise","Package wise","500","Payment through Bank","06-Jan-2027","06-Jan-2027","01","Repair & Painting works for the Gangway bridge no: G-003/2019 at ""Atokbana-Kalisankorpur"" Ferryghat under RHD, Ferry Sub-Division, Faridpur during the Fiscal year of 2026-2027.","As Per Work","12000","30-Sep-2026","15-Oct-2026","Md. Azam Shaikh","Executive Engineer","Address : Ferry Construction Division, Dhaka City : Dhaka Thana : Dhaka North City Corporation District : Dhaka - 1208 Country : Bangladesh","Ferry Construction Division, Dhaka","Dhaka","Dhaka North City Corporation","Dhaka - 1208","02-8879377","02-8879377","400000.00, OTM","https://www.eprocure.gov.bd/resources/common/ViewTender.jsp?id=1321671"
"Ministry of Disaster Management & Relief","","Department of Disaster Management","Department of Disaster Management","","Dhaka","Goods","NCT","TENDER","Tender - Single Lot","51.01.0000.000.016.07.0007.26.343","227284","1322977","Open Tendering Method (OTM)","Revenue","Government","Not applicable","Not applicable","DDM/Relief Blanket/2026-27/Khulna-03 Supply of Blanket for DDM.","Textiles and textile articles; Clothing and accessories;Textile fabrics and related items;Woven fabrics;Woollen fabrics;Linen fabrics;Special fabrics;Knitted or crocheted fabrics;Cloth;Non-woven fabrics;Textile articles;Textile household articles;Made-up textile articles;Carpets, mats and rugs;Miscellaneous cordage, rope, twine and netting;Non-woven articles;Miscellaneous textile articles;Knitwear, hosiery and related articles;Textile yarn and thread;Natural textile fibres;Artificial textile fibres;Textile yarn and thread of natural fibres;Synthetic yarn or thread;Textile waste;Occupational clothing, special workwear and accessories;Occupational clothing;Special workwear;Workwear accessories;Outerwear;Coats;Weatherproof clothing;Miscellaneous outerwear;Garments;Underwear;Shirts and nightwear;T-shirts;Special clothing and accessories;Special clothing;Clothing accessories;Hats and headgear;Fasteners;Leather clothes;Leather clothing accessories;Furs and articles of fur;Fur articles;Furs;Second-hand clothing","25-Aug-2026 15:00","16-Sep-2026 15:00","As Per TDS","Supply Of Blanket","Lot wise","Package wise","Package wise","5000","Payment through Bank","14-Mar-2027","14-Mar-2027","01","Supply of Blanket for DDM.","Regional Relief Godown, Khulna","2000000","22-Oct-2026","22-Nov-2026","Md. Rasel Sabrin","Director (Relief)","Address : Disaster Management Bhaban, 92-93 Mohakhali C/A, Dhaka-1212. City : Dhaka Thana : Dhaka North City Corporation District : Dhaka - 1212 Country : Bangladesh","Disaster Management Bhaban, 92-93 Mohakhali C/A, Dhaka-1212.","Dhaka","Dhaka North City Corporation","Dhaka - 1212","02-9860386","02-9885816","Not Found","https://www.eprocure.gov.bd/resources/common/ViewTender.jsp?id=1322977"
"Ministry of Agriculture","","Department of Agricultural Extension (DAE)","Agriculture Development Project for Rajshahi Division through the Expansion of Modern Technology","","Dhaka","Works","NCT","TENDER","Tender - Single Lot","12.02.0000.935.07.015.21-4620","229132","1316575","Open Tendering Method (OTM)","Development","Government","224316900","Agriculture Development Project for Rajshahi Division through the Expansion of Modern Technology","WD/DAE-13 Enstallation of Exhaust Fan at Polynet House","Cooling and ventilation equipment; General-purpose machinery; Construction work; Site preparation work; Works for complete or part construction and civil engineering work; Building installation work; Building completion work; Hire of construction and civil engineering machinery and equipment with operator;Building demolition and wrecking work and earthmoving work;Test drilling and boring work;Building construction work;Engineering works and construction works;Construction work for pipelines, communication and power lines, for highways, roads, airfields and railways; flatwork;Construction work for water projects;Construction works for plants, mining and manufacturing and for buildings relating to the oil and gas industry;Roof works and other special trade construction works;Electrical installation work;Insulation work;Plumbing and sanitary works;Fencing, railing and safety equipment installation work;Mechanical installations;Plastering work;Joinery and carpentry installation work;Floor and wall covering work;Painting and glazing work;Other building completion work;Hire of cranes with operator;Hire of earthmoving equipment with operator","25-Aug-2026 16:00","06-Sep-2026 14:00","As per TDS","Enstallation of Exhaust Fan at Polynet House","Lot wise","Package wise","Package wise","2500","Payment through Bank","02-Jan-2027","02-Jan-2027","1","Enstallation of Exhaust Fan at Polynet House","Any different Upazilla of Rajshahi Division","180000","01-Oct-2026","17-Jun-2027","S. M. Hasanuzzaman","Project Director","Address : Room no.725
1st building
6th floor
Department of Agriculture Extension Khamarbari Farmgate
Dhaka-1215 City : Dhaka Thana : Dhaka North City Corporation District : Dhaka - 1215 Country : Bangladesh","","Dhaka","Dhaka North City Corporation","Dhaka - 1215","02-550282717","","Not Found","https://www.eprocure.gov.bd/resources/common/ViewTender.jsp?id=1316575"
"Ministry of Home Affairs","","Bangladesh Ansar & Village Defence Party","Provision Branch","","Dhaka","Goods","NCT","TENDER","Tender - Single Lot","44.03.0000.017.07.054.2026","226299","1323183","Open Tendering Method (OTM)","Revenue","Government","Not applicable","Not applicable","ET-Pro-2026-Furniture-01-C The Procurement of Computer Table.","Manufactured goods, furniture, handicrafts, special-purpose products and associated consumables;Furniture;Seats, chairs and associated parts;Non-domestic furniture;Domestic furniture;Miscellaneous furniture and equipment;School furniture;Jewellery and related articles;Coins and medals;Articles of jewellery;Musical instruments and parts;Musical instruments;Parts and accessories of musical instruments;Sports goods and equipment;Outdoor sports equipment;Gymnasium equipment;Games and toys; fairground amusements;Dolls;Toys;Articles for funfair, table or parlour games;Miscellaneous manufactured and other goods;Laundry supplies;School slates or boards with writing or drawing surfaces;Artificial products;Apparatus and equipment designed for demonstrational purposes;Umbrellas and sunshades; walking sticks and seat sticks;Funeral supplies;Kitchen equipment, household items and catering supplies;Barracks supplies;Consumables and consumer goods;Consumables;Tax-free goods;Disposable goods;Handicraft and art supplies;Handicraft supplies;Art supplies;Special-purpose product;Police equipment;Recycled products;Security devices;Animal ear tags;Compost boxes;Tokens;Spray booths;Snow poles","25-Aug-2026 15:45","06-Sep-2026 16:00","All the tenderer must follow the PPR-2025 rules & regulation. The Tenderer shall have a minimum 3(two) years of overall experience in the supply of goods & related items. The Tenderer shall have a minimum 1(one) year of specific experience in the supply of similar goods and related services. The minimum supply value of similar goods under a single contract in the last five years is Tk. 8 Lac by the tenderer. The minimum amount of liquid assets i.e. working capital or credit line(s), net of other contractual commitments is Tk. 9.5 Lac. Sample of 01 piece must be submitted to the PE Office as per approved sample on or before the tender opening date and time. The Supplier should either be a manufacturer, producing not less than 2000 piece per year or would have to furnish a certificate from the manufacturer that his firm’s production is not less than 2000 piece per year. Certificate should shown in every case. Note: Lab test (pre and post) fee has to be paid by the tenderer. Test fee must be submitted to the PE Office before the tender opening date and time. Otherwise, the tender will be considered non-responsive. PE reserves the right to define the test criteria.","The Procurement of Computer Table.","Lot wise","Package wise","Package wise","1000","Payment through Bank","04-Dec-2026","04-Dec-2026","1","The Procurement of Computer Table.","central store ansar and vdp academy shafipur gazipur","30000","13-Sep-2026","12-Nov-2026","MD. ASHRAFUL ISLAM","Director (Admin-Q)","Address : Ansar & VDP HQ, Khilgaon, Dhaka City : Dhaka Thana : Dhaka South City Corporation District : Dhaka - 1219 Country : Bangladesh","Ansar & VDP HQ, Khilgaon, Dhaka","Dhaka","Dhaka South City Corporation","Dhaka - 1219","02-55120967","","Not Found","https://www.eprocure.gov.bd/resources/common/ViewTender.jsp?id=1323183"
"Ministry of Road Transport and Bridges","Road Transport and Highways Division","Roads & Highways Department (RHD)","Madaripur Road Division","mad001","Madaripur","Works","NCT","TENDER","Tender - Single Lot","e-GP/01/EE/MRD/PMP-Minor/2026-2027","229357","1320785","Open Tendering Method (OTM)","Revenue","Government","Not applicable","Not applicable","e-GP/01/EE/MRD/PMP-Minor/2026-2027 Periodic Maintanance Programme(PMP Minor, Roads) Providing Herring Bond Brick And Protective Work at Ch. 105+500 (Tatibazar) to Ch. 106+090(Tatibazar) of Dhaka(Jatrabari)-Mawa-Bhanga-Barishal-Patuakhali (N-8) National Highway Under Madaripur Road Division During The year 2026-2027.","Construction work;Site preparation work;Building demolition and wrecking work and earthmoving work;Test drilling and boring work;Works for complete or part construction and civil engineering work;Building construction work;Engineering works and construction works;Construction work for pipelines, communication and power lines, for highways, roads, airfields and railways; flatwork;Construction work for water projects;Construction works for plants, mining and manufacturing and for buildings relating to the oil and gas industry;Roof works and other special trade construction works;Building installation work;Electrical installation work;Insulation work;Plumbing and sanitary works;Fencing, railing and safety equipment installation work;Mechanical installations;Building completion work;Plastering work;Joinery and carpentry installation work;Floor and wall covering work;Painting and glazing work;Other building completion work;Hire of construction and civil engineering machinery and equipment with operator;Hire of cranes with operator;Hire of earthmoving equipment with operator","25-Aug-2026 15:40","10-Sep-2026 14:00","As per TDS","Periodic Maintanance Programme(PMP Minor, Roads) Providing Herring Bond Brick And Protective Work at Ch.105+500 (Tatibazar) to Ch. 106+090(Tatibazar) of Dhaka(Jatrabari)-Mawa-Bhanga-Barishal-Patuakhali (N-8) National Highway Under Madaripur Road Division During The year 2026-2027.","Lot wise","Package wise","Package wise","2500","Payment through Bank","06-Jan-2027","06-Jan-2027","1","Providing Herring Bond Brick And Protective Work","N8 National Highway","220000","11-Oct-2026","10-Dec-2026","K. M. Naquibul Bari","Executive Engineer","Address : Madaripur Road Division, Sarak Bhaban, Madaripur City : Madaripur Thana : Madaripur Sadar District : Madaripur - 0000 Country : Bangladesh","Madaripur Road Division, Sarak Bhaban, Madaripur","Madaripur","Madaripur Sadar","Madaripur - 0000","0661-62451","","Not Found","https://www.eprocure.gov.bd/resources/common/ViewTender.jsp?id=1320785"
"Ministry of Local Government","Rural Development and Co-operatives","Rajshahi Water Supply & Sewerage Authority","Mr.PE_CRO","","Rajshahi","Works","NCT","TENDER","Tender - Single Lot","Rev./CRO/2026-27/Gr-01","229660","1317498","Open Tendering Method (OTM)","Own Fund","Own Fund","Not applicable","Not applicable","Rev./CRO/2026-27/Gr-01 Water bill delivery of Rajshahi WASA in Rajshahi City Area.","Other sources of energy supplies and distribution; Public utilities;Operation of a power plant","25-Aug-2026 14:00","08-Sep-2026 16:00","As Per TDS","Water bill delivery to consumers of Rajshahi WASA in the Rajshahi city Area.","Lot wise","Package wise","Package wise","1500","Payment through Bank","04-Feb-2027","04-Feb-2027","01","Water bill delivery of Rajshahi WASA in Rajshahi city Area","Rajshahi city Area","70000","28-Sep-2026","29-Nov-2027","Md. Mehedi Hasan","Chief Revenue Officer","Address : Rajshahi WASA, Rajshahi City : Rajshahi Thana : Rajshahi City Corporation District : Rajshahi - 6200 Country : Bangladesh","Rajshahi WASA, Rajshahi","Rajshahi","Rajshahi City Corporation","Rajshahi - 6200","88-760068","","2900000.00, OTM","https://www.eprocure.gov.bd/resources/common/ViewTender.jsp?id=1317498"
"Ministry of Energy","Power and Mineral Resources","Bangladesh Power Development Board","PC Pole Mfg. Plant, Ctg.","","Chattogram","Goods","NCT","TENDER","Tender - Single Lot","27.11.1500.509.01.006.26-116 Date: 25/08/2026","230267","1322870","Open Tendering Method (OTM)","Revenue","Government","Not applicable","Not applicable","RM- 17. Supplying of Ordinary Portland Cement (Phase-1)","Mining, quarrying and other associated products; Stone construction materials; Stone for construction; Limestone, gypsum and chalk; Slate; Sand and clay; Gravel, sand, crushed stone and aggregates; Clay and kaolin; Chemical and fertiliser minerals; Fertiliser minerals; Chemical minerals; Salt and pure sodium chloride; Related mining and quarrying products; Bitumen and asphalt; Precious and semi-precious stones; pumice stone; emery; natural abrasives; other minerals and precious metals;Rock salt;Sea salt;Evaporated salt and pure sodium chloride;Road salt;Salt in brine","25-Aug-2026 14:30","09-Sep-2026 15:30","As Per Tender Document","Supplying of Ordinary Portland Cement (Phase-1) at PC Pole Mfg. Plant, BPDB, Halishahar, Chattogram.","Lot wise","Package wise","Package wise","4000","Payment through Bank","05-Feb-2027","05-Feb-2027","1","Supplying of Ordinary Portland Cement (Phase-1)","PC Pole Mfg Plant BPDB Halishahar Chattogram","600000","01-Oct-2026","31-May-2027","PRATITI CHAKMA","Executive Engineer","Address : PC Pool Manufacturing Plant, BPDB, Halisohor, K-Block, Rampur, chittagong City : chittagong Thana : Chattogram City Corporation District : Chattogram - 4224 Country : Bangladesh","PC Pool Manufacturing Plant, BPDB, Halisohor, K-Block, Rampur, chittagong","chittagong","Chattogram City Corporation","Chattogram - 4224","031-728091","","Not Found","https://www.eprocure.gov.bd/resources/common/ViewTender.jsp?id=1322870"
"Ministry of Road Transport and Bridges","Road Transport and Highways Division","Roads & Highways Department (RHD)","Ferry Construction Division, Dhaka","eefeddha","Dhaka","Goods","NCT","TENDER","Tender - Single Lot","Memo No:35.01.0000.157.07.001.26-156, Date:17.8.26","228214","1321928","Open Tendering Method (OTM)","Revenue","Government","Not applicable","Not applicable","24/egp/FCD/2026-27 Supplying of Morse Cable, Air Cleaner filter & Other spare parts for 190 K.W MAN Engine at different Ferryghat under RHD Ferry Sub-Division, Faridpur during the Fiscal year of 2026-2027.","Repair, maintenance and associated services related to aircraft, railways, roads and marine equipment; Repair, maintenance and installation services;Repair, maintenance and associated services related to aircraft and other equipment;Repair, maintenance and associated services related to railways and other equipment;Repair, maintenance and associated services related to roads and other equipment;Repair, maintenance and associated services related to marine and other equipment","25-Aug-2026 13:00","09-Sep-2026 16:00","All tenderers who have registered in e-GP system may participate in the tender provided that they fulfill the criteria as stated in Tender Document (TDS & PCC).","Supplying of Morse Cable, Air Cleaner filter & Other spare parts for 190 K.W MAN Engine at different Ferryghat under RHD Ferry Sub-Division, Faridpur during the Fiscal year of 2026-2027.","Lot wise","Package wise","Package wise","500","Payment through Bank","06-Jan-2027","06-Jan-2027","01","Supplying of Morse Cable, Air Cleaner filter & Other spare parts for 190 K.W MAN Engine at different Ferryghat under RHD Ferry Sub-Division, Faridpur during the Fiscal year of 2026-2027.","Ferry Sub-Division, Faridpur","8000","30-Sep-2026","11-Oct-2026","Md. Azam Shaikh","Executive Engineer","Address : Ferry Construction Division, Dhaka City : Dhaka Thana : Dhaka North City Corporation District : Dhaka - 1208 Country : Bangladesh","Ferry Construction Division, Dhaka","Dhaka","Dhaka North City Corporation","Dhaka - 1208","02-8879377","02-8879377","330000.00, OTM","https://www.eprocure.gov.bd/resources/common/ViewTender.jsp?id=1321928"
"Ministry of Fisheries & Livestock","","Department of Fisheries","Increasing Fish Production and Capacity Building through Infrastucture Development of Existing Govt. Fish Farm Project (1st Phase)","224400600","Dhaka","Works","NCT","TENDER","Tender - Single Lot","33.02.0000.000.964.03.0030.29.954","226892","1321371","Open Tendering Method (OTM)","Development","Government","224400600","Increasing Fish Production and Capacity Building through Infrastucture Development of Existing Govt. Fish Farm Project (1st Phase)","Farm/2026-27/WD-2/3 Pond Excavation and Dyke Compaction with Mechanical Stabilizer at Fish Seed Multiplication Farm Netrokona Sadar, Netrokona.","Construction work;Site preparation work;Building demolition and wrecking work and earthmoving work;Test drilling and boring work;Works for complete or part construction and civil engineering work;Building construction work;Engineering works and construction works;Construction work for pipelines, communication and power lines, for highways, roads, airfields and railways; flatwork;Construction work for water projects;Construction works for plants, mining and manufacturing and for buildings relating to the oil and gas industry;Roof works and other special trade construction works;Building installation work;Electrical installation work;Insulation work;Plumbing and sanitary works;Fencing, railing and safety equipment installation work;Mechanical installations;Building completion work;Plastering work;Joinery and carpentry installation work;Floor and wall covering work;Painting and glazing work;Other building completion work;Hire of construction and civil engineering machinery and equipment with operator;Hire of cranes with operator;Hire of earthmoving equipment with operator","25-Aug-2026 14:15","06-Sep-2026 13:00","As per Tender Data Sheet (TDS).","Pond Excavation and Dyke Compaction with Mechanical Stabilizer at Fish Seed Multiplication Farm, Netrokona Sadar, Netrokona.","Lot wise","Package wise","Package wise","1500","Payment through Bank","03-Mar-2027","03-Mar-2027","Single","Pond Excavation and Dyke Compaction with Mechanical Stabilizer at Fish Seed Multiplication Farm Netrokona Sadar, Netrokona.","Fish Seed Multiplication Farm Netrokona Sadar, Netrokona","70000","04-Oct-2026","03-Mar-2027","Md. Moshiur Rahman","Project Director","Address : Office of the Project Director, Increasing Fish Production and Capacity Building through Infrastucture Development of Existing Govt. Fish Farm Project (1st Phase), Department of Fisheries, Matshya Bhaban, Ramna, Dhaka-1000. City : Dhaka Thana : Dhaka South City Corporation District : Dhaka - 1000 Country : Bangladesh","Office of the Project Director, Increasing Fish Production and Capacity Building through Infrastucture Development of Existing Govt. Fish Farm Project (1st Phase), Department of Fisheries, Matshya Bhaban, Ramna, Dhaka-1000.","Dhaka","Dhaka South City Corporation","Dhaka - 1000","01712-739023","","2950000.00, OTM","https://www.eprocure.gov.bd/resources/common/ViewTender.jsp?id=1321371"
"Ministry of Disaster Management & Relief","","Department of Disaster Management","Department of Disaster Management","","Dhaka","Goods","NCT","TENDER","Tender - Single Lot","51.01.0000.000.016.07.0007.26.343","227284","1322978","Open Tendering Method (OTM)","Revenue","Government","Not applicable","Not applicable","DDM/Relief Blanket/2026-27/North Bangal1-04 Supply of Blanket for DDM.","Textiles and textile articles; Clothing and accessories;Textile fabrics and related items;Woven fabrics;Woollen fabrics;Linen fabrics;Special fabrics;Knitted or crocheted fabrics;Cloth;Non-woven fabrics;Textile articles;Textile household articles;Made-up textile articles;Carpets, mats and rugs;Miscellaneous cordage, rope, twine and netting;Non-woven articles;Miscellaneous textile articles;Knitwear, hosiery and related articles;Textile yarn and thread;Natural textile fibres;Artificial textile fibres;Textile yarn and thread of natural fibres;Synthetic yarn or thread;Textile waste;Occupational clothing, special workwear and accessories;Occupational clothing;Special workwear;Workwear accessories;Outerwear;Coats;Weatherproof clothing;Miscellaneous outerwear;Garments;Underwear;Shirts and nightwear;T-shirts;Special clothing and accessories;Special clothing;Clothing accessories;Hats and headgear;Fasteners;Leather clothes;Leather clothing accessories;Furs and articles of fur;Fur articles;Furs;Second-hand clothing","25-Aug-2026 15:00","16-Sep-2026 15:00","As Per TDS","Supply of Blanket","Lot wise","Package wise","Package wise","5000","Payment through Bank","14-Mar-2027","14-Mar-2027","01","Supply of Blanket for DDM.","District Relief Godown, Rajshahi, Bagra, Nowgoan and Gaibandha","2000000","22-Oct-2026","22-Nov-2026","Md. Rasel Sabrin","Director (Relief)","Address : Disaster Management Bhaban, 92-93 Mohakhali C/A, Dhaka-1212. City : Dhaka Thana : Dhaka North City Corporation District : Dhaka - 1212 Country : Bangladesh","Disaster Management Bhaban, 92-93 Mohakhali C/A, Dhaka-1212.","Dhaka","Dhaka North City Corporation","Dhaka - 1212","02-9860386","02-9885816","Not Found","https://www.eprocure.gov.bd/resources/common/ViewTender.jsp?id=1322978"
"Ministry of Health and Family Welfare","Health Services Division","Directorate General of Health Services (DGHS)","Singair Upazila Health Complex, Manikganj","","Manikganj","Goods","NCT","TENDER","Tender - Single Lot","UHC/Singair/MSR-Tender/Reagent/2026-27/Gr-5","229873","1318194","Open Tendering Method (OTM)","Revenue","Government","Not applicable","Not applicable","UHC/Singair/MSR/Chemical Reagent/2026-27/Gr-5 Procurement of Chemical-Reagent for the F.Y 2026-27 at Singair Upazila Health Complex, Manikganj.","Medical and laboratory devices, optical and precision devices, watches and clocks, pharmaceuticals and related medical consumables;Medical devices;Imaging equipment for medical, dental and veterinary use;Functional exploration;Dentistry;Medical non-chemical consumables and haematological consumables;Therapy;Operating techniques;Anaesthesia and resuscitation;Functional support;Miscellaneous medical devices;Instruments and appliances for measuring, checking, testing and navigating;Navigational, meteorological, geological and geophysical instruments;Remote-control equipment;Precision balances, instruments for drawing, calculating and measuring length;Instruments for measuring quantities;Instruments for checking physical characteristics;Checking and testing apparatus;Regulating and controlling instruments and apparatus;Non-medical equipment based on the use of radiations;Industrial process control equipment;Optical instruments;Spectacles and lenses;Polarising material;Astronomical and optical instruments;Liquid crystal devices;Photographic equipment;Horological instruments;Watches and clocks","25-Aug-2026 13:00","08-Sep-2026 11:00","As per TDS & PCC with View the e-Tender Documents","Procurement of Chemical-Reagent for the F.Y 2026-27 at Singair Upazila Health Complex, Manikganj.","Lot wise","Package wise","Package wise","500","Payment through Bank","03-Feb-2027","03-Feb-2027","5","Procurement of Chemical-Reagent for the F.Y 2026-27 at Singair Upazila Health Complex, Manikganj.","Singair Upazila Health Complex, Manikganj","21000","01-Oct-2026","25-Nov-2026","Rafsan Reza","UH&FPO","Address : Singair Upazila Health Complex, Manikganj City : Singair Thana : Singair District : Manikganj - 1820 Country : Bangladesh","Singair Upazila Health Complex, Manikganj","Singair","Singair","Manikganj - 1820","0277-17014","","Not Found","https://www.eprocure.gov.bd/resources/common/ViewTender.jsp?id=1318194"
"Ministry of Housing and Public Works","","Public Works Department (PWD)","Rajshahi PWD EM Division, Rajshahi","","Rajshahi","Goods","NCT","TENDER","Tender - Single Lot","315, 25.08.2026","225544","1319608","Open Tendering Method (OTM)","Development","Government","8 division/7424/1st rev","Establishment of complete  cancer, kidney and heart medical center  in 8 divisional cities","PWD/Raj/Cancer/GD-4 Establishment of Complete Cancer, Kidney Heart treatment Center in Eight Divisional City titled project.(15 Storied Building with 17 storied Foundation having 2(two) basement at Rangpur, sylhet, Barisal, Mymensingh, Chattogram, Rajshahi, Khulna & Dhaka (Sub-Head: Supply, Installation, Testing & Commissioning of 2 Pair Escalator in Rajshahi))","Machinery, equipment, appliances, apparatus and associated products; Electrical machinery, apparatus, equipment and consumables;Machinery for the production and use of mechanical power;Turbines and motors;Pumps and compressors;Taps, cocks, valves and similar appliances;Gears, gearing and driving elements;General-purpose machinery;Industrial or laboratory furnaces, incinerators and ovens;Lifting and handling equipment and parts;Cooling and ventilation equipment;Miscellaneous general-purpose machinery;Agricultural, horticultural and forestry machinery;Agricultural and forestry machinery for soil preparation or cultivation;Harvesting machinery;Spraying machinery for agriculture or horticulture;Self-loading or unloading trailers and semi-trailers for agriculture;Specialist agricultural or forestry machinery;Tractors;Parts of agricultural and forestry machinery;Machine tools;Machine tools operated by laser and machining centres;Lathes, boring and milling machine tools;Metal-working machine tools;Machine tools for working hard materials except metals;Pneumatic or motorised hand tools;Soldering, brazing and welding tools, surface tempering and hot-spraying machines and equipment;Parts and accessories of machine tools;Special-purpose machinery and parts;Machinery for metallurgy and associated parts;Machinery for mining, quarrying and construction;Machinery for food, beverage and tobacco processing and associated parts;Machinery for textile, apparel and leather production;Machinery for paper or paperboard production;Miscellaneous special-purpose machinery;Weapons, ammunition and associated parts;Motorised tanks and armoured fighting vehicles;Military weapons;Firearms;Ammunition;Parts of military weapons;Truncheons or night sticks;Domestic appliances;Electrical domestic appliances;Non-electric domestic appliances;Miscellaneous equipment;Transport related equipment;Workshop equipment;Construction equipment;Catering equipment;Emergency and security equipment;Technical equipment;Miscellaneous equipment n.e.c.;Electric motors, generators and transformers;Electric motors;Generators;Alternators;Cooling towers;Ballasts for discharge lamps or tubes;Parts of electric motors, generators and transformers;Transformers;Electricity distribution and control apparatus;Electrical apparatus for switching or protecting electrical circuits;Electrical circuit components;Parts of electricity distribution or control apparatus;Insulated wire and cable;Mains;Power distribution cables;Coaxial cable;Insulated cable accessories;Electric conductors for data and control purposes;Accumulators, primary cells and primary batteries;Primary cells;Primary batteries;Electric accumulators;Lighting equipment and electric lamps;Electric filament lamps;Lamps and light fittings;Parts of lamps and lighting equipment;Electrical equipment and apparatus;Electrical equipment for engines and vehicles;Sound or visual signalling apparatus;Magnets;Machines and apparatus with individual functions;Insulating fittings;Carbon electrodes;Electrical parts of machinery or apparatus;Electrical supplies and accessories;Electronic, electromechanical and electrotechnical supplies;Electronic equipment;Electromechanical equipment;Electrotechnical equipment","25-Aug-2026 14:00","17-Sep-2026 12:00","a)The minimum years of general experience of the tenderer in the supply of lift/escalator and related services as a supplier shall be 5 (five) years b) The minimum specific experience as a supplier in the supply of escalators and related services of at least 1(one) contract successfully completed within the last 5 (five) years, with a value of at least Tk. 515.00 (five hundred and fifteen) lakh under public or private sector. c) The minimum supply capacity of bidder is : 04 (four) sets of escalator per year. d) The minimum amount of financial resources as liquid asset or working capital or credit line or specific credit commitment or in any combination of them, of the tenderers shall be Tk 6.40 (six point four) crore. Letter of commitment for the bank’s undertaking for line of credit should be in the format (Form e-PG3-8) as specified in the tender form. Documents submitted along with the tender must be issued between the publication date and the submission date of the tender. e) Up-to-date, valid Trade License. f) Up-to-date ABC/BC category Contractor & Electrical Supervisory license from the Bangladesh Electrical Licensing Board. g) Up-to-date Income tax clearance certificate. h) Up-to-date VAT Registration certificate. i) Manufacturer's Authorization Letter (e-PG3-6) from the Escalator manufacturer must be submitted. (e-PG3-6 form attached in section-6) j) Sole Agent/Representative/ Distributorship certificate from the escalator manufacturer. k) Terms and conditions of Lift & Escalator must be fulfilled (attached in section-6) l) Catalogue & Technical specifications of proposed escalator. m) Other qualifications stated in TDS & PCC. * Years counting backward from the date of publication of IFT in the newspaper","Establishment of Complete Cancer, Kidney Heart treatment Center in Eight Divisional City titled project.(15 Storied Building with 17 storied Foundation having 2(two) basement at Rangpur, sylhet, Barisal, Mymensingh, Chattogram, Rajshahi, Khulna & Dhaka (Sub-Head: Supply, Installation, Testing & Commissioning of 2 Pair Escalator in Rajshahi))","Lot wise","Package wise","Package wise","4000","Payment through Bank","12-Feb-2027","12-Feb-2027","1","Establishment of Complete Cancer, Kidney Heart treatment Center in Eight Divisional City titled project.(15 Storied Building with 17 storied Foundation having 2(two) basement at Rangpur, sylhet, Barisal, Mymensingh, Chattogram, Rajshahi, Khulna & Dhaka (Sub-Head: Supply, Installation, Testing & Commissioning of 2 Pair Escalator in Rajshahi))","Rajshahi Cancer Hospital","1800000","29-Oct-2026","28-Oct-2027","Md. Jiaur Ibn Boraque","Executive Engineer","Address : Rajshahi City : Rajshahi Thana : Rajshahi City Corporation District : Rajshahi - 6000 Country : Bangladesh","Rajshahi","Rajshahi","Rajshahi City Corporation","Rajshahi - 6000","0247-812271","","80000000.00, OTM","https://www.eprocure.gov.bd/resources/common/ViewTender.jsp?id=1319608"
"Ministry of Local Government","Rural Development and Co-operatives","Department of Public Health Engineering (DPHE)","Office of the Executive Engineer,DPHE,Munshiganj","PE-20","Munshiganj","Works","NCT","TENDER","Tender - Single Lot","DPHE Munshiganj Memo no. 731 Date: 19/08/2026","227960","1321935","Open Tendering Method (OTM)","Development","Government","224303400","Project for Safe Water Supply Throughout the Country.","PSWSC-4938 Installation of Deep Tube Well  (100*38) with Submersible Pump under Safe Water SupplyThrough out The Country at Tongibari & Lohojoung fiscal year 2026-27","Construction work;Site preparation work;Building demolition and wrecking work and earthmoving work;Test drilling and boring work;Works for complete or part construction and civil engineering work;Building construction work;Engineering works and construction works;Construction work for pipelines, communication and power lines, for highways, roads, airfields and railways; flatwork;Construction work for water projects;Construction works for plants, mining and manufacturing and for buildings relating to the oil and gas industry;Roof works and other special trade construction works;Building installation work;Electrical installation work;Insulation work;Plumbing and sanitary works;Fencing, railing and safety equipment installation work;Mechanical installations;Building completion work;Plastering work;Joinery and carpentry installation work;Floor and wall covering work;Painting and glazing work;Other building completion work;Hire of construction and civil engineering machinery and equipment with operator;Hire of cranes with operator;Hire of earthmoving equipment with operator","25-Aug-2026 14:00","08-Sep-2026 16:00","As per IFT","Installation of Deep Tube Well (100*38) with Submersible Pump under Safe Water SupplyThrough out The Country at Tongibari & Lohojoung fiscal year 2026-27","Lot wise","Package wise","Package wise","4000","Payment through Bank","04-Feb-2027","04-Feb-2027","1","Installation of Deep Tube Well  (100*38) with Submersible Pump under Safe Water SupplyThrough out The Country at Tongibari & Lohojoung fiscal year 2026-27","Tongibari and Lohojoung  upazila","700000","04-Oct-2026","30-Jun-2027","MD. HUMAYUN KABIR","Executive Engineer","Address : Office of the Executive Engineer,DPHE,Munshiganj Sadar City : Munshiganj Sadar Thana : Munshiganj Sadar District : Munshiganj - 1500 Country : Bangladesh","Office of the Executive Engineer,DPHE,Munshiganj Sadar","Munshiganj Sadar","Munshiganj Sadar","Munshiganj - 1500","02-7611144","","24600000.00, OTM","https://www.eprocure.gov.bd/resources/common/ViewTender.jsp?id=1321935"
"Ministry of Local Government","Rural Development and Co-operatives","Department of Public Health Engineering (DPHE)","Office of the Executive Engineer,DPHE,Munshiganj","PE-20","Munshiganj","Works","NCT","TENDER","Tender - Single Lot","DPHE Munshiganj Memo no. 732 Date: 19/08/2026","227960","1321937","Open Tendering Method (OTM)","Development","Government","224303400","Project for Safe Water Supply Throughout the Country.","PSWSC-4935/2 Installation of Tube Well  (100*38) with Submersible Pump under Safe Water SupplyThrough out The Country at Sirajdikhan & Srinagar upazila fical year 2026-27","Construction work;Site preparation work;Building demolition and wrecking work and earthmoving work;Test drilling and boring work;Works for complete or part construction and civil engineering work;Building construction work;Engineering works and construction works;Construction work for pipelines, communication and power lines, for highways, roads, airfields and railways; flatwork;Construction work for water projects;Construction works for plants, mining and manufacturing and for buildings relating to the oil and gas industry;Roof works and other special trade construction works;Building installation work;Electrical installation work;Insulation work;Plumbing and sanitary works;Fencing, railing and safety equipment installation work;Mechanical installations;Building completion work;Plastering work;Joinery and carpentry installation work;Floor and wall covering work;Painting and glazing work;Other building completion work;Hire of construction and civil engineering machinery and equipment with operator;Hire of cranes with operator;Hire of earthmoving equipment with operator","25-Aug-2026 14:00","08-Sep-2026 16:00","As per IFT","Installation of Tube Well (100*38) with Submersible Pump under Safe Water SupplyThrough out The Country at Sirajdikhan & Srinagar upazila fical year 2026-27","Lot wise","Package wise","Package wise","2500","Payment through Bank","04-Feb-2027","04-Feb-2027","1","Installation of Tube Well  (100*38) with Submersible Pump under Safe Water SupplyThrough out The Country at Sirajdikhan & Srinagar upazila fical year 2026-27","Sirajdikhan and Srinagar upazila","475000","04-Oct-2026","30-Jun-2027","MD. HUMAYUN KABIR","Executive Engineer","Address : Office of the Executive Engineer,DPHE,Munshiganj Sadar City : Munshiganj Sadar Thana : Munshiganj Sadar District : Munshiganj - 1500 Country : Bangladesh","Office of the Executive Engineer,DPHE,Munshiganj Sadar","Munshiganj Sadar","Munshiganj Sadar","Munshiganj - 1500","02-7611144","","16600000.00, OTM","https://www.eprocure.gov.bd/resources/common/ViewTender.jsp?id=1321937"
"Ministry of Road Transport and Bridges","Road Transport and Highways Division","Roads & Highways Department (RHD)","Ferry Construction Division, Dhaka","eefeddha","Dhaka","Goods","NCT","TENDER","Tender - Single Lot","Memo No:35.01.0000.157.07.001.26-156, Date:17.8.26","228214","1321926","Open Tendering Method (OTM)","Revenue","Government","Not applicable","Not applicable","22/egp/FCD/2026-27 Supplying of 8mm M.S. Plate & Wince Machine for different Ferry, pontoon and Gangway of several Ferryghat under RHD Ferry Sub-Division, Faridpur during the Fiscal year of 2026-2027.","Repair, maintenance and associated services related to marine and other equipment; Repair, maintenance and associated services related to aircraft, railways, roads and marine equipment;","25-Aug-2026 13:00","09-Sep-2026 16:00","All tenderers who have registered in e-GP system may participate in the tender provided that they fulfill the criteria as stated in Tender Document (TDS & PCC).","Supplying of 8mm M.S. Plate & Wince Machine for different Ferry, pontoon and Gangway of several Ferryghat under RHD Ferry Sub-Division, Faridpur during the Fiscal year of 2026-2027.","Lot wise","Package wise","Package wise","500","Payment through Bank","06-Jan-2027","06-Jan-2027","01","Supplying of 8mm M.S. Plate & Wince Machine for different Ferry, pontoon and Gangway of several Ferryghat under RHD Ferry Sub-Division, Faridpur during the Fiscal year of 2026-2027.","Ferry Sub-Division, Faridpur","12000","30-Sep-2026","11-Oct-2026","Md. Azam Shaikh","Executive Engineer","Address : Ferry Construction Division, Dhaka City : Dhaka Thana : Dhaka North City Corporation District : Dhaka - 1208 Country : Bangladesh","Ferry Construction Division, Dhaka","Dhaka","Dhaka North City Corporation","Dhaka - 1208","02-8879377","02-8879377","510000.00, OTM","https://www.eprocure.gov.bd/resources/common/ViewTender.jsp?id=1321926"
"Ministry of Local Government","Rural Development and Co-operatives","Chittagong City Corporation","Office of Superintendent Engineer (Zone-4,6)","","Chattogram","Works","NCT","TENDER","Tender - Single Lot","APP ID- 216758 (49)","216758","1322649","Open Tendering Method (OTM)","Revenue","Government","Not applicable","Not applicable","CCC/Z-04/26-27/01 Development of Supariwala para by lane at 23 No Pathantuly Ward","Construction work;Site preparation work;Building demolition and wrecking work and earthmoving work;Test drilling and boring work;Works for complete or part construction and civil engineering work;Building construction work;Engineering works and construction works;Construction work for pipelines, communication and power lines, for highways, roads, airfields and railways; flatwork;Construction work for water projects;Construction works for plants, mining and manufacturing and for buildings relating to the oil and gas industry;Roof works and other special trade construction works;Building installation work;Electrical installation work;Insulation work;Plumbing and sanitary works;Fencing, railing and safety equipment installation work;Mechanical installations;Building completion work;Plastering work;Joinery and carpentry installation work;Floor and wall covering work;Painting and glazing work;Other building completion work;Hire of construction and civil engineering machinery and equipment with operator;Hire of cranes with operator;Hire of earthmoving equipment with operator","25-Aug-2026 15:25","10-Sep-2026 11:00","as per TDS","Development of Supariwala para by lane at 23 No Pathantuly Ward","Lot wise","Package wise","Package wise","1500","Payment through Bank","05-Feb-2027","05-Feb-2027","single","Development of Supariwala para by lane at 23 No Pathantuly Ward","23 No Pathantuly Ward","75000","01-Oct-2026","29-Apr-2027","JASHIM UDDIN","Superintending Engineer","Address : Tigerpass, Batali Hill, Chattogram City : Chattogram Thana : Chattogram City Corporation District : Chattogram - 4000 Country : Bangladesh","Tigerpass, Batali Hill, Chattogram","Chattogram","Chattogram City Corporation","Chattogram - 4000","02-333388819","02-333388803","Not Found","https://www.eprocure.gov.bd/resources/common/ViewTender.jsp?id=1322649"
"Ministry of Industries","","Bangladesh Sugar and Food Industries Corporation (BSFIC)","Zeal Bangla Sugar Mills Ltd.-Commercial Department.","","Jamalpur","Goods","NCT","TENDER","Tender - Single Lot","ZBSM/COM/ST-1/2026-2027","224659","1322967","Open Tendering Method (OTM)","Own Fund","Own Fund","Not applicable","Not applicable","ZBSM/COM/ST-1/2026-2027 Procurement of Stationery goods for all Department.","Various types of pulp, paper and paper products; Pulp, paper and paperboard; Pulp; Paper and paperboard; Paper or paperboard articles; Corrugated paper or paperboard; Household and hospital paper articles; Paper stationery and other items; Wallpaper and other coverings; Cigarette paper and filter paper;","25-Aug-2026 14:00","08-Sep-2026 17:00","As per tender document","Procurement of Stationery goods for all Department.","Lot wise","Package wise","Package wise","500","Payment through Bank","04-Feb-2027","04-Feb-2027","Single","Procurement of Stationery goods for all Department.","Zeal Bangla sugar mills ltd, Dewanganj, Jamalpur","9000","15-Sep-2026","15-Oct-2026","ATAUR RAHMAN","Manager (Commercial)-Zeal Bangla Sugar Mills Ltd.","Address : Post : D.S Mills-2031, Upazilla- Dewanganj, District-Jamalpur. City : Dewanganj Thana : Dewanganj District : Jamalpur - 2031 Country : Bangladesh","Post : D.S Mills-2031, Upazilla- Dewanganj, District-Jamalpur.","Dewanganj","Dewanganj","Jamalpur - 2031","09-82375008","","310000.00, OTM","https://www.eprocure.gov.bd/resources/common/ViewTender.jsp?id=1322967"
"Ministry of Industries","","Bangladesh Sugar and Food Industries Corporation (BSFIC)","Zeal Bangla Sugar Mills Ltd.-Commercial Department.","","Jamalpur","Goods","NCT","TENDER","Tender - Single Lot","ZBSM/COM/MECH-8 /2026-27","224659","1321992","Open Tendering Method (OTM)","Own Fund","Own Fund","Not applicable","Not applicable","ZBSM/COM/MECH-8 /2026-27 Procurement of Various types of Paints for Mechanical and Production Department.","Chemicals, chemical products and man-made fibres; Chemicals; Agro-chemical products; Paints, varnishes, printing ink and mastics; Medicinal products; Glycerol, soaps, detergents, cleaning and polishing preparations, perfumes and toilet preparations; Explosives and fine chemical products; Man-made fibres; Various chemical products;Gases;Dyes and pigments;Basic inorganic chemicals;Basic organic chemicals;Fertilisers and nitrogen compounds;Plastics in primary forms;Synthetic rubber;Enzymes;Pesticides;Insecticides;Herbicides;Plant-growth regulators;Disinfectants;Rodenticides;Fungicides;Paints;Varnishes;Ink;Mastics, fillers, putty;Solvents;Medicinal products for the alimentary tract and metabolism;Medicinal products for the blood, blood-forming organs and the cardiovascular system;Medicinal products for dermatology and the musculo-skeletal system;Medicinal products for the genitourinary system and hormones;General anti-infectives for systemic use, vaccines, antineoplastic and immunodulating agents;Medicinal products for the nervous system and sensory organs;Medicinal products for the respiratory system;Various medicinal products;Glycerol;Perfumes and toiletries;Prepared explosives;Glues;Essential oils;Photographic chemicals;Unrecorded media;Specialised chemical products;Synthetic fibres;Artificial fibres;Radiator fluids;Water-treatment chemicals;Anti-corrosion products","25-Aug-2026 14:00","08-Sep-2026 17:00","As per Tender Document.","Procurement of Various types of Paints for Mechanical and Production Department.","Lot wise","Package wise","Package wise","500","Payment through Bank","04-Feb-2027","04-Feb-2027","Single","Procurement of Various types of Paints for Mechanical and Production Department.","Zeal Bangla Sugar Mills Ltd,  Dewanganj,Jamalpur","8500","15-Sep-2026","15-Oct-2026","ATAUR RAHMAN","Manager (Commercial)-Zeal Bangla Sugar Mills Ltd.","Address : Post : D.S Mills-2031, Upazilla- Dewanganj, District-Jamalpur. City : Dewanganj Thana : Dewanganj District : Jamalpur - 2031 Country : Bangladesh","Post : D.S Mills-2031, Upazilla- Dewanganj, District-Jamalpur.","Dewanganj","Dewanganj","Jamalpur - 2031","09-82375008","","Not Found","https://www.eprocure.gov.bd/resources/common/ViewTender.jsp?id=1321992"
"Ministry of Local Government","Rural Development and Co-operatives","Department of Public Health Engineering (DPHE)","Office of the Executive Engineer,DPHE,Gopalganj","","Gopalganj","Works","NCT","TENDER","Tender - Single Lot","46.03.3500.061.07.035.26-655 Date: 06/08/2026","227731","1315591","Open Tendering Method (OTM)","Development","Government","224415000","Rural Sanitation Project.","WDTPL-77. Construction of 968 nos.Twin Pit Latrine at Kashiani upazila in Gopalganj District under Rural Sanitation Project FY 2025-2026","Construction work;Site preparation work;Building demolition and wrecking work and earthmoving work;Test drilling and boring work;Works for complete or part construction and civil engineering work;Building construction work;Engineering works and construction works;Construction work for pipelines, communication and power lines, for highways, roads, airfields and railways; flatwork;Construction work for water projects;Construction works for plants, mining and manufacturing and for buildings relating to the oil and gas industry;Roof works and other special trade construction works;Building installation work;Electrical installation work;Insulation work;Plumbing and sanitary works;Fencing, railing and safety equipment installation work;Mechanical installations;Building completion work;Plastering work;Joinery and carpentry installation work;Floor and wall covering work;Painting and glazing work;Other building completion work;Hire of construction and civil engineering machinery and equipment with operator;Hire of cranes with operator;Hire of earthmoving equipment with operator","25-Aug-2026 15:00","15-Sep-2026 15:00","As per TDS","Construction of 968 nos.Twin Pit Latrine at Kashiani upazila in Gopalganj District under Rural Sanitation Project FY 2025-2026","Lot wise","Package wise","Package wise","4000","Payment through Bank","11-Feb-2027","11-Feb-2027","n/a","Construction of 968 nos.Twin Pit Latrine at Kashiani upazila in Gopalganj District under Rural Sanitation Project FY 2025-2026","kashiani","1700000","01-Oct-2026","30-Mar-2028","Md. Fayez Ahmed","Executive Engineer","Address : Office of the Executive Engineer,DPHE,Gopalganj City : Gopalganj Thana : Gopalganj Sadar District : Gopalganj - 8100 Country : Bangladesh","Office of the Executive Engineer,DPHE,Gopalganj","Gopalganj","Gopalganj Sadar","Gopalganj - 8100","02-6685590","","Not Found","https://www.eprocure.gov.bd/resources/common/ViewTender.jsp?id=1315591"
"Ministry of Local Government","Rural Development and Co-operatives","Department of Public Health Engineering (DPHE)","Office of the Executive Engineer,DPHE,Gopalganj","","Gopalganj","Works","NCT","TENDER","Tender - Single Lot","46.03.3500.061.07.035.26-656 Date: 06/08/2026","227731","1315592","Open Tendering Method (OTM)","Development","Government","224415000","Rural Sanitation Project.","WDTPL-78. Construction of 1291 nos.Twin Pit Latrine at Muksudpur upazila in Gopalganj District under Rural Sanitation Project FY 2025-2026","Construction work;Site preparation work;Building demolition and wrecking work and earthmoving work;Test drilling and boring work;Works for complete or part construction and civil engineering work;Building construction work;Engineering works and construction works;Construction work for pipelines, communication and power lines, for highways, roads, airfields and railways; flatwork;Construction work for water projects;Construction works for plants, mining and manufacturing and for buildings relating to the oil and gas industry;Roof works and other special trade construction works;Building installation work;Electrical installation work;Insulation work;Plumbing and sanitary works;Fencing, railing and safety equipment installation work;Mechanical installations;Building completion work;Plastering work;Joinery and carpentry installation work;Floor and wall covering work;Painting and glazing work;Other building completion work;Hire of construction and civil engineering machinery and equipment with operator;Hire of cranes with operator;Hire of earthmoving equipment with operator","25-Aug-2026 15:00","15-Sep-2026 15:00","As per TDS","Construction of 1291 nos.Twin Pit Latrine at Muksudpur upazila in Gopalganj District under Rural Sanitation Project FY 2025-2026","Lot wise","Package wise","Package wise","4000","Payment through Bank","11-Feb-2027","11-Feb-2027","n/a","Construction of 1291 nos.Twin Pit Latrine at Muksudpur upazila in Gopalganj District under Rural Sanitation Project FY 2025-2026","Muksudpur","2200000","01-Oct-2026","30-Mar-2028","Md. Fayez Ahmed","Executive Engineer","Address : Office of the Executive Engineer,DPHE,Gopalganj City : Gopalganj Thana : Gopalganj Sadar District : Gopalganj - 8100 Country : Bangladesh","Office of the Executive Engineer,DPHE,Gopalganj","Gopalganj","Gopalganj Sadar","Gopalganj - 8100","02-6685590","","Not Found","https://www.eprocure.gov.bd/resources/common/ViewTender.jsp?id=1315592"
"Ministry of Health and Family Welfare","","Directorate General of Family Planning","Project Director Office, Implementation of Unfinished 4th Sector Programme","","Dhaka","Goods","NCT","TENDER","Tender - Single Lot","59.11.0000.900.99.012.2026-17","225527","1320399","Open Tendering Method (OTM)","Development","Government","224421800","Implementation of Unfinished 4th Sector Program","2025-26/GD-4a Procurement of Contraceptive Oral Pill (COP) (3rd Generation)","Medical and laboratory devices, optical and precision devices, watches and clocks, pharmaceuticals and related medical consumables;Medical devices;Imaging equipment for medical, dental and veterinary use;Functional exploration;Dentistry;Medical non-chemical consumables and haematological consumables;Therapy;Operating techniques;Anaesthesia and resuscitation;Functional support;Miscellaneous medical devices;Instruments and appliances for measuring, checking, testing and navigating;Navigational, meteorological, geological and geophysical instruments;Remote-control equipment;Precision balances, instruments for drawing, calculating and measuring length;Instruments for measuring quantities;Instruments for checking physical characteristics;Checking and testing apparatus;Regulating and controlling instruments and apparatus;Non-medical equipment based on the use of radiations;Industrial process control equipment;Optical instruments;Spectacles and lenses;Polarising material;Astronomical and optical instruments;Liquid crystal devices;Photographic equipment;Horological instruments;Watches and clocks","25-Aug-2026 12:55","08-Sep-2026 16:00","As mentioned in tender document","Procurement of Contraceptive Oral Pill (COP) (3rd Generation)","Lot wise","Package wise","Package wise","10000","Payment through Bank","04-Feb-2027","04-Feb-2027","Single Lot","Procurement of Contraceptive Oral Pill (COP) (3rd Generation)","Dhaka","24000000","15-Oct-2026","14-Feb-2027","A. F. M. ARAFAT HOSSAIN","Project Director-Implementation of the Unfinished Activities of  4th Sector Programme","Address : 6, Kawranbazar, Dhaka-1215 City : Dhaka Thana : Dhaka North City Corporation District : Dhaka - 1215 Country : Bangladesh","6, Kawranbazar, Dhaka-1215","Dhaka","Dhaka North City Corporation","Dhaka - 1215","880-2222281001","","1007500000.00, OTM","https://www.eprocure.gov.bd/resources/common/ViewTender.jsp?id=1320399"
"Ministry of Housing and Public Works","","Public Works Department (PWD)","Kishoreganj pwd division","","Kishoreganj","Works","NCT","TENDER","Tender - Single Lot","Memo: 1779, Date: 23/08/2026","226819","1323563","Open Tendering Method (OTM)","Revenue","Government","Not applicable","Not applicable","KPWD/APP/26-27/027 Repair and Maintenance works at the staff quarter of Kishoreganj PWD Sub Division-1, Kishoreganj. FY- 2026-27","Repair, maintenance and installation services;Repair, maintenance and associated services of vehicles and related equipment;Repair and maintenance services of motor vehicles and associated equipment;Demolition services of vehicles;Repair, maintenance and associated services related to aircraft, railways, roads and marine equipment;Repair, maintenance and associated services related to aircraft and other equipment;Repair, maintenance and associated services related to railways and other equipment;Repair, maintenance and associated services related to roads and other equipment;Repair, maintenance and associated services related to marine and other equipment;Repair, maintenance and associated services related to personal computers, office equipment, telecommunications and audio-visual equipment;Maintenance and repair of office machinery;Repair and maintenance services of personal computers;Maintenance services of telecommunications equipment;Repair and maintenance services of audio-visual and optical equipment;Repair and maintenance services of medical and precision equipment;Repair and maintenance services of measuring, testing and checking apparatus;Repair and maintenance services of medical and surgical equipment;Repair and maintenance services of precision equipment;Repair and maintenance services for pumps, valves, taps and metal containers and machinery;Repair and maintenance services of pumps, valves, taps and metal containers;Repair and maintenance services of machinery;Repair and maintenance services of building installations;Repair and maintenance services of electrical and mechanical building installations;Repair and maintenance services of central heating;Repair and maintenance services of cooler groups;Repair and maintenance services of escalators;Lift-maintenance services;Miscellaneous repair and maintenance services;Repair services of jewellery;Repair services of leather personal goods;Repair services of garments and textiles;Repair and maintenance services of weapons and weapon systems;Repair and maintenance services of furniture;Repair and maintenance services of musical instruments;Repair and maintenance services of playground equipment;Repair and maintenance services of hotel and restaurant equipment;Installation services;Installation services of electrical and mechanical equipment;Installation services of equipment for measuring, checking, testing and navigating;Installation services of communications equipment;Installation services of medical and surgical equipment;Installation services of machinery and equipment;Installation services of computers and office equipment;Installation services of metal containers","25-Aug-2026 13:35","10-Sep-2026 15:00","1. Reputed Contractors/firms who have minimum 5 (Five) years of general experience. 2. The minimum specific experience as a Prime Contractor in Electric repair work under public sector of at least 2.00 Lakh in one(01) contract of successfully completed within the last 03 years. Years counting backward from the date of publication of IFT in e-GP. 3. The Tenderers shall have a minimum Average Annual Construction Turnover shall be TK 2.50 Lakh during the last 5 (Five) Years. Detailed eligibility requirements and conditions applicable to the tenderer are stated in the Tender Data Sheet (TDS). 4. The Tenderers shall have minimum Liquid assets i.e line of credit shall be TK. 2.00 Lakh. Document Submitted along with the tender must be issued in between publication date and submission date of the tender. Prescribed from for Line of Credit for this purpose shall be submitted as per form PW-2(a) of tender and Contract forms. 5. The minimum Tender Capacity Tk 2.20 Lakh 6.The tenderer must have updated valid trade licence. 7. Income Tax Clearance Certificate. 8. VAT registration certificate.","Repair and Maintenance works at the staff quarter of Kishoreganj PWD Sub Division-1, Kishoreganj. FY- 2026-27","Lot wise","Package wise","Package wise","500","Payment through Bank","07-Mar-2027","07-Mar-2027","Single","Repair and Maintenance works at the staff quarter of Kishoreganj PWD Sub Division-1, Kishoreganj. FY- 2026-27","Kishoreganj","7000","21-Sep-2026","05-Oct-2026","Md. Mohiuddin Jahangir","Executive Engineer","Address : Kishoreganj pwd division ,Kishoreganj City : Kishorerganj Thana : Kishoreganj Sadar District : Kishoreganj - 2300 Country : Bangladesh","Kishoreganj pwd division ,Kishoreganj","Kishorerganj","Kishoreganj Sadar","Kishoreganj - 2300","02-94161751","","300000.00, OTM","https://www.eprocure.gov.bd/resources/common/ViewTender.jsp?id=1323563"
"Ministry of Education","Secondary and Higher Education Division","National Curriculum and textbook Board (NCTB)","Member (Textbook), NCTB","","Dhaka","Goods","NCT","TENDER","Tender - Single Lot","37.06.0000.07.304.003.26/1871","225442","1323115","Open Tendering Method (OTM)","Revenue","Government","Not applicable","Not applicable","2027.GD.PRI.1_5.396 For Printing (With Paper), Binding and Supplying of textbooks of Classes One, Two, Three, Four and Five (Primary Level) to be distributed free of cost for the Academic Year 2027","Various types of printed matter and articles for printing; Printing, publishing and related services;Printed books, brochures and leaflets;Printed books;Publications;Directories;Leaflets;Brochures;Booklets;Newspapers, journals, periodicals and magazines;Newspapers;Postcards, greeting cards and other printed matter;Postcards;Greeting cards;Stamps, cheque forms, banknotes, stock certificates, trade advertising material, catalogues and manuals;Stamps;Stamp-impressed paper;Banknotes;Cheque forms;Security-type printed matter;Trade-advertising material, commercial catalogues and manuals;Manuals;Printing plates or cylinders or other media for use in printing;Offset plates;Dry-etching equipment;Paper or paperboard registers, account books, binders, forms and other articles of printed stationery;Paper or paperboard registers;Forms;Exercise books;Albums for samples;Binders and related accessories;Printed stationery except forms;Miscellaneous printed matter;Car-tax discs;Driving licences;ID cards;Permits;Entrance cards;Bespoke printed matter;Tickets;Printing services;Printing services for books;Printing services for stationery;Printing services for security printed matter;Printing services for forms;Printing services for tickets;Printing services for calendars;Printing services for timetables;Newspaper printing services;Printing services for posters;Services related to printing;Print finishing services;Composition services;Printing and delivery services;Printing and distribution services;Publishing services;Bookbinding and finishing services;Subscription services","25-Aug-2026 15:00","07-Sep-2026 16:00","As Per TDS","For Printing (With Paper), Binding and Supplying of textbooks of Classes One, Two, Three, Four and Five (Primary Level) to be distributed free of cost for the Academic Year 2027","Lot wise","Package wise","Package wise","4000","Payment through Bank","05-Mar-2027","05-Mar-2027","396","For Printing (With Paper), Binding and Supplying of textbooks of Classes One, Two, Three, Four and Five (Primary Level) to be distributed free of cost for the Academic Year 2027","As Per Delevery Schedule","734000","06-Oct-2026","26-Nov-2026","Mohammad Abu Nasher Tuku","Member (Textbook)","Address :  69-70, Motijheel, C/A, Dhaka-1000 City : Dhaka Thana : Dhaka South City Corporation District : Dhaka - 1000 Country : Bangladesh","69-70, Motijheel, C/A, Dhaka-1000","Dhaka","Dhaka South City Corporation","Dhaka - 1000","02-9550805","","Not Found","https://www.eprocure.gov.bd/resources/common/ViewTender.jsp?id=1323115"
"Ministry of Health and Family Welfare","Health Services Division","Directorate General of Health Services (DGHS)","Singair Upazila Health Complex, Manikganj","","Manikganj","Goods","NCT","TENDER","Tender - Single Lot","UHC/Singair/MSR-Tender/GBC/2026-27/Gr-3","229873","1318196","Open Tendering Method (OTM)","Revenue","Government","Not applicable","Not applicable","UHC/Singair/MSR/GBC/2026-27/Gr-3 Procurement of Gauze Bandage & Cotton for the F.Y 2026-27 at Singair Upazila Health Complex, Manikganj.","Medical and laboratory devices, optical and precision devices, watches and clocks, pharmaceuticals and related medical consumables;Medical devices;Imaging equipment for medical, dental and veterinary use;Functional exploration;Dentistry;Medical non-chemical consumables and haematological consumables;Therapy;Operating techniques;Anaesthesia and resuscitation;Functional support;Miscellaneous medical devices;Instruments and appliances for measuring, checking, testing and navigating;Navigational, meteorological, geological and geophysical instruments;Remote-control equipment;Precision balances, instruments for drawing, calculating and measuring length;Instruments for measuring quantities;Instruments for checking physical characteristics;Checking and testing apparatus;Regulating and controlling instruments and apparatus;Non-medical equipment based on the use of radiations;Industrial process control equipment;Optical instruments;Spectacles and lenses;Polarising material;Astronomical and optical instruments;Liquid crystal devices;Photographic equipment;Horological instruments;Watches and clocks","25-Aug-2026 13:00","08-Sep-2026 11:00","As per TDS & PCC with View the e-Tender Documents","Procurement of Gauze Bandage & Cotton for the F.Y 2026-27 at Singair Upazila Health Complex, Manikganj.","Lot wise","Package wise","Package wise","1000","Payment through Bank","03-Feb-2027","03-Feb-2027","3","Procurement of Gauze Bandage & Cotton for the F.Y 2026-27 at Singair Upazila Health Complex, Manikganj.","Singair Upazila Health Complex, Manikganj","30000","01-Oct-2026","25-Nov-2026","Rafsan Reza","UH&FPO","Address : Singair Upazila Health Complex, Manikganj City : Singair Thana : Singair District : Manikganj - 1820 Country : Bangladesh","Singair Upazila Health Complex, Manikganj","Singair","Singair","Manikganj - 1820","0277-17014","","1046250.00, OTM","https://www.eprocure.gov.bd/resources/common/ViewTender.jsp?id=1318196"
"Ministry of Shipping","","Bangladesh Inland Water transport Authority (BIWTA)","Office of the Director Purchase","","Dhaka","Physical Services","NCT","PPS","","","220616","1322192","Open Tendering Method (OTM)","Revenue","Government","Not applicable","Not applicable","04-PS Physical Services for the transfer of various kinds of goods and equipment of Conservency and Pilotage Department from the Open Space of BIWTAs Khanpur stores to the newly constructed Kanchpur Store.","Service Provider (Others); Miscellaneous services;","25-Aug-2026 14:00","07-Sep-2026 15:00","1. Must have submit updated Trade License 2. Must have submit TIN, BIN, Tax certificate 3. As per TDS & PCC","Physical Services for the transportation and relocation of Various Goods of the Conservancy & Pilotage Department from the open space of BIWTA’s Khanpur Store, Narayanganj to newly contructed Kanchpur Store, Kanchpur Landing Station, Siddirganj, Narayanganj","Package wise","","Package wise","1500","Payment through Bank","04-Jan-2027","04-Jan-2027","","","Khanpur Store to Kachpur store","","01-Oct-2026","01-Nov-2026","A. k. M. Arif Uddin","Director Purchase","Address : 141-143 Motijheel C/A, Dhaka-1000. Bangladesh. City : Dhaka Thana : Dhaka South City Corporation District : Dhaka - 1000 Country : Bangladesh","141-143 Motijheel C/A, Dhaka-1000. Bangladesh.","Dhaka","Dhaka South City Corporation","Dhaka - 1000","02-9553597","","4000000.00, OTM","https://www.eprocure.gov.bd/resources/common/ViewTender.jsp?id=1322192"
"Ministry of Road Transport and Bridges","Road Transport and Highways Division","Roads & Highways Department (RHD)","Ferry Construction Division, Dhaka","eefeddha","Dhaka","Works","NCT","TENDER","Tender - Single Lot","Memo No:35.01.0000.157.07.001.26-155, Date:16.8.26","228214","1321670","Open Tendering Method (OTM)","Revenue","Government","Not applicable","Not applicable","17/egp/FCD/2026-27 Repair & Painting works for the Gangway bridge No: G-040/2019 at ""Chartola-Joynagor"" Ferryghat under RHD, Ferry Sub-Division, Faridpur during the Fiscal year of 2026-2027.","Repair, maintenance and associated services related to marine and other equipment; Repair, maintenance and associated services related to aircraft, railways, roads and marine equipment;","25-Aug-2026 13:00","09-Sep-2026 16:00","All tenderers who have registered in e-GP system may participate in the tender provided that they fulfill the criteria as stated in Tender Document (TDS & PCC).","Repair & Painting works for the Gangway bridge No: G-040/2019 at ""Chartola-Joynagor"" Ferryghat under RHD, Ferry Sub-Division, Faridpur during the Fiscal year of 2026-2027.","Lot wise","Package wise","Package wise","500","Payment through Bank","06-Jan-2027","06-Jan-2027","01","Repair & Painting works for the Gangway bridge No: G-040/2019 at ""Chartola-Joynagor"" Ferryghat under RHD, Ferry Sub-Division, Faridpur during the Fiscal year of 2026-2027.","As Per Work","12000","30-Sep-2026","21-Oct-2026","Md. Azam Shaikh","Executive Engineer","Address : Ferry Construction Division, Dhaka City : Dhaka Thana : Dhaka North City Corporation District : Dhaka - 1208 Country : Bangladesh","Ferry Construction Division, Dhaka","Dhaka","Dhaka North City Corporation","Dhaka - 1208","02-8879377","02-8879377","400000.00, OTM","https://www.eprocure.gov.bd/resources/common/ViewTender.jsp?id=1321670"
"Ministry of Education","Secondary and Higher Education Division","University of Dhaka","Civil zone2 -Chief Engineer Office","","Dhaka","Goods","NCT","TENDER","Tender - Single Lot","7THRHL-15","216653","1322433","Open Tendering Method (OTM)","Revenue","Government","Not applicable","Not applicable","7THRHL-01 Supply, fitting & fixing of PVC Shutter of damaged 200 Nos Locker and inside of colour works at 7th March Bhaban, Ruquyyah hall, University of Dhaka.","Builders wood carpentry; Builders wood joinery and carpentry;","25-Aug-2026 12:30","08-Sep-2026 15:30","As per Tender data sheet/Documents","Supply, fitting & fixing of PVC Shutter of damaged 200 Nos Locker and inside of colour works at 7th March Bhaban, Ruquyyah hall, University of Dhaka.","Lot wise","Package wise","Package wise","1000","Payment through Bank","04-Feb-2027","04-Feb-2027","01","Supply, fitting & fixing of PVC Shutter of damaged 200 Nos Locker and inside of colour works at 7th March Bhaban, Ruquyyah hall, University of Dhaka.","University of Dhaka","58000","20-Sep-2026","20-Oct-2026","MD. ANISUR RAHMAN","Superintending Enginieer","Address : Administrative Building
University of Dhaka City : Dhaka Thana : Dhaka South City Corporation District : Dhaka - 1000 Country : Bangladesh","","Dhaka","Dhaka South City Corporation","Dhaka - 1000","02-55167806","","2104000.00, OTM","https://www.eprocure.gov.bd/resources/common/ViewTender.jsp?id=1322433"
"Ministry of Road Transport and Bridges","Road Transport and Highways Division","Roads & Highways Department (RHD)","Ferry Construction Division, Dhaka","eefeddha","Dhaka","Goods","NCT","TENDER","Tender - Single Lot","Memo No:35.01.0000.157.07.001.26-156, Date:17.8.26","228214","1321929","Open Tendering Method (OTM)","Revenue","Government","Not applicable","Not applicable","25/egp/FCD/2026-27 Supplying of 4mm M.S. Plate & M.S Pipe for different Ferry, pontoon and Gangway of several Ferryghat under RHD Ferry Sub-Division, Faridpur during the Fiscal year of 2026-2027.","Repair, maintenance and associated services related to aircraft, railways, roads and marine equipment; Repair, maintenance and installation services;Repair, maintenance and associated services related to aircraft and other equipment;Repair, maintenance and associated services related to railways and other equipment;Repair, maintenance and associated services related to roads and other equipment;Repair, maintenance and associated services related to marine and other equipment","25-Aug-2026 13:00","09-Sep-2026 16:00","All tenderers who have registered in e-GP system may participate in the tender provided that they fulfill the criteria as stated in Tender Document (TDS & PCC).","Supplying of 4mm M.S. Plate & M.S Pipe for different Ferry, pontoon and Gangway of several Ferryghat under RHD Ferry Sub-Division, Faridpur during the Fiscal year of 2026-2027.","Lot wise","Package wise","Package wise","500","Payment through Bank","06-Jan-2027","06-Jan-2027","01","Supplying of 4mm M.S. Plate & M.S Pipe for different Ferry, pontoon and Gangway of several Ferryghat under RHD Ferry Sub-Division, Faridpur during the Fiscal year of 2026-2027.","Ferry Sub-Division, Faridpur","12500","20-Sep-2026","30-Sep-2026","Md. Azam Shaikh","Executive Engineer","Address : Ferry Construction Division, Dhaka City : Dhaka Thana : Dhaka North City Corporation District : Dhaka - 1208 Country : Bangladesh","Ferry Construction Division, Dhaka","Dhaka","Dhaka North City Corporation","Dhaka - 1208","02-8879377","02-8879377","525000.00, OTM","https://www.eprocure.gov.bd/resources/common/ViewTender.jsp?id=1321929"
"Ministry of Finance","Finance Division","Finance Division","Office of the Executive Program Director, SDCMU, SICIP.","","Dhaka","Goods","NCT","TENDER","Tender - Single Lot","FD/SICIP/Proc./GD-101/111/2026/2587","215782","1314993","Open Tendering Method (OTM)","Development","Aid or Grant","4334-BAN","Skill for Industry Competitiveness and Innovation Program (SICIP)","GD-101 Procurement of Lab Computers for BRAC IT.","Office and computing machinery, equipment and supplies; Computer and related services;Office machinery, equipment and supplies except computers;Word-processing machines;Photocopying and printing equipment;Post-office equipment;Calculating and accounting machines;Typewriters;Parts and accessories of typewriters and calculating machines;Various office equipment and supplies;Computer equipment and supplies;Data-processing machines;Digital cartography equipment;Computer hardware;Software;Computer systems;Servers;Hardware consultancy services;Hardware selection consultancy services;Hardware disaster-recovery consultancy services;Computer-site planning consultancy services;Computer hardware acceptance testing consultancy services;Computer audit consultancy and hardware consultancy services;Software programming and consultancy services;Programming services of packaged software products;Systems and technical consultancy services;Custom software development services;Systems analysis and programming services;System maintenance and support services;Software-related services;Data services;Data-processing services;Database services;Computer-related services;Computer-related management services;Computer support and consultancy services;Computer network services;Computer upgrade services;Computer audit services;Computer testing services;Computer back-up services;Computer catalogue conversion services;Computer-related professional services","25-Aug-2026 15:00","15-Sep-2026 12:00","As per Tender Document.","Procurement of Lab Computers for BRAC IT.","Lot wise","Package wise","Package wise","4000","Payment through Bank","12-Jan-2027","12-Jan-2027","1","Procurement of Lab Computers for BRAC IT.","BRAC University, Dhaka","1000000","01-Oct-2026","31-Dec-2026","MOHAMMED WALID HOSSAIN","Executive Program Director (EPD)","Address : Probashi Kollan Bhaban (15th Floor), 71-72 Eskaton Garden, Ramna, Dhaka-1000. City : Dhaka Thana : Dhaka South City Corporation District : Dhaka - 1000 Country : Bangladesh","Probashi Kollan Bhaban (15th Floor), 71-72 Eskaton Garden, Ramna, Dhaka-1000.","Dhaka","Dhaka South City Corporation","Dhaka - 1000","02-551387535","","Not Found","https://www.eprocure.gov.bd/resources/common/ViewTender.jsp?id=1314993"
"Ministry of Road Transport and Bridges","Road Transport and Highways Division","Roads & Highways Department (RHD)","Ferry Construction Division, Dhaka","eefeddha","Dhaka","Works","NCT","TENDER","Tender - Single Lot","Memo No:35.01.0000.157.07.001.26-156, Date:17.8.26","228214","1321933","Open Tendering Method (OTM)","Revenue","Government","Not applicable","Not applicable","30/egp/FCD/2026-27 Repair & Painting works for the Pontoon no: PI-127/2001 at ""Jhama-Charjhama"" Ferryghat under RHD, Ferry Sub-Division, Faridpur during the Fiscal year of 2026-2027.","Repair, maintenance and associated services related to aircraft, railways, roads and marine equipment; Repair, maintenance and installation services;Repair, maintenance and associated services related to aircraft and other equipment;Repair, maintenance and associated services related to railways and other equipment;Repair, maintenance and associated services related to roads and other equipment;Repair, maintenance and associated services related to marine and other equipment","25-Aug-2026 13:00","09-Sep-2026 16:00","All tenderers who have registered in e-GP system may participate in the tender provided that they fulfill the criteria as stated in Tender Document (TDS & PCC).","Repair & Painting works for the Pontoon no: PI-127/2001 at ""Jhama-Charjhama"" Ferryghat under RHD, Ferry Sub-Division, Faridpur during the Fiscal year of 2026-2027.","Lot wise","Package wise","Package wise","500","Payment through Bank","06-Jan-2027","06-Jan-2027","01","Repair & Painting works for the Pontoon no: PI-127/2001 at ""Jhama-Charjhama"" Ferryghat under RHD, Ferry Sub-Division, Faridpur during the Fiscal year of 2026-2027.","Ferry Sub-Division, Faridpur","20000","20-Sep-2026","11-Oct-2026","Md. Azam Shaikh","Executive Engineer","Address : Ferry Construction Division, Dhaka City : Dhaka Thana : Dhaka North City Corporation District : Dhaka - 1208 Country : Bangladesh","Ferry Construction Division, Dhaka","Dhaka","Dhaka North City Corporation","Dhaka - 1208","02-8879377","02-8879377","850000.00, OTM","https://www.eprocure.gov.bd/resources/common/ViewTender.jsp?id=1321933"
"Ministry of Health and Family Welfare","Health Services Division","Directorate General of Health Services (DGHS)","Singair Upazila Health Complex, Manikganj","","Manikganj","Goods","NCT","TENDER","Tender - Single Lot","UHC/Singair/MSR-Tender/Instrument/2026-27/Gr-2","229873","1318197","Open Tendering Method (OTM)","Revenue","Government","Not applicable","Not applicable","UHC/Singair/MSR/Instrument/2026-27/Gr-2 Procurement of Surgical Instrument for the F.Y 2026-27 at Singair Upazila Health Complex, Manikganj.","Medical and laboratory devices, optical and precision devices, watches and clocks, pharmaceuticals and related medical consumables;Medical devices;Imaging equipment for medical, dental and veterinary use;Functional exploration;Dentistry;Medical non-chemical consumables and haematological consumables;Therapy;Operating techniques;Anaesthesia and resuscitation;Functional support;Miscellaneous medical devices;Instruments and appliances for measuring, checking, testing and navigating;Navigational, meteorological, geological and geophysical instruments;Remote-control equipment;Precision balances, instruments for drawing, calculating and measuring length;Instruments for measuring quantities;Instruments for checking physical characteristics;Checking and testing apparatus;Regulating and controlling instruments and apparatus;Non-medical equipment based on the use of radiations;Industrial process control equipment;Optical instruments;Spectacles and lenses;Polarising material;Astronomical and optical instruments;Liquid crystal devices;Photographic equipment;Horological instruments;Watches and clocks","25-Aug-2026 13:00","08-Sep-2026 11:00","As per TDS & PCC with View the e-Tender Documents","Procurement of Surgical Instrument for the F.Y 2026-27 at Singair Upazila Health Complex, Manikganj.","Lot wise","Package wise","Package wise","1000","Payment through Bank","03-Feb-2027","03-Feb-2027","2","Procurement of Surgical Instrument for the F.Y 2026-27 at Singair Upazila Health Complex, Manikganj.","Singair Upazila Health Complex, Manikganj","60000","01-Oct-2026","25-Nov-2026","Rafsan Reza","UH&FPO","Address : Singair Upazila Health Complex, Manikganj City : Singair Thana : Singair District : Manikganj - 1820 Country : Bangladesh","Singair Upazila Health Complex, Manikganj","Singair","Singair","Manikganj - 1820","0277-17014","","2092550.00, OTM","https://www.eprocure.gov.bd/resources/common/ViewTender.jsp?id=1318197"
"Ministry of Home Affairs","","Prisons Directorate","Kishoreganj District Jail-2, Kishoreganj","","Kishoreganj","Goods","NCT","TENDER","Tender - Single Lot","44.07.4800.099.04.021.26-468, Dated: 18.08.2026","225748","1320389","Open Tendering Method (OTM)","Revenue","Government","Not applicable","Not applicable","KDJ-2 Miscellancous/package-1/26-27 Kishoregonj District Jail-2 Supply of Miscellaneous items (Package-1) for the period of July 2026 to June 2027.","Agricultural, horticultural, hunting and related products; Miscellaneous services;Crops, products of market gardening and horticulture;Cereals and other crops;Vegetables, horticultural products and nursery products;Fruit, nuts, beverage and spice crops;Live animals and animal products;Cattle and their products;Farm animals and their products;Pigs;Live poultry and eggs;Small live animals and their products;Products of mixed farming;Agricultural supplies;Washing and dry-cleaning services;Laundry-collection services;Textile-cleaning services;Fur-products cleaning services;Colouring services;Pressing services;Dyeing services;Hairdressing and beauty treatment services;Hairdressing services;Beauty treatment services;Physical well-being services;Turkish bath services;Spa services;Massage services;Accommodation and office services;Accommodation services;Civic-amenity services;Car-park management services;Marine services;Aquatic marine services;Port management services;Diving services;Funeral and related services;Funeral services;Miscellaneous services n.e.c.;Decommissioning services;Relocation services;Tailoring services;Upholstering services;Locksmith services;Clearing and Forwarding Agent;Service Provider (Others)","25-Aug-2026 13:00","06-Sep-2026 11:00","The Tenderer shall submit with its Tender the following additional documents: a. All the Tenderer must follow the PPA, 2006 and PPR, 2025 rules & regulations; b. Following documents have to be submitted/uploaded as per Standard Tender Document (e-STD): (I) The minimum of years of general experience of the Tenderer in the supply of Goods and related services as Supplier shall be 1 (one) year. Years counting backward from the date of publication of IFT in the e-GP System. (II) The minimum specific experience as Supplier in supply of Miscellancous goods of at least 01 (one) contract successfully completed within the last 05 (five) years, each with a value of at least Tk. 3 Lakh Only. Years counting backward from the date of publication of IFT in the e-GP System. [The Tenderer will submit the copy of work order/contract deed along with the experience certificate in the e-GP system.] (III) The minimum amount of liquid assets, net of other contractual commitments is (Form PG2-7) Tk. 5.50 Lakh Only. [Certificate must be issued between publication of IFT and submission date in the e-GP system]. (IV) Up-to-date Valid Trade License as supplier. (V) Up-to-date Income Tax clearance certificate with e-TIN. (VI) e-BIN (13 digits) registration certificate. (VII) Manufacturer Authorization Letter or Contract deed with the Importers / Manufacturer (if bidder is a supplier) [When applicable]. (VIII) Certificate of incorporation (in case of limited company).","Kishoregonj District Jail-2 Supply of Miscellaneous items (Package-1) for the period of July 2026 to June 2027.","Lot wise","Package wise","Package wise","500","Payment through Bank","02-Jan-2027","02-Jan-2027","Single","Kishoregonj District Jail-2 Supply of Miscellaneous items (Package-1) for the period of July 2026 to June 2027.","Kishoreganj District Jail-2, Kishoreganj","14000","07-Sep-2026","30-Jun-2027","Mohammad Didarul Alam","Jail Super","Address : Kishoreganj District Jail-2, Kishoreganj Sadar, Kishoreganj. City : Kishoreganj Thana : Kishoreganj Sadar District : Kishoreganj - 2300 Country : Bangladesh","Kishoreganj District Jail-2, Kishoreganj Sadar, Kishoreganj.","Kishoreganj","Kishoreganj Sadar","Kishoreganj - 2300","02-998832266","02-998832266","Not Found","https://www.eprocure.gov.bd/resources/common/ViewTender.jsp?id=1320389"
"Ministry of Shipping","","Chittagong Port Authority","Plant Manager","","Chattogram","Goods","NCT","TENDER","Tender - Single Lot","18.13.0000.382.07.023.24","215899","1310373","Open Tendering Method (OTM)","Own Fund","Own Fund","Not applicable","Not applicable","18.13.0000.382.07.023.24_APP_ABB1 Procurement of 11 items spare parts for all kinds of 04 High Straddle Carriers of Zonal Workshop-AB.","Motor vehicles; Motor vehicles, trailers and vehicle parts; Vehicle bodies, trailers or semi-trailers;Passenger cars;Motor vehicles for the transport of 10 or more persons;Motor vehicles for the transport of goods;Heavy-duty motor vehicles;Vehicle bodies;Trailers, semi-trailers and mobile containers","25-Aug-2026 12:30","08-Sep-2026 17:00","Any firm that has valid trade license, VAT registration, TIN Certificate including other documents stated in tender document.","Procurement of 11 items spare parts for all kinds of 04 High Straddle Carriers of Zonal Workshop-AB.","Lot wise","Package wise","Package wise","1000","Payment through Bank","04-Feb-2027","04-Feb-2027","1","Procurement of 11 items spare parts for all kinds of 04 High Straddle Carriers of Zonal Workshop-AB.","Zonal Workshop-AB","50000","24-Sep-2026","24-Jan-2027","Md. Mustafa Iqbal","Plant Manager","Address : Zonal Workshop D, Bandar City : Chittagong Thana : Chattogram City Corporation District : Chattogram - 4100 Country : Bangladesh","Zonal Workshop D, Bandar","Chittagong","Chattogram City Corporation","Chattogram - 4100","031-2510897","031-2510889","1990000.00, OTM","https://www.eprocure.gov.bd/resources/common/ViewTender.jsp?id=1310373"
"Ministry of Home Affairs","","Bangladesh Police","Office of the Superintendent of Police, Rangpur","00161","Rangpur","Goods","NCT","TENDER","Tender - Single Lot","Memo No-Rangpur-Tender/Ration/5995/E","225366","1318804","Open Tendering Method (OTM)","Revenue","Government","Not applicable","Not applicable","SPR/RATION/26-27/TRANSPORTATION/Q-2 Transportation of goods carrying (Ration Items Rice, Sugar, Wheat etc.) including Coolie (Loading/Unloading) for the Financial Year 2026-2027 (2nd Quarter) at District Police Lines Ration Store, Rangpur.","Support services for road transport; Support services for land transport;","25-Aug-2026 15:00","07-Sep-2026 17:00","The folowing documents must be submitted along with the submitted documents. Otherwise, the tender wil be considered as canceled. (1) Updated Income Tax Payment Certificate (2) VAT Registration Certificate (3) Valid Trade License of the company (4) Financial Solvency Certificate (5) National ID card with 01 copy of recent passport size photo (6) Ownership Certificate. (7) Declaration/Agreement signed by a Gazetted Officer to the effect that the bidder is not blacklisted. (8) Relevant work experience certificate","1) Transportation of goods carrying (Ration Items-Rice,sugar,Wheat etc) including Coolie (Loading-unloading). 2) As per the general and special terms and conditions of the contract, transportation work including coolie expenses (loading-unloading) wil have to be done. As per the work order, the required wheat and Rice wil have to be transported from the government food warehouse(LSD Rangpur Sadar) and the required sugar wil have to be transported from the Thakurgaon sugar mils, Thakurgaon to Rangpur district police ration store at their own expenses and warehoused. The wheat wil have to be totransported from the Rangpur district police ration store to the designated mil. If the transportation work including coolie is not done properly, legal action wil be taken including confiscation of the deposit as per the General and special terms and condition.","Lot wise","Package wise","Package wise","500","Payment through Bank","04-Jan-2027","04-Jan-2027","1","Transportation of goods carrying (Ration Items Rice, Sugar, Wheat etc.) including Coolie (Loading/Unloading) for the Financial Year 2026-2027 (2nd Quarter) at District Police Lines Ration Store, Rangpur.","District Police Lines Ration Store, Rangpur","13000","01-Oct-2026","31-Dec-2026","Mohammad Muzammel Hoque","SP","Address : Office of the Superintendent of Police, Rangpur City : Rangpur Thana : Rangpur Sadar District : Rangpur - 5402 Country : Bangladesh","Office of the Superintendent of Police, Rangpur","Rangpur","Rangpur Sadar","Rangpur - 5402","0521-62131","0521-63434","Not Found","https://www.eprocure.gov.bd/resources/common/ViewTender.jsp?id=1318804"
"Ministry of Fisheries & Livestock","","Department of Fisheries","Increasing Fish Production and Capacity Building through Infrastucture Development of Existing Govt. Fish Farm Project (1st Phase)","224400600","Dhaka","Works","NCT","TENDER","Tender - Single Lot","33.02.0000.000.964.03.0032.26.950","226892","1322449","Open Tendering Method (OTM)","Development","Government","224400600","Increasing Fish Production and Capacity Building through Infrastucture Development of Existing Govt. Fish Farm Project (1st Phase)","Farm/2026-27/WD-10/4 Construction of Boundary Wall with Gate at Fish Seed Multiplication Farm, Ramrail, Brhamanbaria.","Construction work;Site preparation work;Building demolition and wrecking work and earthmoving work;Test drilling and boring work;Works for complete or part construction and civil engineering work;Building construction work;Engineering works and construction works;Construction work for pipelines, communication and power lines, for highways, roads, airfields and railways; flatwork;Construction work for water projects;Construction works for plants, mining and manufacturing and for buildings relating to the oil and gas industry;Roof works and other special trade construction works;Building installation work;Electrical installation work;Insulation work;Plumbing and sanitary works;Fencing, railing and safety equipment installation work;Mechanical installations;Building completion work;Plastering work;Joinery and carpentry installation work;Floor and wall covering work;Painting and glazing work;Other building completion work;Hire of construction and civil engineering machinery and equipment with operator;Hire of cranes with operator;Hire of earthmoving equipment with operator","25-Aug-2026 15:00","09-Sep-2026 13:31","As Per Tender Data Sheet (TDS).","Construction of Boundary Wall with Gate at Fish Seed Multiplication Farm, Ramrail, Brhamanbaria.","Lot wise","Package wise","Package wise","2500","Payment through Bank","06-Mar-2027","06-Mar-2027","Single","Construction of Boundary Wall with Gate at Fish Seed Multiplication Farm, Ramrail, Brhamanbaria.","Fish Seed Multiplication Farm,Ramrail,Brhamanbaria","250000","07-Oct-2026","04-Apr-2027","Md. Moshiur Rahman","Project Director","Address : Office of the Project Director, Increasing Fish Production and Capacity Building through Infrastucture Development of Existing Govt. Fish Farm Project (1st Phase), Department of Fisheries, Matshya Bhaban, Ramna, Dhaka-1000. City : Dhaka Thana : Dhaka South City Corporation District : Dhaka - 1000 Country : Bangladesh","Office of the Project Director, Increasing Fish Production and Capacity Building through Infrastucture Development of Existing Govt. Fish Farm Project (1st Phase), Department of Fisheries, Matshya Bhaban, Ramna, Dhaka-1000.","Dhaka","Dhaka South City Corporation","Dhaka - 1000","01712-739023","","Not Found","https://www.eprocure.gov.bd/resources/common/ViewTender.jsp?id=1322449"
"Ministry of Industries","","Bangladesh Sugar and Food Industries Corporation (BSFIC)","Zeal Bangla Sugar Mills Ltd.","","Jamalpur","Goods","NCT","TENDER","Tender - Single Lot","ZBSM/COM/MECH-12 /2026-27","224659","1312545","Open Tendering Method (OTM)","Own Fund","Own Fund","Not applicable","Not applicable","ZBSM/COM/MECH-12 /2026-27 Procurement of various types of Valve for Mechanical Department.","Machinery, equipment, appliances, apparatus and associated products; Machinery for the production and use of mechanical power; Turbines and motors; Pumps and compressors; Taps, cocks, valves and similar appliances; Gears, gearing and driving elements; General-purpose machinery; Agricultural, horticultural and forestry machinery; Machine tools; Special-purpose machinery and parts; Weapons, ammunition and associated parts; Domestic appliances; Miscellaneous equipment;Industrial or laboratory furnaces, incinerators and ovens;Lifting and handling equipment and parts;Cooling and ventilation equipment;Miscellaneous general-purpose machinery;Agricultural and forestry machinery for soil preparation or cultivation;Harvesting machinery;Spraying machinery for agriculture or horticulture;Self-loading or unloading trailers and semi-trailers for agriculture;Specialist agricultural or forestry machinery;Tractors;Parts of agricultural and forestry machinery;Machine tools operated by laser and machining centres;Lathes, boring and milling machine tools;Metal-working machine tools;Machine tools for working hard materials except metals;Pneumatic or motorised hand tools;Soldering, brazing and welding tools, surface tempering and hot-spraying machines and equipment;Parts and accessories of machine tools;Machinery for metallurgy and associated parts;Machinery for mining, quarrying and construction;Machinery for food, beverage and tobacco processing and associated parts;Machinery for textile, apparel and leather production;Machinery for paper or paperboard production;Miscellaneous special-purpose machinery;Motorised tanks and armoured fighting vehicles;Military weapons;Firearms;Ammunition;Parts of military weapons;Truncheons or night sticks;Electrical domestic appliances;Non-electric domestic appliances;Transport related equipment;Workshop equipment;Construction equipment;Catering equipment;Emergency and security equipment;Technical equipment;Miscellaneous equipment n.e.c.","25-Aug-2026 14:00","08-Sep-2026 17:00","As Per Tender Document","Procurement of various types of Valve for Mechanical Department.","Lot wise","Package wise","Package wise","500","Payment through Bank","05-Jan-2027","05-Jan-2027","Single","Procurement of various types of Valve for Mechanical Department.","Zeal Bangla Sugar Mills Ltd,  Dewanganj,Jamalpur","17500","20-Sep-2026","20-Oct-2026","ATAUR RAHMAN","Manager (Commercial)-Zeal Bangla Sugar Mills Ltd.","Address : Post : D.S Mills-2031, Upazilla- Dewanganj, District-Jamalpur. City : Dewanganj Thana : Dewanganj District : Jamalpur - 2031 Country : Bangladesh","Post : D.S Mills-2031, Upazilla- Dewanganj, District-Jamalpur.","Dewanganj","Dewanganj","Jamalpur - 2031","09-82375008","","Not Found","https://www.eprocure.gov.bd/resources/common/ViewTender.jsp?id=1312545"
"Ministry of Home Affairs","","Bangladesh Police","Police Training Centre, Rangpur","00064","Rangpur","Goods","NCT","TENDER","Tender - Single Lot","Memo-1976/PTC: Date: 24 August 2026","224980","1321399","Open Tendering Method (OTM)","Revenue","Government","Not applicable","Not applicable","RPTC/Firewood/2026-2027/Q2 Procurement of Firewood for the Financial Year 2026- 2027 (2nd Quarter) at Police Training Center, Rangpur.","Wood, wood products, cork products, basketware and wickerwork;Sawn wood;Railway sleepers;Mining timber;Prepared softwood;Hardwood;Parquet;Prepared or treated wooden products;Sawdust;Wooden sheets and veneers;Wooden boards and panels;Densified wood;Builders wood joinery and carpentry;Builders wood joinery;Builders wood carpentry;Prefabricated wooden buildings;Wooden containers, pallets, boxes and other containers;Wooden containers;Wooden pallets;Articles of wood and cork;Products of wood and related articles;Articles of cork, basketware and wickerwork","25-Aug-2026 12:00","06-Sep-2026 17:00","(1) Valid Trade license for the 2026-2027 fiscal year. (2) Submit documents of liquid assets of 16,000/- (Sixteen thousands taka only) as per Form-8 of PG-3. (3) Bank solvency certificate with last three months statement. (4) Income tax clearance certificate (2024-2025). (5) Up-to-date VAT registration certificate. (6) Up-to-date TIN certificate. (7) Renewed Agriculture/Marketing License. (8) Ownership Certificate. (9) National ID Card with one copy passport-size color Photograph. (10) Relevant work experience certificate.","1) Firewood/Jalani Khori (Mango Wood) Dry (Chopped). 2) As per the general and special terms and conditions of the agreement, the dry sawn firewood shall be supplied as per the sample firewood (mango wood) kept at the Ration Store, Police Training Center, Rangpur. The required dry sawn firewood shall be brought to the Ration Store, Police Training Center, Rangpur at its own cost and warehoused as per the work order. If the dry sawn firewood is not supplied as per the sample, legal action will be taken including confiscation of money","Lot wise","Package wise","Package wise","500","Payment through Bank","03-Jan-2027","03-Jan-2027","1","Procurement of Firewood for the Financial Year 2026- 2027 (2nd Quarter) at Police Training Center, Rangpur.","Police Training Center, Rangpur","400","01-Oct-2026","31-Dec-2026","RAHIMA ACTER LUCKY","SP","Address : Police Training Centre, Rangpur City : Rangpur Thana : Rangpur City Corporation District : Rangpur - 5402 Country : Bangladesh","Police Training Centre, Rangpur","Rangpur","Rangpur City Corporation","Rangpur - 5402","0521-62296","0521-52134","16000.00, OTM","https://www.eprocure.gov.bd/resources/common/ViewTender.jsp?id=1321399"
"Ministry of Road Transport and Bridges","Road Transport and Highways Division","Roads & Highways Department (RHD)","Ferry Construction Division, Dhaka","eefeddha","Dhaka","Goods","NCT","TENDER","Tender - Single Lot","Memo No:35.01.0000.157.07.001.26-156, Date:17.8.26","228214","1321934","Open Tendering Method (OTM)","Revenue","Government","Not applicable","Not applicable","27/egp/FCD/2026-27 Supplying of Turbocharger, Water Pump & other spare parts for 200 HP Cummins Engine at different Ferryghat under RHD Ferry Sub-Division, Faridpur during the Fiscal year of 2026-2027.","Repair, maintenance and associated services related to aircraft, railways, roads and marine equipment; Repair, maintenance and installation services; Repair, maintenance and associated services related to aircraft and other equipment; Repair, maintenance and associated services related to railways and other equipment; Repair, maintenance and associated services related to roads and other equipment; Repair, maintenance and associated services related to marine and other equipment;","25-Aug-2026 13:00","09-Sep-2026 16:00","All tenderers who have registered in e-GP system may participate in the tender provided that they fulfill the criteria as stated in Tender Document (TDS & PCC).","Supplying of Turbocharger, Water Pump & other spare parts for 200 HP Cummins Engine at different Ferryghat under RHD Ferry Sub-Division, Faridpur during the Fiscal year of 2026-2027.","Lot wise","Package wise","Package wise","500","Payment through Bank","06-Jan-2027","06-Jan-2027","01","Supplying of Turbocharger, Water Pump & other spare parts for 200 HP Cummins Engine at different Ferryghat under RHD Ferry Sub-Division, Faridpur during the Fiscal year of 2026-2027.","Ferry Sub-Division, Faridpur","12000","20-Sep-2026","30-Sep-2026","Md. Azam Shaikh","Executive Engineer","Address : Ferry Construction Division, Dhaka City : Dhaka Thana : Dhaka North City Corporation District : Dhaka - 1208 Country : Bangladesh","Ferry Construction Division, Dhaka","Dhaka","Dhaka North City Corporation","Dhaka - 1208","02-8879377","02-8879377","500000.00, OTM","https://www.eprocure.gov.bd/resources/common/ViewTender.jsp?id=1321934"
"Ministry of Road Transport and Bridges","Road Transport and Highways Division","Roads & Highways Department (RHD)","Ferry Construction Division, Dhaka","eefeddha","Dhaka","Goods","NCT","TENDER","Tender - Single Lot","Memo No:35.01.0000.157.07.001.26-156, Date:17.8.26","228214","1321930","Open Tendering Method (OTM)","Revenue","Government","Not applicable","Not applicable","26/egp/FCD/2026-27 Supplying of Self Starter, Alternator & other spare parts for 324 H.P Doosan Engine at different Ferryghat under RHD Ferry Sub-Division, Faridpur during the Fiscal year of 2026-2027.","Repair, maintenance and associated services related to aircraft, railways, roads and marine equipment; Repair, maintenance and installation services; Repair, maintenance and associated services related to aircraft and other equipment; Repair, maintenance and associated services related to railways and other equipment; Repair, maintenance and associated services related to roads and other equipment; Repair, maintenance and associated services related to marine and other equipment;","25-Aug-2026 13:00","09-Sep-2026 16:00","All tenderers who have registered in e-GP system may participate in the tender provided that they fulfill the criteria as stated in Tender Document (TDS & PCC).","Supplying of Self Starter, Alternator & other spare parts for 324 H.P Doosan Engine at different Ferryghat under RHD Ferry Sub-Division, Faridpur during the Fiscal year of 2026-2027.","Lot wise","Package wise","Package wise","500","Payment through Bank","06-Jan-2027","06-Jan-2027","01","Supplying of Self Starter, Alternator & other spare parts for 324 H.P Doosan Engine at different Ferryghat under RHD Ferry Sub-Division, Faridpur during the Fiscal year of 2026-2027.","Ferry Sub-Division, Faridpur","12500","30-Sep-2026","11-Oct-2026","Md. Azam Shaikh","Executive Engineer","Address : Ferry Construction Division, Dhaka City : Dhaka Thana : Dhaka North City Corporation District : Dhaka - 1208 Country : Bangladesh","Ferry Construction Division, Dhaka","Dhaka","Dhaka North City Corporation","Dhaka - 1208","02-8879377","02-8879377","500000.00, OTM","https://www.eprocure.gov.bd/resources/common/ViewTender.jsp?id=1321930"
"Ministry of Road Transport and Bridges","Road Transport and Highways Division","Roads & Highways Department (RHD)","Ferry Construction Division, Dhaka","eefeddha","Dhaka","Works","NCT","TENDER","Tender - Single Lot","Memo No:35.01.0000.157.07.001.26-155, Date:16.8.26","228214","1321673","Open Tendering Method (OTM)","Revenue","Government","Not applicable","Not applicable","20/egp/FCD/2026-27 Repair works for Ferry no: UT-2-IMP-057/2002 at ""Atokbana-Kalisankorpur"" Ferryghat under RHD, Ferry Sub-Division, Faridpur during the Fiscal year of 2026-2027.","Repair, maintenance and associated services related to aircraft, railways, roads and marine equipment; Repair, maintenance and installation services; Repair and maintenance services for pumps, valves, taps and metal containers and machinery;Repair, maintenance and associated services related to aircraft and other equipment;Repair, maintenance and associated services related to railways and other equipment;Repair, maintenance and associated services related to roads and other equipment;Repair, maintenance and associated services related to marine and other equipment;Repair and maintenance services of pumps, valves, taps and metal containers;Repair and maintenance services of machinery","25-Aug-2026 13:00","09-Sep-2026 16:00","All tenderers who have registered in e-GP system may participate in the tender provided that they fulfill the criteria as stated in Tender Document (TDS & PCC).","Repair works for Ferry no: UT-2-IMP-057/2002 at ""Atokbana-Kalisankorpur"" Ferryghat under RHD, Ferry Sub-Division, Faridpur during the Fiscal year of 2026-2027.","Lot wise","Package wise","Package wise","1000","Payment through Bank","06-Jan-2027","06-Jan-2027","01","Repair works for Ferry no: UT-2-IMP-057/2002 at ""Atokbana-Kalisankorpur"" Ferryghat under RHD, Ferry Sub-Division, Faridpur during the Fiscal year of 2026-2027.","As Per Work","30000","30-Sep-2026","21-Oct-2026","Md. Azam Shaikh","Executive Engineer","Address : Ferry Construction Division, Dhaka City : Dhaka Thana : Dhaka North City Corporation District : Dhaka - 1208 Country : Bangladesh","Ferry Construction Division, Dhaka","Dhaka","Dhaka North City Corporation","Dhaka - 1208","02-8879377","02-8879377","1120000.00, OTM","https://www.eprocure.gov.bd/resources/common/ViewTender.jsp?id=1321673"
"Ministry of Agriculture","","Department of Agricultural Extension (DAE)","Sustainable Agricultural Development in Dinajpur Region Project (SADDRP)","","Dhaka","Services","NCT","REOI","","","228055","1320798","Selection under a Fixed Budget (SFB)","Revenue","Government","224369900","Sustainable Agricultural Development in Dinajpur Region Project (SADDRP)","SD/DAE/Dinajpur-15 Making & Publicity of Audio-Video Documentary","Motion-picture and video-tape production and related services; Motion picture and video services;","25-Aug-2026 12:00","","As per ToR","Making & Publicity of Audio-Video Documentary","Package wise","","","","","","","","","PE office","","02-Dec-2026","30-May-2027","Abureza Md. Asaduzzaman","Project Director","Address : Room no.501, Rear building, Department of Agricultural Extension,
Khamarbari, Farmgate, Dhaka City : Dhaka Thana : Dhaka North City Corporation District : Dhaka - 1215 Country : Bangladesh","","Dhaka","Dhaka North City Corporation","Dhaka - 1215","02-588817603","","1436000.00, SFB","https://www.eprocure.gov.bd/resources/common/ViewTender.jsp?id=1320798"
"Ministry of Industries","","Bangladesh Sugar and Food Industries Corporation (BSFIC)","Carew and Company (Bangladesh) Ltd.-Commercial Department.","","Chuadanga","Goods","NCT","TENDER","Tender - Single Lot","Carew/com/G-7/2026-27/09","225429","1320248","Open Tendering Method (OTM)","Own Fund","Own Fund","Not applicable","Not applicable","Carew/Com/APP/2026-27/62 Fabrication and installation of one spirit cooler for the British plant of Distillery, as per the sample.","Semi-finished products of copper; Copper products;","25-Aug-2026 12:00","06-Sep-2026 17:00","1. Tenderer shall have i) Valid & updated trade license. ii) Valid & updated income tax & TIN certificate iii) Valid VAT/BIN registration certificate 3. The tenderer shall have a minimum of 03 (Three) years of general experience in the supply after making spirit cooler/SS Fermentation VAT/Main condenser/Boiling column section/ RS column section/ Bear heater/ Extention Condenser/Exgast column section etc by SS Metal/Copper Metal. 4. The tenderer shall have specific experience of satisfactory completion of supply {after making spirit cooler/SS Fermentation VAT/Main condenser/Boiling column section/RS column section/Bear heater/Extention Condenser/Exgast column section etc by Copper/SS Metal} of minimum Tk.20.00 Lac under single contract within last 03 (Three) years (years counting backward from the date of publication of IFT in the newspaper/e-GP System) in any Government/Semi-Government/Autonomous/Multinational/Non-Government organization.","Supply after Making  and installation of one spirit cooler for the British plant of Distillery, as per the sample.","Lot wise","Package wise","Package wise","1500","Payment through Bank","04-Mar-2027","04-Mar-2027","1","Fabrication and installation of one spirit cooler for the British plant of Distillery, as per the sample.","Carew and co, Darsona, Chuadanga","100000","01-Oct-2026","31-Dec-2026","MD. BODROL ALAM","Manager (Commercial) -Carew and Company (Bangladesh) Ltd","Address : Carew and Company (Bangladesh) Ltd. 
Post office- Darsana, 
District-Chuadanga, Bangladesh City : Darsona Thana : Damurhuda District : Chuadanga - 7221 Country : Bangladesh","","Darsona","Damurhuda","Chuadanga - 7221","77-791017","","3680000.00, OTM","https://www.eprocure.gov.bd/resources/common/ViewTender.jsp?id=1320248"
"Ministry of Education","Technical & Madrasha Education Division","Directorate of Technical Education","Office of the Project Director, TEVT Teachers for the Future (TTF) Program","","Dhaka","Services","NCT","RFA","","","217310","1322528","Individual Consultant (IC)","Development","Aid or Grant","22441170","TEVT Teachers for the Future (TTF) Program","DTE/TTF/S-11 Selection of National Consultant for updating existing long and short curricula  Civil technologies","Research and development services and related consultancy services.; Technical and vocational secondary education services; Secondary education services;Research and experimental development services;Research services;Experimental development services;Research and development consultancy services;Research consultancy services;Development consultancy services;Design and execution of research and development","25-Aug-2026 13:00","09-Sep-2026 16:00","as stated in ToR","Selection of National Consultant for updating existing long and short curricula Civil technologies","Package wise","","","","","","07-Feb-2027","","","Dhaka","","01-Oct-2026","31-Dec-2029","Abul Khair Md. Akkas Ali","Project Director","Address : Office of the Project Director, TEVT Teachers for the Future (TTF) Program, Directorate of Technical Education, F-4/B Agargaon Administrative Area, Dhaka-1207, Bangladesh City : Agargaon Thana : Dhaka North City Corporation District : Dhaka - 1207 Country : Bangladesh","Office of the Project Director, TEVT Teachers for the Future (TTF) Program, Directorate of Technical Education, F-4/B Agargaon Administrative Area, Dhaka-1207, Bangladesh","Agargaon","Dhaka North City Corporation","Dhaka - 1207","02-000000","","4800000.00, IC","https://www.eprocure.gov.bd/resources/common/ViewTender.jsp?id=1322528"
"Ministry of Education","Secondary and Higher Education Division","Education Engineering Department","Office of the Executive Engineer,EED, Kushtia, District.","18","Kushtia","Works","NCT","TENDER","Tender - Single Lot","37.07.0000.017.19.063.25.26/71; Dated:20.07.26","229814","1322217","Open Tendering Method (OTM)","Development","Government","2244 11900","Capacity Building 15 Government Polytechnic Institutes","EED/KUS/15POLY/2026-27/WR-02/WD-12 CONSTRUCTION OF 10-STORIED ACADEMIC CUM WORKSHOP BUILDING WITH 10-STORIED FOUNDATION INCLUDING SANITARY, WATER SUPPLY, FIRE FIGHTING & ELECTRIFICATION WORKS AT KUSTIA POLYTECHNIC INSTITUTE, KUSTIA. (Pile Foundation)","Construction work; Site preparation work; Works for complete or part construction and civil engineering work; Building installation work; Building completion work; Hire of construction and civil engineering machinery and equipment with operator;Building demolition and wrecking work and earthmoving work;Test drilling and boring work;Building construction work;Engineering works and construction works;Construction work for pipelines, communication and power lines, for highways, roads, airfields and railways; flatwork;Construction work for water projects;Construction works for plants, mining and manufacturing and for buildings relating to the oil and gas industry;Roof works and other special trade construction works;Electrical installation work;Insulation work;Plumbing and sanitary works;Fencing, railing and safety equipment installation work;Mechanical installations;Plastering work;Joinery and carpentry installation work;Floor and wall covering work;Painting and glazing work;Other building completion work;Hire of cranes with operator;Hire of earthmoving equipment with operator","25-Aug-2026 15:00","23-Sep-2026 17:00","(i) The minimum of years of general experience of the Tenderer shall be 05 years. [years counting backward from the date of publication of IFT in the newspaper] (ii)The minimum Specific Experience Shall be at least One Similar work Order amounting to BDT 2700.00 ( Twenty Seven Hundred ) Lakh under any Govt./ Semi Govt./ Autonomous organization only a single contract within the last 05 (Five) years.(Work completion certificate must be enclosed). (iii)The Minimum Liquid Asset shall be fixed at BDT 600.00 (Six Hundred) lakh, and it must be submitted in accordance with the e-PW3-8 format. (iv)The average Annual Construction Turnover shall be BDT 3000.00 (Three Thousand) lakh per year during the last 05 (Five) years, totaling BDT 15000.00 lakh (3000 X 5 =15000.00 lakh). (v) The Minimum Tender Capacity Shall be fixed at BDT 3600.00 (Three Thousand Six Hundred) Lakh. (vi) Others according to PPR-2025, TDS and PCC.","CONSTRUCTION OF 10-STORIED ACADEMIC CUM WORKSHOP BUILDING WITH 10-STORIED FOUNDATION INCLUDING SANITARY, WATER SUPPLY, FIRE FIGHTING & ELECTRIFICATION WORKS AT KUSTIA POLYTECHNIC INSTITUTE, KUSTIA. (Pile Foundation)","Lot wise","Package wise","Package wise","7000","Payment through Bank","20-Jan-2027","20-Jan-2027","EED/KUS/15POLY/2025-26/WR-02/WD-12","CONSTRUCTION OF 10-STORIED ACADEMIC CUM WORKSHOP BUILDING WITH 10-STORIED FOUNDATION INCLUDING SANITARY, WATER SUPPLY, FIRE FIGHTING & ELECTRIFICATION WORKS AT KUSTIA POLYTECHNIC INSTITUTE, KUSTIA. (Pile Foundation)","Kushtia sadar, Kushtia","10000000","01-Nov-2026","31-Oct-2028","Md. Kamrul Ahasan","Executive Engineer","Address : District Education Bhaban, Kuhstia. City : Kushtia Thana : Kushtia Sadar District : Kushtia - 7000 Country : Bangladesh","District Education Bhaban, Kuhstia.","Kushtia","Kushtia Sadar","Kushtia - 7000","071-62438","071-62438","Not Found","https://www.eprocure.gov.bd/resources/common/ViewTender.jsp?id=1322217"
"Ministry of Industries","","Bangladesh Sugar and Food Industries Corporation (BSFIC)","Carew and Company (Bangladesh) Ltd.-Commercial Department.","","Chuadanga","Goods","NCT","TENDER","Tender - Single Lot","Carew/com/G-7/2026-27/09","225429","1319905","Open Tendering Method (OTM)","Own Fund","Own Fund","Not applicable","Not applicable","Carew/Com/APP/2026-27/56 Procurement of Mitsubishi Jeep 4DR5 and Mahindra pickup bolero Model Spare Parts","Passenger cars; Motor vehicles;","25-Aug-2026 12:00","06-Sep-2026 17:00","1. Tenderer shall have i) Valid & updated trade license. ii) Valid & updated income tax & TIN certificate iii) Valid VAT/BIN registration certificate 2. The tenderer shall have a minimum of 02 (Two) years general experience in the supply of Transport Spare Parts/Similar Goods and Related Service .3. The tenderer shall have specific experience of satisfactory completion of Transport Spare Parts/similar Goods and Related Service of minimum Tk.1.00 Lac under single contract within last 02 (Two) years (years counting backward from the date of publication of IFT in the newspaper/e-GP System) in any Government/Semi-Government/Autonomous/Multinational/Non-Government organization.","Procurement of Mitsubishi Jeep 4DR5 and Mahindra pickup bolero Model Spare Parts","Lot wise","Package wise","Package wise","500","Payment through Bank","04-Mar-2027","04-Mar-2027","1","Procurement of Mitsubishi Jeep 4DR5 and Mahindra pickup bolero Model Spare Parts","Carew and co, Darsona, Chuadanga","7000","15-Sep-2026","29-Oct-2026","MD. BODROL ALAM","Manager (Commercial) -Carew and Company (Bangladesh) Ltd","Address : Carew and Company (Bangladesh) Ltd. 
Post office- Darsana, 
District-Chuadanga, Bangladesh City : Darsona Thana : Damurhuda District : Chuadanga - 7221 Country : Bangladesh","","Darsona","Damurhuda","Chuadanga - 7221","77-791017","","280000.00, OTM","https://www.eprocure.gov.bd/resources/common/ViewTender.jsp?id=1319905"
"Ministry of Industries","","Bangladesh Sugar and Food Industries Corporation (BSFIC)","Zeal Bangla Sugar Mills Ltd.-Commercial Department.","","Jamalpur","Goods","NCT","TENDER","Tender - Single Lot","ZBSM/COM/PRINTING-1/2026-2027","224659","1322477","Open Tendering Method (OTM)","Own Fund","Own Fund","Not applicable","Not applicable","ZBSM/COM/PRINTING-1/2026-2027 Procurement of Printing Material for all Department.","Printing, publishing and related services; Printing services; Printing services for books; Printing services for stationery; Printing services for security printed matter; Printing services for forms; Printing services for tickets; Printing services for calendars; Printing services for timetables; Newspaper printing services; Printing services for posters; Services related to printing; Publishing services; Subscription services;Print finishing services;Composition services;Printing and delivery services;Printing and distribution services;Bookbinding and finishing services","25-Aug-2026 14:00","08-Sep-2026 17:00","As per tender document.","Procurement of Printing Material for all Department.","Lot wise","Package wise","Package wise","500","Payment through Bank","04-Feb-2027","04-Feb-2027","Single","Procurement of Printing Material for all Department.","Zeal Bangla sugar mills ltd, Dewanganj, Jamalpur","25000","15-Sep-2026","15-Oct-2026","ATAUR RAHMAN","Manager (Commercial)-Zeal Bangla Sugar Mills Ltd.","Address : Post : D.S Mills-2031, Upazilla- Dewanganj, District-Jamalpur. City : Dewanganj Thana : Dewanganj District : Jamalpur - 2031 Country : Bangladesh","Post : D.S Mills-2031, Upazilla- Dewanganj, District-Jamalpur.","Dewanganj","Dewanganj","Jamalpur - 2031","09-82375008","","Not Found","https://www.eprocure.gov.bd/resources/common/ViewTender.jsp?id=1322477"
"Ministry of Education","Secondary and Higher Education Division","National Curriculum and textbook Board (NCTB)","Member (Textbook), NCTB","","Dhaka","Goods","NCT","TENDER","Tender - Single Lot","37.06.0000.07.304.003.26/1868","225442","1323112","Open Tendering Method (OTM)","Revenue","Government","Not applicable","Not applicable","2027.GD.PRI.1_5.318 For Printing (With Paper), Binding and Supplying of textbooks of Classes One, Two, Three, Four and Five (Primary Level) to be distributed free of cost for the Academic Year 2027","Various types of printed matter and articles for printing; Printing, publishing and related services;Printed books, brochures and leaflets;Printed books;Publications;Directories;Leaflets;Brochures;Booklets;Newspapers, journals, periodicals and magazines;Newspapers;Postcards, greeting cards and other printed matter;Postcards;Greeting cards;Stamps, cheque forms, banknotes, stock certificates, trade advertising material, catalogues and manuals;Stamps;Stamp-impressed paper;Banknotes;Cheque forms;Security-type printed matter;Trade-advertising material, commercial catalogues and manuals;Manuals;Printing plates or cylinders or other media for use in printing;Offset plates;Dry-etching equipment;Paper or paperboard registers, account books, binders, forms and other articles of printed stationery;Paper or paperboard registers;Forms;Exercise books;Albums for samples;Binders and related accessories;Printed stationery except forms;Miscellaneous printed matter;Car-tax discs;Driving licences;ID cards;Permits;Entrance cards;Bespoke printed matter;Tickets;Printing services;Printing services for books;Printing services for stationery;Printing services for security printed matter;Printing services for forms;Printing services for tickets;Printing services for calendars;Printing services for timetables;Newspaper printing services;Printing services for posters;Services related to printing;Print finishing services;Composition services;Printing and delivery services;Printing and distribution services;Publishing services;Bookbinding and finishing services;Subscription services","25-Aug-2026 15:00","07-Sep-2026 16:00","As Per TDS","For Printing (With Paper), Binding and Supplying of textbooks of Classes One, Two, Three, Four and Five (Primary Level) to be distributed free of cost for the Academic Year 2027","Lot wise","Package wise","Package wise","4000","Payment through Bank","05-Mar-2027","05-Mar-2027","318","For Printing (With Paper), Binding and Supplying of textbooks of Classes One, Two, Three, Four and Five (Primary Level) to be distributed free of cost for the Academic Year 2027","As Per Delevery Schedule","1126000","06-Oct-2026","26-Nov-2026","Mohammad Abu Nasher Tuku","Member (Textbook)","Address :  69-70, Motijheel, C/A, Dhaka-1000 City : Dhaka Thana : Dhaka South City Corporation District : Dhaka - 1000 Country : Bangladesh","69-70, Motijheel, C/A, Dhaka-1000","Dhaka","Dhaka South City Corporation","Dhaka - 1000","02-9550805","","Not Found","https://www.eprocure.gov.bd/resources/common/ViewTender.jsp?id=1323112"
"Ministry of Disaster Management & Relief","","Department of Disaster Management","Department of Disaster Management","","Dhaka","Goods","NCT","TENDER","Tender - Single Lot","51.01.0000.000.016.07.0007.26.343","227284","1322974","Open Tendering Method (OTM)","Revenue","Government","Not applicable","Not applicable","DDM/Relief Blanket/2026-27/Dhaka-01 Supply of Blanket for DDM.","Textiles and textile articles; Clothing and accessories;Textile fabrics and related items;Woven fabrics;Woollen fabrics;Linen fabrics;Special fabrics;Knitted or crocheted fabrics;Cloth;Non-woven fabrics;Textile articles;Textile household articles;Made-up textile articles;Carpets, mats and rugs;Miscellaneous cordage, rope, twine and netting;Non-woven articles;Miscellaneous textile articles;Knitwear, hosiery and related articles;Textile yarn and thread;Natural textile fibres;Artificial textile fibres;Textile yarn and thread of natural fibres;Synthetic yarn or thread;Textile waste;Occupational clothing, special workwear and accessories;Occupational clothing;Special workwear;Workwear accessories;Outerwear;Coats;Weatherproof clothing;Miscellaneous outerwear;Garments;Underwear;Shirts and nightwear;T-shirts;Special clothing and accessories;Special clothing;Clothing accessories;Hats and headgear;Fasteners;Leather clothes;Leather clothing accessories;Furs and articles of fur;Fur articles;Furs;Second-hand clothing","25-Aug-2026 15:00","16-Sep-2026 15:00","As Per TDS","Supply of Blanket","Lot wise","Package wise","Package wise","5000","Payment through Bank","14-Mar-2027","14-Mar-2027","01","Supply of Blanket for DDM.","CSD Relief Godown, Tejgoan, Dhaka","2850000","22-Oct-2026","22-Nov-2026","Md. Rasel Sabrin","Director (Relief)","Address : Disaster Management Bhaban, 92-93 Mohakhali C/A, Dhaka-1212. City : Dhaka Thana : Dhaka North City Corporation District : Dhaka - 1212 Country : Bangladesh","Disaster Management Bhaban, 92-93 Mohakhali C/A, Dhaka-1212.","Dhaka","Dhaka North City Corporation","Dhaka - 1212","02-9860386","02-9885816","Not Found","https://www.eprocure.gov.bd/resources/common/ViewTender.jsp?id=1322974"
"Ministry of Road Transport and Bridges","Birdges Division","Bangladesh Bridge Authority","Office of the Chief Engineer","","Dhaka","Goods (Framework Agreement)","NCT","TENDER","Tender - Single Lot","50.01.0000.000.103.07.0001.24-01","227642","1318589","Open Tendering Method (OTM)","Own Fund","Own Fund","Not applicable","Not applicable","50.01.0000.000.103.07.0001.24-02 Supply of Electric and Computer Items for the fiscal year 2026-2027 for Bangladesh Bridge Authority","Office and computing machinery, equipment and supplies; Office machinery, equipment and supplies except computers; Computer equipment and supplies;Word-processing machines;Photocopying and printing equipment;Post-office equipment;Calculating and accounting machines;Typewriters;Parts and accessories of typewriters and calculating machines;Various office equipment and supplies;Data-processing machines;Digital cartography equipment;Computer hardware;Software;Computer systems;Servers","25-Aug-2026 12:00","06-Sep-2026 11:00","The minimum specific experience as Supplier in supply of similar Goods for at least 1(one) contract within last 5 (Five) years with value Tk: 8 (Eight Lac).","Supply of Electric and Computer Items for the fiscal year 2026-2027 for Bangladesh Bridge Authority","Lot wise","Package wise","Package wise","1000","Payment through Bank","01-Feb-2027","01-Feb-2027","01","Supply of Electric and Computer Items for the fiscal year 2026-2027 for Bangladesh Bridge Authority","Setu Bhaban, Banani, Dhaka-1212","35000","01-Oct-2026","30-Sep-2027","Abu Humayan Md. Shakhawat Aktar","Chief Engineer","Address : Setu Bhaban, Banani, Dhaka-1212. City : Dhaka Thana : Dhaka North City Corporation District : Dhaka - 6200 Country : Bangladesh","Setu Bhaban, Banani, Dhaka-1212.","Dhaka","Dhaka North City Corporation","Dhaka - 6200","02-55040313","","1400000.00, OTM","https://www.eprocure.gov.bd/resources/common/ViewTender.jsp?id=1318589"
"Ministry of Shipping","","Chittagong Port Authority","Plant Manager","","Chattogram","Goods","NCT","TENDER","Tender - Single Lot","18.13.0000.382.07.084.25","215899","1286714","Open Tendering Method (OTM)","Own Fund","Own Fund","Not applicable","Not applicable","18.13.0000.382.07.084.25 APP ABB2 Procurement of 30 items spare parts for 45 Ton Reach Stacker & 04 High Straddle Carriers of Zonal Workshop-AB.","Motor vehicles; Motor vehicles, trailers and vehicle parts; Vehicle bodies, trailers or semi-trailers;Passenger cars;Motor vehicles for the transport of 10 or more persons;Motor vehicles for the transport of goods;Heavy-duty motor vehicles;Vehicle bodies;Trailers, semi-trailers and mobile containers","25-Aug-2026 12:30","08-Sep-2026 17:00","Any firm that has valid trade license, VAT registration, TIN Certificate including other documents stated in tender document.","Procurement of 30 items spare parts for 45 Ton Reach Stacker & 04 High Straddle Carriers of Zonal Workshop-AB.","Lot wise","Package wise","Package wise","2500","Payment through Bank","04-Feb-2027","04-Feb-2027","1","Procurement of 30 items spare parts for 45 Ton Reach Stacker & 04 High Straddle Carriers of Zonal Workshop-AB.","Zonal Workshop-AB","150000","24-Sep-2026","24-Jan-2027","Md. Mustafa Iqbal","Plant Manager","Address : Zonal Workshop D, Bandar City : Chittagong Thana : Chattogram City Corporation District : Chattogram - 4100 Country : Bangladesh","Zonal Workshop D, Bandar","Chittagong","Chattogram City Corporation","Chattogram - 4100","031-2510897","031-2510889","Not Found","https://www.eprocure.gov.bd/resources/common/ViewTender.jsp?id=1286714"
"Ministry of Housing and Public Works","","Cox's Bazar Development Authority","Cox's Bazar Development Authority","","Cox's Bazar","Goods","NCT","TENDER","Tender - Single Lot","CoxDA/Rev/2026-27/Cleaning Items","228315","1323318","Open Tendering Method (OTM)","Revenue","Government","Not applicable","Not applicable","CoxDA/Rev/2026-27/Cleaning Items Supply of Cleaning Materials and Related Cleaning Equipment for Coxs Bazar Development Authority, FY 2026-27","Chemicals, chemical products and man-made fibres;Chemicals;Gases;Dyes and pigments;Basic inorganic chemicals;Basic organic chemicals;Fertilisers and nitrogen compounds;Plastics in primary forms;Synthetic rubber;Enzymes;Agro-chemical products;Pesticides;Insecticides;Herbicides;Plant-growth regulators;Disinfectants;Rodenticides;Fungicides;Paints, varnishes, printing ink and mastics;Paints;Varnishes;Ink;Mastics, fillers, putty;Solvents;Medicinal products;Medicinal products for the alimentary tract and metabolism;Medicinal products for the blood, blood-forming organs and the cardiovascular system;Medicinal products for dermatology and the musculo-skeletal system;Medicinal products for the genitourinary system and hormones;General anti-infectives for systemic use, vaccines, antineoplastic and immunodulating agents;Medicinal products for the nervous system and sensory organs;Medicinal products for the respiratory system;Various medicinal products;Glycerol, soaps, detergents, cleaning and polishing preparations, perfumes and toilet preparations;Glycerol;Perfumes and toiletries;Explosives and fine chemical products;Prepared explosives;Glues;Essential oils;Photographic chemicals;Unrecorded media;Specialised chemical products;Man-made fibres;Synthetic fibres;Artificial fibres;Various chemical products;Radiator fluids;Water-treatment chemicals;Anti-corrosion products","25-Aug-2026 13:00","06-Sep-2026 14:00","as per TDS","Supply of Cleaning Materials and Related Cleaning Equipment for Coxs Bazar Development Authority, FY 2026-27","Lot wise","Package wise","Package wise","1000","Payment through Bank","03-Dec-2026","03-Dec-2026","1","Supply of Cleaning Materials and Related Cleaning Equipment for Coxs Bazar Development Authority, FY 2026-27","Coxs Bazar","40000","01-Oct-2026","30-Jun-2027","Abu Nayeem Md.Talat","Member (Engineer)","Address : CoxDA Bhaban, Circuit House Road, Cox's Bazar. City : Cox's Bazar Thana : Cox'S Bazar Sadar District : Cox's Bazar - 4700 Country : Bangladesh","CoxDA Bhaban, Circuit House Road, Cox's Bazar.","Cox's Bazar","Cox'S Bazar Sadar","Cox's Bazar - 4700","02-334462520","02-334462522","Not Found","https://www.eprocure.gov.bd/resources/common/ViewTender.jsp?id=1323318"
"Ministry of Energy","Power and Mineral Resources","Power Grid Bangladesh PLC","Grid Maintenance Division, Dhaka South","009","Dhaka","Works","NCT","TENDER","Tender - Single Lot","GMDDS:2026-2027/03","230964","1322868","Open Tendering Method (OTM)","Own Fund","Own Fund","Not applicable","Not applicable","GMDDS:2026-2027/03 Cleaning & Sweeping Works and Cutting Jungles & Shrub on Annual Basis at Sreenagar 132/33kV Grid Sub-Station Under GMD Dhaka-South.","Repair and maintenance services of building installations; Repair, maintenance and installation services;Repair and maintenance services of electrical and mechanical building installations;Repair and maintenance services of central heating;Repair and maintenance services of cooler groups;Repair and maintenance services of escalators;Lift-maintenance services","25-Aug-2026 12:30","10-Sep-2026 12:27","Each tenderer must have the following basic requirements: Possess a valid Trade License . Provide proof of Tax payment for the last assessment year . Hold a VAT Registration Certificate . Comply with all other criteria specified in the Tender Data Sheet .","Cleaning & Sweeping Works and Cutting Jungles & Shrub on Annual Basis at Sreenagar 132/33kV Grid Sub-Station Under GMD Dhaka-South.","Lot wise","Package wise","Package wise","500","Payment through Bank","06-Jan-2027","06-Jan-2027","1","Cleaning & Sweeping Works and Cutting Jungles & Shrub on Annual Basis at Sreenagar 132/33kV Grid Sub-Station Under GMD Dhaka-South.","Sreenagar 132kV Grid Substation, Sreenagar, Munshiganj","15000","01-Oct-2026","30-Sep-2027","MD. MUSTAFIZUR RAHMAN","Executive Engineer","Address : D-2, Chandramallika Bhaban (Ground Floor),
Hasnabad 230/132/33kV Grid Substation,
Hasnabad City : Dhaka Thana : Keraniganj District : Dhaka - 1311 Country : Bangladesh","","Dhaka","Keraniganj","Dhaka - 1311","02-9568928","02-9568928","Not Found","https://www.eprocure.gov.bd/resources/common/ViewTender.jsp?id=1322868"
"Ministry of Health and Family Welfare","Health Services Division","Directorate General of Health Services (DGHS)","Chapainawabganj 250 bed District Hospital","","Chapai Nawabganj","Goods","NCT","TENDER","Tender - Single Lot","Sup/ZHC/Acc/e-Tender/2026-27/1599","228768","1317962","Open Tendering Method (OTM)","Revenue","Government","Not applicable","Not applicable","Sup/ZHC/Acc/MSR/2026-27/GR-3 Procurement of Linen for the F.Y 2026-2027 at Chapainawabganj 250 Bed District Hospital, Chapainawabganj.","Medical and laboratory devices, optical and precision devices, watches and clocks, pharmaceuticals and related medical consumables;Medical devices;Imaging equipment for medical, dental and veterinary use;Functional exploration;Dentistry;Medical non-chemical consumables and haematological consumables;Therapy;Operating techniques;Anaesthesia and resuscitation;Functional support;Miscellaneous medical devices;Instruments and appliances for measuring, checking, testing and navigating;Navigational, meteorological, geological and geophysical instruments;Remote-control equipment;Precision balances, instruments for drawing, calculating and measuring length;Instruments for measuring quantities;Instruments for checking physical characteristics;Checking and testing apparatus;Regulating and controlling instruments and apparatus;Non-medical equipment based on the use of radiations;Industrial process control equipment;Optical instruments;Spectacles and lenses;Polarising material;Astronomical and optical instruments;Liquid crystal devices;Photographic equipment;Horological instruments;Watches and clocks","25-Aug-2026 12:00","08-Sep-2026 11:00","As Per TDS & PCC","Procurement of Linen for the F.Y 2026-2027 at Chapainawabganj 250 Bed District Hospital, Chapainawabganj.","Lot wise","Package wise","Package wise","1500","Payment through Bank","03-Feb-2027","03-Feb-2027","Single Lot","Procurement of Linen for the F.Y 2026-2027 at
Chapainawabganj 250 Bed District Hospital,
Chapainawabganj.","Chapainawabganj 250 Bed District Hospital, Chapainawabganj","90000","01-Oct-2026","15-Nov-2026","Jamir Md. Hasibus Sattar","Superintendent","Address : Hospital Road, Chapai Nawabganj-6300 City : Chapainawabganj Thana : Chapainawabganj Sadar District : Chapai Nawabganj - 6300 Country : Bangladesh","Hospital Road, Chapai Nawabganj-6300","Chapainawabganj","Chapainawabganj Sadar","Chapai Nawabganj - 6300","0781-52489","","4398000.00, OTM","https://www.eprocure.gov.bd/resources/common/ViewTender.jsp?id=1317962"
"Ministry of Road Transport and Bridges","Road Transport and Highways Division","Roads & Highways Department (RHD)","Ferry Construction Division, Dhaka","eefeddha","Dhaka","Goods","NCT","TENDER","Tender - Single Lot","Memo No:35.01.0000.157.07.001.26-153, Date:16.8.26","228214","1321662","Open Tendering Method (OTM)","Revenue","Government","Not applicable","Not applicable","08/egp/FCD/2026-27 Supplying of spare parts with necessary repair works for 375 HP MAN Engine Propulsion & Gear Box (Right side, Model-D-2676 LE 441) of Utility type-01-074/2020 Ferry at ""Mohajon-Bordia"" Ferryghat under RHD, Ferry Sub-Division, Faridpur during the Fiscal year 2026-2027.","Repair, maintenance and associated services related to marine and other equipment; Repair, maintenance and associated services related to aircraft, railways, roads and marine equipment;","25-Aug-2026 12:00","09-Sep-2026 16:00","All tenderers who have registered in e-GP system may participate in the tender provided that they fulfill the criteria as stated in Tender Document (TDS & PCC).","Supplying of spare parts with necessary repair works for 375 HP MAN Engine Propulsion & Gear Box (Right side, Model-D-2676 LE 441) of Utility type-01-074/2020 Ferry at ""Mohajon-Bordia"" Ferryghat under RHD, Ferry Sub-Division, Faridpur during the Fiscal year 2026-2027.","Lot wise","Package wise","Package wise","1000","Payment through Bank","06-Jan-2027","06-Jan-2027","01","Supplying of spare parts with necessary repair works for 375 HP MAN Engine Propulsion & Gear Box (Right side, Model-D-2676 LE 441) of Utility type-01-074/2020 Ferry at ""Mohajon-Bordia"" Ferryghat under RHD, Ferry Sub-Division, Faridpur during the Fiscal year 2026-2027.","Ferry Sub-Division, Faridpur","25000","20-Sep-2026","11-Oct-2026","Md. Azam Shaikh","Executive Engineer","Address : Ferry Construction Division, Dhaka City : Dhaka Thana : Dhaka North City Corporation District : Dhaka - 1208 Country : Bangladesh","Ferry Construction Division, Dhaka","Dhaka","Dhaka North City Corporation","Dhaka - 1208","02-8879377","02-8879377","1050000.00, OTM","https://www.eprocure.gov.bd/resources/common/ViewTender.jsp?id=1321662"
"Ministry of Shipping","","Chittagong Port Authority","Plant Manager","","Chattogram","Goods","NCT","TENDER","Tender - Single Lot","18.13.0000.382.07.018.25","215899","1266965","Open Tendering Method (OTM)","Own Fund","Own Fund","Not applicable","Not applicable","18.13.0000.382.07.018.25_APP_ABB1 Procurement of 03 items spare parts for all kinds of 04 High Straddle Carriers of Zonal Workshop-AB.","Motor vehicles; Motor vehicles, trailers and vehicle parts; Vehicle bodies, trailers or semi-trailers;Passenger cars;Motor vehicles for the transport of 10 or more persons;Motor vehicles for the transport of goods;Heavy-duty motor vehicles;Vehicle bodies;Trailers, semi-trailers and mobile containers","25-Aug-2026 12:30","08-Sep-2026 17:00","Any firm that has valid trade license, VAT registration, TIN Certificate including other documents stated in tender document.","Procurement of 03 items spare parts for all kinds of 04 High Straddle Carriers of Zonal Workshop-AB.","Lot wise","Package wise","Package wise","2500","Payment through Bank","04-Feb-2027","04-Feb-2027","1","Procurement of 03 items spare parts for all kinds of 04 High Straddle Carriers of Zonal Workshop-AB.","Zonal Workshop-AB","165000","24-Sep-2026","24-Jan-2027","Md. Mustafa Iqbal","Plant Manager","Address : Zonal Workshop D, Bandar City : Chittagong Thana : Chattogram City Corporation District : Chattogram - 4100 Country : Bangladesh","Zonal Workshop D, Bandar","Chittagong","Chattogram City Corporation","Chattogram - 4100","031-2510897","031-2510889","6835000.00, OTM","https://www.eprocure.gov.bd/resources/common/ViewTender.jsp?id=1266965"
"Ministry of Industries","","Bangladesh Sugar and Food Industries Corporation (BSFIC)","Carew and Company (Bangladesh) Ltd.-Commercial Department.","","Chuadanga","Goods","NCT","TENDER","Tender - Single Lot","Carew/com/G-7/2026-27/09","225429","1321300","Open Tendering Method (OTM)","Own Fund","Own Fund","Not applicable","Not applicable","Carew/Com/APP/2026-27/65 Procurement of Stationery goods for Sugar factory Mechanical section and Bio-Fertilizer Unit","Various office equipment and supplies; Office machinery, equipment and supplies except computers;","25-Aug-2026 12:00","06-Sep-2026 17:00","1. Tenderer shall have i) Valid & updated trade license. ii) Valid & updated income tax & TIN certificate iii) Valid VAT/BIN registration certificate 2. The tenderer shall have a minimum of 02 (Two) years general experience in the supply of Stationery goods /Similar Goods and Related Service .3. The tenderer shall have specific experience of satisfactory completion of Stationery goods/Similar Goods and Related Service of minimum Tk.2.00 Lac under single contract within last 02 (Two) years (years counting backward from the date of publication of IFT in the newspaper/e-GP System) in any Government/Semi-Government/Autonomous/Multinational/Non-Government organization.","Procurement of Stationery goods for Sugar factory Mechanical section and Bio-Fertilizer Unit","Lot wise","Package wise","Package wise","500","Payment through Bank","04-Mar-2027","04-Mar-2027","1","Procurement of Stationery goods for Sugar factory Mechanical section and Bio-Fertilizer Unit","Carew and co, Darsona, Chuadanga","12000","15-Sep-2026","15-Oct-2026","MD. BODROL ALAM","Manager (Commercial) -Carew and Company (Bangladesh) Ltd","Address : Carew and Company (Bangladesh) Ltd. 
Post office- Darsana, 
District-Chuadanga, Bangladesh City : Darsona Thana : Damurhuda District : Chuadanga - 7221 Country : Bangladesh","","Darsona","Damurhuda","Chuadanga - 7221","77-791017","","410000.00, OTM","https://www.eprocure.gov.bd/resources/common/ViewTender.jsp?id=1321300"
"Ministry of Disaster Management & Relief","","Department of Disaster Management","Department of Disaster Management","","Dhaka","Goods","NCT","TENDER","Tender - Single Lot","51.01.0000.000.016.07.0007.26.343","227284","1322979","Open Tendering Method (OTM)","Revenue","Government","Not applicable","Not applicable","DDM/Relief Blanket/2026-27/North Bangal2-05 Supply of Blanket for DDM.","Textiles and textile articles; Clothing and accessories;Textile fabrics and related items;Woven fabrics;Woollen fabrics;Linen fabrics;Special fabrics;Knitted or crocheted fabrics;Cloth;Non-woven fabrics;Textile articles;Textile household articles;Made-up textile articles;Carpets, mats and rugs;Miscellaneous cordage, rope, twine and netting;Non-woven articles;Miscellaneous textile articles;Knitwear, hosiery and related articles;Textile yarn and thread;Natural textile fibres;Artificial textile fibres;Textile yarn and thread of natural fibres;Synthetic yarn or thread;Textile waste;Occupational clothing, special workwear and accessories;Occupational clothing;Special workwear;Workwear accessories;Outerwear;Coats;Weatherproof clothing;Miscellaneous outerwear;Garments;Underwear;Shirts and nightwear;T-shirts;Special clothing and accessories;Special clothing;Clothing accessories;Hats and headgear;Fasteners;Leather clothes;Leather clothing accessories;Furs and articles of fur;Fur articles;Furs;Second-hand clothing","25-Aug-2026 15:00","16-Sep-2026 15:00","As Per TDS","Supply Of Blanket","Lot wise","Package wise","Package wise","5000","Payment through Bank","14-Mar-2027","14-Mar-2027","01","Supply of Blanket for DDM.","District Relief Godown, Rangpur, Kurigram, Dinajpur and Panchagar","2000000","22-Oct-2026","22-Nov-2026","Md. Rasel Sabrin","Director (Relief)","Address : Disaster Management Bhaban, 92-93 Mohakhali C/A, Dhaka-1212. City : Dhaka Thana : Dhaka North City Corporation District : Dhaka - 1212 Country : Bangladesh","Disaster Management Bhaban, 92-93 Mohakhali C/A, Dhaka-1212.","Dhaka","Dhaka North City Corporation","Dhaka - 1212","02-9860386","02-9885816","Not Found","https://www.eprocure.gov.bd/resources/common/ViewTender.jsp?id=1322979"
"Ministry of Home Affairs","","Bangladesh Police","Equipment Section, Police Headquarters, Dhaka","00004","Dhaka","Goods","NCT","TENDER","Tender - Single Lot","44.01.0000.453.07.082.26/04","229147","1321950","Open Tendering Method (OTM)","Revenue","Government","Not applicable","Not applicable","2026-27_FPU_67 Body Worn Camera with Accessories","Manufactured goods, furniture, handicrafts, special-purpose products and associated consumables;Furniture;Seats, chairs and associated parts;Non-domestic furniture;Domestic furniture;Miscellaneous furniture and equipment;School furniture;Jewellery and related articles;Coins and medals;Articles of jewellery;Musical instruments and parts;Musical instruments;Parts and accessories of musical instruments;Sports goods and equipment;Outdoor sports equipment;Gymnasium equipment;Games and toys; fairground amusements;Dolls;Toys;Articles for funfair, table or parlour games;Miscellaneous manufactured and other goods;Laundry supplies;School slates or boards with writing or drawing surfaces;Artificial products;Apparatus and equipment designed for demonstrational purposes;Umbrellas and sunshades; walking sticks and seat sticks;Funeral supplies;Kitchen equipment, household items and catering supplies;Barracks supplies;Consumables and consumer goods;Consumables;Tax-free goods;Disposable goods;Handicraft and art supplies;Handicraft supplies;Art supplies;Special-purpose product;Police equipment;Recycled products;Security devices;Animal ear tags;Compost boxes;Tokens;Spray booths;Snow poles","25-Aug-2026 12:00","09-Sep-2026 10:00","1. Up to date Trade License 2. Current Income Tax Certificate 3. VAT Registration and 4. Other requirements described in the STD (e-PG-3)","Body Worn Camera with Accessories","Lot wise","Package wise","Package wise","2500","Payment through Bank","06-Mar-2027","06-Mar-2027","67","Body Worn Camera with Accessories","UN Log Base-2, Purbachal, Dhaka","500000","30-Sep-2026","29-Oct-2026","A H M Yeadul Islam","AIG","Address : Bangladesh Police, Police Headquarters, 6, Phoenix Road, Fulbaria, Dhaka-1000 City : Fulbaria, Dhaka Thana : Dhaka South City Corporation District : Dhaka - 1000 Country : Bangladesh","Bangladesh Police, Police Headquarters, 6, Phoenix Road, Fulbaria, Dhaka-1000","Fulbaria, Dhaka","Dhaka South City Corporation","Dhaka - 1000","02-9585304","02-9563362","20000000.00, OTM","https://www.eprocure.gov.bd/resources/common/ViewTender.jsp?id=1321950"
"Ministry of Health and Family Welfare","Health Services Division","Directorate General of Health Services (DGHS)","Singair Upazila Health Complex, Manikganj","","Manikganj","Goods","NCT","TENDER","Tender - Single Lot","UHC/Singair/MSR-Tender/Medicine/2026-27/Gr-1","229873","1318198","Open Tendering Method (OTM)","Revenue","Government","Not applicable","Not applicable","UHC/Singair/MSR/Medicine/2026-27/Gr-1 Procurement of Non EDCL Medicine for the F.Y 2026-27 at Singair Upazila Health Complex, Manikganj.","Medical and laboratory devices, optical and precision devices, watches and clocks, pharmaceuticals and related medical consumables;Medical devices;Imaging equipment for medical, dental and veterinary use;Functional exploration;Dentistry;Medical non-chemical consumables and haematological consumables;Therapy;Operating techniques;Anaesthesia and resuscitation;Functional support;Miscellaneous medical devices;Instruments and appliances for measuring, checking, testing and navigating;Navigational, meteorological, geological and geophysical instruments;Remote-control equipment;Precision balances, instruments for drawing, calculating and measuring length;Instruments for measuring quantities;Instruments for checking physical characteristics;Checking and testing apparatus;Regulating and controlling instruments and apparatus;Non-medical equipment based on the use of radiations;Industrial process control equipment;Optical instruments;Spectacles and lenses;Polarising material;Astronomical and optical instruments;Liquid crystal devices;Photographic equipment;Horological instruments;Watches and clocks","25-Aug-2026 13:00","08-Sep-2026 11:00","As per TDS & PCC with View the e-Tender Documents","Procurement of Non EDCL Medicine for the Fiscal Year 2026-2027 at Singair Upazila Health Complex, Manikganj.","Lot wise","Package wise","Package wise","1500","Payment through Bank","03-Feb-2027","03-Feb-2027","1","Procurement of Non EDCL Medicine for the F.Y 2026-27 at Singair Upazila Health Complex, Manikganj.","Singair Upazila Health Complex, Manikganj","100000","01-Oct-2026","25-Nov-2026","Rafsan Reza","UH&FPO","Address : Singair Upazila Health Complex, Manikganj City : Singair Thana : Singair District : Manikganj - 1820 Country : Bangladesh","Singair Upazila Health Complex, Manikganj","Singair","Singair","Manikganj - 1820","0277-17014","","Not Found","https://www.eprocure.gov.bd/resources/common/ViewTender.jsp?id=1318198"
"Ministry of Road Transport and Bridges","Road Transport and Highways Division","Roads & Highways Department (RHD)","Ferry Construction Division, Dhaka","eefeddha","Dhaka","Goods","NCT","TENDER","Tender - Single Lot","Memo No:35.01.0000.157.07.001.26-153, Date:16.8.26","228214","1321665","Open Tendering Method (OTM)","Revenue","Government","Not applicable","Not applicable","11/egp/FCD/2026-27 Supplying of spare parts with necessary repair works for 324 HP Doosan Engine (Left side) Propulsion & Gear box of Utility type-01-039/2015 Ferry at ""Baroipara-Kalia"" Ferryghat under RHD, Ferry Sub-Division, Faridpur during the Fiscal year 2026-2027.","Repair, maintenance and associated services related to marine and other equipment; Repair, maintenance and associated services related to aircraft, railways, roads and marine equipment;","25-Aug-2026 12:00","09-Sep-2026 16:00","All tenderers who have registered in e-GP system may participate in the tender provided that they fulfill the criteria as stated in Tender Document (TDS & PCC).","Supplying of spare parts with necessary repair works for 324 HP Doosan Engine (Left side) Propulsion & Gear box of Utility type-01-039/2015 Ferry at ""Baroipara-Kalia"" Ferryghat under RHD, Ferry Sub-Division, Faridpur during the Fiscal year 2026-2027.","Lot wise","Package wise","Package wise","1000","Payment through Bank","06-Jan-2027","06-Jan-2027","01","Supplying of spare parts with necessary repair works for 324 HP Doosan Engine (Left side) Propulsion & Gear box of Utility type-01-039/2015 Ferry at ""Baroipara-Kalia"" Ferryghat under RHD, Ferry Sub-Division, Faridpur during the Fiscal year 2026-2027.","Ferry Sub-Division, Faridpur","26500","20-Sep-2026","11-Oct-2026","Md. Azam Shaikh","Executive Engineer","Address : Ferry Construction Division, Dhaka City : Dhaka Thana : Dhaka North City Corporation District : Dhaka - 1208 Country : Bangladesh","Ferry Construction Division, Dhaka","Dhaka","Dhaka North City Corporation","Dhaka - 1208","02-8879377","02-8879377","1050000.00, OTM","https://www.eprocure.gov.bd/resources/common/ViewTender.jsp?id=1321665"
"Ministry of Fisheries & Livestock","","Department of Fisheries","Increasing Fish Production and Capacity Building through Infrastucture Development of Existing Govt. Fish Farm Project (1st Phase)","224400600","Dhaka","Works","NCT","TENDER","Tender - Single Lot","33.02.0000.000.964.03.0028.26.953","226892","1320969","Open Tendering Method (OTM)","Development","Government","224400600","Increasing Fish Production and Capacity Building through Infrastucture Development of Existing Govt. Fish Farm Project (1st Phase)","Farm/2026-27/WD-2/2 Pond Excavation and Dyke Compaction with Mechanical Stabilizer at Fish Seed Multiplication Farm Lalmonirhat Sadar, Lalmonirhat.","Construction work;Site preparation work;Building demolition and wrecking work and earthmoving work;Test drilling and boring work;Works for complete or part construction and civil engineering work;Building construction work;Engineering works and construction works;Construction work for pipelines, communication and power lines, for highways, roads, airfields and railways; flatwork;Construction work for water projects;Construction works for plants, mining and manufacturing and for buildings relating to the oil and gas industry;Roof works and other special trade construction works;Building installation work;Electrical installation work;Insulation work;Plumbing and sanitary works;Fencing, railing and safety equipment installation work;Mechanical installations;Building completion work;Plastering work;Joinery and carpentry installation work;Floor and wall covering work;Painting and glazing work;Other building completion work;Hire of construction and civil engineering machinery and equipment with operator;Hire of cranes with operator;Hire of earthmoving equipment with operator","25-Aug-2026 14:20","06-Sep-2026 12:00","As per Tender Data Sheet (TDS).","Pond Excavation and Dyke Compaction with Mechanical Stabilizer at Fish Seed Multiplication Farm Lalmonirhat Sadar, Lalmonirhat.","Lot wise","Package wise","Package wise","1500","Payment through Bank","03-Mar-2027","03-Mar-2027","Single","Pond Excavation and Dyke Compaction with Mechanical Stabilizer at Fish Seed Multiplication Farm Lalmonirhat Sadar, Lalmonirhat.","Fish Seed Multiplication Farm Lalmonirhat Sadar, Lalmonirhat","100000","04-Oct-2026","02-Mar-2027","Md. Moshiur Rahman","Project Director","Address : Office of the Project Director, Increasing Fish Production and Capacity Building through Infrastucture Development of Existing Govt. Fish Farm Project (1st Phase), Department of Fisheries, Matshya Bhaban, Ramna, Dhaka-1000. City : Dhaka Thana : Dhaka South City Corporation District : Dhaka - 1000 Country : Bangladesh","Office of the Project Director, Increasing Fish Production and Capacity Building through Infrastucture Development of Existing Govt. Fish Farm Project (1st Phase), Department of Fisheries, Matshya Bhaban, Ramna, Dhaka-1000.","Dhaka","Dhaka South City Corporation","Dhaka - 1000","01712-739023","","Not Found","https://www.eprocure.gov.bd/resources/common/ViewTender.jsp?id=1320969"
"Ministry of Agriculture","","National Agriculture Training Academy (NATA)","National Agriculture Training Academy (NATA)","1701","Gazipur","Goods","NCT","TENDER","Tender - Single Lot","12.15.0000.000.001.07.0001.24.460","230967","1322625","Open Tendering Method (OTM)","Revenue","Government","Not applicable","Not applicable","GD_1 Procurement of Training Materials Procurement of Training Materials for National Agriculture Training Academy (NATA), Gazipur","Training services; Adult and other education services;","25-Aug-2026 14:30","06-Sep-2026 11:00","As per TDS and Notice","Procurement of Training Materials for NATA (Bag-600, Note Book - 600, Pen -600, Pen Drive -600, Certificate folder-600)= 3000","Lot wise","Package wise","Package wise","1000","Payment through Bank","03-Jan-2027","03-Jan-2027","1","Procurement of Training Materials for National Agriculture Training Academy (NATA), Gazipur","National Agriculture Training Academy NATA Gazipur 1701","36000","08-Sep-2026","08-Oct-2026","MD. SAIFUL AZAM KHAN","Director Admin","Address : National Agriculture Training Academy (NATA)
Gazipur-1701 City : Gazipur Thana : Gazipur Sadar District : Gazipur - 1701 Country : Bangladesh","","Gazipur","Gazipur Sadar","Gazipur - 1701","02-9263298","02-9263463","Not Found","https://www.eprocure.gov.bd/resources/common/ViewTender.jsp?id=1322625"
"Ministry of Home Affairs","","Bangladesh Police","Police Training Centre, Rangpur","00064","Rangpur","Goods","NCT","TENDER","Tender - Single Lot","Memo-1976/PTC: Date: 24 August 2026","224980","1321377","Open Tendering Method (OTM)","Revenue","Government","Not applicable","Not applicable","RPTC/Lentils/2026-2027/Q2 Procurement of Packaged Lentils for the Financial Year 2026-2027 (2nd Quarter) at Police Training Canter, Rangpur.","Food products and beverages;Animal products, meat and meat products;Meat;Animal wool, hides and skins;Meat products;Prepared and preserved fish;Fish fillets, fish livers and roe;Frozen fish, fish fillets and other fish meat;Dried or salted fish; fish in brine; smoked fish;Canned or tinned fish and other prepared or preserved fish;Seafood;Fruit, vegetables and related products;Potatoes and potato products;Fruit and vegetable juices;Fruit and vegetables;Animal or vegetable oils and fats;Crude animal or vegetable oils and fats;Refined oils and fats;Edible fats;Dairy products;Milk and cream;Butter;Cheese products;Assorted dairy products;Grain mill products, starches and starch products;Grain mill products;Starches and starch products;Animal feedstuffs;Prepared animal feeds for farm and other animals;Miscellaneous food products;Bread products, fresh pastry goods and cakes;Rusks and biscuits; preserved pastry goods and cakes;Sugar and related products;Cocoa; chocolate and sugar confectionery;Pasta products;Coffee, tea and related products;Condiments and seasonings;Special nutritional products;Miscellaneous food products n.e.c. and dried goods;Beverages;Distilled alcoholic beverages;Wines;Cider and other fruit wines;Non-distilled fermented beverages;Malt beer;Non-alcoholic beverages","25-Aug-2026 12:00","06-Sep-2026 17:00","(1) Valid Trade license for the 2026-2027 fiscal year. (2) Submit documents of liquid assets of 38,00,000/- (Thirty Eight lacs Taka only) as per Form-8 of PG-3. (3) Bank solvency certificate with last three months statement. (4) Income tax clearance certificate (2024-2025). (5) Up-to-date VAT registration certificate. (6) Up-to-date TIN certificate. (7) Renewed Agriculture/Marketing License. (8) Ownership Certificate. (9) National ID Card with one copy passport-size color Photograph. (10) Relevant work experience certificate. ** Tenderer must be submited 1 (One) Kg Sampale on opening date before opeining time","1) High Qualities Lentils. 2) The color and quality of lentils (MUSUR DAL) should be appropriate as per the instructions of Police Headquarters. If the random sample of lentils submitted with the tender is collected and sent to an accredited laboratory for testing, all expenses in this regard will be borne by the tenderer. The lentils supplied by the committee will be accepted on the basis of the test report. 3) According to the instructions of the Police Headquarters, Lentils (MUSUR DAL) should be packaged and supplied in highquality transparent polybags of 3.5 kg, 4 kg and 5.5 kg and the weight of the product, date of production and expiry date should be clearly mentioned on the package. 4) As a general and special condition of the contract, lentils will be supplied as per the sample kept at Ration Store, Police Training Center, Rangpur. As per the work order, the required lentils will be transported to Ration Store, Police Training Center, Rangpur.","Lot wise","Package wise","Package wise","1500","Payment through Bank","03-Jan-2027","03-Jan-2027","1","Procurement of Packaged Lentils for the Financial Year 2026-2027 (2nd Quarter) at Police Training Canter, Rangpur.","Police Training Center, Rangpur","115000","01-Oct-2026","31-Dec-2026","RAHIMA ACTER LUCKY","SP","Address : Police Training Centre, Rangpur City : Rangpur Thana : Rangpur City Corporation District : Rangpur - 5402 Country : Bangladesh","Police Training Centre, Rangpur","Rangpur","Rangpur City Corporation","Rangpur - 5402","0521-62296","0521-52134","3900000.00, OTM","https://www.eprocure.gov.bd/resources/common/ViewTender.jsp?id=1321377"
"Ministry of Industries","","Bangladesh Sugar and Food Industries Corporation (BSFIC)","Carew and Company (Bangladesh) Ltd.-Commercial Department.","","Chuadanga","Goods","NCT","TENDER","Tender - Single Lot","Carew/com/G-7/2026-27/09","225429","1319909","Open Tendering Method (OTM)","Own Fund","Own Fund","Not applicable","Not applicable","Carew/Com/APP/2026-27/58 Fabrication and replacement of the reducing section for Distillery","Miscellaneous special-purpose machinery; Special-purpose machinery and parts;","25-Aug-2026 12:00","06-Sep-2026 17:00","1. Tenderer shall have i) Valid & updated trade license. ii) Valid & updated income tax & TIN certificate iii) Valid VAT/BIN registration certificate 3. The tenderer shall have a minimum of 5(Five) years of general experience in the supply after making Reducing Section/Main condenser/Boiling column section/ RS column section/ Bear heater/ Extention Condenser/Exgast column section etc by Copper Metal. 4. The tenderer shall have specific experience of satisfactory completion of supply {after making Reducing Section/Main Condenser/Boiling column section/RS column section/Bear heater/Extention Condenser/Exgast column section etc by Copper Metal} of minimum Tk.1.50 Lac under single contract within last 5(Five) years (years counting backward from the date of publication of IFT in the newspaper/e-GP System) in any Government/Semi-Government/Autonomous/Multinational/Non-Government organization.","Supply after Making and replacement of the reducing section for Distillery","Lot wise","Package wise","Package wise","500","Payment through Bank","04-Mar-2027","04-Mar-2027","1","Fabrication and replacement of the reducing section for Distillery","Carew and co, Darsona, Chuadanga","6000","15-Sep-2026","29-Oct-2026","MD. BODROL ALAM","Manager (Commercial) -Carew and Company (Bangladesh) Ltd","Address : Carew and Company (Bangladesh) Ltd. 
Post office- Darsana, 
District-Chuadanga, Bangladesh City : Darsona Thana : Damurhuda District : Chuadanga - 7221 Country : Bangladesh","","Darsona","Damurhuda","Chuadanga - 7221","77-791017","","260000.00, OTM","https://www.eprocure.gov.bd/resources/common/ViewTender.jsp?id=1319909"
"Ministry of Shipping","","Chittagong Port Authority","Plant Manager","","Chattogram","Goods","NCT","TENDER","Tender - Single Lot","18.13.0000.382.07.091.25","215899","1274273","Open Tendering Method (OTM)","Own Fund","Own Fund","Not applicable","Not applicable","18.13.0000.382.07.091.25 APP_ABB2 Procurement of 35 items spare parts for all kinds of 45 Ton Reach Stacker of Zonal Workshop-AB.","Motor vehicles; Motor vehicles, trailers and vehicle parts; Vehicle bodies, trailers or semi-trailers;Passenger cars;Motor vehicles for the transport of 10 or more persons;Motor vehicles for the transport of goods;Heavy-duty motor vehicles;Vehicle bodies;Trailers, semi-trailers and mobile containers","25-Aug-2026 12:30","08-Sep-2026 17:00","Any firm that has valid trade license, VAT registration, TIN Certificate including other documents stated in tender document.","Procurement of 35 items spare parts for all kinds of 45 Ton Reach Stacker of Zonal Workshop-AB.","Lot wise","Package wise","Package wise","1500","Payment through Bank","04-Feb-2027","04-Feb-2027","1","Procurement of 35 items spare parts for all kinds of 45 Ton Reach Stacker of Zonal Workshop-AB.","Zonal Workshop-AB","80000","24-Sep-2026","24-Jan-2027","Md. Mustafa Iqbal","Plant Manager","Address : Zonal Workshop D, Bandar City : Chittagong Thana : Chattogram City Corporation District : Chattogram - 4100 Country : Bangladesh","Zonal Workshop D, Bandar","Chittagong","Chattogram City Corporation","Chattogram - 4100","031-2510897","031-2510889","Not Found","https://www.eprocure.gov.bd/resources/common/ViewTender.jsp?id=1274273"
"Ministry of Home Affairs","","Bangladesh Police","Police Training Centre, Rangpur","00064","Rangpur","Goods","NCT","TENDER","Tender - Single Lot","Memo-1976/PTC: Date: 24 August 2026","224980","1321413","Open Tendering Method (OTM)","Revenue","Government","Not applicable","Not applicable","RPTC/Porters wages and Transportation/2026-2027/Q2 Porter's wages (Ration goods loading-unloading) and Transportation of goods for the Financial Year 2026-2027 (2nd Quarter) at Police Training Center, Rangpur.","Supporting and auxiliary transport services; travel agencies services;Cargo handling and storage services;Cargo handling services;Storage and warehousing services;Support services for land transport;Support services for railway transport;Support services for road transport;Support services for water transport;Port and waterway operation services and associated services;Ship-piloting services;Berthing services;Navigation services;Salvage and refloating services;Miscellaneous water transport support services;Towing and pushing services of ships;Support services for air transport;Airport operation services;Air-traffic control services;Aircraft refuelling services;Travel agency, tour operator and tourist assistance services;Travel agency and similar services;Transport agency services;Logistics services","25-Aug-2026 12:00","06-Sep-2026 17:00","(1) Valid Trade license for the 2026-2027 fiscal year. (2) Submit documents of liquid assets of 1,75,000/- as per Form-8 of PG-3. (3) Bank solvency certificate with last three months statement. (4) Income tax clearance certificate (2024-2025). (5) Up-to-date VAT registration certificate. (6) Up-to-date TIN certificate. (7) Ownership Certificate. (8) National ID Card with one copy passport-size color Photograph. (9) Relevant work experience certificate. N.B. Rice and wheat will have to reach from LSD warehouse Rangpur Sadar and Sugar from Thakurgaon Sugar Mill Limited to PTC, Rangpur.","1) Porters wages (Loading/Unloading) and Transportation of goods (Ration Items- Rice, Sugar, Wheat etc.). 2) As per the general and special terms and conditions of the contract, transportation work including labourer expenses (loading and unloading) will have to be done. As per the work order, the required Wheat, Rice and Sugar will have to be transported to the Ration Store, Police Training Center, Rangpur at their own expense and warehoused from the government food warehouse/sugar mill. The Wheat will also be transported from Ration Store, Police Training Center, Rangpur to the designated mill. If the transportation work including coolie is not done properly, legal action will be taken including confiscation of the deposit.","Lot wise","Package wise","Package wise","500","Payment through Bank","03-Jan-2027","03-Jan-2027","1","Porter's wages (Ration goods loading-unloading) and Transportation of goods for the Financial Year 2026-2027 (2nd Quarter) at Police Training Center, Rangpur.","Police Training Center, Rangpur","5000","01-Oct-2026","31-Dec-2026","RAHIMA ACTER LUCKY","SP","Address : Police Training Centre, Rangpur City : Rangpur Thana : Rangpur City Corporation District : Rangpur - 5402 Country : Bangladesh","Police Training Centre, Rangpur","Rangpur","Rangpur City Corporation","Rangpur - 5402","0521-62296","0521-52134","Not Found","https://www.eprocure.gov.bd/resources/common/ViewTender.jsp?id=1321413"
"Ministry of Energy","Power and Mineral Resources","Power Grid Bangladesh PLC","Grid Maintenance Division, Kaliakair","","Gazipur","Works","NCT","TENDER","Tender - Single Lot","27.21.0000.448.07.001.26.783","229552","1322896","Open Tendering Method (OTM)","Own Fund","Own Fund","Not applicable","Not applicable","27.21.0000.448.07.001.26.781 Lightning Mast Installation and Earth Wire Stringing Work at Kabirpur 132/33 kV Grid Substation under GMD Kaliakair.","Site preparation work; Construction work; Works for complete or part construction and civil engineering work;Building demolition and wrecking work and earthmoving work;Test drilling and boring work;Building construction work;Engineering works and construction works;Construction work for pipelines, communication and power lines, for highways, roads, airfields and railways; flatwork;Construction work for water projects;Construction works for plants, mining and manufacturing and for buildings relating to the oil and gas industry;Roof works and other special trade construction works","25-Aug-2026 12:00","07-Sep-2026 12:00","As per TDS","Lightning Mast Installation and Earth Wire Stringing Work at Kabirpur 132/33 kV Grid Substation under GMD Kaliakair","Lot wise","Package wise","Package wise","500","Payment through Bank","23-Jan-2027","23-Jan-2027","1","Lightning Mast Installation and Earth Wire Stringing Work at Kabirpur 132/33 kV Grid Substation under GMD Kaliakair.","GMD Kaliakair, Sutrapur, Kaliakair, Gazipur","12500","24-Sep-2026","24-Feb-2027","Md Hasanul Islam","Executive Engineer","Address : Office of the Executive Engineer, GMD Office, Kaliakair 400/230/132 KV Grid Substation. City : Gazipur Thana : Kaliakoir District : Gazipur - 1750 Country : Bangladesh","Office of the Executive Engineer, GMD Office, Kaliakair 400/230/132 KV Grid Substation.","Gazipur","Kaliakoir","Gazipur - 1750","02-9556136","","475000.00, OTM","https://www.eprocure.gov.bd/resources/common/ViewTender.jsp?id=1322896"
"Ministry of Road Transport and Bridges","Birdges Division","Bangladesh Bridge Authority","Office of the Chief Engineer","","Dhaka","Goods (Framework Agreement)","NCT","TENDER","Tender - Single Lot","50.01.0000.000.103.07.0001.24-01","227642","1318588","Open Tendering Method (OTM)","Own Fund","Own Fund","Not applicable","Not applicable","50.01.0000.000.103.07.0001.24-01 Supply of Stationery and Miscellaneous Consumables Goods for the 2026-2027 fiscal year for Bangladesh Bridge Authority","Consumables and consumer goods; Manufactured goods, furniture, handicrafts, special-purpose products and associated consumables;Consumables;Tax-free goods;Disposable goods","25-Aug-2026 12:00","06-Sep-2026 11:00","The minimum specific experience as Supplier in supply of similar Goods for at least 1(one) contract within last 5 (Five) years with value Tk: 26 (Twenty Six Lac).","Supply of Stationery and Miscellaneous Consumables Goods for the 2026-2027 fiscal year for Bangladesh Bridge Authority","Lot wise","Package wise","Package wise","1500","Payment through Bank","01-Feb-2027","01-Feb-2027","01","Supply of Stationery and Miscellaneous Consumables Goods for the 2026-2027 fiscal year for Bangladesh Bridge Authority","Setu Bhaban, Banani, Dhaka-1212","110000","01-Oct-2026","30-Sep-2027","Abu Humayan Md. Shakhawat Aktar","Chief Engineer","Address : Setu Bhaban, Banani, Dhaka-1212. City : Dhaka Thana : Dhaka North City Corporation District : Dhaka - 6200 Country : Bangladesh","Setu Bhaban, Banani, Dhaka-1212.","Dhaka","Dhaka North City Corporation","Dhaka - 6200","02-55040313","","4300000.00, OTM","https://www.eprocure.gov.bd/resources/common/ViewTender.jsp?id=1318588"
"Ministry of Road Transport and Bridges","Road Transport and Highways Division","Roads & Highways Department (RHD)","Ferry Construction Division, Dhaka","eefeddha","Dhaka","Goods","NCT","TENDER","Tender - Single Lot","Memo No:35.01.0000.157.07.001.26-152, Date:11.8.26","228214","1321659","Open Tendering Method (OTM)","Revenue","Government","Not applicable","Not applicable","05/egp/FCD/2026-27 Supplying of 18mm Steel core wire rope and 46 mm dia U-clamp for securely binding different Ferry, pontoon and Gangway of several Ferryghat under RHD, Ferry Sub-Division, Faridpur during the Fiscal year of 2026-2027.","Repair, maintenance and associated services related to marine and other equipment; Repair, maintenance and associated services related to aircraft, railways, roads and marine equipment;","25-Aug-2026 12:00","09-Sep-2026 16:00","All tenderers who have registered in e-GP system may participate in the tender provided that they fulfill the criteria as stated in Tender Document (TDS & PCC).","Supplying of 18mm Steel core wire rope and 46 mm dia U-clamp for securely binding different Ferry, pontoon and Gangway of several Ferryghat under RHD, Ferry Sub-Division, Faridpur during the Fiscal year of 2026-2027.","Lot wise","Package wise","Package wise","500","Payment through Bank","06-Jan-2027","06-Jan-2027","01","Supplying of 18mm Steel core wire rope and 46 mm dia U-clamp for securely binding different Ferry, pontoon and Gangway of several Ferryghat under RHD, Ferry Sub-Division, Faridpur during the Fiscal year of 2026-2027.","Ferry Sub-Division, Faridpur","8500","20-Sep-2026","30-Sep-2026","Md. Azam Shaikh","Executive Engineer","Address : Ferry Construction Division, Dhaka City : Dhaka Thana : Dhaka North City Corporation District : Dhaka - 1208 Country : Bangladesh","Ferry Construction Division, Dhaka","Dhaka","Dhaka North City Corporation","Dhaka - 1208","02-8879377","02-8879377","350000.00, OTM","https://www.eprocure.gov.bd/resources/common/ViewTender.jsp?id=1321659"
"Ministry of Home Affairs","","Bangladesh Police","Police Training Centre, Rangpur","00064","Rangpur","Goods","NCT","TENDER","Tender - Single Lot","Memo-1976/PTC: Date: 24 August 2026","224980","1321390","Open Tendering Method (OTM)","Revenue","Government","Not applicable","Not applicable","RPTC/PolaoRice/2026-2027/Q2 Procurement of Polao Rice for the Financial Year 2026-2027 (2nd Quarter) at Police Training Center, Rangpur.","Food products and beverages;Animal products, meat and meat products;Meat;Animal wool, hides and skins;Meat products;Prepared and preserved fish;Fish fillets, fish livers and roe;Frozen fish, fish fillets and other fish meat;Dried or salted fish; fish in brine; smoked fish;Canned or tinned fish and other prepared or preserved fish;Seafood;Fruit, vegetables and related products;Potatoes and potato products;Fruit and vegetable juices;Fruit and vegetables;Animal or vegetable oils and fats;Crude animal or vegetable oils and fats;Refined oils and fats;Edible fats;Dairy products;Milk and cream;Butter;Cheese products;Assorted dairy products;Grain mill products, starches and starch products;Grain mill products;Starches and starch products;Animal feedstuffs;Prepared animal feeds for farm and other animals;Miscellaneous food products;Bread products, fresh pastry goods and cakes;Rusks and biscuits; preserved pastry goods and cakes;Sugar and related products;Cocoa; chocolate and sugar confectionery;Pasta products;Coffee, tea and related products;Condiments and seasonings;Special nutritional products;Miscellaneous food products n.e.c. and dried goods;Beverages;Distilled alcoholic beverages;Wines;Cider and other fruit wines;Non-distilled fermented beverages;Malt beer;Non-alcoholic beverages","25-Aug-2026 12:00","06-Sep-2026 17:00","(1) Valid Trade license for the 2026-2027 fiscal year. (2) Submit documents of liquid assets of 1,60,000/- as per Form-8 of PG-3. (3) Bank solvency certificate with last three months statement. (4) Income tax clearance certificate (2024-2025). (5) Up-to-date VAT registration certificate. (6) Up-to-date TIN certificate. (7) Renewed Agriculture/Marketing License and relevant work experience certificate. (8) Ownership Certificate. (9) National ID Card with one copy passport-size color Photograph. ** Tenderer must be submitted 01 (One) kg Sample on opening date before opening time.","1) High Quality Polao Rice. 2) As a general and special condition of the agreement, high quality polao rice shall be supplied as per the sample of high quality polao rice kept at Ration Store, Police Training Center, Rangpur. The high quality polao rice required as per the work order shall be delivered to Ration Store, Police Training Center, Rangpur at its own cost and warehoused. If the high quality polao rice is not supplied as per the sample, legal action shall be taken including confiscation of the security deposit","Lot wise","Package wise","Package wise","500","Payment through Bank","03-Jan-2027","03-Jan-2027","1","Procurement of Polao Rice for the Financial Year 2026-2027 (2nd Quarter) at Police Training Center, Rangpur.","Police Training Center, Rangpur","5000","01-Oct-2026","31-Dec-2026","RAHIMA ACTER LUCKY","SP","Address : Police Training Centre, Rangpur City : Rangpur Thana : Rangpur City Corporation District : Rangpur - 5402 Country : Bangladesh","Police Training Centre, Rangpur","Rangpur","Rangpur City Corporation","Rangpur - 5402","0521-62296","0521-52134","168000.00, OTM","https://www.eprocure.gov.bd/resources/common/ViewTender.jsp?id=1321390"
"Ministry of Energy","Power and Mineral Resources","Dhaka Electric Supply Company LTD (DESCO)","P,I & T Division","PE01","Dhaka","Works","NCT","TENDER","Tender - Single Lot","27.24.0000.021.07.046.26.724; Date-15/07/2026","227220","1309822","Open Tendering Method (OTM)","Own Fund","Own Fund","Not applicable","Not applicable","APP 2026-2027 Package W-12 Repair, Maintenance, Renovation and related Civil Works at Central Store (Mirpur), Agargaon-1 33/11kV Sub-Station and CAAB 33/11kV Sub-Station, DESCO","Construction work; Site preparation work; Building demolition and wrecking work and earthmoving work; Test drilling and boring work; Works for complete or part construction and civil engineering work; Building construction work; Engineering works and construction works; Construction work for pipelines, communication and power lines, for highways, roads, airfields and railways; flatwork; Construction work for water projects; Construction works for plants, mining and manufacturing and for buildings relating to the oil and gas industry; Roof works and other special trade construction works; Building installation work; Building completion work; Hire of construction and civil engineering machinery and equipment with operator;Electrical installation work;Insulation work;Plumbing and sanitary works;Fencing, railing and safety equipment installation work;Mechanical installations;Plastering work;Joinery and carpentry installation work;Floor and wall covering work;Painting and glazing work;Other building completion work;Hire of cranes with operator;Hire of earthmoving equipment with operator","25-Aug-2026 14:10","15-Sep-2026 15:30","Contractors/firms having valid Trade License, e-TIN Certificate, & VAT Registration from concerned authority of Bangladesh. All the Details are described in Section 2: TDS of the tender document.","Repair, Maintenance, Renovation and related Civil Works at Central Store (Mirpur), Agargaon-1 33/11kV Sub-Station and CAAB 33/11kV Sub-Station, DESCO","Lot wise","Package wise","Package wise","1500","Payment through Bank","11-Feb-2027","11-Feb-2027","1","Repair, Maintenance, Renovation and related Civil Works at Central Store (Mirpur), Agargaon-1 33/11kV Sub-Station and CAAB 33/11kV Sub-Station, DESCO","Central Store Mirpur, Agargaon _1 33-11kV Sub Station and CAAB 33-11kV Sub Station DESCO","100000","15-Oct-2026","15-Apr-2027","Md Monjurul Hasan","Superintending Engineer","Address : Office of the SE (P,I&T),  DESCO,
House # 22/B (1st floor), Faruque Sarani, Nikunja#2, Dhaka-1229. City : Dhaka Thana : Dhaka North City Corporation District : Dhaka - 1229 Country : Bangladesh","","Dhaka","Dhaka North City Corporation","Dhaka - 1229","02-8900110","02-8900100","Not Found","https://www.eprocure.gov.bd/resources/common/ViewTender.jsp?id=1309822"
"Ministry of Energy","Power and Mineral Resources","Power Grid Bangladesh PLC","Grid Maintenance Division, Dhaka South","009","Dhaka","Works","NCT","TENDER","Tender - Single Lot","GMDDS:2026-2027/2","230964","1322862","Open Tendering Method (OTM)","Own Fund","Own Fund","Not applicable","Not applicable","GMDDS:2026-2027/02 Control Room Cleaning, Road Sweeping and Cutting Jungles & Shrubs on Annual Basis at Hasnabad 230/132kV Grid Sub-Station Under GMD Dhaka South.","Repair and maintenance services of electrical and mechanical building installations; Repair and maintenance services of building installations;","25-Aug-2026 12:00","10-Sep-2026 12:27","Each tenderer must have the following basic requirements: Possess a valid Trade License . Provide proof of Tax payment for the last assessment year . Hold a VAT Registration Certificate . Comply with all other criteria specified in the Tender Data Sheet .","Control Room Cleaning, Road Sweeping and Cutting Jungles & Shrubs on Annual Basis at Hasnabad 230/132kV Grid Sub-Station Under GMD Dhaka South,  Power Grid.","Lot wise","Package wise","Package wise","500","Payment through Bank","06-Jan-2027","06-Jan-2027","1","Control Room Cleaning, Road Sweeping and Cutting Jungles & Shrubs on Annual Basis at Hasnabad 230/132kV Grid Sub-Station Under GMD Dhaka South.","Hasnabad Substation, South Keraniganj, Dhaka","15000","01-Oct-2026","30-Sep-2027","MD. MUSTAFIZUR RAHMAN","Executive Engineer","Address : D-2, Chandramallika Bhaban (Ground Floor),
Hasnabad 230/132/33kV Grid Substation,
Hasnabad City : Dhaka Thana : Keraniganj District : Dhaka - 1311 Country : Bangladesh","","Dhaka","Keraniganj","Dhaka - 1311","02-9568928","02-9568928","Not Found","https://www.eprocure.gov.bd/resources/common/ViewTender.jsp?id=1322862"
"Ministry of Road Transport and Bridges","Road Transport and Highways Division","Roads & Highways Department (RHD)","Ferry Construction Division, Dhaka","eefeddha","Dhaka","Goods","NCT","TENDER","Tender - Single Lot","Memo No:35.01.0000.157.07.001.26-156, Date:17.8.26","228214","1321931","Open Tendering Method (OTM)","Revenue","Government","Not applicable","Not applicable","28/egp/FCD/2026-27 Supplying of spare parts with necessary repair works for 240 HP Doosan Engine (Left side) of Utility type-02-047/2000 Ferry at ""Chartola-Joynagor"" Ferryghat under RHD, Ferry Sub-Division, Faridpur during the Fiscal year 2026-2027.","Repair, maintenance and associated services related to aircraft, railways, roads and marine equipment; Repair, maintenance and installation services;Repair, maintenance and associated services related to aircraft and other equipment;Repair, maintenance and associated services related to railways and other equipment;Repair, maintenance and associated services related to roads and other equipment;Repair, maintenance and associated services related to marine and other equipment","25-Aug-2026 13:00","09-Sep-2026 16:00","All tenderers who have registered in e-GP system may participate in the tender provided that they fulfill the criteria as stated in Tender Document (TDS & PCC).","Supplying of spare parts with necessary repair works for 240 HP Doosan Engine (Left side) of Utility type-02-047/2000 Ferry at ""Chartola-Joynagor"" Ferryghat under RHD, Ferry Sub-Division, Faridpur during the Fiscal year 2026-2027.","Lot wise","Package wise","Package wise","500","Payment through Bank","06-Jan-2027","06-Jan-2027","01","Supplying of spare parts with necessary repair works for 240 HP Doosan Engine (Left side) of Utility type-02-047/2000 Ferry at ""Chartola-Joynagor"" Ferryghat under RHD, Ferry Sub-Division, Faridpur during the Fiscal year 2026-2027.","Ferry Sub-Division, Faridpur","20000","30-Sep-2026","11-Oct-2026","Md. Azam Shaikh","Executive Engineer","Address : Ferry Construction Division, Dhaka City : Dhaka Thana : Dhaka North City Corporation District : Dhaka - 1208 Country : Bangladesh","Ferry Construction Division, Dhaka","Dhaka","Dhaka North City Corporation","Dhaka - 1208","02-8879377","02-8879377","Not Found","https://www.eprocure.gov.bd/resources/common/ViewTender.jsp?id=1321931"
"Ministry of Industries","","Bangladesh Sugar and Food Industries Corporation (BSFIC)","Carew and Company (Bangladesh) Ltd.-Commercial Department.","","Chuadanga","Goods","NCT","TENDER","Tender - Single Lot","Carew/com/G-7/2026-27/09","225429","1320300","Open Tendering Method (OTM)","Own Fund","Own Fund","Not applicable","Not applicable","Carew/Com/APP/2026-27/64 Procurement of vehicle spare parts for the organic fertilizer plant","Spare parts for goods vehicles; Parts and accessories for vehicles and their engines;","25-Aug-2026 12:00","06-Sep-2026 17:00","1. Tenderer shall have i) Valid & updated trade license. ii) Valid & updated income tax & TIN certificate iii) Valid VAT/BIN registration certificate 2. The tenderer shall have a minimum of 02 (Two) years general experience in the supply of Similar Goods and Related Service .3. The tenderer shall have specific experience of satisfactory completion of Vehicles Spare Parts/similar Goods and Related Service of minimum Tk.1.00 Lac under single contract within last 02 (Two) years (years counting backward from the date of publication of IFT in the newspaper/e-GP System) in any Government/Semi-Government/Autonomous/Multinational/Non-Government organization.","Procurement of Vehicle Spare Parts for the Organic Fertilizer Plant","Lot wise","Package wise","Package wise","500","Payment through Bank","04-Mar-2027","04-Mar-2027","1","Procurement of vehicle spare parts for the organic fertilizer plant","Carew and co, Darsona, Chuadanga","5000","15-Sep-2026","15-Oct-2026","MD. BODROL ALAM","Manager (Commercial) -Carew and Company (Bangladesh) Ltd","Address : Carew and Company (Bangladesh) Ltd. 
Post office- Darsana, 
District-Chuadanga, Bangladesh City : Darsona Thana : Damurhuda District : Chuadanga - 7221 Country : Bangladesh","","Darsona","Damurhuda","Chuadanga - 7221","77-791017","","210000.00, OTM","https://www.eprocure.gov.bd/resources/common/ViewTender.jsp?id=1320300"
"Ministry of Road Transport and Bridges","Road Transport and Highways Division","Roads & Highways Department (RHD)","Ferry Construction Division, Dhaka","eefeddha","Dhaka","Goods","NCT","TENDER","Tender - Single Lot","Memo No:35.01.0000.157.07.001.26-152, Date:11.8.26","228214","1321657","Open Tendering Method (OTM)","Revenue","Government","Not applicable","Not applicable","03/egp/FCD/2026-27 Supplying of 10 mm M.S. Plate & M.S. Pin (50 mm dia x 0.15m length) for different Ferry, pontoon and Gangway of several Ferryghat under RHD, Ferry Sub-Division, Faridpur during the Fiscal year of 2026-2027.","Repair, maintenance and associated services related to marine and other equipment; Repair, maintenance and associated services related to aircraft, railways, roads and marine equipment;","25-Aug-2026 12:00","09-Sep-2026 16:00","All tenderers who have registered in e-GP system may participate in the tender provided that they fulfill the criteria as stated in Tender Document (TDS & PCC).","Supplying of 10 mm M.S. Plate & M.S. Pin (50 mm dia x 0.15m length) for different Ferry, pontoon and Gangway of several Ferryghat under RHD, Ferry Sub-Division, Faridpur during the Fiscal year of 2026-2027.","Lot wise","Package wise","Package wise","500","Payment through Bank","06-Jan-2027","06-Jan-2027","01","Supplying of 10 mm M.S. Plate & M.S. Pin (50 mm dia x 0.15m length) for different Ferry, pontoon and Gangway of several Ferryghat under RHD, Ferry Sub-Division, Faridpur during the Fiscal year of 2026-2027.","Ferry Sub-Division, Faridpur","12000","20-Sep-2026","30-Sep-2026","Md. Azam Shaikh","Executive Engineer","Address : Ferry Construction Division, Dhaka City : Dhaka Thana : Dhaka North City Corporation District : Dhaka - 1208 Country : Bangladesh","Ferry Construction Division, Dhaka","Dhaka","Dhaka North City Corporation","Dhaka - 1208","02-8879377","02-8879377","500000.00, OTM","https://www.eprocure.gov.bd/resources/common/ViewTender.jsp?id=1321657"
"Ministry of Local Government","Rural Development and Co-operatives","Chittagong Water Supply & Sewerage Authority","Karnaphuli Water Treatment Plant-1","KWTP-1","Chattogram","Goods","NCT","TENDER","Tender - Single Lot","46.06.2000.000.312.07.0016.26","226502","1320453","Open Tendering Method (OTM)","Revenue","Government","Not applicable","Not applicable","46.06.2000.000.312.07.0016.26 Supply and installation of Ton Container Scale for Chlorine Cylinder at Karnaphuli Water Treatment Plant-1, CWASA, Pomra, Rangunia, Chattogram.","Machinery, equipment, appliances, apparatus and associated products; Machinery for the production and use of mechanical power; General-purpose machinery; Agricultural, horticultural and forestry machinery; Machine tools; Special-purpose machinery and parts; Weapons, ammunition and associated parts; Domestic appliances; Miscellaneous equipment; Operation of a water-purification plant; Water distribution and related services;Turbines and motors;Pumps and compressors;Taps, cocks, valves and similar appliances;Gears, gearing and driving elements;Industrial or laboratory furnaces, incinerators and ovens;Lifting and handling equipment and parts;Cooling and ventilation equipment;Miscellaneous general-purpose machinery;Agricultural and forestry machinery for soil preparation or cultivation;Harvesting machinery;Spraying machinery for agriculture or horticulture;Self-loading or unloading trailers and semi-trailers for agriculture;Specialist agricultural or forestry machinery;Tractors;Parts of agricultural and forestry machinery;Machine tools operated by laser and machining centres;Lathes, boring and milling machine tools;Metal-working machine tools;Machine tools for working hard materials except metals;Pneumatic or motorised hand tools;Soldering, brazing and welding tools, surface tempering and hot-spraying machines and equipment;Parts and accessories of machine tools;Machinery for metallurgy and associated parts;Machinery for mining, quarrying and construction;Machinery for food, beverage and tobacco processing and associated parts;Machinery for textile, apparel and leather production;Machinery for paper or paperboard production;Miscellaneous special-purpose machinery;Motorised tanks and armoured fighting vehicles;Military weapons;Firearms;Ammunition;Parts of military weapons;Truncheons or night sticks;Electrical domestic appliances;Non-electric domestic appliances;Transport related equipment;Workshop equipment;Construction equipment;Catering equipment;Emergency and security equipment;Technical equipment;Miscellaneous equipment n.e.c.","25-Aug-2026 14:00","07-Sep-2026 14:00","1. The minimum number of years of general experience of the Tenderer in the supply of Goods and related services as a Supplier shall be 05 (Five) years. 2. The minimum specific experience as Supplier in supply of chlorination system-related Goods of at least one (1) contract successfully completed within the last 03(Three) years, with a value of at least Tk. 10(Ten) Lakh. in any Govt./Semi-Govt./Autonomous organization. Years counting backward from the date of publication of IFT in the e-GP System. 3. Manufacturer's authorization letter from Eagle Microsystem, USA. 4. Any other documents as specified in TDS","Supply and installation of Ton Container Scale for Chlorine Cylinder at Karnaphuli Water Treatment Plant-1, CWASA, Pomra, Rangunia, Chattogram.","Lot wise","Package wise","Package wise","1000","Payment through Bank","03-Feb-2027","03-Feb-2027","1","Supply and installation of Ton Container Scale for Chlorine Cylinder at Karnaphuli Water Treatment Plant-1, CWASA, Pomra, Rangunia, Chattogram.","KWTP-1, Rangunia, Chattogram.","45000","27-Sep-2026","30-Dec-2026","Md. Omar Faruk","Executive Engineer","Address : Pomra, Rangunia, Chittagong. City : Chattogram Thana : Chattogram City Corporation District : Chattogram - 4360 Country : Bangladesh","Pomra, Rangunia, Chittagong.","Chattogram","Chattogram City Corporation","Chattogram - 4360","031-614724","","Not Found","https://www.eprocure.gov.bd/resources/common/ViewTender.jsp?id=1320453"
"Ministry of Fisheries & Livestock","","Department of Fisheries","Increasing Fish Production and Capacity Building through Infrastucture Development of Existing Govt. Fish Farm Project (1st Phase)","224400600","Dhaka","Works","NCT","TENDER","Tender - Single Lot","33.02.0000.000.964.03.0030.26.951","226892","1321517","Open Tendering Method (OTM)","Development","Government","224400600","Increasing Fish Production and Capacity Building through Infrastucture Development of Existing Govt. Fish Farm Project (1st Phase)","Farm/2026-27/WD-2/4 Pond Excavation and Dyke Compaction with Mechanical Stabilizer at Fish Seed Multiplication Farm Mashkanda, Mymensingh.","Site preparation work; Construction work; Works for complete or part construction and civil engineering work; Hire of construction and civil engineering machinery and equipment with operator; Construction work;Building demolition and wrecking work and earthmoving work;Test drilling and boring work;Building construction work;Engineering works and construction works;Construction work for pipelines, communication and power lines, for highways, roads, airfields and railways; flatwork;Construction work for water projects;Construction works for plants, mining and manufacturing and for buildings relating to the oil and gas industry;Roof works and other special trade construction works;Hire of cranes with operator;Hire of earthmoving equipment with operator","25-Aug-2026 14:00","06-Sep-2026 12:30","As per Tender Data sheet (TDS).","Pond Excavation and Dyke Compaction with Mechanical Stabilizer at Fish Seed Multiplication Farm Mashkanda, Mymensingh.","Lot wise","Package wise","Package wise","1000","Payment through Bank","03-Mar-2027","03-Mar-2027","Single","Pond Excavation and Dyke Compaction with Mechanical Stabilizer at Fish Seed Multiplication Farm Mashkanda, Mymensingh.","Fish Seed Multiplication Farm Mashkanda, Mymensingh","50000","04-Oct-2026","04-Mar-2027","Md. Moshiur Rahman","Project Director","Address : Office of the Project Director, Increasing Fish Production and Capacity Building through Infrastucture Development of Existing Govt. Fish Farm Project (1st Phase), Department of Fisheries, Matshya Bhaban, Ramna, Dhaka-1000. City : Dhaka Thana : Dhaka South City Corporation District : Dhaka - 1000 Country : Bangladesh","Office of the Project Director, Increasing Fish Production and Capacity Building through Infrastucture Development of Existing Govt. Fish Farm Project (1st Phase), Department of Fisheries, Matshya Bhaban, Ramna, Dhaka-1000.","Dhaka","Dhaka South City Corporation","Dhaka - 1000","01712-739023","","Not Found","https://www.eprocure.gov.bd/resources/common/ViewTender.jsp?id=1321517"
"Ministry of Housing and Public Works","","Cox's Bazar Development Authority","Cox's Bazar Development Authority","","Cox's Bazar","Goods","NCT","TENDER","Tender - Single Lot","CoxDA/Rev/2026-27/Uniform","228315","1322816","Open Tendering Method (OTM)","Revenue","Government","Not applicable","Not applicable","CoxDA/Rev/2026-27/Uniform Supply, Tailoring and Delivery of Uniforms for Personnel of Coxs Bazar Development Authority (CoxDA), FY 2026-27","Clothing and accessories;Occupational clothing, special workwear and accessories;Occupational clothing;Special workwear;Workwear accessories;Outerwear;Coats;Weatherproof clothing;Miscellaneous outerwear;Garments;Underwear;Shirts and nightwear;T-shirts;Special clothing and accessories;Special clothing;Clothing accessories;Hats and headgear;Fasteners;Leather clothes;Leather clothing accessories;Furs and articles of fur;Fur articles;Furs;Second-hand clothing","25-Aug-2026 12:00","06-Sep-2026 14:00","as per TDS","Supply, Tailoring and Delivery of Uniforms for Personnel of Coxs Bazar Development Authority (CoxDA), FY 2026-27","Lot wise","Package wise","Package wise","500","Payment through Bank","03-Dec-2026","03-Dec-2026","1","Supply, Tailoring and Delivery of Uniforms for Personnel of Coxs Bazar Development Authority (CoxDA), FY 2026-27","Coxs Bazar","5000","15-Sep-2026","15-Oct-2026","Abu Nayeem Md.Talat","Member (Engineer)","Address : CoxDA Bhaban, Circuit House Road, Cox's Bazar. City : Cox's Bazar Thana : Cox'S Bazar Sadar District : Cox's Bazar - 4700 Country : Bangladesh","CoxDA Bhaban, Circuit House Road, Cox's Bazar.","Cox's Bazar","Cox'S Bazar Sadar","Cox's Bazar - 4700","02-334462520","02-334462522","200000.00, OTM","https://www.eprocure.gov.bd/resources/common/ViewTender.jsp?id=1322816"
"Ministry of Industries","","Bangladesh Sugar and Food Industries Corporation (BSFIC)","Carew and Company (Bangladesh) Ltd.-Commercial Department.","","Chuadanga","Goods","NCT","TENDER","Tender - Single Lot","Carew/com/G-7/2026-27/09","225429","1319908","Open Tendering Method (OTM)","Own Fund","Own Fund","Not applicable","Not applicable","Carew/Com/APP/2026-27/57 Procurement of Harrow, Plough, cultivator and  Rotavator Spare Parts","Harvesting machinery; Agricultural, horticultural and forestry machinery;","25-Aug-2026 12:00","06-Sep-2026 17:00","1. Tenderer shall have i) Valid & updated trade license. ii) Valid & updated income tax & TIN certificate iii) Valid VAT/BIN registration certificate 2. The tenderer shall have a minimum of 02 (Two) years general experience in the supply of Agriculture Machinaries Spare Parts/Similar Goods and Related Service .3. The tenderer shall have specific experience of satisfactory completion of Agriculture Machinaries Spare Parts/similar Goods and Related Service of minimum Tk.1.00 Lac under single contract within last 02 (Two) years (years counting backward from the date of publication of IFT in the newspaper/e-GP System) in any Government/Semi-Government/Autonomous/Multinational/Non-Government organization.","Procurement of Harrow, Plough, cultivator and Rotavator Spare Parts","Lot wise","Package wise","Package wise","500","Payment through Bank","04-Mar-2027","04-Mar-2027","1","Procurement of Harrow, Plough, cultivator and  Rotavator Spare Parts","Carew and co, Darsona, Chuadanga","8000","15-Sep-2026","29-Oct-2026","MD. BODROL ALAM","Manager (Commercial) -Carew and Company (Bangladesh) Ltd","Address : Carew and Company (Bangladesh) Ltd. 
Post office- Darsana, 
District-Chuadanga, Bangladesh City : Darsona Thana : Damurhuda District : Chuadanga - 7221 Country : Bangladesh","","Darsona","Damurhuda","Chuadanga - 7221","77-791017","","300000.00, OTM","https://www.eprocure.gov.bd/resources/common/ViewTender.jsp?id=1319908"
"Ministry of Industries","","Bangladesh Sugar and Food Industries Corporation (BSFIC)","Carew and Company (Bangladesh) Ltd.-Commercial Department.","","Chuadanga","Goods","NCT","TENDER","Tender - Single Lot","Carew/com/G-7/2026-27/09","225429","1320172","Open Tendering Method (OTM)","Own Fund","Own Fund","Not applicable","Not applicable","Carew/Com/APP/2026-27/60 Procurement of Cartridge Filter and  2 HP Pump With Motor for Distillery FL","Computer equipment and supplies; Office and computing machinery, equipment and supplies;Data-processing machines;Digital cartography equipment;Computer hardware;Software;Computer systems;Servers","25-Aug-2026 12:00","06-Sep-2026 17:00","1. Tenderer shall have i) Valid & updated trade license. ii) Valid & updated income tax & TIN certificate iii) Valid VAT/BIN registration certificate 2. The tenderer shall have a minimum of 02 (Two) years general experience in the supply of Similar Goods and Related Service .3. The tenderer shall have specific experience of satisfactory completion of Cartridge Filter/Pump With Motor/similar Goods and Related Service of minimum Tk.2.00 Lac under single contract within last 02 (Two) years (years counting backward from the date of publication of IFT in the newspaper/e-GP System) in any Government/Semi-Government/Autonomous/Multinational/Non-Government organization.","Procurement of Cartridge Filter and 2 HP Pump With Motor for Distillery FL","Lot wise","Package wise","Package wise","500","Payment through Bank","04-Mar-2027","04-Mar-2027","1","Procurement of Cartridge Filter and  2 HP Pump With Motor for Distillery FL","Carew and co, Darsona, Chuadanga","12000","15-Sep-2026","29-Oct-2026","MD. BODROL ALAM","Manager (Commercial) -Carew and Company (Bangladesh) Ltd","Address : Carew and Company (Bangladesh) Ltd. 
Post office- Darsana, 
District-Chuadanga, Bangladesh City : Darsona Thana : Damurhuda District : Chuadanga - 7221 Country : Bangladesh","","Darsona","Damurhuda","Chuadanga - 7221","77-791017","","480000.00, OTM","https://www.eprocure.gov.bd/resources/common/ViewTender.jsp?id=1320172"
"Ministry of Housing and Public Works","","Public Works Department (PWD)","Pabna PWD Division, Pabna","","Pabna","Physical Services","NCT","PPS","","","227066","1322765","Open Tendering Method (OTM)","Revenue","Government","Not applicable","Not applicable","Outsourcing/manpower/pabna/circle/26_27 Procurement of six (6) nos manpower services through outsourcing process for Pabna PWD Circle ,Pabna. FY:2026_27","Miscellaneous services;Washing and dry-cleaning services;Laundry-collection services;Textile-cleaning services;Fur-products cleaning services;Colouring services;Pressing services;Dyeing services;Hairdressing and beauty treatment services;Hairdressing services;Beauty treatment services;Physical well-being services;Turkish bath services;Spa services;Massage services;Accommodation and office services;Accommodation services;Civic-amenity services;Car-park management services;Marine services;Aquatic marine services;Port management services;Diving services;Funeral and related services;Funeral services;Miscellaneous services n.e.c.;Decommissioning services;Relocation services;Tailoring services;Upholstering services;Locksmith services;Clearing and Forwarding Agent;Service Provider (Others)","25-Aug-2026 11:55","06-Sep-2026 15:00","1)The minimum number of years of general experience of the Tenderer as a Service Providing Contractor shall be 03 (three) years. 2) The minimum specific experience as a Service Providing Contractor in supply of manpower under public sector of at least 01 (one) contract of similar nature completed within the last 05 (Five) years with a value of at least Tk. 12.00 (twelve) Lac. 3)The required average annual construction turnover under public sector shall be greater than Tk.11.00.00 (eleven) lac over the last 05(five) financial years. 4)The minimum amount of financial resources as liquid asset or working capital or credit line(s) or specific credit commitment of the Tenderers shall be Tk.8.00 (twenty oner) Lac. 5)The tenderers must possess up-to-date trade, VAT registration, TAX certificate and Licence from Department of Inspection for Factories and Establishments.","Procurement of six (6) nos manpower services through outsourcing process for Pabna PWD Circle ,Pabna. FY:2026_27","Package wise","","Package wise","1000","Payment through Bank","01-Feb-2027","01-Feb-2027","","","PWD Circle and division","","10-Sep-2026","30-Jun-2027","Md . Rashed Kabir","Executive Engineer","Address : Pabna pwd division ,Pabna City : pabna Thana : Pabna Sadar District : Pabna - 6600 Country : Bangladesh","Pabna pwd division ,Pabna","pabna","Pabna Sadar","Pabna - 6600","0731-66066","","1716330.00, OTM","https://www.eprocure.gov.bd/resources/common/ViewTender.jsp?id=1322765"
"Ministry of Education","Secondary and Higher Education Division","Dhaka University of Engineering & Technology (DUET)","Office of the Director (Planning & Development)","","Gazipur","Goods","NCT","TENDER","Tender - Single Lot","DUET/P&D/IFT/OTM/2026-27/116; Date: 25/08/2026","223054","1323138","Open Tendering Method (OTM)","Revenue","Government","Not applicable","Not applicable","GR-04 2026-2027 Procurement of photocopier machine and related service for the department of HSS at DUET, Gazipur","Machinery, equipment, appliances, apparatus and associated products; Office and computing machinery, equipment and supplies;Machinery for the production and use of mechanical power;Turbines and motors;Pumps and compressors;Taps, cocks, valves and similar appliances;Gears, gearing and driving elements;General-purpose machinery;Industrial or laboratory furnaces, incinerators and ovens;Lifting and handling equipment and parts;Cooling and ventilation equipment;Miscellaneous general-purpose machinery;Agricultural, horticultural and forestry machinery;Agricultural and forestry machinery for soil preparation or cultivation;Harvesting machinery;Spraying machinery for agriculture or horticulture;Self-loading or unloading trailers and semi-trailers for agriculture;Specialist agricultural or forestry machinery;Tractors;Parts of agricultural and forestry machinery;Machine tools;Machine tools operated by laser and machining centres;Lathes, boring and milling machine tools;Metal-working machine tools;Machine tools for working hard materials except metals;Pneumatic or motorised hand tools;Soldering, brazing and welding tools, surface tempering and hot-spraying machines and equipment;Parts and accessories of machine tools;Special-purpose machinery and parts;Machinery for metallurgy and associated parts;Machinery for mining, quarrying and construction;Machinery for food, beverage and tobacco processing and associated parts;Machinery for textile, apparel and leather production;Machinery for paper or paperboard production;Miscellaneous special-purpose machinery;Weapons, ammunition and associated parts;Motorised tanks and armoured fighting vehicles;Military weapons;Firearms;Ammunition;Parts of military weapons;Truncheons or night sticks;Domestic appliances;Electrical domestic appliances;Non-electric domestic appliances;Miscellaneous equipment;Transport related equipment;Workshop equipment;Construction equipment;Catering equipment;Emergency and security equipment;Technical equipment;Miscellaneous equipment n.e.c.;Office machinery, equipment and supplies except computers;Word-processing machines;Photocopying and printing equipment;Post-office equipment;Calculating and accounting machines;Typewriters;Parts and accessories of typewriters and calculating machines;Various office equipment and supplies;Computer equipment and supplies;Data-processing machines;Digital cartography equipment;Computer hardware;Software;Computer systems;Servers","25-Aug-2026 11:35","10-Sep-2026 12:00","All e-GP registered national competitive tenderers. Details in the tender documents.","Procurement of photocopier machine and related service for the department of HSS at DUET, Gazipur","Lot wise","Package wise","Package wise","500","Payment through Bank","05-Feb-2027","05-Feb-2027","1","Procurement of photocopier machine and related service for the department of HSS at DUET, Gazipur","DUET, Gazipur","12000","24-Sep-2026","22-Oct-2026","MD. ABDUS SALAM","Director (P&D)","Address : Dhaka University Engineering & Technology(DUET)
Gazipur, Gazipur-1707, Bangladesh City : Gazipur Thana : Gazipur Sadar District : Gazipur - 1707 Country : Bangladesh","","Gazipur","Gazipur Sadar","Gazipur - 1707","02-49274019","02-49274001","Not Found","https://www.eprocure.gov.bd/resources/common/ViewTender.jsp?id=1323138"
"Ministry of Home Affairs","","Bangladesh Police","Equipment Section, Police Headquarters, Dhaka","00004","Dhaka","Goods","NCT","TENDER","Tender - Single Lot","44.01.0000.453.07.082.26/03","229147","1321951","Open Tendering Method (OTM)","Revenue","Government","Not applicable","Not applicable","2026-27_FPU_38 Sanitation Facilities Container","Machinery, equipment, appliances, apparatus and associated products;Machinery for the production and use of mechanical power;Turbines and motors;Pumps and compressors;Taps, cocks, valves and similar appliances;Gears, gearing and driving elements;General-purpose machinery;Industrial or laboratory furnaces, incinerators and ovens;Lifting and handling equipment and parts;Cooling and ventilation equipment;Miscellaneous general-purpose machinery;Agricultural, horticultural and forestry machinery;Agricultural and forestry machinery for soil preparation or cultivation;Harvesting machinery;Spraying machinery for agriculture or horticulture;Self-loading or unloading trailers and semi-trailers for agriculture;Specialist agricultural or forestry machinery;Tractors;Parts of agricultural and forestry machinery;Machine tools;Machine tools operated by laser and machining centres;Lathes, boring and milling machine tools;Metal-working machine tools;Machine tools for working hard materials except metals;Pneumatic or motorised hand tools;Soldering, brazing and welding tools, surface tempering and hot-spraying machines and equipment;Parts and accessories of machine tools;Special-purpose machinery and parts;Machinery for metallurgy and associated parts;Machinery for mining, quarrying and construction;Machinery for food, beverage and tobacco processing and associated parts;Machinery for textile, apparel and leather production;Machinery for paper or paperboard production;Miscellaneous special-purpose machinery;Weapons, ammunition and associated parts;Motorised tanks and armoured fighting vehicles;Military weapons;Firearms;Ammunition;Parts of military weapons;Truncheons or night sticks;Domestic appliances;Electrical domestic appliances;Non-electric domestic appliances;Miscellaneous equipment;Transport related equipment;Workshop equipment;Construction equipment;Catering equipment;Emergency and security equipment;Technical equipment;Miscellaneous equipment n.e.c.","25-Aug-2026 12:00","09-Sep-2026 10:00","1. Up to date Trade License 2. Current Income Tax Certificate 3. VAT Registration and 4. Other requirements described in the STD (e-PG-3)","Sanitation Facilities Container","Lot wise","Package wise","Package wise","2500","Payment through Bank","06-Mar-2027","06-Mar-2027","38","Sanitation Facilities Container","UN Log Base-2, Purbachal, Dhaka","220000","30-Sep-2026","29-Oct-2026","A H M Yeadul Islam","AIG","Address : Bangladesh Police, Police Headquarters, 6, Phoenix Road, Fulbaria, Dhaka-1000 City : Fulbaria, Dhaka Thana : Dhaka South City Corporation District : Dhaka - 1000 Country : Bangladesh","Bangladesh Police, Police Headquarters, 6, Phoenix Road, Fulbaria, Dhaka-1000","Fulbaria, Dhaka","Dhaka South City Corporation","Dhaka - 1000","02-9585304","02-9563362","9000000.00, OTM","https://www.eprocure.gov.bd/resources/common/ViewTender.jsp?id=1321951"
"Ministry of Road Transport and Bridges","Road Transport and Highways Division","Roads & Highways Department (RHD)","Ferry Construction Division, Dhaka","eefeddha","Dhaka","Goods","NCT","TENDER","Tender - Single Lot","Memo No:35.01.0000.157.07.001.26-152, Date:11.8.26","228214","1321656","Open Tendering Method (OTM)","Revenue","Government","Not applicable","Not applicable","02/egp/FCD/2026-27 Supplying of 6mm M.S. Plate & Joist for different Ferry, pontoon and Gangway of several Ferryghat under RHD Ferry Sub-Division, Faridpur during the Fiscal year of 2026-2027.","Repair, maintenance and associated services related to marine and other equipment; Repair, maintenance and associated services related to aircraft, railways, roads and marine equipment;","25-Aug-2026 12:00","09-Sep-2026 16:00","All tenderers who have registered in e-GP system may participate in the tender provided that they fulfill the criteria as stated in Tender Document (TDS & PCC).","Supplying of 6mm M.S. Plate & Joist for different Ferry, pontoon and Gangway of several Ferryghat under RHD Ferry Sub-Division, Faridpur during the Fiscal year of 2026-2027.","Lot wise","Package wise","Package wise","500","Payment through Bank","06-Jan-2027","06-Jan-2027","01","Supplying of 6mm M.S. Plate & Joist for different Ferry, pontoon and Gangway of several Ferryghat under RHD Ferry Sub-Division, Faridpur during the Fiscal year of 2026-2027.","Ferry Sub-Division, Faridpur","12000","20-Sep-2026","30-Sep-2026","Md. Azam Shaikh","Executive Engineer","Address : Ferry Construction Division, Dhaka City : Dhaka Thana : Dhaka North City Corporation District : Dhaka - 1208 Country : Bangladesh","Ferry Construction Division, Dhaka","Dhaka","Dhaka North City Corporation","Dhaka - 1208","02-8879377","02-8879377","500000.00, OTM","https://www.eprocure.gov.bd/resources/common/ViewTender.jsp?id=1321656"
"Ministry of Health and Family Welfare","Health Services Division","Directorate General of Health Services (DGHS)","Chapainawabganj 250 bed District Hospital","","Chapai Nawabganj","Goods","NCT","TENDER","Tender - Single Lot","Sup/ZHC/Acc/e-Tender/2026-27/1599","228768","1317960","Open Tendering Method (OTM)","Revenue","Government","Not applicable","Not applicable","Sup/ZHC/Acc/MSR/2026-27/GR-2 Procurement of Surgical Instrument for the F.Y 2026-2027 at Chapainawabganj 250 Bed District Hospital, Chapainawabganj.","Medical and laboratory devices, optical and precision devices, watches and clocks, pharmaceuticals and related medical consumables;Medical devices;Imaging equipment for medical, dental and veterinary use;Functional exploration;Dentistry;Medical non-chemical consumables and haematological consumables;Therapy;Operating techniques;Anaesthesia and resuscitation;Functional support;Miscellaneous medical devices;Instruments and appliances for measuring, checking, testing and navigating;Navigational, meteorological, geological and geophysical instruments;Remote-control equipment;Precision balances, instruments for drawing, calculating and measuring length;Instruments for measuring quantities;Instruments for checking physical characteristics;Checking and testing apparatus;Regulating and controlling instruments and apparatus;Non-medical equipment based on the use of radiations;Industrial process control equipment;Optical instruments;Spectacles and lenses;Polarising material;Astronomical and optical instruments;Liquid crystal devices;Photographic equipment;Horological instruments;Watches and clocks","25-Aug-2026 12:00","08-Sep-2026 11:00","As Per TDS & PCC","Procurement of Surgical Instrument for the F.Y 2026-2027 at Chapainawabganj 250 Bed District Hospital, Chapainawabganj.","Lot wise","Package wise","Package wise","4000","Payment through Bank","03-Feb-2027","03-Feb-2027","Single Lot","Procurement of Surgical Instrument for the F.Y 2026-2027 at Chapainawabganj 250 Bed District Hospital, Chapainawabganj.","Chapainawabganj 250 Bed District Hospital, Chapainawabganj","700000","01-Oct-2026","15-Nov-2026","Jamir Md. Hasibus Sattar","Superintendent","Address : Hospital Road, Chapai Nawabganj-6300 City : Chapainawabganj Thana : Chapainawabganj Sadar District : Chapai Nawabganj - 6300 Country : Bangladesh","Hospital Road, Chapai Nawabganj-6300","Chapainawabganj","Chapainawabganj Sadar","Chapai Nawabganj - 6300","0781-52489","","35187000.00, OTM","https://www.eprocure.gov.bd/resources/common/ViewTender.jsp?id=1317960"
"Ministry of Education","Technical & Madrasha Education Division","Directorate of Technical Education","Office of the Project Director, TEVT Teachers for the Future (TTF) Program","","Dhaka","Services","NCT","RFA","","","217310","1322529","Individual Consultant (IC)","Development","Aid or Grant","22441170","TEVT Teachers for the Future (TTF) Program","DTE/TTF/S-08 Selection of National Consultant for updating existing long and short curricula for mechanical technologies","Research and development services and related consultancy services.;Research and experimental development services;Research services;Experimental development services;Research and development consultancy services;Research consultancy services;Development consultancy services;Design and execution of research and development","25-Aug-2026 13:00","09-Sep-2026 16:00","as stated in ToR","Selection of National Consultant for updating existing long and short curricula for mechanical technologies","Package wise","","","","","","07-Feb-2027","","","Dhaka","","01-Oct-2026","31-Dec-2029","Abul Khair Md. Akkas Ali","Project Director","Address : Office of the Project Director, TEVT Teachers for the Future (TTF) Program, Directorate of Technical Education, F-4/B Agargaon Administrative Area, Dhaka-1207, Bangladesh City : Agargaon Thana : Dhaka North City Corporation District : Dhaka - 1207 Country : Bangladesh","Office of the Project Director, TEVT Teachers for the Future (TTF) Program, Directorate of Technical Education, F-4/B Agargaon Administrative Area, Dhaka-1207, Bangladesh","Agargaon","Dhaka North City Corporation","Dhaka - 1207","02-000000","","Not Found","https://www.eprocure.gov.bd/resources/common/ViewTender.jsp?id=1322529"
"Ministry of Industries","","Bangladesh Sugar and Food Industries Corporation (BSFIC)","Zeal Bangla Sugar Mills Ltd.-Commercial Department.","","Jamalpur","Goods","NCT","TENDER","Tender - Single Lot","ZBSM/COM/MECH-1 /2026-27","224659","1321841","Open Tendering Method (OTM)","Own Fund","Own Fund","Not applicable","Not applicable","ZBSM/COM/MECH-1 /2026-27 Procurement of various types of Shafting material.","Basic metals and associated products; Basic metals; Tubes; Iron and steel products; Cold drawn products; Cold-rolled products; Folded products; Wire and miscellaneous products; Ferro-alloys; Precious metals and metals clad with precious metals; Precious metals; Metals clad with precious metals; Aluminium and aluminium products; Lead, zinc and tin products; Lead, zinc and tin; Semi-finished products of lead, zinc or tin; Waste and scrap of lead, zinc or tin; Copper products; Non-ferrous metal products;Basic iron and steel;Steel alloy ingots;Carbon-steel products;Bars and rods;Railway-track construction materials;Slag, dross, ferrous waste and scrap;Iron tubes and fittings;Steel tubes and fittings;Unwrought aluminium;Aluminium products;Waste and scrap of aluminium;Unwrought copper;Semi-finished products of copper;Waste and scrap of copper;Unwrought nickel;Nickel products;Waste and scrap of nickel","25-Aug-2026 14:00","08-Sep-2026 17:00","As per tender document.","Procurement of various types of Shafting material.","Lot wise","Package wise","Package wise","1000","Payment through Bank","04-Feb-2027","04-Feb-2027","Single","Procurement of various types of Shafting material.","Zeal Bangla sugar mills ltd, Dewanganj, Jamalpur","40000","15-Sep-2026","15-Oct-2026","ATAUR RAHMAN","Manager (Commercial)-Zeal Bangla Sugar Mills Ltd.","Address : Post : D.S Mills-2031, Upazilla- Dewanganj, District-Jamalpur. City : Dewanganj Thana : Dewanganj District : Jamalpur - 2031 Country : Bangladesh","Post : D.S Mills-2031, Upazilla- Dewanganj, District-Jamalpur.","Dewanganj","Dewanganj","Jamalpur - 2031","09-82375008","","Not Found","https://www.eprocure.gov.bd/resources/common/ViewTender.jsp?id=1321841"
"Ministry of Housing and Public Works","","Cox's Bazar Development Authority","Cox's Bazar Development Authority","","Cox's Bazar","Goods","NCT","TENDER","Tender - Single Lot","CoxDA/Rev/2026-27/Computer Repair","228315","1323306","Open Tendering Method (OTM)","Revenue","Government","Not applicable","Not applicable","CoxDA/Rev/2026-27/Computer Repair Maintenance and repair of Computer and related items of CoxDA.FY 2026-27","Repair, maintenance and associated services related to personal computers, office equipment, telecommunications and audio-visual equipment; Repair, maintenance and installation services; Maintenance and repair of office machinery; Repair and maintenance services of personal computers; Maintenance services of telecommunications equipment; Repair and maintenance services of audio-visual and optical equipment;","25-Aug-2026 12:00","06-Sep-2026 14:00","as per TDS","Maintenance and repair of Computer and related items of CoxDA.FY 2026-27","Lot wise","Package wise","Package wise","500","Payment through Bank","03-Dec-2026","03-Dec-2026","1","Maintenance and repair of Computer and related items of CoxDA.FY 2026-27","Coxs Bazar","15000","01-Oct-2026","30-Jun-2027","Abu Nayeem Md.Talat","Member (Engineer)","Address : CoxDA Bhaban, Circuit House Road, Cox's Bazar. City : Cox's Bazar Thana : Cox'S Bazar Sadar District : Cox's Bazar - 4700 Country : Bangladesh","CoxDA Bhaban, Circuit House Road, Cox's Bazar.","Cox's Bazar","Cox'S Bazar Sadar","Cox's Bazar - 4700","02-334462520","02-334462522","Not Found","https://www.eprocure.gov.bd/resources/common/ViewTender.jsp?id=1323306"
"Ministry of Industries","","Bangladesh Sugar and Food Industries Corporation (BSFIC)","Zeal Bangla Sugar Mills Ltd.-Commercial Department.","","Jamalpur","Goods","NCT","TENDER","Tender - Single Lot","ZBSM/COM/MECH-3/2026-27","224659","1321997","Open Tendering Method (OTM)","Own Fund","Own Fund","Not applicable","Not applicable","ZBSM/COM/MECH-3/2026-27 Procurement of various types of Hardware goods for Mechanical.","Office and computing machinery, equipment and supplies; Computer and related services;Office machinery, equipment and supplies except computers;Word-processing machines;Photocopying and printing equipment;Post-office equipment;Calculating and accounting machines;Typewriters;Parts and accessories of typewriters and calculating machines;Various office equipment and supplies;Computer equipment and supplies;Data-processing machines;Digital cartography equipment;Computer hardware;Software;Computer systems;Servers;Hardware consultancy services;Hardware selection consultancy services;Hardware disaster-recovery consultancy services;Computer-site planning consultancy services;Computer hardware acceptance testing consultancy services;Computer audit consultancy and hardware consultancy services;Software programming and consultancy services;Programming services of packaged software products;Systems and technical consultancy services;Custom software development services;Systems analysis and programming services;System maintenance and support services;Software-related services;Data services;Data-processing services;Database services;Computer-related services;Computer-related management services;Computer support and consultancy services;Computer network services;Computer upgrade services;Computer audit services;Computer testing services;Computer back-up services;Computer catalogue conversion services;Computer-related professional services","25-Aug-2026 14:00","08-Sep-2026 17:00","As per Tender Document.","Procurement of various types of Hardware goods for Mechanical.","Lot wise","Package wise","Package wise","500","Payment through Bank","04-Feb-2027","04-Feb-2027","Single","Procurement of various types of Hardware goods for Mechanical.","Zeal Bangla Sugar Mills Ltd,  Dewanganj,Jamalpur","23000","15-Sep-2026","15-Oct-2026","ATAUR RAHMAN","Manager (Commercial)-Zeal Bangla Sugar Mills Ltd.","Address : Post : D.S Mills-2031, Upazilla- Dewanganj, District-Jamalpur. City : Dewanganj Thana : Dewanganj District : Jamalpur - 2031 Country : Bangladesh","Post : D.S Mills-2031, Upazilla- Dewanganj, District-Jamalpur.","Dewanganj","Dewanganj","Jamalpur - 2031","09-82375008","","Not Found","https://www.eprocure.gov.bd/resources/common/ViewTender.jsp?id=1321997"
"Ministry of Energy","Power and Mineral Resources","Jalalabad Gas Transmission & Distribution System Ltd.","CONSTRUCTION DIVISION","","Sylhet","Works","NCT","TENDER","Tender - Single Lot","28.16.9100.127.73.005.26-27","227835","1322856","Open Tendering Method (OTM)","Own Fund","Own Fund","Not applicable","Not applicable","CCD-CCM-Officers Welfare Room-007 Repairing and Renovation work of Jalalabad Gas Officers' Welfare Association Office at Gas Bhaban, Mendibag, Sylhet.","Plastering work; Building completion work; Floor and wall covering work; Painting and glazing work; Building completion work; Other building completion work;","25-Aug-2026 14:00","07-Sep-2026 14:00","• Must have Valid work license as a civil construction contractor at any Government, Semi government or Autonomous organizations. • The required audit reports on the financial standing, such as profit and loss statements and balance sheet shall be for the past [01] year. • The minimum specific experience in civil construction works of at least 1(one) contract of similar nature of works successfully completed within the last five (5) years with a value of at least Tk. 6.00 (Six) lakh of any Government, Semi government or Autonomous organizations. • The required annual civil construction turnover is average of the best three (3) years among the last five (5) years with a value of Tk. 15.00 (Fifteen) lakh. • The minimum amount of liquid assets i.e. working capital or unconditional credit line of the Tenderer shall be Tk. 9.00 (Nine) lakh. • The minimum tender capacity shall be Tk. 7.00 (Seven) lakh.","Repairing and Renovation work of Jalalabad Gas Officers' Welfare Association Office at Gas Bhaban, Mendibag, Sylhet.","Lot wise","Package wise","Package wise","500","Payment through Bank","04-Jan-2027","04-Jan-2027","1","Repairing and Renovation work of Jalalabad Gas Officers' Welfare Association Office at Gas Bhaban, Mendibag, Sylhet.","Gas Bhaban, Menibag, Sylhet","25000","04-Oct-2026","31-Dec-2026","MD ABU BAKAR","General Manager Construction Division","Address : General Manager 
Construction Division 
Gas Bhaban, Mendibag, Sylhet. City : Sylhet Thana : Sylhet Sadar District : Sylhet - 3100 Country : Bangladesh","","Sylhet","Sylhet Sadar","Sylhet - 3100","0821-711658","","Not Found","https://www.eprocure.gov.bd/resources/common/ViewTender.jsp?id=1322856"
"Ministry of Home Affairs","","Bangladesh Police","Equipment Section, Police Headquarters, Dhaka","00004","Dhaka","Goods","NCT","TENDER","Tender - Single Lot","44.01.0000.453.07.082.26/05","229147","1321949","Open Tendering Method (OTM)","Revenue","Government","Not applicable","Not applicable","2026-27_FPU_63 C-UAS (Jamming)","Manufactured goods, furniture, handicrafts, special-purpose products and associated consumables;Furniture;Seats, chairs and associated parts;Non-domestic furniture;Domestic furniture;Miscellaneous furniture and equipment;School furniture;Jewellery and related articles;Coins and medals;Articles of jewellery;Musical instruments and parts;Musical instruments;Parts and accessories of musical instruments;Sports goods and equipment;Outdoor sports equipment;Gymnasium equipment;Games and toys; fairground amusements;Dolls;Toys;Articles for funfair, table or parlour games;Miscellaneous manufactured and other goods;Laundry supplies;School slates or boards with writing or drawing surfaces;Artificial products;Apparatus and equipment designed for demonstrational purposes;Umbrellas and sunshades; walking sticks and seat sticks;Funeral supplies;Kitchen equipment, household items and catering supplies;Barracks supplies;Consumables and consumer goods;Consumables;Tax-free goods;Disposable goods;Handicraft and art supplies;Handicraft supplies;Art supplies;Special-purpose product;Police equipment;Recycled products;Security devices;Animal ear tags;Compost boxes;Tokens;Spray booths;Snow poles","25-Aug-2026 12:00","09-Sep-2026 10:00","1. Up to date Trade License 2. Current Income Tax Certificate 3. VAT Registration and 4. Other requirements described in the STD (e-PG-3)","C-UAS (Jamming)","Lot wise","Package wise","Package wise","2500","Payment through Bank","06-Mar-2027","06-Mar-2027","63","C-UAS (Jamming)","UN Log Base-2, Purbachal, Dhaka","375000","30-Sep-2026","29-Oct-2026","A H M Yeadul Islam","AIG","Address : Bangladesh Police, Police Headquarters, 6, Phoenix Road, Fulbaria, Dhaka-1000 City : Fulbaria, Dhaka Thana : Dhaka South City Corporation District : Dhaka - 1000 Country : Bangladesh","Bangladesh Police, Police Headquarters, 6, Phoenix Road, Fulbaria, Dhaka-1000","Fulbaria, Dhaka","Dhaka South City Corporation","Dhaka - 1000","02-9585304","02-9563362","15000000.00, OTM","https://www.eprocure.gov.bd/resources/common/ViewTender.jsp?id=1321949"
"Ministry of Road Transport and Bridges","Road Transport and Highways Division","Roads & Highways Department (RHD)","Ferry Construction Division, Dhaka","eefeddha","Dhaka","Goods","NCT","TENDER","Tender - Single Lot","Memo No:35.01.0000.157.07.001.26-153, Date:16.8.26","228214","1321663","Open Tendering Method (OTM)","Revenue","Government","Not applicable","Not applicable","09/egp/FCD/2026-27 Supplying of spare parts with necessary repair works for 115 HP Cummins Engine (Left side, Model-L-6B5.9p) of Utility type-2(IMP)-03/1988 Ferry at ""Barfa-Panipara"" Ferryghat under RHD, Ferry Sub-Division, Faridpur during the Fiscal year 2026-2027.","Repair, maintenance and associated services related to marine and other equipment; Repair, maintenance and associated services related to aircraft, railways, roads and marine equipment;","25-Aug-2026 12:00","09-Sep-2026 16:00","All tenderers who have registered in e-GP system may participate in the tender provided that they fulfill the criteria as stated in Tender Document (TDS & PCC).","Supplying of spare parts with necessary repair works for 115 HP Cummins Engine (Left side, Model-L-6B5.9p) of Utility type-2(IMP)-03/1988 Ferry at ""Barfa-Panipara"" Ferryghat under RHD, Ferry Sub-Division, Faridpur during the Fiscal year 2026-2027.","Lot wise","Package wise","Package wise","1000","Payment through Bank","06-Jan-2027","06-Jan-2027","01","Supplying of spare parts with necessary repair works for 115 HP Cummins Engine (Left side, Model-L-6B5.9p) of Utility type-2(IMP)-03/1988 Ferry at ""Barfa-Panipara"" Ferryghat under RHD, Ferry Sub-Division, Faridpur during the Fiscal year 2026-2027.","Ferry Sub-Division, Faridpur","26000","20-Sep-2026","11-Oct-2026","Md. Azam Shaikh","Executive Engineer","Address : Ferry Construction Division, Dhaka City : Dhaka Thana : Dhaka North City Corporation District : Dhaka - 1208 Country : Bangladesh","Ferry Construction Division, Dhaka","Dhaka","Dhaka North City Corporation","Dhaka - 1208","02-8879377","02-8879377","1030000.00, OTM","https://www.eprocure.gov.bd/resources/common/ViewTender.jsp?id=1321663"
"Ministry of Home Affairs","","Bangladesh Police","Industrial Police-5, Mymensingh","","Mymensingh","Goods","NCT","TENDER","Tender - Single Lot","Memo No- 650","226781","1322160","Open Tendering Method (OTM)","Revenue","Government","Not applicable","Not applicable","IP-5/e-tender/2026-27/2nd Quarter/Oil-01 Procurement Of Fortified Soybean Oil (2nd Quarter) FY-2026-2027 (October/2026 To December/2026).","Food products and beverages;Animal products, meat and meat products;Meat;Animal wool, hides and skins;Meat products;Prepared and preserved fish;Fish fillets, fish livers and roe;Frozen fish, fish fillets and other fish meat;Dried or salted fish; fish in brine; smoked fish;Canned or tinned fish and other prepared or preserved fish;Seafood;Fruit, vegetables and related products;Potatoes and potato products;Fruit and vegetable juices;Fruit and vegetables;Animal or vegetable oils and fats;Crude animal or vegetable oils and fats;Refined oils and fats;Edible fats;Dairy products;Milk and cream;Butter;Cheese products;Assorted dairy products;Grain mill products, starches and starch products;Grain mill products;Starches and starch products;Animal feedstuffs;Prepared animal feeds for farm and other animals;Miscellaneous food products;Bread products, fresh pastry goods and cakes;Rusks and biscuits; preserved pastry goods and cakes;Sugar and related products;Cocoa; chocolate and sugar confectionery;Pasta products;Coffee, tea and related products;Condiments and seasonings;Special nutritional products;Miscellaneous food products n.e.c. and dried goods;Beverages;Distilled alcoholic beverages;Wines;Cider and other fruit wines;Non-distilled fermented beverages;Malt beer;Non-alcoholic beverages","25-Aug-2026 11:00","07-Sep-2026 18:00","Eligibility of Tenderer: Tenderer should be submitted with its e-Tender the following additional documents: 1. Updated copy of valid trade license. 2. Updated income tax clearance certificate & E-tin certificate. 3. Updated vat registration certificate. 4. A latest certified copy of bank solvency certificate & detail bank statement. 5. A certificate of ownership of the company. 6. Citizenship certificate & national identity card copy. 7. Tender Document Purchase Voucher. 8.If the market price of edible oil (soybean) increases, no objection/application from the bidder will be accepted. 9.Edible oil (soybean) must be supplied as per the requirement of the Superintendent of Police, Industrial Police-5, Mymensingh. 10. The minimum specific experience as Supplier in supply of similar Goods of at least one (1) contract successfully completed within the last 03 years, with a value of at least Tk. 7,00,000/- 11. Tenderer must submit a sample of (1 Liter) high quality soybean oil before the tender opening.","IP-5/e-tender/2026-27/2nd Quarter/Oil-01 Procurement Of Fortified Soybean Oil (2nd Quarter) FY-2026-2027 (October/2026 To December/2026).","Lot wise","Package wise","Package wise","1000","Payment through Bank","15-Dec-2026","15-Dec-2026","01","Procurement Of Fortified Soybean Oil (2nd Quarter) FY-2026-2027 (October/2026 To December/2026).","IP-5, Bhorodoba, Bhaluka, Mymensingh","30000","01-Oct-2026","31-Dec-2026","Md.Ansar uddin","SP","Address : Industrial Police-5, Mymensingh City : Mymensingh Thana : Mymensingh City Corporation District : Mymensingh - 2200 Country : Bangladesh","Industrial Police-5, Mymensingh","Mymensingh","Mymensingh City Corporation","Mymensingh - 2200","02-000000","","Not Found","https://www.eprocure.gov.bd/resources/common/ViewTender.jsp?id=1322160"
"Ministry of Energy","Power and Mineral Resources","Power Grid Bangladesh PLC","Grid Maintenance Division, Ishwardi","023","Pabna","Works","NCT","TENDER","Tender - Single Lot","27.21.6944.738.02.118.26.442, Date: 17-08-26","229923","1318247","Open Tendering Method (OTM)","Own Fund","Own Fund","Not applicable","Not applicable","WR 28 26-27 Annual maintenance works of Busbar, Bay, Jumper, Loop of different grid Sub-station under GMD, Power Grid, Ishwardi.","Electrical circuit components; Electricity distribution and control apparatus;","25-Aug-2026 11:00","15-Sep-2026 16:00","1. Updated trade license, Tax certificate, BIN, Elecrical contractor with ABC licence 2. The tenderer shall have general working experience of at least 3 (three) years. 3. A satisfactory completion of similar works of at least Tk 1.0 lac under 1 number of contract(s) over a period of 5 years shall be required. 4.The required average annual construction turnover shall be greater than Tk 1.5.0 lac in best of 2 years over the last 5 years. 5.The minimum amount of liquid asset or working capital or credites facilities of the tenderer shall have tk 2.0 (Two) lac. 6.The work shall have to be completed by 60 days as per shutdown schedule 7. As per TDS, PCC","Annual maintenance works of Busbar, Bay, Jumper, Loop of different grid Sub-station under GMD, Power Grid, Ishwardi.","Lot wise","Package wise","Package wise","500","Payment through Bank","12-Jan-2027","12-Jan-2027","1","Annual maintenance works of Busbar, Bay, Jumper, Loop of different grid Sub-station under GMD, Power Grid, Ishwardi.","Different grid substation under GMD Ishwardi","5000","14-Oct-2026","15-Dec-2026","Md. Ariful Kaiser","Executive Engineer","Address : Biddyut Bhabon,Alobag, Ishwardi, Pabna-6620 City : Ishwardi Thana : Ishwardi District : Pabna - 6620 Country : Bangladesh","Biddyut Bhabon,Alobag, Ishwardi, Pabna-6620","Ishwardi","Ishwardi","Pabna - 6620","07326-63498","","Not Found","https://www.eprocure.gov.bd/resources/common/ViewTender.jsp?id=1318247"
"Ministry of Public Administration","","Office of the Deputy Commissioner, Bogura","Office of the Deputy Commissioner, Bogura","","Bogura","Goods","NCT","TENDER","Tender - Single Lot","Computer/DCoffice/2026","230133","1322894","Open Tendering Method (OTM)","Revenue","Government","Not applicable","Not applicable","GR-7-DC Office Procurement of desktop computer and laptops for office use.","Office and computing machinery, equipment and supplies; Office machinery, equipment and supplies except computers; Computer equipment and supplies;Word-processing machines;Photocopying and printing equipment;Post-office equipment;Calculating and accounting machines;Typewriters;Parts and accessories of typewriters and calculating machines;Various office equipment and supplies;Data-processing machines;Digital cartography equipment;Computer hardware;Software;Computer systems;Servers","25-Aug-2026 12:00","08-Sep-2026 14:00","1. OEM Distributorship Certificate must be submitted. 2. Product must be international reputed brand. 3. ISO Certificate of manufacturer must be Submitted. 4. Warranty Certificate from OEM must be submitted. 5. Original Brochure must be submitted. 6. Laptop and Desktop: military-grade standard certified 7. 5 (Five) years of general experience Goods and related services. Experience Certificate from End user of supplying of computer lab equipment by the Tenderer not less than Taka 10 (Ten) lakh under a single contract issued by any Govt. / Semi Govt. /Govt. owned Company / Autonomous organization or any private organization. 8. Successful Completion certificate from respective PE mentioning value of the contract. 9. Delivery time 30 days. 10. Valid Trade License, up to date income tax certificate VAT registration number. 11. Bank Clearances. 12. Brand should be within the top 6 considering Gartner Report of last quarter. 13. The payment is contingent on budget approval. 14. Bank Solvency Certificate shall be submitted issued by any scheduled bank of Bangladesh certifying that the Tenderer maintains a satisfactory financial standing and has solvency of at least BDT 14,00,000 (Fourteen Lakh). The certificate shall be issued not earlier than twenty-eight (28) days prior to the deadline for submission of Tenders.","Procurement of Computers, Monitors, Laptops and Printers for  office of the deputy commissioner , Bogura","Lot wise","Package wise","Package wise","1000","Payment through Bank","03-Feb-2027","03-Feb-2027","1","Procurement of desktop computer and laptops for office use.","Office of the Deputy Commissioner, Bogura","43000","15-Sep-2026","15-Oct-2026","Md Toufikur Rahman","Deputy Commissioner","Address : OFFICE OF THE DEPUTY COMMISSIONER , BOGURA City : Bogura Thana : Bogura Sadar District : Bogura - 5800 Country : Bangladesh","OFFICE OF THE DEPUTY COMMISSIONER , BOGURA","Bogura","Bogura Sadar","Bogura - 5800","02-589900022","","Not Found","https://www.eprocure.gov.bd/resources/common/ViewTender.jsp?id=1322894"
"Ministry of Housing and Public Works","","Cox's Bazar Development Authority","Cox's Bazar Development Authority","","Cox's Bazar","Services","NCT","REOI","","","228315","1323298","Quality Cost Based Selection (QCBS)","Revenue","Government","Not applicable","Not applicable","CoxDA/Rev/2025-26/Audit Financial Audit of CoxDA (Revenue and Development Project) for the FY 2026-27","Accounting, auditing and fiscal services; Legal, accounting, auditing, business, management and related services;","25-Aug-2026 12:00","","i) The applicant shall be a legally established and practising Chartered Accountancy Firm in Bangladesh with valid registration/authorization from the Institute of Chartered Accountants of Bangladesh (ICAB). ii) The firm should have relevant experience in financial audit/internal audit/assurance services , preferably including Government, autonomous, statutory or public-sector organizations. iii) Relevant experience in development project audit, procurement and contract-compliance review will be considered advantageous. Applicants should submit details of major relevant assignments, preferably not more than five (5), supported by work orders/contracts and completion certificates. iv) The firm shall demonstrate availability of appropriate professional personnel, including Team Leader/Chartered Accountant, Audit Manager, Procurement Specialist and Audit Officer , with qualifications and experience suitable for the assignment. v) A firm profile/brochure shall be submitted containing year of establishment, organizational structure, list of completed and ongoing relevant assignments and professional resources. vi) Updated Trade License, TIN, BIN/VAT Registration (where applicable), latest Income Tax Return submission evidence and ICAB practising/registration documents shall be submitted.","Financial Audit of CoxDA (Revenue and Development Project) for the FY 2026-27","Package wise","","","","","","","","","Coxs Bazar","","01-Oct-2026","15-Oct-2026","Abu Nayeem Md.Talat","Member (Engineer)","Address : CoxDA Bhaban, Circuit House Road, Cox's Bazar. City : Cox's Bazar Thana : Cox'S Bazar Sadar District : Cox's Bazar - 4700 Country : Bangladesh","CoxDA Bhaban, Circuit House Road, Cox's Bazar.","Cox's Bazar","Cox'S Bazar Sadar","Cox's Bazar - 4700","02-334462520","02-334462522","150000.00, QCBS","https://www.eprocure.gov.bd/resources/common/ViewTender.jsp?id=1323298"
"Ministry of Local Government","Rural Development and Co-operatives","Local Government Engineering Department (LGED)","Office of the Executive Engineer, LGED, Pabna","","Pabna","Works","NCT","TENDER","Tender - Single Lot","APP ID: 228046","228046","1315216","Open Tendering Method (OTM)","Development","Government","224382200","Rajshahi Division Important Upazila and Union Road Widening and Strengthening Project","RDIRWSP/PAB/BER/CUL-16 Construction of Single Vent Box Culvert  Part-1: (1- 4.00mX 3.50m at Ch: 1177m) Part-2: (1- 4.50mX 5.50m at Ch: 3091m) Part-3: (1- 3.00mX 3.50m at Ch: 3416m) Part-4: (1- 4.00mX 5.00m at Ch: 4148m) of Bera Upazila H/Q- Nakalia GCM Road ID: 176162001","Construction work;Site preparation work;Building demolition and wrecking work and earthmoving work;Test drilling and boring work;Works for complete or part construction and civil engineering work;Building construction work;Engineering works and construction works;Construction work for pipelines, communication and power lines, for highways, roads, airfields and railways; flatwork;Construction work for water projects;Construction works for plants, mining and manufacturing and for buildings relating to the oil and gas industry;Roof works and other special trade construction works;Building installation work;Electrical installation work;Insulation work;Plumbing and sanitary works;Fencing, railing and safety equipment installation work;Mechanical installations;Building completion work;Plastering work;Joinery and carpentry installation work;Floor and wall covering work;Painting and glazing work;Other building completion work;Hire of construction and civil engineering machinery and equipment with operator;Hire of cranes with operator;Hire of earthmoving equipment with operator","25-Aug-2026 12:00","09-Sep-2026 17:00","As Stated in TDS","RDIRWSP/PAB/BER/CUL-16 Construction of Single Vent Box Culvert Part-1: (1- 4.00mX 3.50m at Ch: 1177m) Part-2: (1- 4.50mX 5.50m at Ch: 3091m) Part-3: (1- 3.00mX 3.50m at Ch: 3416m) Part-4: (1- 4.00mX 5.00m at Ch: 4148m) of Bera Upazila H/Q- Nakalia GCM Road ID: 176162001","Lot wise","Package wise","Package wise","4000","Payment through Bank","05-Feb-2027","05-Feb-2027","Single","Construction of Single Vent Box Culvert 
Part-1: (1- 4.00mX 3.50m at Ch: 1177m)
Part-2: (1- 4.50mX 5.50m at Ch: 3091m)
Part-3: (1- 3.00mX 3.50m at Ch: 3416m)
Part-4: (1- 4.00mX 5.00m at Ch: 4148m) of Bera Upazila H/Q- Nakalia GCM Road ID: 176162001","Bera, Pabna","500000","15-Oct-2026","14-Oct-2027","Md. Monirul Islam","Executive Engineer","Address : XEN Office, LGED Bhaban, Chalk Chatini, Pabna City : Pabna Thana : Pabna Sadar District : Pabna - 6600 Country : Bangladesh","XEN Office, LGED Bhaban, Chalk Chatini, Pabna","Pabna","Pabna Sadar","Pabna - 6600","0731-66133","","24000000.00, OTM","https://www.eprocure.gov.bd/resources/common/ViewTender.jsp?id=1315216"
"Ministry of Home Affairs","","Bangladesh Police","Equipment Section, Police Headquarters, Dhaka","00004","Dhaka","Goods","NCT","TENDER","Tender - Single Lot","44.01.0000.453.07.082.26/02","229147","1322823","Open Tendering Method (OTM)","Revenue","Government","Not applicable","Not applicable","2026-27_FPU_53 Breaching Tools (Special Case)","Machinery, equipment, appliances, apparatus and associated products;Machinery for the production and use of mechanical power;Turbines and motors;Pumps and compressors;Taps, cocks, valves and similar appliances;Gears, gearing and driving elements;General-purpose machinery;Industrial or laboratory furnaces, incinerators and ovens;Lifting and handling equipment and parts;Cooling and ventilation equipment;Miscellaneous general-purpose machinery;Agricultural, horticultural and forestry machinery;Agricultural and forestry machinery for soil preparation or cultivation;Harvesting machinery;Spraying machinery for agriculture or horticulture;Self-loading or unloading trailers and semi-trailers for agriculture;Specialist agricultural or forestry machinery;Tractors;Parts of agricultural and forestry machinery;Machine tools;Machine tools operated by laser and machining centres;Lathes, boring and milling machine tools;Metal-working machine tools;Machine tools for working hard materials except metals;Pneumatic or motorised hand tools;Soldering, brazing and welding tools, surface tempering and hot-spraying machines and equipment;Parts and accessories of machine tools;Special-purpose machinery and parts;Machinery for metallurgy and associated parts;Machinery for mining, quarrying and construction;Machinery for food, beverage and tobacco processing and associated parts;Machinery for textile, apparel and leather production;Machinery for paper or paperboard production;Miscellaneous special-purpose machinery;Weapons, ammunition and associated parts;Motorised tanks and armoured fighting vehicles;Military weapons;Firearms;Ammunition;Parts of military weapons;Truncheons or night sticks;Domestic appliances;Electrical domestic appliances;Non-electric domestic appliances;Miscellaneous equipment;Transport related equipment;Workshop equipment;Construction equipment;Catering equipment;Emergency and security equipment;Technical equipment;Miscellaneous equipment n.e.c.","25-Aug-2026 12:00","09-Sep-2026 10:00","1. Up to date Trade License 2. Current Income Tax Certificate 3. VAT Registration and 4. Other requirements described in the STD","Breaching Tools (Special Case)","Lot wise","Package wise","Package wise","1500","Payment through Bank","06-Mar-2027","06-Mar-2027","53","Breaching Tools (Special Case)","UN Log Base-2, Purbachal, Dhaka","120000","30-Sep-2026","29-Oct-2026","A H M Yeadul Islam","AIG","Address : Bangladesh Police, Police Headquarters, 6, Phoenix Road, Fulbaria, Dhaka-1000 City : Fulbaria, Dhaka Thana : Dhaka South City Corporation District : Dhaka - 1000 Country : Bangladesh","Bangladesh Police, Police Headquarters, 6, Phoenix Road, Fulbaria, Dhaka-1000","Fulbaria, Dhaka","Dhaka South City Corporation","Dhaka - 1000","02-9585304","02-9563362","5000000.00, OTM","https://www.eprocure.gov.bd/resources/common/ViewTender.jsp?id=1322823"
"Ministry of Shipping","","Chittagong Port Authority","Plant Manager","","Chattogram","Works","NCT","TENDER","Tender - Single Lot","18.13.0000.382.07.120.24","215899","1274271","Open Tendering Method (OTM)","Own Fund","Own Fund","Not applicable","Not applicable","18.13.0000.382.07.120.24 APP ABR1 R2 R3 Procurement of 61 items spare parts for Various Equipment of Zonal Workshop-AB.","Repair, maintenance and installation services;Repair, maintenance and associated services of vehicles and related equipment;Repair and maintenance services of motor vehicles and associated equipment;Demolition services of vehicles;Repair, maintenance and associated services related to aircraft, railways, roads and marine equipment;Repair, maintenance and associated services related to aircraft and other equipment;Repair, maintenance and associated services related to railways and other equipment;Repair, maintenance and associated services related to roads and other equipment;Repair, maintenance and associated services related to marine and other equipment;Repair, maintenance and associated services related to personal computers, office equipment, telecommunications and audio-visual equipment;Maintenance and repair of office machinery;Repair and maintenance services of personal computers;Maintenance services of telecommunications equipment;Repair and maintenance services of audio-visual and optical equipment;Repair and maintenance services of medical and precision equipment;Repair and maintenance services of measuring, testing and checking apparatus;Repair and maintenance services of medical and surgical equipment;Repair and maintenance services of precision equipment;Repair and maintenance services for pumps, valves, taps and metal containers and machinery;Repair and maintenance services of pumps, valves, taps and metal containers;Repair and maintenance services of machinery;Repair and maintenance services of building installations;Repair and maintenance services of electrical and mechanical building installations;Repair and maintenance services of central heating;Repair and maintenance services of cooler groups;Repair and maintenance services of escalators;Lift-maintenance services;Miscellaneous repair and maintenance services;Repair services of jewellery;Repair services of leather personal goods;Repair services of garments and textiles;Repair and maintenance services of weapons and weapon systems;Repair and maintenance services of furniture;Repair and maintenance services of musical instruments;Repair and maintenance services of playground equipment;Repair and maintenance services of hotel and restaurant equipment;Installation services;Installation services of electrical and mechanical equipment;Installation services of equipment for measuring, checking, testing and navigating;Installation services of communications equipment;Installation services of medical and surgical equipment;Installation services of machinery and equipment;Installation services of computers and office equipment;Installation services of metal containers","25-Aug-2026 12:30","08-Sep-2026 17:00","Any firm that has valid trade license, VAT registration, TIN Certificate including other documents stated in tender document.","Local Repair & Fabrication works of 61 different Components (with necessary spare/accessories) of various equipment of Zonal Workshop-AB.","Lot wise","Package wise","Package wise","1500","Payment through Bank","04-Feb-2027","04-Feb-2027","1","Procurement of 61 items spare parts for Various Equipment of Zonal Workshop-AB.","Zonal Workshop-AB","70000","24-Sep-2026","24-Jan-2027","Md. Mustafa Iqbal","Plant Manager","Address : Zonal Workshop D, Bandar City : Chittagong Thana : Chattogram City Corporation District : Chattogram - 4100 Country : Bangladesh","Zonal Workshop D, Bandar","Chittagong","Chattogram City Corporation","Chattogram - 4100","031-2510897","031-2510889","Not Found","https://www.eprocure.gov.bd/resources/common/ViewTender.jsp?id=1274271"
"Ministry of Shipping","","Chittagong Port Authority","Deputy Chief Engineer_Mechanical","","Chattogram","Goods","NCT","TENDER","Tender - Single Lot","18.13.0000.424.07.099.24","228323","1317531","Open Tendering Method (OTM)","Own Fund","Own Fund","Not applicable","Not applicable","18.13.0000.424.07.099.24 Procurement of 01 no DC Welding machine and 02 nos Air Compressor for Chittagong Port Authority.","Machinery, equipment, appliances, apparatus and associated products;Machinery for the production and use of mechanical power;Turbines and motors;Pumps and compressors;Taps, cocks, valves and similar appliances;Gears, gearing and driving elements;General-purpose machinery;Industrial or laboratory furnaces, incinerators and ovens;Lifting and handling equipment and parts;Cooling and ventilation equipment;Miscellaneous general-purpose machinery;Agricultural, horticultural and forestry machinery;Agricultural and forestry machinery for soil preparation or cultivation;Harvesting machinery;Spraying machinery for agriculture or horticulture;Self-loading or unloading trailers and semi-trailers for agriculture;Specialist agricultural or forestry machinery;Tractors;Parts of agricultural and forestry machinery;Machine tools;Machine tools operated by laser and machining centres;Lathes, boring and milling machine tools;Metal-working machine tools;Machine tools for working hard materials except metals;Pneumatic or motorised hand tools;Soldering, brazing and welding tools, surface tempering and hot-spraying machines and equipment;Parts and accessories of machine tools;Special-purpose machinery and parts;Machinery for metallurgy and associated parts;Machinery for mining, quarrying and construction;Machinery for food, beverage and tobacco processing and associated parts;Machinery for textile, apparel and leather production;Machinery for paper or paperboard production;Miscellaneous special-purpose machinery;Weapons, ammunition and associated parts;Motorised tanks and armoured fighting vehicles;Military weapons;Firearms;Ammunition;Parts of military weapons;Truncheons or night sticks;Domestic appliances;Electrical domestic appliances;Non-electric domestic appliances;Miscellaneous equipment;Transport related equipment;Workshop equipment;Construction equipment;Catering equipment;Emergency and security equipment;Technical equipment;Miscellaneous equipment n.e.c.","25-Aug-2026 10:53","28-Sep-2026 10:53","As per requirement stated in the tender document.","Procurement of 01 no DC Welding machine and 02 nos Air Compressor for Chittagong Port Authority","Lot wise","Package wise","Package wise","1500","Payment through Bank","04-May-2027","04-May-2027","1","Procurement of 01 no DC Welding machine and 02 nos Air Compressor for Chittagong Port Authority.","Central Workshop","98000","22-Oct-2026","17-Aug-2027","Md. Shoaib","Dy Chief Engineer_Mech","Address : Room No 310, Annex Building, Bandar Bhaban City : Chittagong Thana : Chattogram City Corporation District : Chattogram - 4100 Country : Bangladesh","Room No 310, Annex Building, Bandar Bhaban","Chittagong","Chattogram City Corporation","Chattogram - 4100","031-2510867","031-2510889","4950000.00, OTM","https://www.eprocure.gov.bd/resources/common/ViewTender.jsp?id=1317531"
"Ministry of Health and Family Welfare","Health Services Division","Directorate General of Health Services (DGHS)","Singair Upazila Health Complex, Manikganj","","Manikganj","Goods","NCT","TENDER","Tender - Single Lot","UHC/Singair/MSR-Tender/Furniture/2026-27/Gr-6","229873","1318193","Open Tendering Method (OTM)","Revenue","Government","Not applicable","Not applicable","UHC/Singair/MSR/Furniture/2026-27/Gr-6 Procurement of MSR Furniture for the F Y 2026-27 at Singair Upazila Health Complex, Manikganj.","Medical and laboratory devices, optical and precision devices, watches and clocks, pharmaceuticals and related medical consumables;Medical devices;Imaging equipment for medical, dental and veterinary use;Functional exploration;Dentistry;Medical non-chemical consumables and haematological consumables;Therapy;Operating techniques;Anaesthesia and resuscitation;Functional support;Miscellaneous medical devices;Instruments and appliances for measuring, checking, testing and navigating;Navigational, meteorological, geological and geophysical instruments;Remote-control equipment;Precision balances, instruments for drawing, calculating and measuring length;Instruments for measuring quantities;Instruments for checking physical characteristics;Checking and testing apparatus;Regulating and controlling instruments and apparatus;Non-medical equipment based on the use of radiations;Industrial process control equipment;Optical instruments;Spectacles and lenses;Polarising material;Astronomical and optical instruments;Liquid crystal devices;Photographic equipment;Horological instruments;Watches and clocks","25-Aug-2026 13:00","08-Sep-2026 11:00","As per TDS & PCC with View the e-Tender Documents","Procurement of MSR Furniture for the F Y 2026-27 at Singair Upazila Health Complex, Manikganj.","Lot wise","Package wise","Package wise","500","Payment through Bank","03-Feb-2027","03-Feb-2027","6","Procurement of MSR Furniture for the F Y 2026-27 at Singair Upazila Health Complex, Manikganj.","Singair Upazila Health Complex, Manikganj","12000","01-Oct-2026","25-Nov-2026","Rafsan Reza","UH&FPO","Address : Singair Upazila Health Complex, Manikganj City : Singair Thana : Singair District : Manikganj - 1820 Country : Bangladesh","Singair Upazila Health Complex, Manikganj","Singair","Singair","Manikganj - 1820","0277-17014","","Not Found","https://www.eprocure.gov.bd/resources/common/ViewTender.jsp?id=1318193"
"Ministry of Education","Secondary and Higher Education Division","Bangladesh University of Engineering and Technology (BUET)","HEAT Project - Machine Learning Driven Engineering Approaches for Sustainable Irrigation Water Management In the South West Coastal Region of Banglade","","Dhaka","Works","NCT","TENDER","Tender - Single Lot","BUET/HEAT/SP-13123/26-27/W-01","228021","1314341","Open Tendering Method (OTM)","Development","Aid or Grant","224386600","HEAT - Machine Learning-Driven Engineering Approaches for Sustainable Irrigation Water Management in the Southwest Coastal Region of Bangladesh","BUET/HEAT/SP-13123/26-27/W-01 Execution of Sub-Surface Geological Investigation and Installation of 18 Nos. Observation Wells.","Site preparation work; Construction work; Works for complete or part construction and civil engineering work; Hire of construction and civil engineering machinery and equipment with operator; Construction work; Testing, inspection, analysis, monitoring and control services;Building demolition and wrecking work and earthmoving work;Test drilling and boring work;Building construction work;Engineering works and construction works;Construction work for pipelines, communication and power lines, for highways, roads, airfields and railways; flatwork;Construction work for water projects;Construction works for plants, mining and manufacturing and for buildings relating to the oil and gas industry;Roof works and other special trade construction works;Hire of cranes with operator;Hire of earthmoving equipment with operator;Technical testing and analysis services;Monitoring and control services","25-Aug-2026 10:00","09-Sep-2026 23:50","As Per TDS.","Execution of Sub-Surface Geological Investigation and Installation of 18 Nos. Observation Wells. Execution of Sub-Surface Geological Investigation and Installation of Observation Wells across multiple locations in Khulna, Satkhira, Pirojpur, and Bagherhat districts. The scope of works includes 7-inch dia boring through all strata by reverse circulation, systematic soil sampling, and the preparation of a standard Sub-Soil Investigation Report. Furthermore, the work involves the complete installation of 3-inch dia uPVC tube-well fixtures, proper shrouding and sealing using coarse sand and bentonite clay, pump development for at least 6 hours, and the construction of 2.5' x 2.5' concrete platforms with 4' x 2' x 2' iron cases for well protection.","Lot wise","Package wise","Package wise","1500","Payment through Bank","04-Feb-2027","04-Feb-2027","01","Execution of Sub-Surface Geological Investigation and Installation of 18 Nos. Observation Wells.","See TDS and Section 7 for detailed locations with lat, long","80000","04-Nov-2026","02-Feb-2027","SARA NOWREEN","SPM","Address : IWFM, BUET
Dhaka 1000 City : Dhaka Thana : Dhaka South City Corporation District : Dhaka - 1000 Country : Bangladesh","","Dhaka","Dhaka South City Corporation","Dhaka - 1000","02-223365601","","2800000.00, OTM","https://www.eprocure.gov.bd/resources/common/ViewTender.jsp?id=1314341"
"Ministry of Health and Family Welfare","Health Services Division","Directorate General of Health Services (DGHS)","Chapainawabganj 250 bed District Hospital","","Chapai Nawabganj","Goods","NCT","TENDER","Tender - Single Lot","Sup/ZHC/Acc/e-Tender/2026-27/1599","228768","1317959","Open Tendering Method (OTM)","Revenue","Government","Not applicable","Not applicable","Sup/ZHC/Acc/MSR/2026-27/GR-1 Procurement of Medicine (Non EDCL) for the F.Y 2026-2027 at Chapainawabganj 250 Bed District Hospital, Chapainawabganj.","Medical and laboratory devices, optical and precision devices, watches and clocks, pharmaceuticals and related medical consumables;Medical devices;Imaging equipment for medical, dental and veterinary use;Functional exploration;Dentistry;Medical non-chemical consumables and haematological consumables;Therapy;Operating techniques;Anaesthesia and resuscitation;Functional support;Miscellaneous medical devices;Instruments and appliances for measuring, checking, testing and navigating;Navigational, meteorological, geological and geophysical instruments;Remote-control equipment;Precision balances, instruments for drawing, calculating and measuring length;Instruments for measuring quantities;Instruments for checking physical characteristics;Checking and testing apparatus;Regulating and controlling instruments and apparatus;Non-medical equipment based on the use of radiations;Industrial process control equipment;Optical instruments;Spectacles and lenses;Polarising material;Astronomical and optical instruments;Liquid crystal devices;Photographic equipment;Horological instruments;Watches and clocks","25-Aug-2026 12:00","08-Sep-2026 11:00","As Per TDS & PCC","Procurement of Medicine (Non EDCL) for the F.Y 2026-2027 at Chapainawabganj 250 Bed District Hospital, Chapainawabganj.","Lot wise","Package wise","Package wise","4000","Payment through Bank","03-Feb-2027","03-Feb-2027","Single Lot","Procurement of Medicine (Non EDCL) for the F.Y
2026-2027 at Chapainawabganj 250 Bed District
Hospital, Chapainawabganj.","Chapainawabganj 250 Bed District Hospital, Chapainawabganj","950000","01-Oct-2026","15-Nov-2026","Jamir Md. Hasibus Sattar","Superintendent","Address : Hospital Road, Chapai Nawabganj-6300 City : Chapainawabganj Thana : Chapainawabganj Sadar District : Chapai Nawabganj - 6300 Country : Bangladesh","Hospital Road, Chapai Nawabganj-6300","Chapainawabganj","Chapainawabganj Sadar","Chapai Nawabganj - 6300","0781-52489","","47649000.00, OTM","https://www.eprocure.gov.bd/resources/common/ViewTender.jsp?id=1317959"
"Ministry of Home Affairs","","Bangladesh Police","Office of the Superintendent of Police, Moulvibazar","00133","Moulvibazar","Goods","NCT","TENDER","Tender - Single Lot","02/2026-2027/11","227107","1322658","Open Tendering Method (OTM)","Revenue","Government","Not applicable","Not applicable","02/2026-2027/11 Transportation Of Goodsfor ration of MoulvibazarDistrict Police Ration Store.","Machinery, equipment, appliances, apparatus and associated products; Machinery for the production and use of mechanical power; General-purpose machinery; Agricultural, horticultural and forestry machinery; Machine tools; Special-purpose machinery and parts; Machinery for metallurgy and associated parts; Machinery for mining, quarrying and construction; Machinery for food, beverage and tobacco processing and associated parts; Machinery for textile, apparel and leather production; Machinery for paper or paperboard production; Miscellaneous special-purpose machinery; Weapons, ammunition and associated parts; Motorised tanks and armoured fighting vehicles; Military weapons; Firearms; Ammunition; Parts of military weapons; Truncheons or night sticks; Domestic appliances; Electrical domestic appliances; Non-electric domestic appliances; Miscellaneous equipment; Transport related equipment; Workshop equipment; Construction equipment; Catering equipment; Emergency and security equipment; Technical equipment; Miscellaneous equipment n.e.c.;Turbines and motors;Pumps and compressors;Taps, cocks, valves and similar appliances;Gears, gearing and driving elements;Industrial or laboratory furnaces, incinerators and ovens;Lifting and handling equipment and parts;Cooling and ventilation equipment;Miscellaneous general-purpose machinery;Agricultural and forestry machinery for soil preparation or cultivation;Harvesting machinery;Spraying machinery for agriculture or horticulture;Self-loading or unloading trailers and semi-trailers for agriculture;Specialist agricultural or forestry machinery;Tractors;Parts of agricultural and forestry machinery;Machine tools operated by laser and machining centres;Lathes, boring and milling machine tools;Metal-working machine tools;Machine tools for working hard materials except metals;Pneumatic or motorised hand tools;Soldering, brazing and welding tools, surface tempering and hot-spraying machines and equipment;Parts and accessories of machine tools","25-Aug-2026 11:37","08-Sep-2026 16:00","As Per Tender Documents","02/2026-2027/11 Transportation Of Goodsfor ration of MoulvibazarDistrict Police Ration Store","Lot wise","Package wise","Package wise","500","Payment through Bank","11-Dec-2026","11-Dec-2026","1","Transportation Of Goodsfor ration of MoulvibazarDistrict Police Ration Store.","Moulvibazar District Police Ration Store","5187","16-Sep-2026","23-Sep-2026","MD. MONIRUL ISLAM","SP","Address : Office of the Superintendent of Police, Moulvibazar City : Moulvibazar Thana : Moulvibazar Sadar District : Moulvibazar - 3200 Country : Bangladesh","Office of the Superintendent of Police, Moulvibazar","Moulvibazar","Moulvibazar Sadar","Moulvibazar - 3200","0861-52235","0861-63833","172900.00, OTM","https://www.eprocure.gov.bd/resources/common/ViewTender.jsp?id=1322658"
"Ministry of Road Transport and Bridges","Road Transport and Highways Division","Roads & Highways Department (RHD)","Ferry Construction Division, Dhaka","eefeddha","Dhaka","Works","NCT","TENDER","Tender - Single Lot","Memo No:35.01.0000.157.07.001.26-155, Date:16.8.26","228214","1321668","Open Tendering Method (OTM)","Revenue","Government","Not applicable","Not applicable","15/egp/FCD/2026-27 Repair & Painting works for the Pontoon No: PI-219/2005 at ""Chartola-Joynagor"" Ferryghat under RHD, Ferry Sub-Division, Faridpur during the Fiscal year of 2026-2027.","Repair, maintenance and associated services related to marine and other equipment; Repair, maintenance and associated services related to aircraft, railways, roads and marine equipment;","25-Aug-2026 13:00","09-Sep-2026 16:00","All tenderers who have registered in e-GP system may participate in the tender provided that they fulfill the criteria as stated in Tender Document (TDS & PCC).","Repair & Painting works for the Pontoon No: PI-219/2005 at ""Chartola-Joynagor"" Ferryghat under RHD, Ferry Sub-Division, Faridpur during the Fiscal year of 2026-2027.","Lot wise","Package wise","Package wise","500","Payment through Bank","06-Jan-2027","06-Jan-2027","01","Repair & Painting works for the Pontoon No: PI-219/2005 at ""Chartola-Joynagor"" Ferryghat under RHD, Ferry Sub-Division, Faridpur during the Fiscal year of 2026-2027.","As Per Work","20000","30-Sep-2026","21-Oct-2027","Md. Azam Shaikh","Executive Engineer","Address : Ferry Construction Division, Dhaka City : Dhaka Thana : Dhaka North City Corporation District : Dhaka - 1208 Country : Bangladesh","Ferry Construction Division, Dhaka","Dhaka","Dhaka North City Corporation","Dhaka - 1208","02-8879377","02-8879377","Not Found","https://www.eprocure.gov.bd/resources/common/ViewTender.jsp?id=1321668"
"Ministry of Fisheries & Livestock","","Department of Fisheries","Increasing Fish Production and Capacity Building through Infrastucture Development of Existing Govt. Fish Farm Project (1st Phase)","224400600","Dhaka","Works","NCT","TENDER","Tender - Single Lot","33.02.0000.000.964.03.0031.26.949","226892","1320759","Open Tendering Method (OTM)","Development","Government","224400600","Increasing Fish Production and Capacity Building through Infrastucture Development of Existing Govt. Fish Farm Project (1st Phase)","Farm/2026-27/GD-10/3 Construction of Boundary Wall with Main Gate at Fish Seed Multiplication Farm, Maskanda, Mymensingh.","Construction work;Site preparation work;Building demolition and wrecking work and earthmoving work;Test drilling and boring work;Works for complete or part construction and civil engineering work;Building construction work;Engineering works and construction works;Construction work for pipelines, communication and power lines, for highways, roads, airfields and railways; flatwork;Construction work for water projects;Construction works for plants, mining and manufacturing and for buildings relating to the oil and gas industry;Roof works and other special trade construction works;Building installation work;Electrical installation work;Insulation work;Plumbing and sanitary works;Fencing, railing and safety equipment installation work;Mechanical installations;Building completion work;Plastering work;Joinery and carpentry installation work;Floor and wall covering work;Painting and glazing work;Other building completion work;Hire of construction and civil engineering machinery and equipment with operator;Hire of cranes with operator;Hire of earthmoving equipment with operator","25-Aug-2026 13:00","09-Sep-2026 13:00","As per Tender Data Sheet (TDS).","Construction of Boundary Wall with Main Gate at Fish Seed Multiplication Farm, Maskanda, Mymensingh.","Lot wise","Package wise","Package wise","2500","Payment through Bank","06-Mar-2027","06-Mar-2027","Single","Construction of Boundary Wall with Main Gate At Fish Seed Multiplication Farm At Maskanda Fish Firm Mymensingh.","Construction of Boundary Wall with Main Gate at Fish Seed Multiplication Farm,Maskanda,Mymensingh","350000","07-Oct-2026","04-Apr-2027","Md. Moshiur Rahman","Project Director","Address : Office of the Project Director, Increasing Fish Production and Capacity Building through Infrastucture Development of Existing Govt. Fish Farm Project (1st Phase), Department of Fisheries, Matshya Bhaban, Ramna, Dhaka-1000. City : Dhaka Thana : Dhaka South City Corporation District : Dhaka - 1000 Country : Bangladesh","Office of the Project Director, Increasing Fish Production and Capacity Building through Infrastucture Development of Existing Govt. Fish Farm Project (1st Phase), Department of Fisheries, Matshya Bhaban, Ramna, Dhaka-1000.","Dhaka","Dhaka South City Corporation","Dhaka - 1000","01712-739023","","Not Found","https://www.eprocure.gov.bd/resources/common/ViewTender.jsp?id=1320759"
"Ministry of Home Affairs","","Bangladesh Police","Railway Police, Dhaka","","Dhaka","Goods (Framework Agreement)","NCT","TENDER","Tender - Single Lot","DRP/HA/Ribon/1723/E","224421","1316964","Open Tendering Method (OTM)","Revenue","Government","Not applicable","Not applicable","DRP/HA/Ribon/23 Procurement of Ribon for Railway Police Dhaka FY-2026-2027.","Fabricated products and materials; Structural metal products; Metal tanks, reservoirs and containers; central-heating radiators and boilers; Nuclear reactors and parts; Cable, wire and related products; Miscellaneous fabricated metal products and related items; Cutlery, tools, locks, keys and hinges; Fasteners, chain and springs; Construction materials and associated items; Sewage- and refuse-disposal services, sanitation and environmental services;Metal structures and parts of structures;Builders joinery of metal;Metal tanks, reservoirs, containers and pressure vessels;Central-heating radiators and boilers and parts;Nuclear reactors;Parts of nuclear reactors;Wire products;Cable and related products;Metal articles for the bathroom and kitchen;Metal goods;Armour plating;Bearings;Mild steel;Props and mining struts;Cast-iron products;Miscellaneous fire-protection equipment;Cutlery;Tools;Locks, keys and hinges;Fasteners;Chain;Springs;Construction materials;Road furniture;Sewer mains;Steel products related to construction materials;Oil country tubular goods;Pipeline, piping, pipes, casing, tubing and related items;Sewage and refuse collection and disposal services;Sewage services;Refuse services;Cleaning and sanitation services in urban or rural areas, and related services;Street-cleaning services;Gully-cleaning services;Asbestos removal services;Deleading services;Disinfecting and exterminating services in urban or rural areas;Beach cleaning services;Environmental and ecological services;Environmental services;Ecological services","25-Aug-2026 10:00","06-Sep-2026 11:00","The following documents must be submitted along with the submitted documents. Otherwise, the tender will be considered as cancelled 1. Updated contractor and Business License. 2. Updated VAT and Income Tax License with PSR. 3. National Citizen Certificate and NID Certificate. 4. Ownership Certificate of the Institution. 5. Non-Blacklisted Certificate. 6. Experience Certificate. 7. Sample Signature. 8. Bank Solvency Certificate. 9. The bidder shall submit an undertaking on his own pad in the form specified in the tender document stating that he will not engage in any corruption, fraud, conspiracy, coercion or obstruction of justice as mentioned in Section 64 of the Act. 10. And mention in TDS, PCC and GCC. 11. All goods/services/repairs will be procured as and when required through call of orders under the framework agreement. Bills will be paid upon satisfactory delivery.","Procurement of Ribon for Railway Police Dhaka FY-2026-2027.","Lot wise","Package wise","Package wise","500","Payment through Bank","01-Feb-2027","01-Feb-2027","1","Procurement of Ribon for Railway Police Dhaka FY-2026-2027.","Railway Police Dhaka Kamalapur","8000","10-Sep-2026","30-Jun-2027","Nikulin Chakma","SP","Address : Railway Police, Dhaka City : Dhaka Thana : Dhaka South City Corporation District : Dhaka - 1000 Country : Bangladesh","Railway Police, Dhaka","Dhaka","Dhaka South City Corporation","Dhaka - 1000","02-222229017","","270000.00, OTM","https://www.eprocure.gov.bd/resources/common/ViewTender.jsp?id=1316964"
"Ministry of Local Government","Rural Development and Co-operatives","Local Government Engineering Department (LGED)","Office of the Executive Engineer, LGED, Naogaon","","Naogaon","Works","NCT","TENDER","Tender - Single Lot","APP ID - 227252","227252","1316923","Open Tendering Method (OTM)","Development","Government","224397700","Naogaon District Rural Infrastructure Development Project","NDRIDP/W-503 Improvement work of Hatshauli (Kanupara)-Hatshauli Dighipara Road from Ch: 00-1000m & Construction of 03 nos. U-Drain Size (7.00mx0.625mx0.600m) at Ch:40m, Ch:374m & Ch: 456m under Patnitala Upazila, District: Naogaon. Road ID: 164755100","Construction work;Site preparation work;Building demolition and wrecking work and earthmoving work;Test drilling and boring work;Works for complete or part construction and civil engineering work;Building construction work;Engineering works and construction works;Construction work for pipelines, communication and power lines, for highways, roads, airfields and railways; flatwork;Construction work for water projects;Construction works for plants, mining and manufacturing and for buildings relating to the oil and gas industry;Roof works and other special trade construction works;Building installation work;Electrical installation work;Insulation work;Plumbing and sanitary works;Fencing, railing and safety equipment installation work;Mechanical installations;Building completion work;Plastering work;Joinery and carpentry installation work;Floor and wall covering work;Painting and glazing work;Other building completion work;Hire of construction and civil engineering machinery and equipment with operator;Hire of cranes with operator;Hire of earthmoving equipment with operator","25-Aug-2026 10:00","13-Sep-2026 17:00","As per TDS, PCC & IFT.","NDRIDP/W-503 Improvement work of Hatshauli (Kanupara)-Hatshauli Dighipara Road from Ch: 00-1000m & Construction of 03 nos. U-Drain Size (7.00mx0.625mx0.600m) at Ch:40m, Ch:374m & Ch: 456m under Patnitala Upazila, District: Naogaon. Road ID: 164755100","Lot wise","Package wise","Package wise","2500","Payment through Bank","11-Mar-2027","11-Mar-2027","1","Improvement work of Hatshauli (Kanupara)-Hatshauli Dighipara Road from Ch: 00-1000m & Construction of 03 nos. U-Drain Size (7.00mx0.625mx0.600m) at Ch:40m, Ch:374m & Ch: 456m under Patnitala Upazila, District: Naogaon. Road ID: 164755100","Patnitala Upazila","200000","01-Feb-2027","01-Feb-2028","Md, Badruddoza","Executive Engineer","Address : XEN Office, LGED, Naogaon City : Naogaon Thana : Atrai District : Naogaon - 6500 Country : Bangladesh","XEN Office, LGED, Naogaon","Naogaon","Atrai","Naogaon - 6500","0741-62416","","12000000.00, OTM","https://www.eprocure.gov.bd/resources/common/ViewTender.jsp?id=1316923"
"Ministry of Local Government","Rural Development and Co-operatives","Local Government Engineering Department (LGED)","Office of the Executive Engineer, LGED, Pabna","","Pabna","Works","NCT","TENDER","Tender - Single Lot","APP ID :	217393","217393","1309891","Open Tendering Method (OTM)","Development","Government","224382200","Rajshahi Division Important Upazila and Union Road Widening and Strengthening Project","RDIRWSP/PAB/BERA/B-19 Construction of 15.00 m long RCC Girder Bridge on Bera Upazila H/Q- Nakalia GCM Road at Ch. 3747m. (Road ID - 176162001) (Salvage Cost BDT: 5,902.00) Undera Upazila: Bera, District: Pabna.","Construction work;Site preparation work;Building demolition and wrecking work and earthmoving work;Test drilling and boring work;Works for complete or part construction and civil engineering work;Building construction work;Engineering works and construction works;Construction work for pipelines, communication and power lines, for highways, roads, airfields and railways; flatwork;Construction work for water projects;Construction works for plants, mining and manufacturing and for buildings relating to the oil and gas industry;Roof works and other special trade construction works;Building installation work;Electrical installation work;Insulation work;Plumbing and sanitary works;Fencing, railing and safety equipment installation work;Mechanical installations;Building completion work;Plastering work;Joinery and carpentry installation work;Floor and wall covering work;Painting and glazing work;Other building completion work;Hire of construction and civil engineering machinery and equipment with operator;Hire of cranes with operator;Hire of earthmoving equipment with operator","25-Aug-2026 12:00","09-Sep-2026 17:00","As Stated in TDS","RDIRWSP/PAB/BERA/B-19 Construction of 15.00 m long RCC Girder Bridge on Bera Upazila H/Q- Nakalia GCM Road at Ch. 3747m. (Road ID - 176162001) (Salvage Cost BDT: 5,902.00) Undera Upazila: Bera, District: Pabna.","Lot wise","Package wise","Package wise","2500","Payment through Bank","05-Feb-2027","05-Feb-2027","Single","Construction of 15.00 m long RCC Girder Bridge on Bera Upazila H/Q- Nakalia GCM Road at Ch. 3747m. (Road ID - 176162001) (Salvage Cost BDT: 5,902.00) Undera Upazila: Bera, District: Pabna.","Bera,Pabna","300000","01-Oct-2026","30-Sep-2027","Md. Monirul Islam","Executive Engineer","Address : XEN Office, LGED Bhaban, Chalk Chatini, Pabna City : Pabna Thana : Pabna Sadar District : Pabna - 6600 Country : Bangladesh","XEN Office, LGED Bhaban, Chalk Chatini, Pabna","Pabna","Pabna Sadar","Pabna - 6600","0731-66133","","15000000.00, OTM","https://www.eprocure.gov.bd/resources/common/ViewTender.jsp?id=1309891"
"Ministry of Shipping","","Chittagong Port Authority","Deputy Conservator","","Chattogram","Services","NCT","RFA","","","226896","1315813","Individual Consultant (IC)","Own Fund","Own Fund","Not applicable","Not applicable","18.13.0000.711.18.021.26 Appointment Of A Consultant For The Development And Implementation Of QMS (Quality Management System / Quality Assurance System) To Resolve The Findings & Preparation Of IMO Member State Audit Scheme (IMSAS).","Research and development services and related consultancy services.; Research and experimental development services; Research services; Experimental development services; Research and development consultancy services; Research consultancy services; Development consultancy services; Design and execution of research and development;","25-Aug-2026 11:00","08-Sep-2026 14:30","Individual Consultant must have to fulfill the terms and conditions as stated in the Instruction to the Applicants (ITA) and Terms of Reference (TOR) of this Proposal.","Appointment Of A Consultant For The Development And Implementation Of QMS (Quality Management System / Quality Assurance System) To Resolve The Findings & Preparation Of IMO Member State Audit Scheme (IMSAS).","Package wise","","","","","","06-Jan-2027","","","Marine Department","","30-Sep-2026","30-Dec-2026","Md Zahirul Islam","Deputy Conservator","Address : Room # 316, PAB Babhan, Chittagong City : Chittagong Thana : Chattogram City Corporation District : Chattogram - 4100 Country : Bangladesh","Room # 316, PAB Babhan, Chittagong","Chittagong","Chattogram City Corporation","Chattogram - 4100","02-333310854","02-333310889","2000000.00, IC","https://www.eprocure.gov.bd/resources/common/ViewTender.jsp?id=1315813"
"Ministry of Energy","Power and Mineral Resources","Power Grid Bangladesh PLC","Grid Maintenance Division, Ishwardi","023","Pabna","Works","NCT","TENDER","Tender - Single Lot","27.21.6944.738.02.118.26.451, Date: 20-08-26","229923","1321324","Open Tendering Method (OTM)","Own Fund","Own Fund","Not applicable","Not applicable","WR-12 26-27 Annual maintenance work of Loop Jumper Tightening for Sub-station and transmission lines under GMD, Power Grid, Ishwardi ( including jumper /Spacer/ insulator / nut bolt/Damper Tightening and placing / change if required)","Electrical circuit components; Electricity distribution and control apparatus;","25-Aug-2026 11:00","15-Sep-2026 16:00","1) Electrical contractor with ABC license. 2) The tenderer shall have general working experience of at least 3(three) years. 3) A satisfactory completion of similar works i.e Maintenance work of 132Kv/230kV Transmission line or sub-station equipment Repair, Maintenance works value of minimum Tk. 3.0  lac under 01 (one) contracts over a period of last 5 (five) years in  goverment owned electrical organization or company. 4) The average annual construction turnover shall be greater than Tk. 3.0 lac in the best 2 (two) year over the last 5 (five) years. 5) The minimum amount of liquid assets or working capital or credit facilities of the Tenderer shall be Tk 3.0  lac. 6) The work shall have to be completed as per shut down schedule of respective grid sub-station","Annual maintenance work of Loop Jumper Tightening for Sub-station and transmission lines under GMD, Power Grid, Ishwardi ( including jumper /Spacer/ insulator / nut bolt/Damper Tightening and placing / change if required)","Lot wise","Package wise","Package wise","500","Payment through Bank","12-Jan-2027","12-Jan-2027","1","Annual maintenance work of Loop Jumper Tightening for Sub-station and transmission lines under GMD, Power Grid, Ishwardi ( including jumper /Spacer/ insulator / nut bolt/Damper Tightening and placing / change if required)","Different grid substation under GMD Ishwardi","20000","15-Oct-2026","17-Dec-2026","Md. Ariful Kaiser","Executive Engineer","Address : Biddyut Bhabon,Alobag, Ishwardi, Pabna-6620 City : Ishwardi Thana : Ishwardi District : Pabna - 6620 Country : Bangladesh","Biddyut Bhabon,Alobag, Ishwardi, Pabna-6620","Ishwardi","Ishwardi","Pabna - 6620","07326-63498","","Not Found","https://www.eprocure.gov.bd/resources/common/ViewTender.jsp?id=1321324"
"Ministry of Home Affairs","","Bangladesh Police","Police Training Centre, Rangpur","00064","Rangpur","Goods","NCT","TENDER","Tender - Single Lot","Memo-1976/PTC: Date: 24 August 2026","224980","1321386","Open Tendering Method (OTM)","Revenue","Government","Not applicable","Not applicable","RPTC/Edible oil/2026-2027/Q2 Procurement of Edible oil for the Financial Year 2026- 2027 (2nd Quarter) at PTC, Rangpur.","Refined oils and fats; Animal or vegetable oils and fats;","25-Aug-2026 12:00","06-Sep-2026 17:00","(1) Valid Trade license for the 2026-2027 fiscal year. (2)Submit documents of liquid assets of 48,00,000/- as per Form-8 of PG-3. (3) Bank solvency certificate. (4) Income tax clearance certificate (2024-2025). (5) Up-to-date VAT registration certificate. (6) Up-to-date TIN certificate. (7) Ownership Certificate. (8) National ID Card with one copy passport-size color Photograph. (9) Manufacturer Authorization Letter. ** Tenderer must be submited 1 (One) littre Sampale on opening date before opeining time.","(1) The Edible oil (Soyabean oil). (2) The Edible oil (Soyabean oil) (in plastic cans) of the accepted brand shall be supplied as per the sample of Edible oil (Soyabean oil) (in plastic cans) kept at Ration Store, Police Training Center, Rangpur. The required Edible oil (Soyabean oil) (in plastic cans) as per the work order shall be delivered to Ration Store, Police Training Center, Rangpur at its own cost and warehoused. (3) The Edible oil (Soyabean oil) should be supplied in 0.500 liter (plastic can), 01 liter (plastic can), 02 liter (plastic can), 05 liter (plastic can) as per the demand of the authorities. (4) As per the instructions of Police Headquarters, the level of enrichment of BSTI approved Edible oil (Soyabean oil) with Vitamin ""A"" will be 15 to 30 ppm (Parts per million) i.e. minimum 0.015 to maximum 0.030 mg of Vitamin A per gram of edible oil (0.015- 0.030 mg/g) and the symbol ""Sothik Pusti, Sustho Jibon"" should be displayed on the container of edible oil. If the samples submitted under the tender and Random Sample at the time of acceptance are collected and sent to the Accredited Laboratory for testing, all expenses in this regard will be borne by the tenderer.","Lot wise","Package wise","Package wise","1500","Payment through Bank","03-Jan-2027","03-Jan-2027","1","Procurement of Edible oil for the Financial Year 2026- 2027 (2nd Quarter) at PTC, Rangpur.","Police Training Center, Rangpur","145000","01-Oct-2026","31-Dec-2026","RAHIMA ACTER LUCKY","SP","Address : Police Training Centre, Rangpur City : Rangpur Thana : Rangpur City Corporation District : Rangpur - 5402 Country : Bangladesh","Police Training Centre, Rangpur","Rangpur","Rangpur City Corporation","Rangpur - 5402","0521-62296","0521-52134","Not Found","https://www.eprocure.gov.bd/resources/common/ViewTender.jsp?id=1321386"
"Ministry of Environment","Forest and Climate Change","Forest Department","Botanical Garden and Ecopark, Chattogram","","Chattogram","Works","NCT","TENDER","Tender - Single Lot","BGE/Dev/2026-27/WD1","230330","1321936","Open Tendering Method (OTM)","Development","Government","224388600","Eco-system Restoration & Biodiversity Conservation of     Botanical Garden & Eco Park, Chattogram","BGE/Dev/2026-27/WD1 Construction of CI Sheet roofing barrack for 3rd class employee","Construction work;Site preparation work;Building demolition and wrecking work and earthmoving work;Test drilling and boring work;Works for complete or part construction and civil engineering work;Building construction work;Engineering works and construction works;Construction work for pipelines, communication and power lines, for highways, roads, airfields and railways; flatwork;Construction work for water projects;Construction works for plants, mining and manufacturing and for buildings relating to the oil and gas industry;Roof works and other special trade construction works;Building installation work;Electrical installation work;Insulation work;Plumbing and sanitary works;Fencing, railing and safety equipment installation work;Mechanical installations;Building completion work;Plastering work;Joinery and carpentry installation work;Floor and wall covering work;Painting and glazing work;Other building completion work;Hire of construction and civil engineering machinery and equipment with operator;Hire of cranes with operator;Hire of earthmoving equipment with operator","25-Aug-2026 10:00","08-Sep-2026 16:00","As mentioned in e-tender document","Construction of CI Sheet roofing barrack for 3rd class employee","Lot wise","Package wise","Package wise","1000","Payment through Bank","04-Feb-2027","04-Feb-2027","1","Construction of CI Sheet roofing barrack for 3rd class employee","Nasirabad SFNTC","50000","01-Oct-2026","30-Nov-2026","Mohammad Sohal Rana","Director","Address : BFRI office Complex, Sholoshohor, Chattogram City : CHATTOGRAM Thana : Chandanish District : Chattogram - 4000 Country : Bangladesh","BFRI office Complex, Sholoshohor, Chattogram","CHATTOGRAM","Chandanish","Chattogram - 4000","031-620986","","1938000.00, OTM","https://www.eprocure.gov.bd/resources/common/ViewTender.jsp?id=1321936"
"Ministry of Health and Family Welfare","Health Services Division","Directorate General of Health Services (DGHS)","Singair Upazila Health Complex, Manikganj","","Manikganj","Goods","NCT","TENDER","Tender - Single Lot","UHC/Singair/MSR-Tender/Linen-Items/2026-27/Gr-4","229873","1318195","Open Tendering Method (OTM)","Revenue","Government","Not applicable","Not applicable","UHC/Singair/MSR/Linen-Items/2026-27/Gr-4 Procurement of Linen for the F.Y 2026-27 at Singair Upazila Health Complex, Manikganj.","Medical and laboratory devices, optical and precision devices, watches and clocks, pharmaceuticals and related medical consumables;Medical devices;Imaging equipment for medical, dental and veterinary use;Functional exploration;Dentistry;Medical non-chemical consumables and haematological consumables;Therapy;Operating techniques;Anaesthesia and resuscitation;Functional support;Miscellaneous medical devices;Instruments and appliances for measuring, checking, testing and navigating;Navigational, meteorological, geological and geophysical instruments;Remote-control equipment;Precision balances, instruments for drawing, calculating and measuring length;Instruments for measuring quantities;Instruments for checking physical characteristics;Checking and testing apparatus;Regulating and controlling instruments and apparatus;Non-medical equipment based on the use of radiations;Industrial process control equipment;Optical instruments;Spectacles and lenses;Polarising material;Astronomical and optical instruments;Liquid crystal devices;Photographic equipment;Horological instruments;Watches and clocks","25-Aug-2026 13:00","08-Sep-2026 11:00","As per TDS & PCC with View the e-Tender Documents","Procurement of Linen for the F.Y 2026-27 at Singair Upazila Health Complex, Manikganj.","Lot wise","Package wise","Package wise","1000","Payment through Bank","03-Feb-2027","03-Feb-2027","4","Procurement of Linen for the F.Y 2026-27 at Singair Upazila Health Complex, Manikganj.","Singair Upazila Health Complex, Manikganj","30000","01-Oct-2026","25-Nov-2026","Rafsan Reza","UH&FPO","Address : Singair Upazila Health Complex, Manikganj City : Singair Thana : Singair District : Manikganj - 1820 Country : Bangladesh","Singair Upazila Health Complex, Manikganj","Singair","Singair","Manikganj - 1820","0277-17014","","Not Found","https://www.eprocure.gov.bd/resources/common/ViewTender.jsp?id=1318195"
"Ministry of Home Affairs","","Bangladesh Police","Office of the Superintendent of Police, Moulvibazar","00133","Moulvibazar","Goods","NCT","TENDER","Tender - Single Lot","02/2026-2027/09","227107","1322629","Open Tendering Method (OTM)","Revenue","Government","Not applicable","Not applicable","02/2026-2027/09 Supply of Fire wood for ration of MoulvibazarDistrict Police Ration Store","Agricultural, horticultural, hunting and related products; Wood, wood products, cork products, basketware and wickerwork;Crops, products of market gardening and horticulture;Cereals and other crops;Vegetables, horticultural products and nursery products;Fruit, nuts, beverage and spice crops;Live animals and animal products;Cattle and their products;Farm animals and their products;Pigs;Live poultry and eggs;Small live animals and their products;Products of mixed farming;Agricultural supplies;Sawn wood;Railway sleepers;Mining timber;Prepared softwood;Hardwood;Parquet;Prepared or treated wooden products;Sawdust;Wooden sheets and veneers;Wooden boards and panels;Densified wood;Builders wood joinery and carpentry;Builders wood joinery;Builders wood carpentry;Prefabricated wooden buildings;Wooden containers, pallets, boxes and other containers;Wooden containers;Wooden pallets;Articles of wood and cork;Products of wood and related articles;Articles of cork, basketware and wickerwork","25-Aug-2026 11:00","08-Sep-2026 16:00","As Per Tender Documents","02/2026-2027/09 Supply of Fire wood for ration of MoulvibazarDistrict Police Ration Store.","Lot wise","Package wise","Package wise","500","Payment through Bank","11-Dec-2026","11-Dec-2026","1","Supply of Fire wood for ration of MoulvibazarDistrict Police Ration Store","Moulvibazar District Police Ration Store","1000","16-Sep-2026","23-Sep-2026","MD. MONIRUL ISLAM","SP","Address : Office of the Superintendent of Police, Moulvibazar City : Moulvibazar Thana : Moulvibazar Sadar District : Moulvibazar - 3200 Country : Bangladesh","Office of the Superintendent of Police, Moulvibazar","Moulvibazar","Moulvibazar Sadar","Moulvibazar - 3200","0861-52235","0861-63833","38250.00, OTM","https://www.eprocure.gov.bd/resources/common/ViewTender.jsp?id=1322629"
"Ministry of Home Affairs","","Bangladesh Police","Industrial Police-5, Mymensingh","","Mymensingh","Goods","NCT","TENDER","Tender - Single Lot","Memo No- 650","226781","1322164","Open Tendering Method (OTM)","Revenue","Government","Not applicable","Not applicable","IP-5/e-tender/2026-27/2nd Quarter/Load/Unload-06 Procurement Of Loading/Unloading (2nd Quarter) FY-2026-2027 (October/2026 To December/2026).","Private households with employed persons;Services of commercial and industrial workers;Services of commercial workers;Services of industrial workers;Manpower services;Domestic services","25-Aug-2026 11:00","07-Sep-2026 18:00","1. Updated copy of valid trade license. 2. Updated income tax clearance certificate & e-TIN certificate. 3. Updated vat registration certificate. 4. A latest certified copy of bank solvency certificate & detail bank statement. 5. A certificate of ownership of the company. 6. Citizenship certificate & national identity card copy. 7. Tender Document Purchase Voucher. 8. No objection/application from the bidder will be accepted if the market price of the supplier of coolies increase. 9.The Superintendent of Police, Industrial Police-5, Mymensingh must be provided coolies as per the Requirement of public procurement. 10.The minimum specific experience as Supplier in supply of similar Goods of at least one (1) contract successfully completed within the last [03] years, with a value of at least Tk. [18,000]","IP-5/e-tender/2026-27/2nd Quarter/Load/Unload-06 Procurement Of Loading/Unloading (2nd Quarter) FY-2026-2027 (October/2026 To December/2026).","Lot wise","Package wise","Package wise","500","Payment through Bank","04-Jan-2027","04-Jan-2027","01","Procurement Of Loading/Unloading (2nd Quarter) FY-2026-2027 (October/2026 To December/2026).","IP-5, Bhorodoba, Bhaluka, Mymensingh","800","01-Oct-2026","31-Dec-2026","Md.Ansar uddin","SP","Address : Industrial Police-5, Mymensingh City : Mymensingh Thana : Mymensingh City Corporation District : Mymensingh - 2200 Country : Bangladesh","Industrial Police-5, Mymensingh","Mymensingh","Mymensingh City Corporation","Mymensingh - 2200","02-000000","","Not Found","https://www.eprocure.gov.bd/resources/common/ViewTender.jsp?id=1322164"
"Ministry of Home Affairs","","Bangladesh Police","Office of the Superintendent of Police, Moulvibazar","00133","Moulvibazar","Goods","NCT","TENDER","Tender - Single Lot","02/2026-2027/08","227107","1322617","Open Tendering Method (OTM)","Revenue","Government","Not applicable","Not applicable","02/2026-2027/08 Procurement of high quality Polao Rice for ration of Moulvibazar District Police Ration Store.","Agricultural, horticultural, hunting and related products;Crops, products of market gardening and horticulture;Cereals and other crops;Vegetables, horticultural products and nursery products;Fruit, nuts, beverage and spice crops;Live animals and animal products;Cattle and their products;Farm animals and their products;Pigs;Live poultry and eggs;Small live animals and their products;Products of mixed farming;Agricultural supplies","25-Aug-2026 11:00","08-Sep-2026 16:00","As Per Tender Documents","02/2026-2027/08 Procurement of high quality Polao Rice for ration of Moulvibazar District Police Ration Store.","Lot wise","Package wise","Package wise","500","Payment through Bank","11-Dec-2026","11-Dec-2026","1","Procurement of high quality Polao Rice for ration of Moulvibazar District Police Ration Store.","Moulvibazar District Police Ration Store","7500","16-Sep-2026","23-Sep-2026","MD. MONIRUL ISLAM","SP","Address : Office of the Superintendent of Police, Moulvibazar City : Moulvibazar Thana : Moulvibazar Sadar District : Moulvibazar - 3200 Country : Bangladesh","Office of the Superintendent of Police, Moulvibazar","Moulvibazar","Moulvibazar Sadar","Moulvibazar - 3200","0861-52235","0861-63833","286000.00, OTM","https://www.eprocure.gov.bd/resources/common/ViewTender.jsp?id=1322617"
"Ministry of Home Affairs","","Bangladesh Police","Police Training Centre, Khulna","70001","Khulna","Goods","NCT","TENDER","Tender - Single Lot","PTC-Ration-Edible oil (Soyabean oil) 2026-2027 Q2","226493","1321320","Open Tendering Method (OTM)","Revenue","Government","Not applicable","Not applicable","PTC Ration Edible Oil 26-27 Q2 Procurement of Edible Oil (Soybean) for PTC , Khulna for the fiscal year 2026-27 Q2","Food products and beverages;Animal products, meat and meat products;Meat;Animal wool, hides and skins;Meat products;Prepared and preserved fish;Fish fillets, fish livers and roe;Frozen fish, fish fillets and other fish meat;Dried or salted fish; fish in brine; smoked fish;Canned or tinned fish and other prepared or preserved fish;Seafood;Fruit, vegetables and related products;Potatoes and potato products;Fruit and vegetable juices;Fruit and vegetables;Animal or vegetable oils and fats;Crude animal or vegetable oils and fats;Refined oils and fats;Edible fats;Dairy products;Milk and cream;Butter;Cheese products;Assorted dairy products;Grain mill products, starches and starch products;Grain mill products;Starches and starch products;Animal feedstuffs;Prepared animal feeds for farm and other animals;Miscellaneous food products;Bread products, fresh pastry goods and cakes;Rusks and biscuits; preserved pastry goods and cakes;Sugar and related products;Cocoa; chocolate and sugar confectionery;Pasta products;Coffee, tea and related products;Condiments and seasonings;Special nutritional products;Miscellaneous food products n.e.c. and dried goods;Beverages;Distilled alcoholic beverages;Wines;Cider and other fruit wines;Non-distilled fermented beverages;Malt beer;Non-alcoholic beverages","25-Aug-2026 10:00","07-Sep-2026 15:00","The minimum of years of general experience of the Tenderer in the supply of Goods and related services as Supplier shall be 3 years counting backward from the date of publication of IFT in the newspaper. The minimum specific experience as Supplier in supply of similar Goods of at least one (1) contract successfully completed within the last three (3) years, with a value of at least Tk. 1.1 lac; years counting backward from the date of publication of IFT in the newspaper The minimum amount of financial resources as liquid asset or working capital or credit line(s) or specific credit commitment or in any combination of them, of the Tenderers shall be Tk 1.3 lac The Tenderer must possess (i) Upto date Trade License (ii) Upto date Income tax certificate (iii) VAT registration certificate (iv) VAT payment certificate (v) NID of the tenderer (vi) Past three (3) months bank statement Other required eligibility and conditions are provided in TDS and PCC.","Procurement of Edible Oil (Soybean) for Police Training Centre, Khulna  (2nd Quarter) FY 2025-2026","Lot wise","Package wise","Package wise","1000","Payment through Bank","03-Jan-2027","03-Jan-2027","01","Procurement of Edible Oil (Soybean) for PTC, Khulna for the fiscal year 2026-27 Q2","PTC, Khulna","50000","01-Oct-2026","31-Dec-2026","MD. MAHBUBUR RAHMAN","Addl SP","Address : Police Training Centre, Khulna City : Khulna Thana : Khulna City Corporation District : Khulna - 3001 Country : Bangladesh","Police Training Centre, Khulna","Khulna","Khulna City Corporation","Khulna - 3001","041-774361","","Not Found","https://www.eprocure.gov.bd/resources/common/ViewTender.jsp?id=1321320"
"Ministry of Health and Family Welfare","Health Services Division","Directorate General of Health Services (DGHS)","Madan Upazila Health Complex , Netrokona","","Netrokona","Goods","NCT","TENDER","Tender - Single Lot","UHC/Madan/Netrokona/2026-27/3","230068","1322275","Open Tendering Method (OTM)","Revenue","Government","Not applicable","Not applicable","UHC/Madan/Netrokona/2026-27/3 Procurement of Gauge, Bandage and Cotton for the FY 2026-27 at Madan Upazila Health Complex, Netrokona.","Medical and laboratory devices, optical and precision devices, watches and clocks, pharmaceuticals and related medical consumables; Health and social work services;Medical devices;Imaging equipment for medical, dental and veterinary use;Functional exploration;Dentistry;Medical non-chemical consumables and haematological consumables;Therapy;Operating techniques;Anaesthesia and resuscitation;Functional support;Miscellaneous medical devices;Instruments and appliances for measuring, checking, testing and navigating;Navigational, meteorological, geological and geophysical instruments;Remote-control equipment;Precision balances, instruments for drawing, calculating and measuring length;Instruments for measuring quantities;Instruments for checking physical characteristics;Checking and testing apparatus;Regulating and controlling instruments and apparatus;Non-medical equipment based on the use of radiations;Industrial process control equipment;Optical instruments;Spectacles and lenses;Polarising material;Astronomical and optical instruments;Liquid crystal devices;Photographic equipment;Horological instruments;Watches and clocks;Health services;Hospital and related services;Medical practice and related services;Dental practice and related services;Miscellaneous health services;Veterinary services;Social work and related services;Social work services;Social services","25-Aug-2026 10:00","06-Sep-2026 12:00","As Per TDS","Procurement of Gauge, Bandage and Cotton for the FY 2026-27 at Madan Upazila Health Complex, Netrokona.","Lot wise","Package wise","Package wise","500","Payment through Bank","02-Jan-2027","02-Jan-2027","1","Procurement of Gauge, Bandage and Cotton for the FY 2026-27 at Madan Upazila Health Complex, Netrokona.","UHC Madan","17000","24-Sep-2026","31-Dec-2026","Muhammad  Nurul  Huda Khan","UH&FPO","Address : Madan , Netrokona City : Madan Thana : Madan District : Netrokona - 2490 Country : Bangladesh","Madan , Netrokona","Madan","Madan","Netrokona - 2490","09-52956004","","787410.00, OTM","https://www.eprocure.gov.bd/resources/common/ViewTender.jsp?id=1322275"
"Ministry of Road Transport and Bridges","Road Transport and Highways Division","Roads & Highways Department (RHD)","Ferry Construction Division, Dhaka","eefeddha","Dhaka","Goods","NCT","TENDER","Tender - Single Lot","Memo No:35.01.0000.157.07.001.26-156, Date:17.8.26","228214","1321932","Open Tendering Method (OTM)","Revenue","Government","Not applicable","Not applicable","29/egp/FCD/2026-27 Supplying of spare parts with necessary repair works for 200 HP Cummins Engine (Left side, Model-6CTA.3M) of Utility type-02-057/2002 Ferry at ""Atokbana-Kalisankorpur"" Ferryghat under RHD, Ferry Sub-Division, Faridpur during the Fiscal year 2026-2027.","Repair, maintenance and associated services related to aircraft, railways, roads and marine equipment; Repair, maintenance and installation services;Repair, maintenance and associated services related to aircraft and other equipment;Repair, maintenance and associated services related to railways and other equipment;Repair, maintenance and associated services related to roads and other equipment;Repair, maintenance and associated services related to marine and other equipment","25-Aug-2026 13:00","09-Sep-2026 16:00","All tenderers who have registered in e-GP system may participate in the tender provided that they fulfill the criteria as stated in Tender Document (TDS & PCC).","Supplying of spare parts with necessary repair works for 200 HP Cummins Engine (Left side, Model-6CTA.3M) of Utility type-02-057/2002 Ferry at ""Atokbana-Kalisankorpur"" Ferryghat under RHD, Ferry Sub-Division, Faridpur during the Fiscal year 2026-2027.","Lot wise","Package wise","Package wise","1000","Payment through Bank","06-Jan-2027","06-Jan-2027","01","Supplying of spare parts with necessary repair works for 200 HP Cummins Engine (Left side, Model-6CTA.3M) of Utility type-02-057/2002 Ferry at ""Atokbana-Kalisankorpur"" Ferryghat under RHD, Ferry Sub-Division, Faridpur during the Fiscal year 2026-2027.","Ferry Sub-Division, Faridpur","22000","20-Sep-2026","30-Sep-2026","Md. Azam Shaikh","Executive Engineer","Address : Ferry Construction Division, Dhaka City : Dhaka Thana : Dhaka North City Corporation District : Dhaka - 1208 Country : Bangladesh","Ferry Construction Division, Dhaka","Dhaka","Dhaka North City Corporation","Dhaka - 1208","02-8879377","02-8879377","Not Found","https://www.eprocure.gov.bd/resources/common/ViewTender.jsp?id=1321932"
"Ministry of Road Transport and Bridges","Road Transport and Highways Division","Roads & Highways Department (RHD)","Ferry Construction Division, Dhaka","eefeddha","Dhaka","Goods","NCT","TENDER","Tender - Single Lot","Memo No:35.01.0000.157.07.001.26-156, Date:17.8.26","228214","1321927","Open Tendering Method (OTM)","Revenue","Government","Not applicable","Not applicable","23/egp/FCD/2026-27 Supplying of Rudder Angle transmitter & Radiator hose pipe for 190 K.W MAN Engine at different Ferryghat under RHD Ferry Sub-Division, Faridpur during the Fiscal year of 2026-2027.","Repair, maintenance and associated services related to aircraft, railways, roads and marine equipment; Repair, maintenance and installation services;Repair, maintenance and associated services related to aircraft and other equipment;Repair, maintenance and associated services related to railways and other equipment;Repair, maintenance and associated services related to roads and other equipment;Repair, maintenance and associated services related to marine and other equipment","25-Aug-2026 13:00","09-Sep-2026 16:00","All tenderers who have registered in e-GP system may participate in the tender provided that they fulfill the criteria as stated in Tender Document (TDS & PCC).","Supplying of Rudder Angle transmitter & Radiator hose pipe for 190 K.W MAN Engine at different Ferryghat under RHD Ferry Sub-Division, Faridpur during the Fiscal year of 2026-2027.","Lot wise","Package wise","Package wise","500","Payment through Bank","06-Jan-2027","06-Jan-2027","01","Supplying of Rudder Angle transmitter & Radiator hose pipe for 190 K.W MAN Engine at different Ferryghat under RHD Ferry Sub-Division, Faridpur during the Fiscal year of 2026-2027.","Ferry Sub-Division, Faridpur","9000","30-Sep-2026","12-Oct-2026","Md. Azam Shaikh","Executive Engineer","Address : Ferry Construction Division, Dhaka City : Dhaka Thana : Dhaka North City Corporation District : Dhaka - 1208 Country : Bangladesh","Ferry Construction Division, Dhaka","Dhaka","Dhaka North City Corporation","Dhaka - 1208","02-8879377","02-8879377","Not Found","https://www.eprocure.gov.bd/resources/common/ViewTender.jsp?id=1321927"
"Ministry of Home Affairs","","Bangladesh Police","Industrial Police-5, Mymensingh","","Mymensingh","Goods","NCT","TENDER","Tender - Single Lot","Memo No- 650","226781","1322162","Open Tendering Method (OTM)","Revenue","Government","Not applicable","Not applicable","IP-5/e-tender/2026-27/2nd Quarter/Wheat-03 Procurement Of Crushing Wheat Supplied From Government Silos (2nd Quarter) FY-2026-2027 (October/2026 To December/2026).","Crops, products of market gardening and horticulture; Agricultural, horticultural, hunting and related products;Cereals and other crops;Vegetables, horticultural products and nursery products;Fruit, nuts, beverage and spice crops","25-Aug-2026 11:00","07-Sep-2026 18:00","1. Updated copy of valid trade license. 2. Updated income tax clearance certificate & E-tin certificate. 3. Updated vat registration certificate. 4. A latest certified copy of bank solvency certificate & detail bank statement. 5. A certificate of ownership of the company. 6. Citizenship certificate & national identity card copy. 7. Similar work experience certificate. 8. Tender Document Purchase Voucher. 9. No objection/application from the bidder will be entertained if the market price of wheat milling increases. 10. The wheat should be collected from the godown at one's own risk, crushed and delivered to the ration store along with the sacks, excluding the rate of shortage, and a shortage of more than 1.5% will not be acceptable. 11. Grinding wheat flour shall be supplied as per the requirement of the Superintendent of Police, Industrial Police-5, Mymensingh. 12. The minimum specific experience as Supplier in supply of similar Goods of at least one (1) contract successfully completed within the last [03] years, with a value of at least Tk. [2,00,000]. 13. Tenderer must be submitted a sample of Wheat flour shall be supplied in 4 kg and 5 kg transparent polybags as per the requirement and the weight of the product, date of production and expiry date shall be clearly mentioned on the package before the tender opening.","IP-5/e-tender/2026-27/2nd Quarter/Wheat-03 Procurement Of Crushing Wheat Supplied From Government Silos (2nd Quarter) FY-2026-2027 (October/2026 To December/2026).","Lot wise","Package wise","Package wise","500","Payment through Bank","04-Jan-2027","04-Jan-2027","01","Procurement Of Crushing Wheat Supplied From Government Silos (2nd Quarter) FY-2026-2027 (October/2026 To December/2026).","IP-5, Bhorodoba, Bhaluka Mymensingh","8500","01-Oct-2026","31-Dec-2026","Md.Ansar uddin","SP","Address : Industrial Police-5, Mymensingh City : Mymensingh Thana : Mymensingh City Corporation District : Mymensingh - 2200 Country : Bangladesh","Industrial Police-5, Mymensingh","Mymensingh","Mymensingh City Corporation","Mymensingh - 2200","02-000000","","Not Found","https://www.eprocure.gov.bd/resources/common/ViewTender.jsp?id=1322162"
"Ministry of Finance","Financial Institutions Division","Probashi Kallyan Bank","Common Service Department, Head Office.","","Dhaka","Goods","NCT","TENDER","Tender - Single Lot","PKB/HO/CSED/IS-CD/2026","229960","1317897","Open Tendering Method (OTM)","Own Fund","Own Fund","Not applicable","Not applicable","53.16.2666.910.07.006.2022 18 Nos. of Chapdoor and 10 Nos. of Iron Safe for different branches across the country of Probashi Kallyan Bank.","Metal ores; Basic metals and associated products; Machinery, equipment, appliances, apparatus and associated products; Office and computing machinery, equipment and supplies; Electrical machinery, apparatus, equipment and consumables; Manufactured goods, furniture, handicrafts, special-purpose products and associated consumables; Architectural, engineering, construction, legal, accounting and other professional services;Iron ores;Non-ferrous metal ores;Copper ores;Nickel ores;Aluminium ores;Precious-metal ores;Lead ores;Zinc ores;Tin ores;Miscellaneous ores;Basic metals;Basic iron and steel;Steel alloy ingots;Carbon-steel products;Bars and rods;Railway-track construction materials;Slag, dross, ferrous waste and scrap;Tubes;Iron tubes and fittings;Steel tubes and fittings;Iron and steel products;Cold drawn products;Cold-rolled products;Folded products;Wire and miscellaneous products;Ferro-alloys;Precious metals and metals clad with precious metals;Precious metals;Metals clad with precious metals;Aluminium and aluminium products;Unwrought aluminium;Aluminium products;Waste and scrap of aluminium;Lead, zinc and tin products;Lead, zinc and tin;Semi-finished products of lead, zinc or tin;Waste and scrap of lead, zinc or tin;Copper products;Unwrought copper;Semi-finished products of copper;Waste and scrap of copper;Non-ferrous metal products;Unwrought nickel;Nickel products;Waste and scrap of nickel;Machinery for the production and use of mechanical power;Turbines and motors;Pumps and compressors;Taps, cocks, valves and similar appliances;Gears, gearing and driving elements;General-purpose machinery;Industrial or laboratory furnaces, incinerators and ovens;Lifting and handling equipment and parts;Cooling and ventilation equipment;Miscellaneous general-purpose machinery;Agricultural, horticultural and forestry machinery;Agricultural and forestry machinery for soil preparation or cultivation;Harvesting machinery;Spraying machinery for agriculture or horticulture;Self-loading or unloading trailers and semi-trailers for agriculture;Specialist agricultural or forestry machinery;Tractors;Parts of agricultural and forestry machinery;Machine tools;Machine tools operated by laser and machining centres;Lathes, boring and milling machine tools;Metal-working machine tools;Machine tools for working hard materials except metals;Pneumatic or motorised hand tools;Soldering, brazing and welding tools, surface tempering and hot-spraying machines and equipment;Parts and accessories of machine tools;Special-purpose machinery and parts;Machinery for metallurgy and associated parts;Machinery for mining, quarrying and construction;Machinery for food, beverage and tobacco processing and associated parts;Machinery for textile, apparel and leather production;Machinery for paper or paperboard production;Miscellaneous special-purpose machinery;Weapons, ammunition and associated parts;Motorised tanks and armoured fighting vehicles;Military weapons;Firearms;Ammunition;Parts of military weapons;Truncheons or night sticks;Domestic appliances;Electrical domestic appliances;Non-electric domestic appliances;Miscellaneous equipment;Transport related equipment;Workshop equipment;Construction equipment;Catering equipment;Emergency and security equipment;Technical equipment;Miscellaneous equipment n.e.c.;Office machinery, equipment and supplies except computers;Word-processing machines;Photocopying and printing equipment;Post-office equipment;Calculating and accounting machines;Typewriters;Parts and accessories of typewriters and calculating machines;Various office equipment and supplies;Computer equipment and supplies;Data-processing machines;Digital cartography equipment;Computer hardware;Software;Computer systems;Servers;Electric motors, generators and transformers;Electric motors;Generators;Alternators;Cooling towers;Ballasts for discharge lamps or tubes;Parts of electric motors, generators and transformers;Transformers;Electricity distribution and control apparatus;Electrical apparatus for switching or protecting electrical circuits;Electrical circuit components;Parts of electricity distribution or control apparatus;Insulated wire and cable;Mains;Power distribution cables;Coaxial cable;Insulated cable accessories;Electric conductors for data and control purposes;Accumulators, primary cells and primary batteries;Primary cells;Primary batteries;Electric accumulators;Lighting equipment and electric lamps;Electric filament lamps;Lamps and light fittings;Parts of lamps and lighting equipment;Electrical equipment and apparatus;Electrical equipment for engines and vehicles;Sound or visual signalling apparatus;Magnets;Machines and apparatus with individual functions;Insulating fittings;Carbon electrodes;Electrical parts of machinery or apparatus;Electrical supplies and accessories;Electronic, electromechanical and electrotechnical supplies;Electronic equipment;Electromechanical equipment;Electrotechnical equipment;Furniture;Seats, chairs and associated parts;Non-domestic furniture;Domestic furniture;Miscellaneous furniture and equipment;School furniture;Jewellery and related articles;Coins and medals;Articles of jewellery;Musical instruments and parts;Musical instruments;Parts and accessories of musical instruments;Sports goods and equipment;Outdoor sports equipment;Gymnasium equipment;Games and toys; fairground amusements;Dolls;Toys;Articles for funfair, table or parlour games;Miscellaneous manufactured and other goods;Laundry supplies;School slates or boards with writing or drawing surfaces;Artificial products;Apparatus and equipment designed for demonstrational purposes;Umbrellas and sunshades; walking sticks and seat sticks;Funeral supplies;Kitchen equipment, household items and catering supplies;Barracks supplies;Consumables and consumer goods;Consumables;Tax-free goods;Disposable goods;Handicraft and art supplies;Handicraft supplies;Art supplies;Special-purpose product;Police equipment;Recycled products;Security devices;Animal ear tags;Compost boxes;Tokens;Spray booths;Snow poles;Legal, accounting, auditing, business, management and related services;Legal services;Accounting, auditing and fiscal services;Market research, public-opinion polling and related services;Business and management consultancy and related services;Management holdings services;Architectural, engineering, construction and related technical consultancy services;Technical consultancy services;Architectural and related services;Engineering services;Integrated engineering services;Urban planning and landscape architectural services;Construction-related services;Engineering-related scientific and technical services;Testing, inspection, analysis, monitoring and control services;Technical testing and analysis services;Monitoring and control services;Advertising and marketing services;Advertising services;Marketing services;Labour recruitment and provision of personnel services.;Placement services of personnel.;Supply services of personnel.;Recruitment services.;Personnel services except placement and supply services;Investigation and security services;Security services;Investigation services;Cleaning services;Accommodation cleaning services;Industrial cleaning services;Specialised cleaning services;Miscellaneous cleaning services;Office cleaning services;School cleaning services;Miscellaneous business and business-related services;Photographic and ancillary services;Packaging and related services;Secretarial and related services;Specialty design services;Collection agency services;Exhibition, fair and congress organisation services;Miscellaneous business-related services","25-Aug-2026 10:00","06-Sep-2026 15:00","As per TDS.","18 Nos. of Chapdoor and 10 Nos. of Iron Safe for different branches across the country of Probashi Kallyan Bank.","Lot wise","Package wise","Package wise","1500","Payment through Bank","02-Jan-2027","02-Jan-2027","01","18 Nos. of Chapdoor and 10 Nos. of Iron Safe for different branches across the country of Probashi Kallyan Bank.","Across the country","60000","15-Sep-2026","15-Oct-2026","Md. Shahidur Rahman","Procuring Entity User","Address : Head Office, Probashi Kallyan Bhaban
71-72, Old Elephant Road, Eskaton, Dhaka. City : Dhaka Thana : Dhaka North City Corporation District : Dhaka - 1000 Country : Bangladesh","","Dhaka","Dhaka North City Corporation","Dhaka - 1000","02-8321195","","3550000.00, OTM","https://www.eprocure.gov.bd/resources/common/ViewTender.jsp?id=1317897"
"Ministry of Local Government","Rural Development and Co-operatives","Local Government Engineering Department (LGED)","Office of the Executive Engineer, LGED, Naogaon","","Naogaon","Works","NCT","TENDER","Tender - Single Lot","APP ID - 227252","227252","1316924","Open Tendering Method (OTM)","Development","Government","224397700","Naogaon District Rural Infrastructure Development Project","NDRIDP/W-499 Improvement work of Road by 40mm thick bituminous surfacing wearing course on Paharkata hat-Nowta-Porashpur Road from Ch: 00-1000m & Construction of 01 no U-Drain Size (7.00mx0.625mx0.600m) at Ch:949m under Patnitala Upazila, District: Naogaon. Road ID: 164755088 Salvaged Cost Tk. 3,45,698.00","Construction work;Site preparation work;Building demolition and wrecking work and earthmoving work;Test drilling and boring work;Works for complete or part construction and civil engineering work;Building construction work;Engineering works and construction works;Construction work for pipelines, communication and power lines, for highways, roads, airfields and railways; flatwork;Construction work for water projects;Construction works for plants, mining and manufacturing and for buildings relating to the oil and gas industry;Roof works and other special trade construction works;Building installation work;Electrical installation work;Insulation work;Plumbing and sanitary works;Fencing, railing and safety equipment installation work;Mechanical installations;Building completion work;Plastering work;Joinery and carpentry installation work;Floor and wall covering work;Painting and glazing work;Other building completion work;Hire of construction and civil engineering machinery and equipment with operator;Hire of cranes with operator;Hire of earthmoving equipment with operator","25-Aug-2026 10:00","13-Sep-2026 17:00","As per TDS, PCC & IFT.","NDRIDP/W-499 Improvement work of Road by 40mm thick bituminous surfacing wearing course on Paharkata hat-Nowta-Porashpur Road from Ch: 00-1000m & Construction of 01 no U-Drain Size (7.00mx0.625mx0.600m) at Ch:949m under Patnitala Upazila, District: Naogaon. Road ID: 164755088 Salvaged Cost Tk. 3,45,698.00","Lot wise","Package wise","Package wise","2500","Payment through Bank","11-Mar-2027","11-Mar-2027","1","Improvement work of Road by 40mm thick bituminous surfacing wearing course on Paharkata hat-Nowta-Porashpur Road from Ch: 00-1000m & Construction of 01 no U-Drain Size (7.00mx0.625mx0.600m) at Ch:949m under Patnitala Upazila, District: Naogaon. Road ID: 164755088 Salvaged Cost Tk. 3,45,698.00","Patnitala Upazila","200000","01-Feb-2027","01-Feb-2028","Md, Badruddoza","Executive Engineer","Address : XEN Office, LGED, Naogaon City : Naogaon Thana : Atrai District : Naogaon - 6500 Country : Bangladesh","XEN Office, LGED, Naogaon","Naogaon","Atrai","Naogaon - 6500","0741-62416","","12500000.00, OTM","https://www.eprocure.gov.bd/resources/common/ViewTender.jsp?id=1316924"
"Ministry of Education","Secondary and Higher Education Division","Bangladesh University of Engineering and Technology (BUET)","HEAT Project - Machine Learning Driven Engineering Approaches for Sustainable Irrigation Water Management In the South West Coastal Region of Banglade","","Dhaka","Goods","NCT","TENDER","Tender - Single Lot","BUET/HEAT/SP13123/26-27/G-01","228021","1313912","Open Tendering Method (OTM)","Development","Aid or Grant","224386600","HEAT - Machine Learning-Driven Engineering Approaches for Sustainable Irrigation Water Management in the Southwest Coastal Region of Bangladesh","BUET/HEAT/SP13123/26-27/G-01 Supply of Laboratory Machinery and Equipment Electrical Resistivity Tomography (ERT-48 Nodes).","Machinery, equipment, appliances, apparatus and associated products; Machinery for the production and use of mechanical power; General-purpose machinery; Agricultural, horticultural and forestry machinery; Machine tools; Special-purpose machinery and parts; Weapons, ammunition and associated parts; Domestic appliances; Miscellaneous equipment; Instruments and appliances for measuring, checking, testing and navigating; Medical and laboratory devices, optical and precision devices, watches and clocks, pharmaceuticals and related medical consumables;Turbines and motors;Pumps and compressors;Taps, cocks, valves and similar appliances;Gears, gearing and driving elements;Industrial or laboratory furnaces, incinerators and ovens;Lifting and handling equipment and parts;Cooling and ventilation equipment;Miscellaneous general-purpose machinery;Agricultural and forestry machinery for soil preparation or cultivation;Harvesting machinery;Spraying machinery for agriculture or horticulture;Self-loading or unloading trailers and semi-trailers for agriculture;Specialist agricultural or forestry machinery;Tractors;Parts of agricultural and forestry machinery;Machine tools operated by laser and machining centres;Lathes, boring and milling machine tools;Metal-working machine tools;Machine tools for working hard materials except metals;Pneumatic or motorised hand tools;Soldering, brazing and welding tools, surface tempering and hot-spraying machines and equipment;Parts and accessories of machine tools;Machinery for metallurgy and associated parts;Machinery for mining, quarrying and construction;Machinery for food, beverage and tobacco processing and associated parts;Machinery for textile, apparel and leather production;Machinery for paper or paperboard production;Miscellaneous special-purpose machinery;Motorised tanks and armoured fighting vehicles;Military weapons;Firearms;Ammunition;Parts of military weapons;Truncheons or night sticks;Electrical domestic appliances;Non-electric domestic appliances;Transport related equipment;Workshop equipment;Construction equipment;Catering equipment;Emergency and security equipment;Technical equipment;Miscellaneous equipment n.e.c.;Navigational, meteorological, geological and geophysical instruments;Remote-control equipment;Precision balances, instruments for drawing, calculating and measuring length;Instruments for measuring quantities;Instruments for checking physical characteristics;Checking and testing apparatus;Regulating and controlling instruments and apparatus;Non-medical equipment based on the use of radiations","25-Aug-2026 10:00","09-Sep-2026 22:55","As per the TDS, the tenderer shall have at least five (5) work experiences with different public universities in the supply of goods and related services. The tenderer must submit the following additional documents. Any deviation regarding the submission of these documents will lead to disqualification: a) Valid Trade License. b) VAT Registration Certificate. c) Manufacturer's Authorization Letter (MAL). d) Valid ISO 14001 Certificate. e) Valid ISO 9001 Certificate. f) All relevant product brochures and catalogs.","Supply of Laboratory Machinery and Equipment Electrical Resistivity Tomography (ERT-48 Nodes). Detailed information is provided in the Tender Data Sheet (TDS). This Package Contains: 1. 48-Electrode Multi-Channel Electrical Resistivity Imaging System (Main Unit) - 1 Set 2. Multi-electrode Cable, 48 Takeouts, Minimum 10 m Electrode Spacing, Reversible Design - 1 No. 3. Stainless Steel / Galvanized Electrodes - 48 Nos. 4. Electrode Jumper / Connection Leads - 48 Nos. 5. External Battery Cable / Power Cable - 1 Set 6. Battery Charger (Compatible with Instrument) - 1 No. 7. Rugged Waterproof Transportation Case - 1 No. 8. Survey Design Software (Supports Standard Arrays) - 1 License 9. 2D & 3D Data Processing & Inversion Software - 1 License 10. USB/Ethernet Communication Cable Set - 1 Set 11. User Manual & Operation Manual - 1 Set 12. Standard Tool Kit & Spare Fuses/Accessories - 1 Set","Lot wise","Package wise","Package wise","2500","Payment through Bank","05-Apr-2027","05-Apr-2027","01","Supply of Laboratory Machinery and Equipment Electrical Resistivity Tomography (ERT-48 Nodes).","IWFM,BUET,Dhaka-1000","390000","04-Nov-2026","03-May-2027","SARA NOWREEN","SPM","Address : IWFM, BUET
Dhaka 1000 City : Dhaka Thana : Dhaka South City Corporation District : Dhaka - 1000 Country : Bangladesh","","Dhaka","Dhaka South City Corporation","Dhaka - 1000","02-223365601","","13500000.00, OTM","https://www.eprocure.gov.bd/resources/common/ViewTender.jsp?id=1313912"
"Ministry of Industries","","Bangladesh Sugar and Food Industries Corporation (BSFIC)","Carew and Company (Bangladesh) Ltd.-Commercial Department.","","Chuadanga","Goods","NCT","TENDER","Tender - Single Lot","Carew/com/G-7/2026-27/09","225429","1319897","Open Tendering Method (OTM)","Own Fund","Own Fund","Not applicable","Not applicable","Carew/Com/APP/2026-27/55 Procurement of Eicher 20.16 jumbo model truck and  Mahindra bolero pickup Spare Parts","Parts and accessories for vehicles and their engines; Motor vehicles, trailers and vehicle parts;Engines and engine parts;Mechanical spare parts except engines and engine parts;Test benches;Vehicle conversion kits;Seat belts;Spare parts for goods vehicles;Spare parts for vans;Spare parts for cars;Tractor accessories","25-Aug-2026 12:00","06-Sep-2026 17:00","1. Tenderer shall have i) Valid & updated trade license. ii) Valid & updated income tax & TIN certificate iii) Valid VAT/BIN registration certificate 2. The tenderer shall have a minimum of 02 (Two) years general experience in the supply of Transport Spare Parts/Similar Goods and Related Service .3. The tenderer shall have specific experience of satisfactory completion of Transport Spare Parts/similar Goods and Related Service of minimum Tk.5.00 Lac under single contract within last 02 (Two) years (years counting backward from the date of publication of IFT in the newspaper/e-GP System) in any Government/Semi-Government/Autonomous/Multinational/Non-Government organization.","Procurement of Eicher 20.16 jumbo model truck and Mahindra bolero pickup Spare Parts","Lot wise","Package wise","Package wise","500","Payment through Bank","04-Mar-2027","04-Mar-2027","1","Procurement of Eicher 20.16 jumbo model truck and  Mahindra bolero pickup Spare Parts","Carew and co, Darsona, Chuadanga","20000","15-Sep-2026","29-Oct-2026","MD. BODROL ALAM","Manager (Commercial) -Carew and Company (Bangladesh) Ltd","Address : Carew and Company (Bangladesh) Ltd. 
Post office- Darsana, 
District-Chuadanga, Bangladesh City : Darsona Thana : Damurhuda District : Chuadanga - 7221 Country : Bangladesh","","Darsona","Damurhuda","Chuadanga - 7221","77-791017","","Not Found","https://www.eprocure.gov.bd/resources/common/ViewTender.jsp?id=1319897"
"Ministry of Health and Family Welfare","Health Services Division","Directorate General of Health Services (DGHS)","Madan Upazila Health Complex , Netrokona","","Netrokona","Goods","NCT","TENDER","Tender - Single Lot","UHC/Madan/Netrokona/2026-27/2","230068","1322274","Open Tendering Method (OTM)","Revenue","Government","Not applicable","Not applicable","UHC/Madan/Netrokona/2026-27/2 Procurement of Surgical Instruments for the FY 2026-27 at Madan Upazila Health Complex, Netrokona.","Medical and laboratory devices, optical and precision devices, watches and clocks, pharmaceuticals and related medical consumables; Health and social work services;Medical devices;Imaging equipment for medical, dental and veterinary use;Functional exploration;Dentistry;Medical non-chemical consumables and haematological consumables;Therapy;Operating techniques;Anaesthesia and resuscitation;Functional support;Miscellaneous medical devices;Instruments and appliances for measuring, checking, testing and navigating;Navigational, meteorological, geological and geophysical instruments;Remote-control equipment;Precision balances, instruments for drawing, calculating and measuring length;Instruments for measuring quantities;Instruments for checking physical characteristics;Checking and testing apparatus;Regulating and controlling instruments and apparatus;Non-medical equipment based on the use of radiations;Industrial process control equipment;Optical instruments;Spectacles and lenses;Polarising material;Astronomical and optical instruments;Liquid crystal devices;Photographic equipment;Horological instruments;Watches and clocks;Health services;Hospital and related services;Medical practice and related services;Dental practice and related services;Miscellaneous health services;Veterinary services;Social work and related services;Social work services;Social services","25-Aug-2026 10:00","06-Sep-2026 12:00","As Per TDS","Procurement of Surgical Instruments for the FY 2026-27 at Madan Upazila Health Complex, Netrokona.","Lot wise","Package wise","Package wise","1000","Payment through Bank","02-Jan-2027","02-Jan-2027","1","Procurement of Surgical Instruments for the FY 2026-27 at Madan Upazila Health Complex, Netrokona.","UHC Madan","35000","24-Sep-2026","31-Dec-2026","Muhammad  Nurul  Huda Khan","UH&FPO","Address : Madan , Netrokona City : Madan Thana : Madan District : Netrokona - 2490 Country : Bangladesh","Madan , Netrokona","Madan","Madan","Netrokona - 2490","09-52956004","","1574820.00, OTM","https://www.eprocure.gov.bd/resources/common/ViewTender.jsp?id=1322274"
"Ministry of Local Government","Rural Development and Co-operatives","Department of Public Health Engineering (DPHE)","Office of the Executive Engineer,DPHE,Satkhira","","Satkhira","Works","NCT","TENDER","Tender - Single Lot","46.03.2600.545.14.001.20-1518, Date: 11/08/2026","230188","1321812","Open Tendering Method (OTM)","Development","Government","224303400","Project for Safe Water Supply Throughout the Country.","PSWSC-3850. Installation of Deep Tube well (100x38) with Submersible Pump at Sadar Upazila-67 Nos and Kalaroa Upazila-96 Nos in Satkhira District under Project for Safe Water Supply Through Out The Country (PSWSC). FY-2026-2027.","Construction work;Site preparation work;Building demolition and wrecking work and earthmoving work;Test drilling and boring work;Works for complete or part construction and civil engineering work;Building construction work;Engineering works and construction works;Construction work for pipelines, communication and power lines, for highways, roads, airfields and railways; flatwork;Construction work for water projects;Construction works for plants, mining and manufacturing and for buildings relating to the oil and gas industry;Roof works and other special trade construction works;Building installation work;Electrical installation work;Insulation work;Plumbing and sanitary works;Fencing, railing and safety equipment installation work;Mechanical installations;Building completion work;Plastering work;Joinery and carpentry installation work;Floor and wall covering work;Painting and glazing work;Other building completion work;Hire of construction and civil engineering machinery and equipment with operator;Hire of cranes with operator;Hire of earthmoving equipment with operator","25-Aug-2026 13:00","07-Oct-2026 12:00","As per IFT Notice","PSWSC-3850. Installation of Deep Tube well (100x38) with Submersible Pump at Sadar Upazila-67 Nos and Kalaroa Upazila-96 Nos in Satkhira District under Project for Safe Water Supply Through Out The Country (PSWSC). FY-2026-2027.","Lot wise","Package wise","Package wise","4000","Payment through Bank","03-Apr-2027","03-Apr-2027","1","Installation of Deep Tube well (100x38) with Submersible Pump at Sadar Upazila-67 Nos and Kalaroa Upazila-96 Nos in Satkhira District under Project for Safe Water Supply Through Out The Country (PSWSC). FY-2026-2027.","Different Upazilla","700000","29-Oct-2026","30-Jun-2027","MD ZAHID PARVEZ","Executive Engineer","Address : DPHE,Katia,Satkhira City : Satkhira Thana : Satkhira Sadar District : Satkhira - 9400 Country : Bangladesh","DPHE,Katia,Satkhira","Satkhira","Satkhira Sadar","Satkhira - 9400","0471-63445","0471-63445","Not Found","https://www.eprocure.gov.bd/resources/common/ViewTender.jsp?id=1321812"
"Ministry of Home Affairs","","Bangladesh Police","Office of the Superintendent of Police, Moulvibazar","00133","Moulvibazar","Goods","NCT","TENDER","Tender - Single Lot","02/2026-2027/07","227107","1322586","Open Tendering Method (OTM)","Revenue","Government","Not applicable","Not applicable","02/2026-2027/07 Supply of wheat flour after grinding wheat for ration of Moulvibazar District Police Ration Store.","Agricultural, horticultural, hunting and related products; Crops, products of market gardening and horticulture; Live animals and animal products; Cattle and their products; Farm animals and their products; Pigs; Live poultry and eggs; Small live animals and their products; Products of mixed farming; Agricultural supplies;Cereals and other crops;Vegetables, horticultural products and nursery products;Fruit, nuts, beverage and spice crops","25-Aug-2026 11:00","08-Sep-2026 16:00","As Per Tender Documents","02/2026-2027/07 Supply of wheat flour after grinding wheat for ration of Moulvibazar District Police Ration Store.","Lot wise","Package wise","Package wise","1000","Payment through Bank","11-Dec-2026","11-Dec-2026","1","Supply of wheat flour after grinding wheat for ration of Moulvibazar District Police Ration Store.","Moulvibazar District Police Ration Store","35000","16-Sep-2026","23-Sep-2026","MD. MONIRUL ISLAM","SP","Address : Office of the Superintendent of Police, Moulvibazar City : Moulvibazar Thana : Moulvibazar Sadar District : Moulvibazar - 3200 Country : Bangladesh","Office of the Superintendent of Police, Moulvibazar","Moulvibazar","Moulvibazar Sadar","Moulvibazar - 3200","0861-52235","0861-63833","1596000.00, OTM","https://www.eprocure.gov.bd/resources/common/ViewTender.jsp?id=1322586"
"Ministry of Local Government","Rural Development and Co-operatives","Local Government Engineering Department (LGED)","Office of the Executive Engineer, LGED, Naogaon","","Naogaon","Works","NCT","TENDER","Tender - Single Lot","APP ID - 227252","227252","1316922","Open Tendering Method (OTM)","Development","Government","224397700","Naogaon District Rural Infrastructure Development Project","NDRIDP/W-504 Improvement work of Road by 40mm thick bituminous surfacing wearing course on Jamalpur UNR-Parashauli BGB Road from Ch: 00-1000m & Construction of 01 no U-Drain Size (7.00mx0.625mx0.600m) at Ch:581m under Patnitala Upazila, District: Naogaon. Road ID: 164755086 Salvaged Cost Tk. 7,03,743.00","Construction work;Site preparation work;Building demolition and wrecking work and earthmoving work;Test drilling and boring work;Works for complete or part construction and civil engineering work;Building construction work;Engineering works and construction works;Construction work for pipelines, communication and power lines, for highways, roads, airfields and railways; flatwork;Construction work for water projects;Construction works for plants, mining and manufacturing and for buildings relating to the oil and gas industry;Roof works and other special trade construction works;Building installation work;Electrical installation work;Insulation work;Plumbing and sanitary works;Fencing, railing and safety equipment installation work;Mechanical installations;Building completion work;Plastering work;Joinery and carpentry installation work;Floor and wall covering work;Painting and glazing work;Other building completion work;Hire of construction and civil engineering machinery and equipment with operator;Hire of cranes with operator;Hire of earthmoving equipment with operator","25-Aug-2026 10:00","13-Sep-2026 17:00","As per TDS, PCC & IFT.","NDRIDP/W-504 Improvement work of Road by 40mm thick bituminous surfacing wearing course on Jamalpur UNR-Parashauli BGB Road from Ch: 00-1000m & Construction of 01 no U-Drain Size (7.00mx0.625mx0.600m) at Ch:581m under Patnitala Upazila, District: Naogaon. Road ID: 164755086 Salvaged Cost Tk. 7,03,743.00","Lot wise","Package wise","Package wise","2500","Payment through Bank","11-Mar-2027","11-Mar-2027","1","Improvement work of Road by 40mm thick bituminous surfacing wearing course on Jamalpur UNR-Parashauli BGB Road from Ch: 00-1000m & Construction of 01 no U-Drain Size (7.00mx0.625mx0.600m) at Ch:581m under Patnitala Upazila, District: Naogaon. Road ID: 164755086 Salvaged Cost Tk. 7,03,743.00","Patnitala Upazila","200000","01-Feb-2027","01-Feb-2028","Md, Badruddoza","Executive Engineer","Address : XEN Office, LGED, Naogaon City : Naogaon Thana : Atrai District : Naogaon - 6500 Country : Bangladesh","XEN Office, LGED, Naogaon","Naogaon","Atrai","Naogaon - 6500","0741-62416","","12000000.00, OTM","https://www.eprocure.gov.bd/resources/common/ViewTender.jsp?id=1316922"
"Ministry of Home Affairs","","Bangladesh Police","Khulna Metropoliton Police, Khulna","","Khulna","Goods","NCT","TENDER","Tender - Single Lot","KMP-Ration-Wheat Crushing-2026-27 Q2","225825","1322635","Open Tendering Method (OTM)","Revenue","Government","Not applicable","Not applicable","KMP-Ration-Wheat Crushing-2026-27 Q2 Procurement of Wheat Crushing for the 2nd Quarter 2026-2027 for KMP, Khulna","Crops, products of market gardening and horticulture; Agricultural, horticultural, hunting and related products; Agricultural supplies; Grain mill products, starches and starch products; Food products and beverages;Cereals and other crops;Vegetables, horticultural products and nursery products;Fruit, nuts, beverage and spice crops;Grain mill products;Starches and starch products","25-Aug-2026 10:00","08-Sep-2026 13:00","Required eligibility and conditions are provided in TDS and PCC.","Procurement of Wheat Crushing for the 2nd Quarter 2026-2027 for KMP, Khulna","Lot wise","Package wise","Package wise","2500","Payment through Bank","04-Jan-2027","04-Jan-2027","01","Procurement of Wheat Crushing for the 2nd Quarter 2026-2027 for KMP, Khulna","KMP HQ, Khulna","120000","01-Oct-2026","31-Dec-2026","ABDULAH-AL-MASUM","Deputy Police Commissioner","Address : Khulna Metropoliton Police, Khulna City : Khulna Thana : Khulna City Corporation District : Khulna - 9000 Country : Bangladesh","Khulna Metropoliton Police, Khulna","Khulna","Khulna City Corporation","Khulna - 9000","02-477727569","02-477721358","Not Found","https://www.eprocure.gov.bd/resources/common/ViewTender.jsp?id=1322635"
"Prime Minister's Office","","Bangladesh Export Processing Zones Authority (BEPZA)","Office of Superintending Engineer, CUMEPZ","","Cumilla","Works","NCT","TENDER","Tender - Single Lot","Guide Wall/26","227547","1320111","Open Tendering Method (OTM)","Own Fund","Own Fund","Not applicable","Not applicable","03.06.1933.325.07.034.26 Repair & Painting of Island-guide wall from gat no. 2 to Noagaon-Chowmuhani (Gate # 03) at Cumilla EPZ.","Repair and maintenance services of building installations; Repair, maintenance and installation services; Repair and maintenance services of electrical and mechanical building installations; Repair and maintenance services of central heating; Repair and maintenance services of cooler groups; Repair and maintenance services of escalators; Lift-maintenance services;","25-Aug-2026 12:45","08-Sep-2026 12:45","The minimum number of years of General experience of the Tenderer in Civil repair work shall be 05 (Five) years. The tenderer shall submit first trade license or certificate of incorporation or any relevant documents in order to prove minimum general experience. The Tenderer must have successful completion experience of Civil repair work in a single contract amounting not less than BDT 10 Lakh during last five (05) years in Govt./Semi-Govt./Autonomous Bodies.The work completion certificates shall have to be issued by the Officer not below the rank of an Executive Engineer or equivalent Officer of concerned Department/Organization. The required average annual construction turnover shall be greater than BDT 20 Lakh over the best three (3) years in the last five (5) years. The minimum amount of liquid assets i.e. working capital or credit line(s) of the Tenderer shall be BDT 08 Lakh in the specified format of PPR 2008 & 2025. The minimum Tender Capacity shall be BDT 10 Lakh. Black listed/debarred bidders from any Govt./Semi-Govt./Autonomous organization will be treated as ineligible to participate in the Tender. Up-to-date trade license, Income Tax clearance certificate, BIN, VAT registration certificate. All other criteria will be taken according to the Public Procurement Act-2006, PPR-2008 and its amendment. & PPR-2025","Repair & Painting of Island-guide wall from gate no. 2 to Noagaon-Chowmuhani (Gate # 03) at Cumilla EPZ.","Lot wise","Package wise","Package wise","1000","Payment through Bank","03-Feb-2027","03-Feb-2027","1","Repair & Painting of Island-guide wall from gat no. 2 to Noagaon-Chowmuhani (Gate # 03) at Cumilla EPZ.","Old Air Port Area, Cumilla EPZ","42500","08-Oct-2026","08-Dec-2026","Md Kabir Hossain","Executive Engineer(C)","Address : Airport Area, Cumilla City : Cumilla Thana : Cumilla Sadar Daksin District : Cumilla - 3500 Country : Bangladesh","Airport Area, Cumilla","Cumilla","Cumilla Sadar Daksin","Cumilla - 3500","081-77055","","Not Found","https://www.eprocure.gov.bd/resources/common/ViewTender.jsp?id=1320111"
"Ministry of Housing and Public Works","","Cox's Bazar Development Authority","Cox's Bazar Development Authority","","Cox's Bazar","Goods","NCT","TENDER","Tender - Single Lot","CoxDA/Rev/2026-27/Gardening","228315","1323320","Open Tendering Method (OTM)","Revenue","Government","Not applicable","Not applicable","CoxDA/Rev/2026-27/Gardening Supply, Planting and Related Gardening Materials for Coxs Bazar Development Authority, FY 2026-27","Agricultural, horticultural, hunting and related products; Crops, products of market gardening and horticulture; Live animals and animal products; Products of mixed farming; Agricultural supplies;Cereals and other crops;Vegetables, horticultural products and nursery products;Fruit, nuts, beverage and spice crops;Cattle and their products;Farm animals and their products;Pigs;Live poultry and eggs;Small live animals and their products","25-Aug-2026 13:00","06-Sep-2026 14:00","as per TDS","Supply, Planting and Related Gardening Materials for Coxs Bazar Development Authority, FY 2026-27","Lot wise","Package wise","Package wise","500","Payment through Bank","03-Dec-2026","03-Dec-2026","1","Supply, Planting and Related Gardening Materials for Coxs Bazar Development Authority, FY 2026-27","Coxs Bazar","7000","01-Oct-2026","30-Jun-2027","Abu Nayeem Md.Talat","Member (Engineer)","Address : CoxDA Bhaban, Circuit House Road, Cox's Bazar. City : Cox's Bazar Thana : Cox'S Bazar Sadar District : Cox's Bazar - 4700 Country : Bangladesh","CoxDA Bhaban, Circuit House Road, Cox's Bazar.","Cox's Bazar","Cox'S Bazar Sadar","Cox's Bazar - 4700","02-334462520","02-334462522","Not Found","https://www.eprocure.gov.bd/resources/common/ViewTender.jsp?id=1323320"
"Ministry of Local Government","Rural Development and Co-operatives","Local Government Engineering Department (LGED)","Office of the Executive Engineer, LGED, Naogaon","","Naogaon","Works","NCT","TENDER","Tender - Single Lot","APP ID - 227252","227252","1316921","Open Tendering Method (OTM)","Development","Government","224397700","Naogaon District Rural Infrastructure Development Project","NDRIDP/W-527 Improvement work (BC) of Shurhatti UZR-Shurhatti Dewanpara Road from Ch: 00-935m & Construction of 05 nos U-Drain Size (7.00mx0.625mx0.600m) at Ch:190m, Ch:280m, Ch:395m, Ch:601m & Ch:703m under Patnitala Upazila, District: Naogaon. Road ID: 164755099 Salvaged Cost Tk. 21,33,789.00","Construction work;Site preparation work;Building demolition and wrecking work and earthmoving work;Test drilling and boring work;Works for complete or part construction and civil engineering work;Building construction work;Engineering works and construction works;Construction work for pipelines, communication and power lines, for highways, roads, airfields and railways; flatwork;Construction work for water projects;Construction works for plants, mining and manufacturing and for buildings relating to the oil and gas industry;Roof works and other special trade construction works;Building installation work;Electrical installation work;Insulation work;Plumbing and sanitary works;Fencing, railing and safety equipment installation work;Mechanical installations;Building completion work;Plastering work;Joinery and carpentry installation work;Floor and wall covering work;Painting and glazing work;Other building completion work;Hire of construction and civil engineering machinery and equipment with operator;Hire of cranes with operator;Hire of earthmoving equipment with operator","25-Aug-2026 10:00","13-Sep-2026 17:00","As per TDS, PCC & IFT.","NDRIDP/W-527 Improvement work (BC) of Shurhatti UZR-Shurhatti Dewanpara Road from Ch: 00-935m & Construction of 05 nos U-Drain Size (7.00mx0.625mx0.600m) at Ch:190m, Ch:280m, Ch:395m, Ch:601m & Ch:703m under Patnitala Upazila, District: Naogaon. Road ID: 164755099 Salvaged Cost Tk. 21,33,789.00","Lot wise","Package wise","Package wise","2500","Payment through Bank","11-Mar-2027","11-Mar-2027","1","Improvement work (BC) of Shurhatti UZR-Shurhatti Dewanpara Road from Ch: 00-935m & Construction of 05 nos U-Drain Size (7.00mx0.625mx0.600m) at Ch:190m, Ch:280m, Ch:395m, Ch:601m & Ch:703m under Patnitala Upazila, District: Naogaon. Road ID: 164755099 Salvaged Cost Tk. 21,33,789.00","Patnitala Upazila","200000","01-Feb-2027","01-Feb-2028","Md, Badruddoza","Executive Engineer","Address : XEN Office, LGED, Naogaon City : Naogaon Thana : Atrai District : Naogaon - 6500 Country : Bangladesh","XEN Office, LGED, Naogaon","Naogaon","Atrai","Naogaon - 6500","0741-62416","","12000000.00, OTM","https://www.eprocure.gov.bd/resources/common/ViewTender.jsp?id=1316921"
"Ministry of Home Affairs","","Bangladesh Police","Khulna Metropoliton Police, Khulna","","Khulna","Goods (Framework Agreement)","NCT","TENDER","Tender - Single Lot","KMP-Other Machineries and Equipment Repair-2026-27","225825","1321981","Open Tendering Method (OTM)","Revenue","Government","Not applicable","Not applicable","KMP-Other Machineries and Equipment Repair-2026-27 Repair of Other Machineries and Equipment for KMP of the fiscal Year-2026-27","Machinery for the production and use of mechanical power; Machinery, equipment, appliances, apparatus and associated products; Machine tools; Special-purpose machinery and parts; Machinery, equipment, appliances, apparatus and associated products; Miscellaneous equipment; Repair and maintenance services for pumps, valves, taps and metal containers and machinery; Repair, maintenance and installation services; Miscellaneous repair and maintenance services;Turbines and motors;Pumps and compressors;Taps, cocks, valves and similar appliances;Gears, gearing and driving elements;Machine tools operated by laser and machining centres;Lathes, boring and milling machine tools;Metal-working machine tools;Machine tools for working hard materials except metals;Pneumatic or motorised hand tools;Soldering, brazing and welding tools, surface tempering and hot-spraying machines and equipment;Parts and accessories of machine tools;Machinery for metallurgy and associated parts;Machinery for mining, quarrying and construction;Machinery for food, beverage and tobacco processing and associated parts;Machinery for textile, apparel and leather production;Machinery for paper or paperboard production;Miscellaneous special-purpose machinery;Transport related equipment;Workshop equipment;Construction equipment;Catering equipment;Emergency and security equipment;Technical equipment;Miscellaneous equipment n.e.c.;Repair and maintenance services of pumps, valves, taps and metal containers;Repair and maintenance services of machinery;Repair services of jewellery;Repair services of leather personal goods;Repair services of garments and textiles;Repair and maintenance services of weapons and weapon systems;Repair and maintenance services of furniture;Repair and maintenance services of musical instruments;Repair and maintenance services of playground equipment;Repair and maintenance services of hotel and restaurant equipment","25-Aug-2026 10:00","08-Sep-2026 13:00","Required eligibility and conditions are provided in TDS and PCC","Repair of Other Machineries and Equipment for KMP of the fiscal Year-2026-27","Lot wise","Package wise","Package wise","500","Payment through Bank","04-Jan-2027","04-Jan-2027","1","Repair of Other Machineries and Equipment for KMP of the fiscal Year-2026-27","KMP HQ, Khulna","12000","15-Sep-2026","30-Jun-2027","ABDULAH-AL-MASUM","Deputy Police Commissioner","Address : Khulna Metropoliton Police, Khulna City : Khulna Thana : Khulna City Corporation District : Khulna - 9000 Country : Bangladesh","Khulna Metropoliton Police, Khulna","Khulna","Khulna City Corporation","Khulna - 9000","02-477727569","02-477721358","Not Found","https://www.eprocure.gov.bd/resources/common/ViewTender.jsp?id=1321981"
"Ministry of Home Affairs","","Bangladesh Police","Khulna Metropoliton Police, Khulna","","Khulna","Goods (Framework Agreement)","NCT","TENDER","Tender - Single Lot","KMP-Furniture Repair-2026-27","225825","1321604","Open Tendering Method (OTM)","Revenue","Government","Not applicable","Not applicable","KMP-Furniture Repair-2026-27 Furniture Repair for KMP of the fiscal Year-2026-27","Furniture; Manufactured goods, furniture, handicrafts, special-purpose products and associated consumables; Miscellaneous repair and maintenance services;Seats, chairs and associated parts;Non-domestic furniture;Domestic furniture;Miscellaneous furniture and equipment;School furniture;Repair services of jewellery;Repair services of leather personal goods;Repair services of garments and textiles;Repair and maintenance services of weapons and weapon systems;Repair and maintenance services of furniture;Repair and maintenance services of musical instruments;Repair and maintenance services of playground equipment;Repair and maintenance services of hotel and restaurant equipment","25-Aug-2026 10:00","08-Sep-2026 13:00","Required eligibility and conditions are provided in TDS and PCC","Furniture Repair for KMP of the fiscal Year-2026-27","Lot wise","Package wise","Package wise","500","Payment through Bank","04-Jan-2027","04-Jan-2027","1","Furniture Repair for KMP of the fiscal Year-2026-27","KMP HQ, Khulna","7500","15-Sep-2026","30-Jun-2027","ABDULAH-AL-MASUM","Deputy Police Commissioner","Address : Khulna Metropoliton Police, Khulna City : Khulna Thana : Khulna City Corporation District : Khulna - 9000 Country : Bangladesh","Khulna Metropoliton Police, Khulna","Khulna","Khulna City Corporation","Khulna - 9000","02-477727569","02-477721358","Not Found","https://www.eprocure.gov.bd/resources/common/ViewTender.jsp?id=1321604"
"Ministry of Agriculture","","Department of Agricultural Extension (DAE)","Increasing Cropping Intensity in Greater Mymensingh Region Project","","Dhaka","Works","NCT","TENDER","Tender - Single Lot","12.02.0000.120.07.07.(part-1)2025.1597","230452","1320250","Open Tendering Method (OTM)","Development","Government","224321400","Increasing Cropping Intensity in Greater Mymensingh Region Project","WD/DAE-3/5 Installation of a substation with the construction of a one-storey building.","Electrical machinery, apparatus, equipment and consumables; Electric motors, generators and transformers; Electricity distribution and control apparatus; Insulated wire and cable; Accumulators, primary cells and primary batteries; Lighting equipment and electric lamps; Electrical equipment and apparatus; Electronic, electromechanical and electrotechnical supplies; Construction work;Electric motors;Generators;Alternators;Cooling towers;Ballasts for discharge lamps or tubes;Parts of electric motors, generators and transformers;Transformers;Electrical apparatus for switching or protecting electrical circuits;Electrical circuit components;Parts of electricity distribution or control apparatus;Mains;Power distribution cables;Coaxial cable;Insulated cable accessories;Electric conductors for data and control purposes;Primary cells;Primary batteries;Electric accumulators;Electric filament lamps;Lamps and light fittings;Parts of lamps and lighting equipment;Electrical equipment for engines and vehicles;Sound or visual signalling apparatus;Magnets;Machines and apparatus with individual functions;Insulating fittings;Carbon electrodes;Electrical parts of machinery or apparatus;Electrical supplies and accessories;Electronic equipment;Electromechanical equipment;Electrotechnical equipment;Site preparation work;Building demolition and wrecking work and earthmoving work;Test drilling and boring work;Works for complete or part construction and civil engineering work;Building construction work;Engineering works and construction works;Construction work for pipelines, communication and power lines, for highways, roads, airfields and railways; flatwork;Construction work for water projects;Construction works for plants, mining and manufacturing and for buildings relating to the oil and gas industry;Roof works and other special trade construction works;Building installation work;Electrical installation work;Insulation work;Plumbing and sanitary works;Fencing, railing and safety equipment installation work;Mechanical installations;Building completion work;Plastering work;Joinery and carpentry installation work;Floor and wall covering work;Painting and glazing work;Other building completion work;Hire of construction and civil engineering machinery and equipment with operator;Hire of cranes with operator;Hire of earthmoving equipment with operator","25-Aug-2026 10:00","10-Sep-2026 13:00","Open to all tenderers who are experienced in civil or related works. Tenderers should have working experience in any Govt./Semi Govt. Organization and they have qualities as per the Tender Data Sheet (TDS) of the tender document.","Installation of a substation with the construction of a one-storey building","Lot wise","Package wise","Package wise","2500","Payment through Bank","06-Jan-2027","06-Jan-2027","1","Installation of a substation with the construction of a one-storey building","Additional Director Office, Department of Agricultural Extension, Mymensingh Region, Mymensingh","170000","15-Oct-2026","29-Apr-2027","MD. MOSTAFA KAMAL","Project Director","Address : Department of Agricultural Extension.
Room no# 411 (3rd Floor),
Khamarbari, Farmgate, Dhaka. City : Dhaka Thana : Tejgaon District : Dhaka - 1215 Country : Bangladesh","","Dhaka","Tejgaon","Dhaka - 1215","02-55028211","","6350000.00, OTM","https://www.eprocure.gov.bd/resources/common/ViewTender.jsp?id=1320250"
"Ministry of Road Transport and Bridges","Road Transport and Highways Division","Roads & Highways Department (RHD)","Ferry Construction Division, Dhaka","eefeddha","Dhaka","Goods","NCT","TENDER","Tender - Single Lot","Memo No:35.01.0000.157.07.001.26-152, Date:11.8.26","228214","1321658","Open Tendering Method (OTM)","Revenue","Government","Not applicable","Not applicable","04/egp/FCD/2026-27 Supplying of Filter, AC Pump & Other spare parts for 375 HP MAN Engine (Model-D- 2676LE441) at different Ferryghat under RHD, Ferry Sub-Division, Faridpur during the Fiscal year 2026-2027.","Repair, maintenance and associated services related to marine and other equipment; Repair, maintenance and associated services related to aircraft, railways, roads and marine equipment;","25-Aug-2026 12:00","09-Sep-2026 16:00","All tenderers who have registered in e-GP system may participate in the tender provided that they fulfill the criteria as stated in Tender Document (TDS & PCC).","Supplying of Filter, AC Pump & Other spare parts for 375 HP MAN Engine (Model-D- 2676LE441) at different Ferryghat under RHD, Ferry Sub-Division, Faridpur during the Fiscal year 2026-2027.","Lot wise","Package wise","Package wise","500","Payment through Bank","06-Jan-2027","06-Jan-2027","01","Supplying of Fiter, AC Pump & Other spare parts for 375 HP MAN Engine (Model-D- 2676LE441) at different Ferryghat under RHD, Ferry Sub-Division, Faridpur during the Fiscal year 2026-2027.","Ferry Sub-Division, Faridpur","11500","20-Sep-2026","30-Sep-2026","Md. Azam Shaikh","Executive Engineer","Address : Ferry Construction Division, Dhaka City : Dhaka Thana : Dhaka North City Corporation District : Dhaka - 1208 Country : Bangladesh","Ferry Construction Division, Dhaka","Dhaka","Dhaka North City Corporation","Dhaka - 1208","02-8879377","02-8879377","Not Found","https://www.eprocure.gov.bd/resources/common/ViewTender.jsp?id=1321658"
"Ministry of Local Government","Rural Development and Co-operatives","Local Government Engineering Department (LGED)","Office of the Superintending Engineer, ICT Unit, LGED HQ","","Dhaka","Goods","NCT","TENDER","Tender - Single Lot","APP ID 229475","229475","1321382","Open Tendering Method (OTM)","Revenue","Government","Not applicable","Not applicable","LGED/ICT/2026-27/G1 Procurement of Zimbra Collaboration Suite - Professional Edition & Zimbra Network - Standard Edition","Software; Computer equipment and supplies;","25-Aug-2026 09:00","09-Sep-2026 16:00","AS mentioned in the TDS","Procurement of Zimbra Collaboration Suite - Professional Edition & Zimbra Network - Standard Edition","Lot wise","Package wise","Package wise","2500","Payment through Bank","06-Jan-2027","06-Jan-2027","1","Procurement of Zimbra Collaboration Suite - Professional Edition & Zimbra Network - Standard Edition","ICT Unit, LGED HQs,Dhaka","350000","01-Oct-2026","29-Oct-2026","Sk. Md. Abu Zakir Sekander","Superintending Engineer","Address : Level-4, LGED Bhaban, Agargaon, Dhaka City : Dhaka Thana : Dhaka North City Corporation District : Dhaka - 1207 Country : Bangladesh","Level-4, LGED Bhaban, Agargaon, Dhaka","Dhaka","Dhaka North City Corporation","Dhaka - 1207","02-8181503","","13700000.00, OTM","https://www.eprocure.gov.bd/resources/common/ViewTender.jsp?id=1321382"
"Ministry of Home Affairs","","Bangladesh Police","RAB-12, Sirajganj","00097","Sirajganj","Goods","NCT","TENDER","Tender - Single Lot","RAB-12/10108/PLA/2026-2027/1 dt. 01-06-2026","222410","1322852","Open Tendering Method (OTM)","Revenue","Government","Not applicable","Not applicable","Edible Oil/2026-2027/1st qtr Edible Oil (S/Oil)","Food products and beverages; Animal products, meat and meat products; Prepared and preserved fish; Fruit, vegetables and related products; Animal or vegetable oils and fats; Dairy products; Grain mill products, starches and starch products; Animal feedstuffs; Miscellaneous food products; Beverages;Meat;Animal wool, hides and skins;Meat products;Fish fillets, fish livers and roe;Frozen fish, fish fillets and other fish meat;Dried or salted fish; fish in brine; smoked fish;Canned or tinned fish and other prepared or preserved fish;Seafood;Potatoes and potato products;Fruit and vegetable juices;Fruit and vegetables;Crude animal or vegetable oils and fats;Refined oils and fats;Edible fats;Milk and cream;Butter;Cheese products;Assorted dairy products;Grain mill products;Starches and starch products;Prepared animal feeds for farm and other animals;Bread products, fresh pastry goods and cakes;Rusks and biscuits; preserved pastry goods and cakes;Sugar and related products;Cocoa; chocolate and sugar confectionery;Pasta products;Coffee, tea and related products;Condiments and seasonings;Special nutritional products;Miscellaneous food products n.e.c. and dried goods;Distilled alcoholic beverages;Wines;Cider and other fruit wines;Non-distilled fermented beverages;Malt beer;Non-alcoholic beverages","25-Aug-2026 10:00","30-Aug-2026 10:00","As per TDS","Edible Oil (S/Oil)","Lot wise","Package wise","Package wise","1500","Payment through Bank","26-Dec-2026","26-Dec-2026","1","Edible Oil (S/Oil)","RAB-12, Sirajgonj","75000","31-Aug-2026","30-Sep-2026","MD. MOMINUR RAHMAN","ASP","Address : RAB-12, Sirajganj City : Siraganj Thana : Ullapara District : Sirajganj - 6701 Country : Bangladesh","RAB-12, Sirajganj","Siraganj","Ullapara","Sirajganj - 6701","0751-51311","","Not Found","https://www.eprocure.gov.bd/resources/common/ViewTender.jsp?id=1322852"
"Prime Minister's Office","","Bangladesh Export Processing Zones Authority (BEPZA)","Office of Superintending Engineer, CUMEPZ","","Cumilla","Works","NCT","TENDER","Tender - Single Lot","Footpath Facxtory Bay Area/26","227547","1320069","Open Tendering Method (OTM)","Own Fund","Own Fund","Not applicable","Not applicable","03.06.1933.325.07.029.26 Repair & Up-gradation of existing footpath at factory bay area in Cumilla EPZ","Repair and maintenance services of building installations; Repair, maintenance and installation services; Repair and maintenance services of electrical and mechanical building installations; Repair and maintenance services of central heating; Repair and maintenance services of cooler groups; Repair and maintenance services of escalators; Lift-maintenance services;","25-Aug-2026 12:30","08-Sep-2026 12:45","The minimum number of years of General experience of the Tenderer in Civil repair work shall be 05 (Five) years. The tenderer shall submit first trade license or certificate of incorporation or any relevant documents in order to prove minimum general experience. The Tenderer must have successful completion experience of Civil work in a single contract amounting not less than BDT 20 Lakh during last five (05) years in Govt./Semi-Govt./Autonomous Bodies.The work completion certificates shall have to be issued by the Officer not below the rank of an Executive Engineer or equivalent Officer of concerned Department/Organization. The required average annual construction turnover shall be greater than BDT 35 Lakh over the best three (3) years in the last five (5) years. The minimum amount of liquid assets i.e. working capital or credit line(s) of the Tenderer shall be BDT 10 Lakh in the specified format of PPR 2008 & 2025. The minimum Tender Capacity shall be BDT 20 Lakh. Black listed/debarred bidders from any Govt./Semi-Govt./Autonomous organization will be treated as ineligible to participate in the Tender. Up-to-date trade license, Income Tax clearance certificate, BIN, VAT registration certificate. All other criteria will be taken according to the Public Procurement Act-2006, PPR-2008 and its amendment. & PPR-2025","Repair & Up-gradation of existing footpath at factory bay area in Cumilla EPZ","Lot wise","Package wise","Package wise","1500","Payment through Bank","03-Feb-2027","03-Feb-2027","1","Repair & Up-gradation of existing footpath at factory bay area in Cumilla EPZ","Old Air Port Area,  Cumilla EPZ","85000","12-Oct-2026","10-Dec-2026","Md Kabir Hossain","Executive Engineer(C)","Address : Airport Area, Cumilla City : Cumilla Thana : Cumilla Sadar Daksin District : Cumilla - 3500 Country : Bangladesh","Airport Area, Cumilla","Cumilla","Cumilla Sadar Daksin","Cumilla - 3500","081-77055","","Not Found","https://www.eprocure.gov.bd/resources/common/ViewTender.jsp?id=1320069"
"Ministry of Health and Family Welfare","Health Services Division","Directorate General of Health Services (DGHS)","Madan Upazila Health Complex , Netrokona","","Netrokona","Goods","NCT","TENDER","Tender - Single Lot","UHC/Madan/Netrokona/2026-27/5","230068","1322278","Open Tendering Method (OTM)","Revenue","Government","Not applicable","Not applicable","UHC/Madan/Netrokona/2026-27/5 Procurement of Medical Furniture for the FY 2026-27 at Madan Upazila Health Complex, Netrokona.","Medical and laboratory devices, optical and precision devices, watches and clocks, pharmaceuticals and related medical consumables; Health and social work services;Medical devices;Imaging equipment for medical, dental and veterinary use;Functional exploration;Dentistry;Medical non-chemical consumables and haematological consumables;Therapy;Operating techniques;Anaesthesia and resuscitation;Functional support;Miscellaneous medical devices;Instruments and appliances for measuring, checking, testing and navigating;Navigational, meteorological, geological and geophysical instruments;Remote-control equipment;Precision balances, instruments for drawing, calculating and measuring length;Instruments for measuring quantities;Instruments for checking physical characteristics;Checking and testing apparatus;Regulating and controlling instruments and apparatus;Non-medical equipment based on the use of radiations;Industrial process control equipment;Optical instruments;Spectacles and lenses;Polarising material;Astronomical and optical instruments;Liquid crystal devices;Photographic equipment;Horological instruments;Watches and clocks;Health services;Hospital and related services;Medical practice and related services;Dental practice and related services;Miscellaneous health services;Veterinary services;Social work and related services;Social work services;Social services","25-Aug-2026 10:00","06-Sep-2026 12:00","As Per TDS","Procurement of Medical Furniture for the FY 2026-27 at Madan Upazila Health Complex, Netrokona.","Lot wise","Package wise","Package wise","500","Payment through Bank","02-Jan-2027","02-Jan-2027","1","Procurement of Medical Furniture for the FY 2026-27 at Madan Upazila Health Complex, Netrokona.","UHC Madan","7000","24-Sep-2026","31-Dec-2026","Muhammad  Nurul  Huda Khan","UH&FPO","Address : Madan , Netrokona City : Madan Thana : Madan District : Netrokona - 2490 Country : Bangladesh","Madan , Netrokona","Madan","Madan","Netrokona - 2490","09-52956004","","314964.00, OTM","https://www.eprocure.gov.bd/resources/common/ViewTender.jsp?id=1322278"
"Ministry of Health and Family Welfare","Health Services Division","Directorate General of Health Services (DGHS)","Lalpur Upazila Health Complex","","Natore","Goods","NCT","TENDER","Tender - Single Lot","UHC/LAL/NAT/26/702","229924","1317746","Open Tendering Method (OTM)","Revenue","Government","Not applicable","Not applicable","UHC/LAL/NAT/26/702 Procurement of Non-EDCL Medicine FY-2026-2027","Medical and laboratory devices, optical and precision devices, watches and clocks, pharmaceuticals and related medical consumables; Medical devices; Instruments and appliances for measuring, checking, testing and navigating; Industrial process control equipment; Optical instruments; Horological instruments;Imaging equipment for medical, dental and veterinary use;Functional exploration;Dentistry;Medical non-chemical consumables and haematological consumables;Therapy;Operating techniques;Anaesthesia and resuscitation;Functional support;Miscellaneous medical devices;Navigational, meteorological, geological and geophysical instruments;Remote-control equipment;Precision balances, instruments for drawing, calculating and measuring length;Instruments for measuring quantities;Instruments for checking physical characteristics;Checking and testing apparatus;Regulating and controlling instruments and apparatus;Non-medical equipment based on the use of radiations;Spectacles and lenses;Polarising material;Astronomical and optical instruments;Liquid crystal devices;Photographic equipment;Watches and clocks","25-Aug-2026 08:00","07-Sep-2026 10:30","Procurement of Non-EDCL Medicine FY-2026-2027","Procurement of Non-EDCL Medicine FY-2026-2027","Lot wise","Package wise","Package wise","1500","Payment through Bank","04-Feb-2027","04-Feb-2027","Single","Procurement of Non-EDCL Medicine FY-2026-2027","UHC Lalpur Natore","66400","15-Sep-2026","31-Dec-2026","Dr.Md. Munzur Rahman","UH&FPO","Address : Lalpur Upazila Health Complex, Natore City : Lalpur Thana : Lalpur District : Natore - 6421 Country : Bangladesh","Lalpur Upazila Health Complex, Natore","Lalpur","Lalpur","Natore - 6421","07725-75003","","3316000.00, OTM","https://www.eprocure.gov.bd/resources/common/ViewTender.jsp?id=1317746"
"Ministry of Local Government","Rural Development and Co-operatives","Department of Public Health Engineering (DPHE)","Office of the Executive Engineer, DPHE,Jhenaidah","","Jhenaidah","Works","NCT","TENDER","Tender - Single Lot","MemoNo:46.03.4400.061.20.26-1086; dt: 20/08/2026","230560","1320820","Open Tendering Method (OTM)","Development","Government","224303400","Project for Safe Water Supply Throughout the Country.","PSWSC-8635 Instalation of 136 (One Hunderd Thirty Six) nos. Deep Tube Well (100X38 mm dia) with Submersible Pump at Jhenaidah Sadar Upazila & 64 (Sixty Four) nos. Deep Tube Well (100X38 mm dia) with Submersible Pump at Harinakundu Upazila in DPHE Jhenaidah District under Project of Safe Water Supply throughout the country (PSWSC). FY: 2026-2027.","Water distribution and related services; Public utilities;Water distribution;Operation of a water-purification plant;Operation of water supplies","25-Aug-2026 09:00","07-Sep-2026 16:00","The tenderer must have the following eligibilities: a) The tenderer must have the valid trade licence b) The tenderer must have the valid VAT & TIN certificates c) if any tenderer submit false or fake any kind of tender related document they will be consider as a technically non responsive , Also will take step according to the guide line of  PPA-2006 & PPR-2025 (consider last amendmet) .","PSWSC-8635 Instalation of 136 (One Hunderd Thirty Six) nos. Deep Tube Well (100X38 mm dia) with Submersible Pump at Jhenaidah Sadar Upazila & 64 (Sixty Four) nos. Deep Tube Well (100X38 mm dia) with Submersible Pump at Harinakundu Upazila in DPHE Jhenaidah District under Project of Safe Water Supply throughout the country (PSWSC). FY: 2026-2027.","Lot wise","Package wise","Package wise","4000","Payment through Bank","04-Jan-2027","04-Jan-2027","1","Instalation of 136 (One Hunderd Thirty Six) nos. Deep Tube Well (100X38 mm dia) with Submersible Pump at Jhenaidah Sadar Upazila & 64 (Sixty Four) nos. Deep Tube Well (100X38 mm dia) with Submersible Pump at Harinakundu Upazila in DPHE Jhenaidah District under Project of Safe Water Supply throughout the country (PSWSC). FY: 2026-2027.","At Sadar and Horinakundu Upazila of Jhenaidah","600000","30-Nov-2026","14-Jun-2027","Md. Akmol Hosen","Executive Engineer","Address : Office of the Executive Engineer, DPHE,Jhenaidah City : Jhenaidah Thana : Jhenaidah Sadar District : Jhenaidah - 7300 Country : Bangladesh","Office of the Executive Engineer, DPHE,Jhenaidah","Jhenaidah","Jhenaidah Sadar","Jhenaidah - 7300","04-5162357","","23255966.60, OTM","https://www.eprocure.gov.bd/resources/common/ViewTender.jsp?id=1320820"
"Ministry of Shipping","","Chittagong Port Authority","Plant Manager","","Chattogram","Works","NCT","TENDER","Tender - Single Lot","18.13.0000.382.382.07.008.25","215899","1297965","Open Tendering Method (OTM)","Own Fund","Own Fund","Not applicable","Not applicable","18.13.0000.382.382.07.008.25_ABR2 R3 R1 Local Repair & Fabrication works of 65 different Components (with necessary spare/accessories) of various equipment of Zonal Workshop-AB.","Repair, maintenance and installation services;Repair, maintenance and associated services of vehicles and related equipment;Repair and maintenance services of motor vehicles and associated equipment;Demolition services of vehicles;Repair, maintenance and associated services related to aircraft, railways, roads and marine equipment;Repair, maintenance and associated services related to aircraft and other equipment;Repair, maintenance and associated services related to railways and other equipment;Repair, maintenance and associated services related to roads and other equipment;Repair, maintenance and associated services related to marine and other equipment;Repair, maintenance and associated services related to personal computers, office equipment, telecommunications and audio-visual equipment;Maintenance and repair of office machinery;Repair and maintenance services of personal computers;Maintenance services of telecommunications equipment;Repair and maintenance services of audio-visual and optical equipment;Repair and maintenance services of medical and precision equipment;Repair and maintenance services of measuring, testing and checking apparatus;Repair and maintenance services of medical and surgical equipment;Repair and maintenance services of precision equipment;Repair and maintenance services for pumps, valves, taps and metal containers and machinery;Repair and maintenance services of pumps, valves, taps and metal containers;Repair and maintenance services of machinery;Repair and maintenance services of building installations;Repair and maintenance services of electrical and mechanical building installations;Repair and maintenance services of central heating;Repair and maintenance services of cooler groups;Repair and maintenance services of escalators;Lift-maintenance services;Miscellaneous repair and maintenance services;Repair services of jewellery;Repair services of leather personal goods;Repair services of garments and textiles;Repair and maintenance services of weapons and weapon systems;Repair and maintenance services of furniture;Repair and maintenance services of musical instruments;Repair and maintenance services of playground equipment;Repair and maintenance services of hotel and restaurant equipment;Installation services;Installation services of electrical and mechanical equipment;Installation services of equipment for measuring, checking, testing and navigating;Installation services of communications equipment;Installation services of medical and surgical equipment;Installation services of machinery and equipment;Installation services of computers and office equipment;Installation services of metal containers","25-Aug-2026 12:30","08-Sep-2026 17:00","Any firm that has valid trade license, VAT registration, TIN Certificate including other documents stated in tender document","Local Repair & Fabrication works of 65 different Components (with necessary spare/accessories) of various equipment of Zonal Workshop-AB.","Lot wise","Package wise","Package wise","1500","Payment through Bank","04-Feb-2027","04-Feb-2027","1","Local Repair & Fabrication works of 65 different Components (with necessary spare/accessories) of various equipment of Zonal Workshop-AB.","Zonal Workshop-AB","115000","24-Sep-2026","24-Jan-2027","Md. Mustafa Iqbal","Plant Manager","Address : Zonal Workshop D, Bandar City : Chittagong Thana : Chattogram City Corporation District : Chattogram - 4100 Country : Bangladesh","Zonal Workshop D, Bandar","Chittagong","Chattogram City Corporation","Chattogram - 4100","031-2510897","031-2510889","Not Found","https://www.eprocure.gov.bd/resources/common/ViewTender.jsp?id=1297965"
"Ministry of Home Affairs","","Bangladesh Police","Police Training Centre, Khulna","70001","Khulna","Goods","NCT","TENDER","Tender - Single Lot","PTC-Ration-Mosor Dal (Lentil) 2026-2027 Q2","226493","1321322","Open Tendering Method (OTM)","Revenue","Government","Not applicable","Not applicable","PTC Ration Mosor Dal Lentil 26-27 Q2 Procurement of Mosor Dal (Lentil) for PTC, Khulna for the fiscal year 2026-27 Q2","Food products and beverages;Animal products, meat and meat products;Meat;Animal wool, hides and skins;Meat products;Prepared and preserved fish;Fish fillets, fish livers and roe;Frozen fish, fish fillets and other fish meat;Dried or salted fish; fish in brine; smoked fish;Canned or tinned fish and other prepared or preserved fish;Seafood;Fruit, vegetables and related products;Potatoes and potato products;Fruit and vegetable juices;Fruit and vegetables;Animal or vegetable oils and fats;Crude animal or vegetable oils and fats;Refined oils and fats;Edible fats;Dairy products;Milk and cream;Butter;Cheese products;Assorted dairy products;Grain mill products, starches and starch products;Grain mill products;Starches and starch products;Animal feedstuffs;Prepared animal feeds for farm and other animals;Miscellaneous food products;Bread products, fresh pastry goods and cakes;Rusks and biscuits; preserved pastry goods and cakes;Sugar and related products;Cocoa; chocolate and sugar confectionery;Pasta products;Coffee, tea and related products;Condiments and seasonings;Special nutritional products;Miscellaneous food products n.e.c. and dried goods;Beverages;Distilled alcoholic beverages;Wines;Cider and other fruit wines;Non-distilled fermented beverages;Malt beer;Non-alcoholic beverages","25-Aug-2026 10:00","07-Sep-2026 15:00","1.The minimum of years of general experience of the Tenderer in the supply of Goods and related services as Supplier shall be 3 years counting backward from the date of publication of IFT in the newspaper. 2.The minimum specific experience as Supplier in supply of similar Goods of at least one (1) contract successfully completed within the last three (3) years, with a value of at least Tk. 8 lac; years counting backward from the date of publication of IFT in the newspaper. 3. The minimum amount of financial resources as liquid asset or working capital or credit line(s) or specific credit commitment or in any combination of them, of the Tenderers shall be Tk 12 lac 4. The Tenderer must possess (i) Upto date Trade License (ii) Upto date Income tax certificate (iii) VAT registration certificate (iv) VAT payment certificate (v) NID of the tenderer (vi) Past three (3) months bank statement 5.Other required eligibility and conditions are provided in TDS and PCC.","Procurement of high quality Mosor Dal (Lentil) for ration of Police Training Centre, Khulna (2nd Quarter) FY 2026-2027","Lot wise","Package wise","Package wise","1000","Payment through Bank","03-Jan-2027","03-Jan-2027","01","Procurement of Mosor Dal (Lentil) for PTC, Khulna for the fiscal year 2026-27 Q2","Police Training Centre, Khulna","43000","01-Oct-2026","31-Dec-2026","MD. MAHBUBUR RAHMAN","Addl SP","Address : Police Training Centre, Khulna City : Khulna Thana : Khulna City Corporation District : Khulna - 3001 Country : Bangladesh","Police Training Centre, Khulna","Khulna","Khulna City Corporation","Khulna - 3001","041-774361","","Not Found","https://www.eprocure.gov.bd/resources/common/ViewTender.jsp?id=1321322"
"Ministry of Housing and Public Works","","Public Works Department (PWD)","Pabna PWD Division, Pabna","","Pabna","Physical Services","NCT","PPS","","","227066","1322731","Open Tendering Method (OTM)","Revenue","Government","Not applicable","Not applicable","Outsourcing/driver/pabna/26_27 Recruitment of 04 nos drivers for PWD Division, Pabna through outsourcing process. FY:2026_27","Miscellaneous services; Washing and dry-cleaning services; Hairdressing and beauty treatment services; Physical well-being services; Accommodation and office services; Civic-amenity services; Marine services; Funeral and related services; Miscellaneous services n.e.c.; Clearing and Forwarding Agent; Service Provider (Others);Laundry-collection services;Textile-cleaning services;Fur-products cleaning services;Colouring services;Pressing services;Dyeing services;Hairdressing services;Beauty treatment services;Turkish bath services;Spa services;Massage services;Accommodation services;Car-park management services;Aquatic marine services;Port management services;Diving services;Funeral services;Decommissioning services;Relocation services;Tailoring services;Upholstering services;Locksmith services","25-Aug-2026 12:07","06-Sep-2026 16:00","1)The minimum number of years of general experience of the Tenderer as a Service Providing Contractor shall be 03 (three) years. 2) The minimum specific experience as a Service Providing Contractor in supply of drivers for driving inspection vehicle under public sector of at least 01 (one) contract of similar nature completed within the last 05 (Five) years with a value of at least Tk. 12.00 (twelve) Lac. 3)The required average annual construction turnover under public sector shall be greater than Tk.11.00.00 (eleven) lac over the last 05(five) financial years. 4)The minimum amount of financial resources as liquid asset or working capital or credit line(s) or specific credit commitment of the Tenderers shall be Tk.8.00 (twenty oner) Lac. 5)The tenderers must possess up-to-date trade, VAT registration, TAX certificate and Licence from Department of Inspection for Factories and Establishments.","Recruitment of 04 nos drivers for PWD Division, Pabna through outsourcing process. FY:2026_27","Package wise","","Package wise","1000","Payment through Bank","01-Feb-2027","01-Feb-2027","","","PWD Division Pabna","","10-Sep-2026","30-Jun-2027","Md . Rashed Kabir","Executive Engineer","Address : Pabna pwd division ,Pabna City : pabna Thana : Pabna Sadar District : Pabna - 6600 Country : Bangladesh","Pabna pwd division ,Pabna","pabna","Pabna Sadar","Pabna - 6600","0731-66066","","Not Found","https://www.eprocure.gov.bd/resources/common/ViewTender.jsp?id=1322731"
"Ministry of Home Affairs","","Bangladesh Police","Khulna Metropoliton Police, Khulna","","Khulna","Goods (Framework Agreement)","NCT","TENDER","Tender - Single Lot","KMP-Sports Items-2026-27","225825","1322005","Open Tendering Method (OTM)","Revenue","Government","Not applicable","Not applicable","KMP-Sports Items-2026-27 Procurement of Sports Items for KMP of the fiscal Year-2026-27","Entertainment services; Recreational, cultural and sporting services; Library, archives, museums and other cultural services; Sporting services; Recreational, cultural and sporting services;Artistic and literary creation and interpretation services;Arts-facility operation services;Recreational-area services;Dance and performance entertainment services;Gambling and betting services;Pyrotechnic services;Library and archive services;Museum services and preservation services of historical sites and buildings;Botanical and zoological garden services and nature reserve services;Sports facilities operation services;Sport-related services","25-Aug-2026 10:00","08-Sep-2026 13:00","Required eligibility and conditions are provided in TDS and PCC","Procurement of Sports Items for KMP of the fiscal Year-2026-27","Lot wise","Package wise","Package wise","1000","Payment through Bank","04-Jan-2027","04-Jan-2027","1","Procurement of Sports Items for KMP of the fiscal Year-2026-27","KMP HQ, Khulna","30000","15-Sep-2026","30-Jun-2027","ABDULAH-AL-MASUM","Deputy Police Commissioner","Address : Khulna Metropoliton Police, Khulna City : Khulna Thana : Khulna City Corporation District : Khulna - 9000 Country : Bangladesh","Khulna Metropoliton Police, Khulna","Khulna","Khulna City Corporation","Khulna - 9000","02-477727569","02-477721358","Not Found","https://www.eprocure.gov.bd/resources/common/ViewTender.jsp?id=1322005"
"Ministry of Home Affairs","","Bangladesh Police","Khulna Metropoliton Police, Khulna","","Khulna","Goods","NCT","TENDER","Tender - Single Lot","kmp-Ration-Lentil-2026-27 Q2","225825","1322292","Open Tendering Method (OTM)","Revenue","Government","Not applicable","Not applicable","kmp-Ration-Lentil-2026-27 Q2 Procurement of High quality Lentil (Deshi Mosur Daal) for the 2nd Quarter 2026-2027 for KMP, Khulna","Crops, products of market gardening and horticulture; Agricultural, horticultural, hunting and related products; Agricultural supplies; Grain mill products, starches and starch products; Food products and beverages; Miscellaneous food products;Cereals and other crops;Vegetables, horticultural products and nursery products;Fruit, nuts, beverage and spice crops;Grain mill products;Starches and starch products;Bread products, fresh pastry goods and cakes;Rusks and biscuits; preserved pastry goods and cakes;Sugar and related products;Cocoa; chocolate and sugar confectionery;Pasta products;Coffee, tea and related products;Condiments and seasonings;Special nutritional products;Miscellaneous food products n.e.c. and dried goods","25-Aug-2026 10:00","08-Sep-2026 13:00","1. The minimum of years of general experience of the Tenderer in the supply of Goods and related services as Supplier shall be 3 years counting backward from the date of publication of IFT in the newspaper. 2. The minimum specific experience as Supplier in supply of similar Goods of at least 2 contracts successfully completed within the last 03 years, each with a value of at least Tk. 1.30 Crore 3. The minimum supply and/or production capacity of Goods is/ are: Deshi Mosor Dal 200 Metric Ton Supply or production capacity per year 4. The minimum amount of financial resources as liquid asset or working capital or credit line(s) or specific credit commitment or in any combination of them, of the Tenderers shall be Tk 1.7 Crore 5. The Tenderer must possess (i) Upto date Trade Licence (ii) Upto date Income tax certificate (iii) VAT registration certificate (iv) VAT payment certificate (v) NID of the tenderer (vi) Past six (6) months bank statement (vii) Company Audit Report 6. Other required eligibility and conditions are provided in TDS and PCC.","Procurement of High quality Lentil (Deshi Mosur Daal) for the 2nd Quarter 2026-2027 for KMP, Khulna","Lot wise","Package wise","Package wise","2500","Payment through Bank","04-Jan-2027","04-Jan-2027","01","Procurement of High quality Lentil (Deshi Mosur Daal) for the 2nd Quarter 2026-2027 for KMP, Khulna","KMP HQ, Khulna","450000","01-Oct-2026","31-Dec-2026","ABDULAH-AL-MASUM","Deputy Police Commissioner","Address : Khulna Metropoliton Police, Khulna City : Khulna Thana : Khulna City Corporation District : Khulna - 9000 Country : Bangladesh","Khulna Metropoliton Police, Khulna","Khulna","Khulna City Corporation","Khulna - 9000","02-477727569","02-477721358","Not Found","https://www.eprocure.gov.bd/resources/common/ViewTender.jsp?id=1322292"
"Ministry of Home Affairs","","Border Guard Bangladesh","Communication Branch","","Dhaka","Goods","NCT","TENDER","Tender - Single Lot","44.02.1205.005.412.26.03","226958","1307652","Open Tendering Method (OTM)","Revenue","Government","Not applicable","Not applicable","03/2026-27/BGB/CB Laptop Computer","Office and computing machinery, equipment and supplies; Computer and related services;Office machinery, equipment and supplies except computers;Word-processing machines;Photocopying and printing equipment;Post-office equipment;Calculating and accounting machines;Typewriters;Parts and accessories of typewriters and calculating machines;Various office equipment and supplies;Computer equipment and supplies;Data-processing machines;Digital cartography equipment;Computer hardware;Software;Computer systems;Servers;Hardware consultancy services;Hardware selection consultancy services;Hardware disaster-recovery consultancy services;Computer-site planning consultancy services;Computer hardware acceptance testing consultancy services;Computer audit consultancy and hardware consultancy services;Software programming and consultancy services;Programming services of packaged software products;Systems and technical consultancy services;Custom software development services;Systems analysis and programming services;System maintenance and support services;Software-related services;Data services;Data-processing services;Database services;Computer-related services;Computer-related management services;Computer support and consultancy services;Computer network services;Computer upgrade services;Computer audit services;Computer testing services;Computer back-up services;Computer catalogue conversion services;Computer-related professional services","25-Aug-2026 08:00","06-Sep-2026 12:00","As per STD","Laptop Computer","Lot wise","Package wise","Package wise","2500","Payment through Bank","12-Jan-2027","12-Jan-2027","1","Laptop Computer","Headquarter BGB, Communication Branch, Peelkhana, Dhaka","200000","10-Sep-2026","09-Dec-2026","Mohammad Nazrul Islam","Colonel","Address : 176 New Market - Pilkhana Dhaka 1205 City : Dhaka Thana : Dhaka South City Corporation District : Dhaka - 1205 Country : Bangladesh","176 New Market - Pilkhana Dhaka 1205","Dhaka","Dhaka South City Corporation","Dhaka - 1205","02-9650333","","6750000.00, OTM","https://www.eprocure.gov.bd/resources/common/ViewTender.jsp?id=1307652"
"Ministry of Home Affairs","","Bangladesh Police","Equipment Section, Police Headquarters, Dhaka","00004","Dhaka","Goods","NCT","TENDER","Tender - Single Lot","44.01.0000.453.07.083.26/06","229147","1321879","Open Tendering Method (OTM)","Revenue","Government","Not applicable","Not applicable","2026-27_FPU_Furniture_15 Dining Table","Furniture; Manufactured goods, furniture, handicrafts, special-purpose products and associated consumables;Seats, chairs and associated parts;Non-domestic furniture;Domestic furniture;Miscellaneous furniture and equipment;School furniture","25-Aug-2026 12:00","08-Sep-2026 10:00","1. Up to date Trade License 2. Current Income Tax Certificate 3. VAT Registration and 4. Other requirements described in the STD","Dining Table","Lot wise","Package wise","Package wise","1000","Payment through Bank","05-Mar-2027","05-Mar-2027","15","Dining Table","UN Log Base-2, Purbachal, Dhaka","30000","30-Sep-2026","15-Oct-2026","A H M Yeadul Islam","AIG","Address : Bangladesh Police, Police Headquarters, 6, Phoenix Road, Fulbaria, Dhaka-1000 City : Fulbaria, Dhaka Thana : Dhaka South City Corporation District : Dhaka - 1000 Country : Bangladesh","Bangladesh Police, Police Headquarters, 6, Phoenix Road, Fulbaria, Dhaka-1000","Fulbaria, Dhaka","Dhaka South City Corporation","Dhaka - 1000","02-9585304","02-9563362","Not Found","https://www.eprocure.gov.bd/resources/common/ViewTender.jsp?id=1321879"
"Ministry of Home Affairs","","Bangladesh Police","Khulna Metropoliton Police, Khulna","","Khulna","Goods","NCT","TENDER","Tender - Single Lot","KMP-Ration-Polao Rice-2026-27 Q2","225825","1322860","Open Tendering Method (OTM)","Revenue","Government","Not applicable","Not applicable","KMP-Ration-Polao Rice-2026-27 Q2 procurement of polao rice for ration of kmp Khulna 2nd quarter 2026-27","Crops, products of market gardening and horticulture; Agricultural, horticultural, hunting and related products; Agricultural supplies; Grain mill products, starches and starch products; Food products and beverages; Agricultural services;Cereals and other crops;Vegetables, horticultural products and nursery products;Fruit, nuts, beverage and spice crops;Grain mill products;Starches and starch products;Services incidental to agricultural production;Composting services","25-Aug-2026 10:00","08-Sep-2026 13:00","Required eligibility and conditions are provided in TDS and PCC.","procurement of polao rice for ration of kmp Khulna 2nd quarter 2026-27","Lot wise","Package wise","Package wise","500","Payment through Bank","04-Jan-2027","04-Jan-2027","01","procurement of polao rice for ration of kmp Khulna 2nd quarter 2026-27","KMP HQ, Khulna","10000","01-Oct-2026","31-Dec-2026","ABDULAH-AL-MASUM","Deputy Police Commissioner","Address : Khulna Metropoliton Police, Khulna City : Khulna Thana : Khulna City Corporation District : Khulna - 9000 Country : Bangladesh","Khulna Metropoliton Police, Khulna","Khulna","Khulna City Corporation","Khulna - 9000","02-477727569","02-477721358","Not Found","https://www.eprocure.gov.bd/resources/common/ViewTender.jsp?id=1322860"
"Ministry of Road Transport and Bridges","Road Transport and Highways Division","Roads & Highways Department (RHD)","Ferry Construction Division, Dhaka","eefeddha","Dhaka","Goods","NCT","TENDER","Tender - Single Lot","Memo No:35.01.0000.157.07.001.26-152, Date:11.8.26","228214","1321655","Open Tendering Method (OTM)","Revenue","Government","Not applicable","Not applicable","01/egp/FCD/2026-27 Supplying of 3 mm M.S. Plate & Bollard for different Ferry, Pontoon and Gangway of several Ferryghat under RHD, Ferry Sub-Division, Faridpur during the Fiscal year of 2026-2027.","Repair, maintenance and associated services related to marine and other equipment; Repair, maintenance and associated services related to aircraft, railways, roads and marine equipment;","25-Aug-2026 12:00","09-Sep-2026 16:00","All tenderers who have registered in e-GP system may participate in the tender provided that they fulfill the criteria as stated in Tender Document (TDS & PCC).","Supplying of 3 mm M.S. Plate & Bollard for different Ferry, Pontoon and Gangway of several Ferryghat under RHD, Ferry Sub-Division, Faridpur during the Fiscal year of 2026-2027.","Lot wise","Package wise","Package wise","500","Payment through Bank","06-Jan-2027","06-Jan-2027","1","Supplying of 3 mm M.S. Plate & Bollard for different Ferry, Pontoon and Gangway of several Ferryghat under RHD, Ferry Sub-Division, Faridpur during the Fiscal year of 2026-2027.","Ferry Sub-Division, Faridpur","11500","20-Sep-2026","30-Sep-2026","Md. Azam Shaikh","Executive Engineer","Address : Ferry Construction Division, Dhaka City : Dhaka Thana : Dhaka North City Corporation District : Dhaka - 1208 Country : Bangladesh","Ferry Construction Division, Dhaka","Dhaka","Dhaka North City Corporation","Dhaka - 1208","02-8879377","02-8879377","Not Found","https://www.eprocure.gov.bd/resources/common/ViewTender.jsp?id=1321655"
"Ministry of Health and Family Welfare","Health Services Division","Directorate General of Health Services (DGHS)","Madan Upazila Health Complex , Netrokona","","Netrokona","Goods","NCT","TENDER","Tender - Single Lot","UHC/Madan/Netrokona/2026-27/1","230068","1322273","Open Tendering Method (OTM)","Revenue","Government","Not applicable","Not applicable","UHC/Madan/Netrokona/2026-27/1 Procurement of Non-EDCL Medicine for the FY 2026-27 at Madan Upazila Health Complex, Netrokona.","Medical and laboratory devices, optical and precision devices, watches and clocks, pharmaceuticals and related medical consumables; Health and social work services;Medical devices;Imaging equipment for medical, dental and veterinary use;Functional exploration;Dentistry;Medical non-chemical consumables and haematological consumables;Therapy;Operating techniques;Anaesthesia and resuscitation;Functional support;Miscellaneous medical devices;Instruments and appliances for measuring, checking, testing and navigating;Navigational, meteorological, geological and geophysical instruments;Remote-control equipment;Precision balances, instruments for drawing, calculating and measuring length;Instruments for measuring quantities;Instruments for checking physical characteristics;Checking and testing apparatus;Regulating and controlling instruments and apparatus;Non-medical equipment based on the use of radiations;Industrial process control equipment;Optical instruments;Spectacles and lenses;Polarising material;Astronomical and optical instruments;Liquid crystal devices;Photographic equipment;Horological instruments;Watches and clocks;Health services;Hospital and related services;Medical practice and related services;Dental practice and related services;Miscellaneous health services;Veterinary services;Social work and related services;Social work services;Social services","25-Aug-2026 10:00","06-Sep-2026 12:00","As Per TDS","Procurement of Non-EDCL Medicine for the FY 2026-27 at Madan Upazila Health Complex, Netrokona.","Lot wise","Package wise","Package wise","1500","Payment through Bank","02-Jan-2027","02-Jan-2027","1","Procurement of Non-EDCL Medicine for the FY 2026-27 at Madan Upazila Health Complex, Netrokona.","UHC Madan","60000","20-Sep-2026","31-Dec-2026","Muhammad  Nurul  Huda Khan","UH&FPO","Address : Madan , Netrokona City : Madan Thana : Madan District : Netrokona - 2490 Country : Bangladesh","Madan , Netrokona","Madan","Madan","Netrokona - 2490","09-52956004","","2755935.00, OTM","https://www.eprocure.gov.bd/resources/common/ViewTender.jsp?id=1322273"
"Ministry of Local Government","Rural Development and Co-operatives","Local Government Engineering Department (LGED)","Office of the Executive Engineer, LGED, Chattogram","","Chattogram","Works","NCT","TENDER","Tender - Single Lot","APP : 228052","228052","1323148","Open Tendering Method (OTM)","Development","Government","224325300","Cyclone Amphan & Flood Damage Rural Infrastructure Rehabilitation Project","CAFDRIRP/Chattogram/UZR/FD/W-15A-1/2026-27 Rehabilitation of Khaikhaine-Chamuduria-Hazarat Shah Ali Reza Road (Morali Ghat Chamoduria Barkal Connecting Road) from Ch: 00-880m & 2750-2870m; Upazila: Anowara, District: Chattogram (Road ID No: 415042005). [Remaining Work]","Construction work;Site preparation work;Building demolition and wrecking work and earthmoving work;Test drilling and boring work;Works for complete or part construction and civil engineering work;Building construction work;Engineering works and construction works;Construction work for pipelines, communication and power lines, for highways, roads, airfields and railways; flatwork;Construction work for water projects;Construction works for plants, mining and manufacturing and for buildings relating to the oil and gas industry;Roof works and other special trade construction works;Building installation work;Electrical installation work;Insulation work;Plumbing and sanitary works;Fencing, railing and safety equipment installation work;Mechanical installations;Building completion work;Plastering work;Joinery and carpentry installation work;Floor and wall covering work;Painting and glazing work;Other building completion work;Hire of construction and civil engineering machinery and equipment with operator;Hire of cranes with operator;Hire of earthmoving equipment with operator","25-Aug-2026 10:00","01-Sep-2026 16:00","As Per Bidding Documents","CAFDRIRP/Chattogram/UZR/FD/W-15A-1/2026-27 Rehabilitation of Khaikhaine-Chamuduria-Hazarat Shah Ali Reza Road (Morali Ghat Chamoduria Barkal Connecting Road) from Ch: 00-880m & 2750-2870m; Upazila: Anowara, District: Chattogram (Road ID No: 415042005). [Remaining Work]","Lot wise","Package wise","Package wise","2500","Payment through Bank","28-Jan-2027","28-Jan-2027","1","Rehabilitation of Khaikhaine-Chamuduria-Hazarat Shah Ali Reza Road (Morali Ghat Chamoduria Barkal Connecting Road) from Ch: 00-880m & 2750-2870m; Upazila: Anowara, District: Chattogram (Road ID No: 415042005). [Remaining Work]","Anowara","200000","01-Oct-2026","28-Apr-2027","Mohammad Jamal Uddin","Executive Engineer","Address : XEN Office, LGED, 1012, CDA Avenue, Sholashahar, Nasirabad, Chattogram City : Chattogram Thana : Chattogram City Corporation District : Chattogram - 4100 Country : Bangladesh","XEN Office, LGED, 1012, CDA Avenue, Sholashahar, Nasirabad, Chattogram","Chattogram","Chattogram City Corporation","Chattogram - 4100","031-651402","","7000000.00, OTM","https://www.eprocure.gov.bd/resources/common/ViewTender.jsp?id=1323148"
"Ministry of Labour and Employment","","Department of Inspection for Factories & Establishments","Department of Inspection for Factories & Establishments, HQ","","Dhaka","Goods (Framework Agreement)","NCT","TENDER","Tender - Single Lot","OTM/2026-27/04","228820","1322565","Open Tendering Method (OTM)","Revenue","Government","Not applicable","Not applicable","GD-26/04 Purchase of stationary Items","Printed books, brochures and leaflets; Various types of printed matter and articles for printing; Paper or paperboard registers, account books, binders, forms and other articles of printed stationery; Miscellaneous printed matter; Various types of printed matter and articles for printing; Printing services for books; Printing services for stationery; Printing services; Printing services for posters; Publishing services; Printing, publishing and related services; Bookbinding and finishing services;Printed books;Publications;Directories;Leaflets;Brochures;Booklets;Paper or paperboard registers;Forms;Exercise books;Albums for samples;Binders and related accessories;Printed stationery except forms;Car-tax discs;Driving licences;ID cards;Permits;Entrance cards;Bespoke printed matter;Tickets","25-Aug-2026 10:00","08-Sep-2026 17:00","1. Valid Trade License 2.TIN 3. VAT Certificate 4. Bank Solvancy Certificate 5. Specific Experience: At least 01 (one) contarct successfully completed within the last 03 (three) Years with a value of 01 (one) contract successfully completed at least Tk. 15 (Fifteen) lac. 6. General Experience: Supply of Goods and related services as supplier shall be 03 (three) Years. 7. Liquid asset or working capital or credit line(s) or specific credit commitment or in any combination of them of the tenderers shall be Tk. 15 (Fifteen) lac. 8. Also as per Tender Data Sheet (TDS)","Purchase of Stationery Item for Head Office of Department of Inspection for factories and Establishments","Lot wise","Package wise","Package wise","1000","Payment through Bank","04-Feb-2027","04-Feb-2027","01","Purchase of stationary Items","Head Office,Bijoynagar, DIFE","50000","20-Sep-2026","15-Jun-2027","RUKUNUZZAMAN CHOW","Labour Inspector (General)","Address : 196,  Shaheed Syed Nazrul Islam Sarani, Bijoy Nagar Road, Sromo Bhabon, Dhaka-1000 City : Dhaka Thana : Dhaka South City Corporation District : Dhaka - 1000 Country : Bangladesh","196,  Shaheed Syed Nazrul Islam Sarani, Bijoy Nagar Road, Sromo Bhabon, Dhaka-1000","Dhaka","Dhaka South City Corporation","Dhaka - 1000","02-8391731","02-8391425","2000000.00, OTM","https://www.eprocure.gov.bd/resources/common/ViewTender.jsp?id=1322565"
"Election Commission Secretariat","","Election Commission Secretariat","Bangladesh Election Commission","","Dhaka","Goods (Framework Agreement)","NCT","TENDER","Tender - Single Lot","17.00.0000.057.70.0004.26-158","228328","1315472","Open Tendering Method (OTM)","Revenue","Government","Not applicable","Not applicable","ICT_OP_2026-27_GR2 Maintenance of ICT equipment (Desktop, Laptop, UPS, Printer, Scanner and related goods) for ECS","Repair, maintenance and installation services; Computer and related services;Repair, maintenance and associated services of vehicles and related equipment;Repair and maintenance services of motor vehicles and associated equipment;Demolition services of vehicles;Repair, maintenance and associated services related to aircraft, railways, roads and marine equipment;Repair, maintenance and associated services related to aircraft and other equipment;Repair, maintenance and associated services related to railways and other equipment;Repair, maintenance and associated services related to roads and other equipment;Repair, maintenance and associated services related to marine and other equipment;Repair, maintenance and associated services related to personal computers, office equipment, telecommunications and audio-visual equipment;Maintenance and repair of office machinery;Repair and maintenance services of personal computers;Maintenance services of telecommunications equipment;Repair and maintenance services of audio-visual and optical equipment;Repair and maintenance services of medical and precision equipment;Repair and maintenance services of measuring, testing and checking apparatus;Repair and maintenance services of medical and surgical equipment;Repair and maintenance services of precision equipment;Repair and maintenance services for pumps, valves, taps and metal containers and machinery;Repair and maintenance services of pumps, valves, taps and metal containers;Repair and maintenance services of machinery;Repair and maintenance services of building installations;Repair and maintenance services of electrical and mechanical building installations;Repair and maintenance services of central heating;Repair and maintenance services of cooler groups;Repair and maintenance services of escalators;Lift-maintenance services;Miscellaneous repair and maintenance services;Repair services of jewellery;Repair services of leather personal goods;Repair services of garments and textiles;Repair and maintenance services of weapons and weapon systems;Repair and maintenance services of furniture;Repair and maintenance services of musical instruments;Repair and maintenance services of playground equipment;Repair and maintenance services of hotel and restaurant equipment;Installation services;Installation services of electrical and mechanical equipment;Installation services of equipment for measuring, checking, testing and navigating;Installation services of communications equipment;Installation services of medical and surgical equipment;Installation services of machinery and equipment;Installation services of computers and office equipment;Installation services of metal containers;Hardware consultancy services;Hardware selection consultancy services;Hardware disaster-recovery consultancy services;Computer-site planning consultancy services;Computer hardware acceptance testing consultancy services;Computer audit consultancy and hardware consultancy services;Software programming and consultancy services;Programming services of packaged software products;Systems and technical consultancy services;Custom software development services;Systems analysis and programming services;System maintenance and support services;Software-related services;Data services;Data-processing services;Database services;Computer-related services;Computer-related management services;Computer support and consultancy services;Computer network services;Computer upgrade services;Computer audit services;Computer testing services;Computer back-up services;Computer catalogue conversion services;Computer-related professional services","25-Aug-2026 09:00","08-Sep-2026 12:00","1. 4 years of general experience 2. 3 years of specific experience","Maintenance of ICT equipment 2026","Lot wise","Package wise","Package wise","1000","Payment through Bank","03-Feb-2027","03-Feb-2027","1","Maintenance of ICT equipment (Desktop, Laptop, UPS, Printer, Scanner and related goods) for ECS","Ecs","50000","01-Oct-2026","02-Oct-2028","Md. Shamsul Alam","Additional Secretary","Address : Election Bhaban, Plot No- E-14/Z, Agargaon, Dhaka City : Dhaka Thana : Dhaka North City Corporation District : Dhaka - 1207 Country : Bangladesh","Election Bhaban, Plot No- E-14/Z, Agargaon, Dhaka","Dhaka","Dhaka North City Corporation","Dhaka - 1207","02-55007501","02-55007502","2000000.00, OTM","https://www.eprocure.gov.bd/resources/common/ViewTender.jsp?id=1315472"
"Ministry of Industries","","Bangladesh Sugar and Food Industries Corporation (BSFIC)","Carew and Company (Bangladesh) Ltd.-Commercial Department.","","Chuadanga","Goods","NCT","TENDER","Tender - Single Lot","Carew/com/G-7/2026-27/09","225429","1320270","Open Tendering Method (OTM)","Own Fund","Own Fund","Not applicable","Not applicable","Carew/Com/APP/2026-27/63 Fabrication and installation of one extension condenser for the British plant of Distillery","Semi-finished products of copper; Copper products;","25-Aug-2026 12:00","06-Sep-2026 17:00","1. Tenderer shall have i) Valid & updated trade license. ii) Valid & updated income tax & TIN certificate iii) Valid VAT/BIN registration certificate 3. The tenderer shall have a minimum of 03 (Three) years of general experience in the supply after making spirit cooler/SS Fermentation VAT/Main condenser/Boiling column section/ RS column section/ Bear heater/ Extention Condenser/Exgast column section etc by SS Metal/Copper Metal. 4. The tenderer shall have specific experience of satisfactory completion of supply {after making spirit cooler/SS Fermentation VAT/Main condenser/Boiling column section/RS column section/Bear heater/Extention Condenser/Exgast column section etc by Copper/SS Metal} of minimum Tk.20.00 Lac under single contract within last 03 (Three) years (years counting backward from the date of publication of IFT in the newspaper/e-GP System) in any Government/Semi-Government/Autonomous/Multinational/Non-Government organization.","Supply after Making and installation of one extension condenser for the British plant of Distillery","Lot wise","Package wise","Package wise","1500","Payment through Bank","04-Mar-2027","04-Mar-2027","1","Fabrication and installation of one extension condenser for the British plant of Distillery","Carew and co, Darsona, Chuadanga","80000","01-Oct-2026","31-Dec-2026","MD. BODROL ALAM","Manager (Commercial) -Carew and Company (Bangladesh) Ltd","Address : Carew and Company (Bangladesh) Ltd. 
Post office- Darsana, 
District-Chuadanga, Bangladesh City : Darsona Thana : Damurhuda District : Chuadanga - 7221 Country : Bangladesh","","Darsona","Damurhuda","Chuadanga - 7221","77-791017","","Not Found","https://www.eprocure.gov.bd/resources/common/ViewTender.jsp?id=1320270"
"Ministry of Industries","","Bangladesh Sugar and Food Industries Corporation (BSFIC)","Carew and Company (Bangladesh) Ltd.-Commercial Department.","","Chuadanga","Goods","NCT","TENDER","Tender - Single Lot","Carew/com/G-7/2026-27/09","225429","1320182","Open Tendering Method (OTM)","Own Fund","Own Fund","Not applicable","Not applicable","Carew/Com/APP/2026-27/61 Procurement of Pilfer Proof Aluminum Cap (For Pet and Glass Bottle)","Aluminium products; Aluminium and aluminium products;","25-Aug-2026 12:00","06-Sep-2026 17:00","1. Only genuine Pilfer Proof Aluminum Cap Manufacturer are  submit to theTender (Supplier's other than Manufacturer are not allowed). 2. Tenderer shall have i) Valid & updated trade license. ii) Valid & updated income tax & TIN certificate iii) Valid VAT/BIN registration certificate 3. The tenderer shall have a minimum of 02 (Two) years general experience in the supply of Similar Goods and Related Service 4. The tenderer shall have specific experience of satisfactory completion of CPilfer Proof Aluminum Cap/similar Goods and Related Service of minimum Tk.40.00 Lac under single contract within last 05 (Two) years (years counting backward from the date of publication of IFT in the newspaper/e-GP System) in any Government/Semi-Government/Autonomous/Multinational/Non-Government organization.","Procurement of Pilfer Proof Aluminum Cap (For Pet and Glass Bottle)","Lot wise","Package wise","Package wise","2500","Payment through Bank","04-Mar-2027","04-Mar-2027","1","Procurement of Pilfer Proof Aluminum Cap (For Pet and Glass Bottle)","Carew and co, Darsona, Chuadanga","220000","15-Sep-2026","14-Sep-2027","MD. BODROL ALAM","Manager (Commercial) -Carew and Company (Bangladesh) Ltd","Address : Carew and Company (Bangladesh) Ltd. 
Post office- Darsana, 
District-Chuadanga, Bangladesh City : Darsona Thana : Damurhuda District : Chuadanga - 7221 Country : Bangladesh","","Darsona","Damurhuda","Chuadanga - 7221","77-791017","","Not Found","https://www.eprocure.gov.bd/resources/common/ViewTender.jsp?id=1320182"
"Ministry of Local Government","Rural Development and Co-operatives","Local Government Engineering Department (LGED)","Office of the Executive Engineer, LGED, Manikganj","","Manikganj","Works","NCT","TENDER","Tender - Single Lot","APP ID :	227714","Tender/Proposal Status :","1320483","Open Tendering Method (OTM)","Development","Government","224423100","Manikganj District Important Rural Infrastructure Development Project (MDIRIDP)","MAN/SIN/4056/07 Improvement of Road by BC from Charigram UP office Sayestha UP via Kalindi Road  at Ch.00-3370m under Singair Upazila, District: Manikganj. Road ID No: 356824056 (Salvage Cost=38,98,377.00)","Construction work;Site preparation work;Building demolition and wrecking work and earthmoving work;Test drilling and boring work;Works for complete or part construction and civil engineering work;Building construction work;Engineering works and construction works;Construction work for pipelines, communication and power lines, for highways, roads, airfields and railways; flatwork;Construction work for water projects;Construction works for plants, mining and manufacturing and for buildings relating to the oil and gas industry;Roof works and other special trade construction works;Building installation work;Electrical installation work;Insulation work;Plumbing and sanitary works;Fencing, railing and safety equipment installation work;Mechanical installations;Building completion work;Plastering work;Joinery and carpentry installation work;Floor and wall covering work;Painting and glazing work;Other building completion work;Hire of construction and civil engineering machinery and equipment with operator;Hire of cranes with operator;Hire of earthmoving equipment with operator","25-Aug-2026 09:00","09-Sep-2026 15:00","AS PER TDS","MAN/SIN/4056/07 Improvement of Road by BC from Charigram UP office Sayestha UP via Kalindi Road at Ch.00-3370m under Singair Upazila, District: Manikganj. Road ID No: 356824056 (Salvage Cost=38,98,377.00)","Lot wise","Package wise","Package wise","4000","Payment through Bank","05-Feb-2027","05-Feb-2027","1","Improvement of Road by BC from Charigram UP office Sayestha UP via Kalindi Road  at Ch.00-3370m under Singair Upazila, District: Manikganj. Road ID No: 356824056 (Salvage Cost=38,98,377.00)","Singair, Manikganj","900000","05-Nov-2026","04-May-2028","MD. JAMAL UDDIN","Executive Engineer","Address : XEN Office, LGED, Manikganj City : Manikganj Thana : Manikganj Sadar District : Manikganj - 1800 Country : Bangladesh","XEN Office, LGED, Manikganj","Manikganj","Manikganj Sadar","Manikganj - 1800","02-7710911","","44600000.00, OTM","https://www.eprocure.gov.bd/resources/common/ViewTender.jsp?id=1320483"
"Ministry of Home Affairs","","Bangladesh Police","Khulna Metropoliton Police, Khulna","","Khulna","Goods","NCT","TENDER","Tender - Single Lot","KMP-Ration-Edible Oil-2026-27 Q2","225825","1322535","Open Tendering Method (OTM)","Revenue","Government","Not applicable","Not applicable","KMP-Ration-Edible Oil-2026-27 Q2 Procurement of High Quality Edible oil (Soybean Oil) for the 2nd Quarter 2026-2027 for KMP, Khulna","Crops, products of market gardening and horticulture; Agricultural, horticultural, hunting and related products; Agricultural supplies; Oil and associated products; Petroleum, natural gas, oil and associated products; Grain mill products, starches and starch products;Cereals and other crops;Vegetables, horticultural products and nursery products;Fruit, nuts, beverage and spice crops;Bituminous or oil shale;Grain mill products;Starches and starch products","25-Aug-2026 10:00","08-Sep-2026 13:00","Required eligibility and conditions are provided in TDS and PCC.","Procurement of High Quality Edible oil (Soybean Oil) for the 2nd Quarter 2026-2027 for KMP, Khulna","Lot wise","Package wise","Package wise","2500","Payment through Bank","04-Jan-2027","04-Jan-2027","01","Procurement of High Quality Edible oil (Soybean Oil) for the 2nd Quarter 2026-2027 for KMP, Khulna","KMP HQ, Khulna","450000","01-Oct-2026","31-Dec-2026","ABDULAH-AL-MASUM","Deputy Police Commissioner","Address : Khulna Metropoliton Police, Khulna City : Khulna Thana : Khulna City Corporation District : Khulna - 9000 Country : Bangladesh","Khulna Metropoliton Police, Khulna","Khulna","Khulna City Corporation","Khulna - 9000","02-477727569","02-477721358","Not Found","https://www.eprocure.gov.bd/resources/common/ViewTender.jsp?id=1322535"
"Ministry of Industries","","Bangladesh Sugar and Food Industries Corporation (BSFIC)","Carew and Company (Bangladesh) Ltd.","","Chuadanga","Goods","NCT","TENDER","Tender - Single Lot","Carew/com/G-7/2026-27/09","225429","1323279","Open Tendering Method (OTM)","Own Fund","Own Fund","Not applicable","Not applicable","Carew/Com/APP/2026-27/21 Procurement of Battery","Baggage carts; Miscellaneous transport equipment;","25-Aug-2026 12:00","06-Sep-2026 17:00","1. Only genuine Battery Manufacturer are submit to theTender (Supplier's other than Manufacturer are not allowed). 2. Tenderer shall have i) Valid & updated trade license. ii) Valid & updated income tax & TIN certificate iii) Valid VAT/BIN registration certificate 3. The tenderer shall have a minimum of 02 (Two) years general experience in the supply of similar Goods and Related Service . 4. The tenderer shall have specific experience of satisfactory completion of Same/Similar Goods and Related Service of minimum Tk.2.00 Lac under single contract within last 02 (Two) years (years counting backward from the date of publication of IFT in the newspaper/e-GP System) in any Government/Semi-Government/Autonomous organization. 5. The bidder must provide documentary evidence proving that they are the actual Manufacturer 6. Battery must be 1(One) Year Guarantee. Within Guarantee period, Damage Battery must be replaced by new Battery. 7. The bidder submit Price instead of Replace same size old Damage battery (Old Battery Delivery Within One Year)","01. Battery, 12 volt 27 plate PCV, Pole: L type with Nut Bolt, Brand: Hamko or better, Qty-8 Set 02. Battery, 12 volt 21 plate PCV, Pole: L type with Nut Bolt, Brand: Hamko or better, Qty-25 Set 03. Battery, 12 volt 29 plate PCV, Pole: L type with Nut Bolt, Brand: Hamko or better, Qty-01 Set 04. Battery, 12 volt 80 AH Sealed Maintenance free Battery, NX 120-7, Brand: Lucas or better, Qty-01 Set","Lot wise","Package wise","Package wise","500","Payment through Bank","04-Mar-2027","04-Mar-2027","1","Procurement of Battery","Carew and co, Darsona, Chuadanga","12000","15-Sep-2026","15-Oct-2026","MD. BODROL ALAM","Manager (Commercial) -Carew and Company (Bangladesh) Ltd","Address : Carew and Company (Bangladesh) Ltd. 
Post office- Darsana, 
District-Chuadanga, Bangladesh City : Darsona Thana : Damurhuda District : Chuadanga - 7221 Country : Bangladesh","","Darsona","Damurhuda","Chuadanga - 7221","77-791017","","Not Found","https://www.eprocure.gov.bd/resources/common/ViewTender.jsp?id=1323279"
"Ministry of Local Government","Rural Development and Co-operatives","Department of Public Health Engineering (DPHE)","Office of the Executive Engineer, DPHE,Jhenaidah","","Jhenaidah","Works","NCT","TENDER","Tender - Single Lot","MemoNo:46.03.4400.061.20.26-1087; dt: 20/08/2026","230560","1320821","Open Tendering Method (OTM)","Development","Government","224303400","Project for Safe Water Supply Throughout the Country.","PSWSC-8636 Instalation of 112 (One Hundred Twelve) nos. Deep Tube Well (100X38 mm dia) with Submersible Pump at Shailkupa Upazila & 96 (Ninety Six) nos. Deep Tube Well (100X38 mm dia) with Submersible Pump at Moheshpur Upazila in DPHE Jhenaidah District under Project of Safe Water Supply throughout the country (PSWSC). FY: 2026-2027.","Water distribution and related services; Public utilities;Water distribution;Operation of a water-purification plant;Operation of water supplies","25-Aug-2026 09:00","07-Sep-2026 16:00","The tenderer must have the following eligibilities: a) The tenderer must have the valid trade licence b) The tenderer must have the valid VAT & TIN certificates c) if any tenderer submit false or fake any kind of tender related document they will be consider as a technically non responsive , Also will take step according to the guide line of  PPA-2006 & PPR-2025 (consider last amendmet) .","PSWSC-8636 Instalation of 112 (One Hundred Twelve) nos. Deep Tube Well (100X38 mm dia) with Submersible Pump at Shailkupa Upazila & 96 (Ninety Six) nos. Deep Tube Well (100X38 mm dia) with Submersible Pump at Moheshpur Upazila in DPHE Jhenaidah District under Project of Safe Water Supply throughout the country (PSWSC). FY: 2026-2027.","Lot wise","Package wise","Package wise","4000","Payment through Bank","04-Jan-2027","04-Jan-2027","1","Instalation of 112 (One Hundred Twelve) nos. Deep Tube Well (100X38 mm dia) with Submersible Pump at Shailkupa Upazila & 96 (Ninety Six) nos. Deep Tube Well (100X38 mm dia) with Submersible Pump at Moheshpur Upazila in DPHE Jhenaidah District under Project of Safe Water Supply throughout the country (PSWSC). FY: 2026-2027.","At Shailakupa and Mohespur Upazila of Jhenaidah","630000","29-Nov-2026","15-Jun-2027","Md. Akmol Hosen","Executive Engineer","Address : Office of the Executive Engineer, DPHE,Jhenaidah City : Jhenaidah Thana : Jhenaidah Sadar District : Jhenaidah - 7300 Country : Bangladesh","Office of the Executive Engineer, DPHE,Jhenaidah","Jhenaidah","Jhenaidah Sadar","Jhenaidah - 7300","04-5162357","","24306969.42, OTM","https://www.eprocure.gov.bd/resources/common/ViewTender.jsp?id=1320821"
"Ministry of Home Affairs","","Border Guard Bangladesh","Communication Branch","","Dhaka","Goods","NCT","TENDER","Tender - Single Lot","44.02.1205.005.412.26.02","226958","1307651","Open Tendering Method (OTM)","Revenue","Government","Not applicable","Not applicable","02/2026-27/BGB/CB Desktop Computer","Office and computing machinery, equipment and supplies; Computer and related services;Office machinery, equipment and supplies except computers;Word-processing machines;Photocopying and printing equipment;Post-office equipment;Calculating and accounting machines;Typewriters;Parts and accessories of typewriters and calculating machines;Various office equipment and supplies;Computer equipment and supplies;Data-processing machines;Digital cartography equipment;Computer hardware;Software;Computer systems;Servers;Hardware consultancy services;Hardware selection consultancy services;Hardware disaster-recovery consultancy services;Computer-site planning consultancy services;Computer hardware acceptance testing consultancy services;Computer audit consultancy and hardware consultancy services;Software programming and consultancy services;Programming services of packaged software products;Systems and technical consultancy services;Custom software development services;Systems analysis and programming services;System maintenance and support services;Software-related services;Data services;Data-processing services;Database services;Computer-related services;Computer-related management services;Computer support and consultancy services;Computer network services;Computer upgrade services;Computer audit services;Computer testing services;Computer back-up services;Computer catalogue conversion services;Computer-related professional services","25-Aug-2026 08:00","08-Sep-2026 11:00","As per STD","Desktop Computer","Lot wise","Package wise","Package wise","2500","Payment through Bank","14-Jan-2027","14-Jan-2027","1","Desktop Computer","Headquarter BGB, Communication Branch, Peelkhana, Dhaka","300000","15-Sep-2026","14-Dec-2026","Mohammad Nazrul Islam","Colonel","Address : 176 New Market - Pilkhana Dhaka 1205 City : Dhaka Thana : Dhaka South City Corporation District : Dhaka - 1205 Country : Bangladesh","176 New Market - Pilkhana Dhaka 1205","Dhaka","Dhaka South City Corporation","Dhaka - 1205","02-9650333","","12000000.00, OTM","https://www.eprocure.gov.bd/resources/common/ViewTender.jsp?id=1307651"
"Ministry of Home Affairs","","Bangladesh Police","Police Training Centre, Rangpur","00064","Rangpur","Goods","NCT","TENDER","Tender - Single Lot","Memo-1976/PTC: Date: 24 August 2026","224980","1321389","Open Tendering Method (OTM)","Revenue","Government","Not applicable","Not applicable","RPTC/Wheat Grindingl/2026-2027/Q2 Procurement of Wheat grinding for the Financial Year 2026-2027 (2nd Quarter) at PTC, Rangpur.","Miscellaneous food products; Food products and beverages;Bread products, fresh pastry goods and cakes;Rusks and biscuits; preserved pastry goods and cakes;Sugar and related products;Cocoa; chocolate and sugar confectionery;Pasta products;Coffee, tea and related products;Condiments and seasonings;Special nutritional products;Miscellaneous food products n.e.c. and dried goods","25-Aug-2026 12:00","06-Sep-2026 17:00","(1) Valid Trade license for the 2026-2027 fiscal year. (2) Submit documents of liquid assets of 9,00,000/- (Nine lacs Taka only) as per Form-8 of PG-3. (2) Bank solvency certificate with last three months statement. (3) Income tax clearance certificate (2024-2025). (4) Up-to-date VAT registration certificate. (5) Up-to-date TIN certificate. (6) Manufacturer Authorization Letter. (7) Ownership Certificate. (8) National ID Card with one copy passport-size color Photograph. (9) Renewed Agriculture/Marketing License. (10) Relevant work experience certificate. ** Tenderer must be submitted 02 (Two) kg Sample on opening date before opening time","01. High quality white flour by grinding wheat. 02. As per the instructions of the Police Headquarters, the flour must be packaged in high-quality transparent poly packs of 2 kg and 5 kg (market-standard) and the weight of the product, date of production and expiry date must be clearly mentioned on the package. 03. The wheat allocated each month, the transport contractor will transport it to the mill by himself, and after grinding the wheat, the transport contractor will be responsible for transporting the milled flour to the police ration store at his own expense and storing it in the warehouse. 04. The wheat bags supplied from the government warehouse must be deposited in the ration store along with the delivery invoice. 05. Before grinding wheat, it must be thoroughly cleaned, including hollering","Lot wise","Package wise","Package wise","500","Payment through Bank","03-Jan-2027","03-Jan-2027","1","Procurement of Wheat grinding for the Financial Year 2026-2027 (2nd Quarter) at PTC, Rangpur.","Police Training Center, Rangpur","28000","01-Oct-2026","31-Dec-2026","RAHIMA ACTER LUCKY","SP","Address : Police Training Centre, Rangpur City : Rangpur Thana : Rangpur City Corporation District : Rangpur - 5402 Country : Bangladesh","Police Training Centre, Rangpur","Rangpur","Rangpur City Corporation","Rangpur - 5402","0521-62296","0521-52134","Not Found","https://www.eprocure.gov.bd/resources/common/ViewTender.jsp?id=1321389"
"Ministry of Health and Family Welfare","Health Services Division","Directorate General of Health Services (DGHS)","Lalpur Upazila Health Complex","","Natore","Goods","NCT","TENDER","Tender - Single Lot","UHC/LAL/NAT/26/702/3","229924","1317748","Open Tendering Method (OTM)","Revenue","Government","Not applicable","Not applicable","UHC/LAL/NAT/26/702/3 Procurement of Chemical & Re-agent FY-2026-2027","Chemicals, chemical products and man-made fibres;Chemicals;Gases;Dyes and pigments;Basic inorganic chemicals;Basic organic chemicals;Fertilisers and nitrogen compounds;Plastics in primary forms;Synthetic rubber;Enzymes;Agro-chemical products;Pesticides;Insecticides;Herbicides;Plant-growth regulators;Disinfectants;Rodenticides;Fungicides;Paints, varnishes, printing ink and mastics;Paints;Varnishes;Ink;Mastics, fillers, putty;Solvents;Medicinal products;Medicinal products for the alimentary tract and metabolism;Medicinal products for the blood, blood-forming organs and the cardiovascular system;Medicinal products for dermatology and the musculo-skeletal system;Medicinal products for the genitourinary system and hormones;General anti-infectives for systemic use, vaccines, antineoplastic and immunodulating agents;Medicinal products for the nervous system and sensory organs;Medicinal products for the respiratory system;Various medicinal products;Glycerol, soaps, detergents, cleaning and polishing preparations, perfumes and toilet preparations;Glycerol;Perfumes and toiletries;Explosives and fine chemical products;Prepared explosives;Glues;Essential oils;Photographic chemicals;Unrecorded media;Specialised chemical products;Man-made fibres;Synthetic fibres;Artificial fibres;Various chemical products;Radiator fluids;Water-treatment chemicals;Anti-corrosion products","25-Aug-2026 08:00","07-Sep-2026 10:30","Procurement of Chemical & Re-agent FY-2026-2027","Procurement of Chemical & Re-agent FY-2026-2027","Lot wise","Package wise","Package wise","500","Payment through Bank","04-Feb-2027","04-Feb-2027","Single","Procurement of Chemical & Re-agent FY-2026-2027","UHC Lalpur Natore","15200","15-Sep-2026","31-Dec-2026","Dr.Md. Munzur Rahman","UH&FPO","Address : Lalpur Upazila Health Complex, Natore City : Lalpur Thana : Lalpur District : Natore - 6421 Country : Bangladesh","Lalpur Upazila Health Complex, Natore","Lalpur","Lalpur","Natore - 6421","07725-75003","","758000.00, OTM","https://www.eprocure.gov.bd/resources/common/ViewTender.jsp?id=1317748"
"Ministry of Public Administration","","Office of the Deputy Commissioner, Sirajganj","Office of the Deputy Commissioner, Sirajganj","","Sirajganj","Goods","NCT","TENDER","Tender - Single Lot","Dcsiraj/02.0077.2026/5","228831","1323253","Open Tendering Method (OTM)","Revenue","Government","Not applicable","Not applicable","02.0077.2026 Supply Furniture for Office Of the Deputy Commissioner, sirajganj","Furniture; Manufactured goods, furniture, handicrafts, special-purpose products and associated consumables;Seats, chairs and associated parts;Non-domestic furniture;Domestic furniture;Miscellaneous furniture and equipment;School furniture","25-Aug-2026 10:00","08-Sep-2026 12:00","1. TIN Certificate (Asesment Year 2024-2025) 2. Vat registration 3. Updated Trade License 4. Bank Undertaking of credit Line 5. Others Required Document Of Qualification Criteria","Supply Sofa, Center Table, Visitor Chair For Office of the Deputy Commissioner and Sofa, Center table, Coffee Table, Shoe Rack For Residence office of the Deputy Commissioner, Sirajganj","Lot wise","Package wise","Package wise","1000","Payment through Bank","04-Jan-2027","04-Jan-2027","1","Supply Furniture for Office Of the Deputy Commissioner, sirajganj","Dc Office Sirajganj","33000","30-Sep-2026","14-Oct-2026","Md. Aminul Islam","Deputy Commissioner","Address : sirajganj sadar City : Sirajganj Thana : Sirajganj Sadar District : Sirajganj - 6700 Country : Bangladesh","sirajganj sadar","Sirajganj","Sirajganj Sadar","Sirajganj - 6700","02-588830335","","1165482.00, OTM","https://www.eprocure.gov.bd/resources/common/ViewTender.jsp?id=1323253"
"Ministry of Industries","","Bangladesh Sugar and Food Industries Corporation (BSFIC)","Carew and Company (Bangladesh) Ltd.-Commercial Department.","","Chuadanga","Goods","NCT","TENDER","Tender - Single Lot","Carew/com/G-7/2026-27/09","225429","1319920","Open Tendering Method (OTM)","Own Fund","Own Fund","Not applicable","Not applicable","Carew/Com/APP/2026-27/59 Procurement of Dried Hot Chili,  Dried Ginger (China variety), Malt Extract (Liquid), Benzathine Benzyl penicillin BP 12 lac unit/vial and Absorbent Cotton for Distillery","Miscellaneous food products n.e.c. and dried goods; Miscellaneous food products;","25-Aug-2026 12:00","06-Sep-2026 17:00","1. Tenderer shall have i) Valid & updated trade license. ii) Valid & updated income tax & TIN certificate iii) Valid VAT/BIN registration certificate 2. The tenderer shall have a minimum of 02 (Two) years general experience in the supply of Similar Goods and Related Service .3. The tenderer shall have specific experience of satisfactory completion of Dried Hot Chili, Dried Ginger, Malt Extract /similar Goods and Related Service of minimum Tk.1.00 Lac under single contract within last 02 (Two) years (years counting backward from the date of publication of IFT in the newspaper/e-GP System) in any Government/Semi-Government/Autonomous/Multinational/Non-Government organization.","Procurement of Dried Hot Chili, Dried Ginger (China variety), Malt Extract (Liquid), Benzathine Benzyl penicillin BP 12 lac unit/vial and Absorbent Cotton for Distillery","Lot wise","Package wise","Package wise","500","Payment through Bank","04-Mar-2027","04-Mar-2027","1","Procurement of Dried Hot Chili,  Dried Ginger (China variety), Malt Extract (Liquid), Benzathine Benzyl penicillin BP 12 lac unit/vial and Absorbent Cotton for Distillery","Carew and co, Darsona, Chuadanga","4000","15-Sep-2026","29-Oct-2026","MD. BODROL ALAM","Manager (Commercial) -Carew and Company (Bangladesh) Ltd","Address : Carew and Company (Bangladesh) Ltd. 
Post office- Darsana, 
District-Chuadanga, Bangladesh City : Darsona Thana : Damurhuda District : Chuadanga - 7221 Country : Bangladesh","","Darsona","Damurhuda","Chuadanga - 7221","77-791017","","Not Found","https://www.eprocure.gov.bd/resources/common/ViewTender.jsp?id=1319920"
"Ministry of Health and Family Welfare","Health Services Division","Directorate General of Health Services (DGHS)","Chapainawabganj 250 bed District Hospital","","Chapai Nawabganj","Goods","NCT","TENDER","Tender - Single Lot","Sup/ZHC/Acc/e-Tender/2026-27/1599","228768","1317964","Open Tendering Method (OTM)","Revenue","Government","Not applicable","Not applicable","Sup/ZHC/Acc/MSR/2026-27/GR-6 Procurement of Furniture for the F.Y 2026-2027 at Chapainawabganj 250 Bed District Hospital, Chapainawabganj.","Medical and laboratory devices, optical and precision devices, watches and clocks, pharmaceuticals and related medical consumables;Medical devices;Imaging equipment for medical, dental and veterinary use;Functional exploration;Dentistry;Medical non-chemical consumables and haematological consumables;Therapy;Operating techniques;Anaesthesia and resuscitation;Functional support;Miscellaneous medical devices;Instruments and appliances for measuring, checking, testing and navigating;Navigational, meteorological, geological and geophysical instruments;Remote-control equipment;Precision balances, instruments for drawing, calculating and measuring length;Instruments for measuring quantities;Instruments for checking physical characteristics;Checking and testing apparatus;Regulating and controlling instruments and apparatus;Non-medical equipment based on the use of radiations;Industrial process control equipment;Optical instruments;Spectacles and lenses;Polarising material;Astronomical and optical instruments;Liquid crystal devices;Photographic equipment;Horological instruments;Watches and clocks","25-Aug-2026 12:00","08-Sep-2026 11:00","As Per TDS & PCC","Procurement of Furniture for the F.Y 2026-2027 at Chapainawabganj 250 Bed District Hospital, Chapainawabganj.","Lot wise","Package wise","Package wise","1000","Payment through Bank","03-Feb-2027","03-Feb-2027","Single Lot","Procurement of Furniture for the F.Y 2026-2027 at Chapainawabganj 250 Bed District Hospital, Chapainawabganj.","Chapainawabganj 250 Bed District Hospital, Chapainawabganj","30000","01-Oct-2026","15-Nov-2026","Jamir Md. Hasibus Sattar","Superintendent","Address : Hospital Road, Chapai Nawabganj-6300 City : Chapainawabganj Thana : Chapainawabganj Sadar District : Chapai Nawabganj - 6300 Country : Bangladesh","Hospital Road, Chapai Nawabganj-6300","Chapainawabganj","Chapainawabganj Sadar","Chapai Nawabganj - 6300","0781-52489","","Not Found","https://www.eprocure.gov.bd/resources/common/ViewTender.jsp?id=1317964"
"Ministry of Local Government","Rural Development and Co-operatives","Local Government Engineering Department (LGED)","Office of the Upazila Engineer, LGED, Muradnagar, Cumilla","","Cumilla","Works","NCT","TENDER","Tender - Single Lot","APP-230175","230175","1322354","Open Tendering Method (OTM)","Development","Government","224351900","Establishing Digital Connectivity","EDC/CUMI/MURA/W1-346 Vertical Extension of 4th floor at muradnagar upazila complex administrative extension building under EDC , Upazila: Muradnagar, District : Cumilla","Construction work;Site preparation work;Building demolition and wrecking work and earthmoving work;Test drilling and boring work;Works for complete or part construction and civil engineering work;Building construction work;Engineering works and construction works;Construction work for pipelines, communication and power lines, for highways, roads, airfields and railways; flatwork;Construction work for water projects;Construction works for plants, mining and manufacturing and for buildings relating to the oil and gas industry;Roof works and other special trade construction works;Building installation work;Electrical installation work;Insulation work;Plumbing and sanitary works;Fencing, railing and safety equipment installation work;Mechanical installations;Building completion work;Plastering work;Joinery and carpentry installation work;Floor and wall covering work;Painting and glazing work;Other building completion work;Hire of construction and civil engineering machinery and equipment with operator;Hire of cranes with operator;Hire of earthmoving equipment with operator","25-Aug-2026 09:00","08-Sep-2026 17:00","As per TDS","Vertical Extension of 4th floor at muradnagar upazila complex administrative extension building under EDC , Upazila: Muradnagar, District : Cumilla","Lot wise","Package wise","Package wise","2500","Payment through Bank","05-Apr-2027","05-Apr-2027","1","Vertical Extension of 4th floor at muradnagar upazila complex administrative extension building under EDC , Upazila: Muradnagar, District : Cumilla","Muradnagar, CUMILLA","400000","01-Oct-2026","01-Aug-2027","Quazi Faisal Bari Purno","Upazila Engineer","Address : Muradnagar Upazila Parishad, Muradnagar City : Muradnagar Thana : Muradnagar District : Cumilla - 3540 Country : Bangladesh","Muradnagar Upazila Parishad, Muradnagar","Muradnagar","Muradnagar","Cumilla - 3540","8026-56107","","18000000.00, OTM","https://www.eprocure.gov.bd/resources/common/ViewTender.jsp?id=1322354"
"Ministry of Local Government","Rural Development and Co-operatives","Local Government Engineering Department (LGED)","Office of the Executive Engineer, LGED, Mymensingh","","Mymensingh","Works","NCT","TENDER","Tender - Single Lot","APP ID : 	227780","227780","1316877","Open Tendering Method (OTM)","Development","Government","224373100","Mymensingh District Rural Infrastructure Development Project","MRIDP/HAL/RD-55 Improvement of Bahirshimul BRACK School-Chuannohazar Eidgah Rd. at Ch. 00-1900m under Haluaghat Upazila, Dist.Mymensingh. [Road ID: 361244078]","Construction work;Site preparation work;Building demolition and wrecking work and earthmoving work;Test drilling and boring work;Works for complete or part construction and civil engineering work;Building construction work;Engineering works and construction works;Construction work for pipelines, communication and power lines, for highways, roads, airfields and railways; flatwork;Construction work for water projects;Construction works for plants, mining and manufacturing and for buildings relating to the oil and gas industry;Roof works and other special trade construction works;Building installation work;Electrical installation work;Insulation work;Plumbing and sanitary works;Fencing, railing and safety equipment installation work;Mechanical installations;Building completion work;Plastering work;Joinery and carpentry installation work;Floor and wall covering work;Painting and glazing work;Other building completion work;Hire of construction and civil engineering machinery and equipment with operator;Hire of cranes with operator;Hire of earthmoving equipment with operator","25-Aug-2026 12:00","17-Sep-2026 12:00","As Per ITT & TDS","MRIDP/HAL/RD-55 Improvement of Bahirshimul BRAC School-Chuannohazar Eidgah Rd. at Ch. 00-1900m under Haluaghat Upazila, Dist.Mymensingh. [Road ID: 361244078]","Lot wise","Package wise","Package wise","4000","Payment through Bank","13-Jan-2027","13-Jan-2027","01","Improvement of Bahirshimul BRACK School-Chuannohazar Eidgah Rd. at Ch. 00-1900m under Haluaghat Upazila, Dist.Mymensingh. [Road ID: 361244078]","Haluaghat Upazila","550000","01-Oct-2026","31-Aug-2027","HUMAYON KABIR","Executive Engineer","Address : XEN office, LGED Bhaban, Patgudam, Kalibari Road, Mymensingh City : Mymensingh Thana : Mymensingh City Corporation District : Mymensingh - 2200 Country : Bangladesh","XEN office, LGED Bhaban, Patgudam, Kalibari Road, Mymensingh","Mymensingh","Mymensingh City Corporation","Mymensingh - 2200","091-64365","","Not Found","https://www.eprocure.gov.bd/resources/common/ViewTender.jsp?id=1316877"
"Ministry of Environment","Forest and Climate Change","Department of Environment","Building Climate Resilient Livelihoods in Vulnerable Landscapes in Bangladesh (BCRL) Project","","Dhaka","Services","NCT","RFA","","","221960","1322539","Individual Consultant (IC)","Development","Aid or Grant","223049000","Building Climate Resilient Livelihoods in Vulnerable Landscapes in Bangladesh (BCRL) Project","DoE_BcRL_SD_01-26 Communication Expert_Individual Consultant","Research and development services and related consultancy services.; Research and experimental development services; Research services; Experimental development services; Research and development consultancy services; Research consultancy services; Development consultancy services; Design and execution of research and development;","25-Aug-2026 09:00","09-Sep-2026 16:00","• Minimum bachelor’s degree in English, communications, journalism or other related field; • Excellent knowledge of MS-Office; • Good knowledge of software such as InDesign and Adobe Photoshop preferred; • Experience and proven relationship with Bangladesh media; • Fluency in English and sound ability to produce communication and advocacy materials in English.","• Assist the National Project Director in all communication-related activities of the project; • Coordinate the design and implementation of project communications strategy, including internal and external communication products; • Draft text, Power point presentations, press releases, and graphical materials as required by MoEFCC, DAE, and DoE for project activities. • Support the effective communication between core project team, FAO, and other project counterparts (including government line departments and agencies) by establishing necessary coordination and communication mechanisms; • Prepare and disseminate regular project updates via newsletters or project briefs to all stakeholders, including development partners; • Coordinate with journalists and publications in Bangladesh on briefings and invites for project events, and monitor media for news on project or project activities; • Coordinate with Regional Project Coordinators and other sub-national project staff for updates and stories on project activities and photos; • Provide inputs to the preparation of project reports (biannual project progress reports, project implementation reviews and project terminal report, annual work plan and budget, co-financing reports); • Prepare communication materials and ensure the visibility of the project activities in social media • Assist in organization of workshops, field visits, meetings, and consultations, and review and lay out material (agenda, concept notes, meeting minutes or proceedings) prepared for the same; • Liaise with DAE, DoE and FAO officials during implementing the project activities; • Provide translation services for project activities and documents, where required; • Any other task as assigned by the NPD, DPD-DoE.","Package wise","","","","","","08-Jan-2027","","","Dhaka","","30-Sep-2026","29-Jun-2028","Razinara Begum","National Project Director","Address : E-16, Agargaon, Dhaka City : Dhaka - 1207 Thana : Dhaka North City Corporation District : Dhaka - 1207 Country : Bangladesh","E-16, Agargaon, Dhaka","Dhaka - 1207","Dhaka North City Corporation","Dhaka - 1207","02-222218315","","4212000.00, IC","https://www.eprocure.gov.bd/resources/common/ViewTender.jsp?id=1322539"
"Ministry of Health and Family Welfare","Health Services Division","Directorate General of Health Services (DGHS)","Chapainawabganj 250 bed District Hospital","","Chapai Nawabganj","Goods","NCT","TENDER","Tender - Single Lot","Sup/ZHC/Acc/e-Tender/2026-27/1599","228768","1317963","Open Tendering Method (OTM)","Revenue","Government","Not applicable","Not applicable","Sup/ZHC/Acc/MSR/2026-27/GR-5 Procurement of Chemical Reagent for the F.Y 2026-2027 at Chapainawabganj 250 Bed District Hospital, Chapainawabganj.","Medical and laboratory devices, optical and precision devices, watches and clocks, pharmaceuticals and related medical consumables;Medical devices;Imaging equipment for medical, dental and veterinary use;Functional exploration;Dentistry;Medical non-chemical consumables and haematological consumables;Therapy;Operating techniques;Anaesthesia and resuscitation;Functional support;Miscellaneous medical devices;Instruments and appliances for measuring, checking, testing and navigating;Navigational, meteorological, geological and geophysical instruments;Remote-control equipment;Precision balances, instruments for drawing, calculating and measuring length;Instruments for measuring quantities;Instruments for checking physical characteristics;Checking and testing apparatus;Regulating and controlling instruments and apparatus;Non-medical equipment based on the use of radiations;Industrial process control equipment;Optical instruments;Spectacles and lenses;Polarising material;Astronomical and optical instruments;Liquid crystal devices;Photographic equipment;Horological instruments;Watches and clocks","25-Aug-2026 12:00","08-Sep-2026 11:00","As Per TDS & PCC","Procurement of Chemical Reagent for the F.Y 2026-2027 at Chapainawabganj 250 Bed District Hospital, Chapainawabganj.","Lot wise","Package wise","Package wise","4000","Payment through Bank","03-Feb-2027","03-Feb-2027","Single Lot","Procurement of Chemical Reagent for the F.Y 2026-2027 at Chapainawabganj 250 Bed District Hospital, Chapainawabganj.","Chapainawabganj 250 Bed District Hospital, Chapainawabganj","800000","01-Oct-2026","15-Nov-2026","Jamir Md. Hasibus Sattar","Superintendent","Address : Hospital Road, Chapai Nawabganj-6300 City : Chapainawabganj Thana : Chapainawabganj Sadar District : Chapai Nawabganj - 6300 Country : Bangladesh","Hospital Road, Chapai Nawabganj-6300","Chapainawabganj","Chapainawabganj Sadar","Chapai Nawabganj - 6300","0781-52489","","Not Found","https://www.eprocure.gov.bd/resources/common/ViewTender.jsp?id=1317963"
"Ministry of Home Affairs","","Bangladesh Police","Industrial Police-5, Mymensingh","","Mymensingh","Goods","NCT","TENDER","Tender - Single Lot","Memo No- 650","226781","1322161","Open Tendering Method (OTM)","Revenue","Government","Not applicable","Not applicable","IP-5/e-tender/2026-27/2nd Quarter/Lentil-02 Procurement Of High Quality Lentil (2nd Quarter) FY-2026-2027 (October/2026 To December/2026).","Food products and beverages;Animal products, meat and meat products;Meat;Animal wool, hides and skins;Meat products;Prepared and preserved fish;Fish fillets, fish livers and roe;Frozen fish, fish fillets and other fish meat;Dried or salted fish; fish in brine; smoked fish;Canned or tinned fish and other prepared or preserved fish;Seafood;Fruit, vegetables and related products;Potatoes and potato products;Fruit and vegetable juices;Fruit and vegetables;Animal or vegetable oils and fats;Crude animal or vegetable oils and fats;Refined oils and fats;Edible fats;Dairy products;Milk and cream;Butter;Cheese products;Assorted dairy products;Grain mill products, starches and starch products;Grain mill products;Starches and starch products;Animal feedstuffs;Prepared animal feeds for farm and other animals;Miscellaneous food products;Bread products, fresh pastry goods and cakes;Rusks and biscuits; preserved pastry goods and cakes;Sugar and related products;Cocoa; chocolate and sugar confectionery;Pasta products;Coffee, tea and related products;Condiments and seasonings;Special nutritional products;Miscellaneous food products n.e.c. and dried goods;Beverages;Distilled alcoholic beverages;Wines;Cider and other fruit wines;Non-distilled fermented beverages;Malt beer;Non-alcoholic beverages","25-Aug-2026 11:00","07-Sep-2026 18:00","1. copy of valid trade license. 2. Updated income tax clearance certificate & e-TIN certificate. 3. Updated vat registration certificate. 4. A latest certified copy of bank solvency certificate & detail bank statement. 5. A certificate of ownership of the company. 6. Citizenship certificate & national identity card copy. 7. Tender Document Purchase Voucher. 8. If the market price of lentil increases, no objection/application from the bidder will be accepted. 9. Lentil must be supplied as per the requirement of the Superintendent of Police, Industrial Police-5, Mymensingh. 10. Similar works experience certificate for Last 03 years, with a value of at least Tk. 6,50,000/- 11. Tenderer should submit a sample of (1 Kg) high quality Lentil before the tender opening. Samples of high quality lentils:- 01. Grain size: The grains should be small and there should be at least 600 grains per 10 grams of dal. 02. Color: Yellow to red-orange color (Yellow to red orange). 03. Cooking time: It will be cooked within 10 to 20 minutes on normal heat. 04. Smell: A pleasant smell must be emitted during cooking. 05. The shell should obviously be removed. Unwanted objects (such as sand, stones, etc.) must be removed. 06. Description of the grains: The grains should be whole. The grains should be of uniform size. Black/other colored grains should be removed. 07. Taste: It should be delicious. 08. Hardness: When chewed with the teeth, the grains of the dal should break but not flatten. That is, it should be properly dried. 09. Packing: To be supplied in sacks/bags of maximum 5 kg. 10. Standard: To be of high quality fine grain pulses.","IP-5/e-tender/2026-27/2nd Quarter/Lentil-02 Procurement Of High Quality Lentil (2nd Quarter) FY-2026-2027 (October/2026 To December/2026).","Lot wise","Package wise","Package wise","1000","Payment through Bank","04-Jan-2027","04-Jan-2027","01","Procurement Of High Quality Lentil (2nd Quarter) FY-2026-2027 (October/2026 To December/2026).","IP-5, Bhorodoba, Bhaluka, Mymensingh","25000","01-Oct-2026","31-Dec-2026","Md.Ansar uddin","SP","Address : Industrial Police-5, Mymensingh City : Mymensingh Thana : Mymensingh City Corporation District : Mymensingh - 2200 Country : Bangladesh","Industrial Police-5, Mymensingh","Mymensingh","Mymensingh City Corporation","Mymensingh - 2200","02-000000","","Not Found","https://www.eprocure.gov.bd/resources/common/ViewTender.jsp?id=1322161"
"Ministry of Road Transport and Bridges","Road Transport and Highways Division","Roads & Highways Department (RHD)","Ferry Construction Division, Dhaka","eefeddha","Dhaka","Works","NCT","TENDER","Tender - Single Lot","Memo No:35.01.0000.157.07.001.26-153, Date:16.8.26","228214","1321660","Open Tendering Method (OTM)","Revenue","Government","Not applicable","Not applicable","06/egp/FCD/2026-27 Repair & Painting works for the Ferry no: UT-1-039/2015 at ""Baroipara-Kalia"" Ferryghat under RHD, Ferry Sub-Division, Faridpur during the Fiscal year of 2026-2027.","Repair, maintenance and associated services related to marine and other equipment; Repair, maintenance and associated services related to aircraft, railways, roads and marine equipment;","25-Aug-2026 12:00","09-Sep-2026 16:00","All tenderers who have registered in e-GP system may participate in the tender provided that they fulfill the criteria as stated in Tender Document (TDS & PCC).","Repair & Painting works for the Ferry no: UT-1-039/2015 at ""Baroipara-Kalia"" Ferryghat under RHD, Ferry Sub-Division, Faridpur during the Fiscal year of 2026-2027.","Lot wise","Package wise","Package wise","1000","Payment through Bank","06-Jan-2027","06-Jan-2027","01","Repair & Painting works for the Ferry no: UT-1-039/2015 at ""Baroipara-Kalia"" Ferryghat under RHD, Ferry Sub-Division, Faridpur during the Fiscal year of 2026-2027.","Ferry Sub-Division, Faridpur","30000","20-Sep-2026","11-Oct-2026","Md. Azam Shaikh","Executive Engineer","Address : Ferry Construction Division, Dhaka City : Dhaka Thana : Dhaka North City Corporation District : Dhaka - 1208 Country : Bangladesh","Ferry Construction Division, Dhaka","Dhaka","Dhaka North City Corporation","Dhaka - 1208","02-8879377","02-8879377","Not Found","https://www.eprocure.gov.bd/resources/common/ViewTender.jsp?id=1321660"
"Ministry of Health and Family Welfare","Health Services Division","Directorate General of Health Services (DGHS)","Chapainawabganj 250 bed District Hospital","","Chapai Nawabganj","Goods","NCT","TENDER","Tender - Single Lot","Sup/ZHC/Acc/e-Tender/2026-27/1599","228768","1317961","Open Tendering Method (OTM)","Revenue","Government","Not applicable","Not applicable","Sup/ZHC/Acc/MSR/2026-27/GR-4 Procurement of Gauze, Bandage & Cotton for the F.Y 2026-2027 at Chapainawabganj 250 Bed District Hospital, Chapainawabganj.","Medical and laboratory devices, optical and precision devices, watches and clocks, pharmaceuticals and related medical consumables;Medical devices;Imaging equipment for medical, dental and veterinary use;Functional exploration;Dentistry;Medical non-chemical consumables and haematological consumables;Therapy;Operating techniques;Anaesthesia and resuscitation;Functional support;Miscellaneous medical devices;Instruments and appliances for measuring, checking, testing and navigating;Navigational, meteorological, geological and geophysical instruments;Remote-control equipment;Precision balances, instruments for drawing, calculating and measuring length;Instruments for measuring quantities;Instruments for checking physical characteristics;Checking and testing apparatus;Regulating and controlling instruments and apparatus;Non-medical equipment based on the use of radiations;Industrial process control equipment;Optical instruments;Spectacles and lenses;Polarising material;Astronomical and optical instruments;Liquid crystal devices;Photographic equipment;Horological instruments;Watches and clocks","25-Aug-2026 12:00","08-Sep-2026 11:00","As Per TDS & PCC","Procurement of Gauze, Bandage & Cotton for the F.Y 2026-2027 at Chapainawabganj 250 Bed District Hospital, Chapainawabganj.","Lot wise","Package wise","Package wise","1500","Payment through Bank","03-Feb-2027","03-Feb-2027","Single Lot","Procurement of Gauze, Bandage & Cotton for the F.Y 2026-2027 at Chapainawabganj 250 Bed District Hospital, Chapainawabganj.","Chapainawabganj 250 Bed District Hospital, Chapainawabganj","60000","01-Oct-2026","15-Nov-2026","Jamir Md. Hasibus Sattar","Superintendent","Address : Hospital Road, Chapai Nawabganj-6300 City : Chapainawabganj Thana : Chapainawabganj Sadar District : Chapai Nawabganj - 6300 Country : Bangladesh","Hospital Road, Chapai Nawabganj-6300","Chapainawabganj","Chapainawabganj Sadar","Chapai Nawabganj - 6300","0781-52489","","Not Found","https://www.eprocure.gov.bd/resources/common/ViewTender.jsp?id=1317961"
"Ministry of Road Transport and Bridges","Road Transport and Highways Division","Roads & Highways Department (RHD)","Ferry Construction Division, Dhaka","eefeddha","Dhaka","Works","NCT","TENDER","Tender - Single Lot","Memo No:35.01.0000.157.07.001.26-153, Date:16.8.26","228214","1321661","Open Tendering Method (OTM)","Revenue","Government","Not applicable","Not applicable","07/egp/FCD/2026-27 Repair & Painting works for the Gangway bridge of Pontoon no: PI-152/2003 at ""Mohajon-Bordia"" Ferryghat under RHD, Ferry Sub-Division, Faridpur during the Fiscal year of 2026-2027.","Mild steel; Miscellaneous fabricated metal products and related items; Repair, maintenance and associated services related to aircraft, railways, roads and marine equipment; Repair, maintenance and associated services related to aircraft and other equipment; Repair, maintenance and associated services related to railways and other equipment; Repair, maintenance and associated services related to roads and other equipment; Repair, maintenance and associated services related to marine and other equipment;","25-Aug-2026 12:00","09-Sep-2026 16:00","All tenderers who have registered in e-GP system may participate in the tender provided that they fulfill the criteria as stated in Tender Document (TDS & PCC).","Repair & Painting works for the Gangway bridge of Pontoon no: PI-152/2003 at ""Mohajon-Bordia"" Ferryghat under RHD, Ferry Sub-Division, Faridpur during the Fiscal year of 2026-2027.","Lot wise","Package wise","Package wise","500","Payment through Bank","06-Jan-2027","06-Jan-2027","01","Repair & Painting works for the Gangway bridge of Pontoon no: PI-152/2003 at ""Mohajon-Bordia"" Ferryghat under RHD, Ferry Sub-Division, Faridpur during the Fiscal year of 2026-2027.","Ferry Sub-Division, Faridpur","16000","20-Sep-2026","11-Oct-2026","Md. Azam Shaikh","Executive Engineer","Address : Ferry Construction Division, Dhaka City : Dhaka Thana : Dhaka North City Corporation District : Dhaka - 1208 Country : Bangladesh","Ferry Construction Division, Dhaka","Dhaka","Dhaka North City Corporation","Dhaka - 1208","02-8879377","02-8879377","Not Found","https://www.eprocure.gov.bd/resources/common/ViewTender.jsp?id=1321661"
"Ministry of Home Affairs","","Bangladesh Police","Office of the Superintendent of Police, Moulvibazar","00133","Moulvibazar","Goods","NCT","TENDER","Tender - Single Lot","02/2026-2027/10","227107","1322639","Open Tendering Method (OTM)","Revenue","Government","Not applicable","Not applicable","02/2026-2027/10 Supply of Labour for ration (Rice, Wheat andSugar) of Moulvibazar District Police Ration Store.","Architectural, engineering, construction, legal, accounting and other professional services; Legal, accounting, auditing, business, management and related services; Architectural, engineering, construction and related technical consultancy services; Testing, inspection, analysis, monitoring and control services; Advertising and marketing services; Labour recruitment and provision of personnel services.; Placement services of personnel.; Supply services of personnel.; Recruitment services.; Personnel services except placement and supply services; Investigation and security services; Cleaning services; Miscellaneous business and business-related services;Legal services;Accounting, auditing and fiscal services;Market research, public-opinion polling and related services;Business and management consultancy and related services;Management holdings services;Technical consultancy services;Architectural and related services;Engineering services;Integrated engineering services;Urban planning and landscape architectural services;Construction-related services;Engineering-related scientific and technical services;Technical testing and analysis services;Monitoring and control services;Advertising services;Marketing services;Security services;Investigation services;Accommodation cleaning services;Industrial cleaning services;Specialised cleaning services;Miscellaneous cleaning services;Office cleaning services;School cleaning services;Photographic and ancillary services;Packaging and related services;Secretarial and related services;Specialty design services;Collection agency services;Exhibition, fair and congress organisation services;Miscellaneous business-related services","25-Aug-2026 11:00","08-Sep-2026 16:00","As Per Tender Documents","02/2026-2027/10 Supply of Labour for ration (Rice, Wheat andSugar) of Moulvibazar District Police Ration Store.","Lot wise","Package wise","Package wise","500","Payment through Bank","11-Dec-2026","11-Dec-2026","1","Supply of Labour for ration (Rice, Wheat andSugar) of Moulvibazar District Police Ration Store.","Moulvibazar District Police Ration Store","4770","16-Sep-2026","23-Sep-2026","MD. MONIRUL ISLAM","SP","Address : Office of the Superintendent of Police, Moulvibazar City : Moulvibazar Thana : Moulvibazar Sadar District : Moulvibazar - 3200 Country : Bangladesh","Office of the Superintendent of Police, Moulvibazar","Moulvibazar","Moulvibazar Sadar","Moulvibazar - 3200","0861-52235","0861-63833","Not Found","https://www.eprocure.gov.bd/resources/common/ViewTender.jsp?id=1322639"
"Ministry of Road Transport and Bridges","Road Transport and Highways Division","Roads & Highways Department (RHD)","Ferry Construction Division, Dhaka","eefeddha","Dhaka","Works","NCT","TENDER","Tender - Single Lot","Memo No:35.01.0000.157.07.001.26-153, Date:16.8.26","228214","1321664","Open Tendering Method (OTM)","Revenue","Government","Not applicable","Not applicable","10/egp/FCD/2026-27 Repairing works for Ferry no: UT-1-074/2020 at ""Mohajon-Bordia"" Ferryghat under RHD, Ferry Sub-Division, Faridpur during the Fiscal year of 2026-2027.","Repair, maintenance and associated services related to marine and other equipment; Repair, maintenance and associated services related to aircraft, railways, roads and marine equipment;","25-Aug-2026 12:00","09-Sep-2026 16:00","All tenderers who have registered in e-GP system may participate in the tender provided that they fulfill the criteria as stated in Tender Document (TDS & PCC).","Repairing works for Ferry no: UT-1-074/2020 at ""Mohajon-Bordia"" Ferryghat under RHD, Ferry Sub-Division, Faridpur during the Fiscal year of 2026-2027.","Lot wise","Package wise","Package wise","1000","Payment through Bank","06-Jan-2027","06-Jan-2027","01","Repairing works for Ferry no: UT-1-074/2020 at ""Mohajon-Bordia"" Ferryghat under RHD, Ferry Sub-Division, Faridpur during the Fiscal year of 2026-2027.","Ferry Sub-Division, Faridpur","23000","20-Sep-2026","11-Oct-2026","Md. Azam Shaikh","Executive Engineer","Address : Ferry Construction Division, Dhaka City : Dhaka Thana : Dhaka North City Corporation District : Dhaka - 1208 Country : Bangladesh","Ferry Construction Division, Dhaka","Dhaka","Dhaka North City Corporation","Dhaka - 1208","02-8879377","02-8879377","Not Found","https://www.eprocure.gov.bd/resources/common/ViewTender.jsp?id=1321664"
"Ministry of Home Affairs","","Bangladesh Police","Equipment Section, Police Headquarters, Dhaka","00004","Dhaka","Goods","NCT","TENDER","Tender - Single Lot","44.01.0000.453.07.083.26/07","229147","1321878","Open Tendering Method (OTM)","Revenue","Government","Not applicable","Not applicable","2026-27_FPU_Furniture_14 Semi Double Wooden Bed","Furniture; Manufactured goods, furniture, handicrafts, special-purpose products and associated consumables;Seats, chairs and associated parts;Non-domestic furniture;Domestic furniture;Miscellaneous furniture and equipment;School furniture","25-Aug-2026 12:00","08-Sep-2026 10:00","1. Up to date Trade License 2. Current Income Tax Certificate 3. VAT Registration and 4. Other requirements described in the STD","Semi Double Wooden Bed","Lot wise","Package wise","Package wise","1500","Payment through Bank","05-Mar-2027","05-Mar-2027","14","Semi Double Wooden Bed","UN Log Base-2, Purbachal, Dhaka","90000","30-Sep-2026","15-Oct-2026","A H M Yeadul Islam","AIG","Address : Bangladesh Police, Police Headquarters, 6, Phoenix Road, Fulbaria, Dhaka-1000 City : Fulbaria, Dhaka Thana : Dhaka South City Corporation District : Dhaka - 1000 Country : Bangladesh","Bangladesh Police, Police Headquarters, 6, Phoenix Road, Fulbaria, Dhaka-1000","Fulbaria, Dhaka","Dhaka South City Corporation","Dhaka - 1000","02-9585304","02-9563362","Not Found","https://www.eprocure.gov.bd/resources/common/ViewTender.jsp?id=1321878"
"Ministry of Road Transport and Bridges","Road Transport and Highways Division","Roads & Highways Department (RHD)","Ferry Construction Division, Dhaka","eefeddha","Dhaka","Works","NCT","TENDER","Tender - Single Lot","Memo No:35.01.0000.157.07.001.26-153, Date:16.8.26","228214","1321666","Open Tendering Method (OTM)","Revenue","Government","Not applicable","Not applicable","12/egp/FCD/2026-27 Repair & Painting works for Pontoon no: PI-152/2003 at ""Mohajon-Bordia"" Ferryghat under RHD, Ferry Sub-Division, Faridpur during the Fiscal year of 2026-2027.","Repair, maintenance and associated services related to marine and other equipment; Repair, maintenance and associated services related to aircraft, railways, roads and marine equipment;","25-Aug-2026 12:00","09-Sep-2026 16:00","All tenderers who have registered in e-GP system may participate in the tender provided that they fulfill the criteria as stated in Tender Document (TDS & PCC).","Repair & Painting works for Pontoon no: PI-152/2003 at ""Mohajon-Bordia"" Ferryghat under RHD, Ferry Sub-Division, Faridpur during the Fiscal year of 2026-2027.","Lot wise","Package wise","Package wise","500","Payment through Bank","06-Jan-2027","06-Jan-2027","01","Repair & Painting works for Pontoon no: PI-152/2003 at ""Mohajon-Bordia"" Ferryghat under RHD, Ferry Sub-Division, Faridpur during the Fiscal year of 2026-2027.","Ferry Sub-Division, Faridpur","20000","20-Sep-2026","11-Oct-2026","Md. Azam Shaikh","Executive Engineer","Address : Ferry Construction Division, Dhaka City : Dhaka Thana : Dhaka North City Corporation District : Dhaka - 1208 Country : Bangladesh","Ferry Construction Division, Dhaka","Dhaka","Dhaka North City Corporation","Dhaka - 1208","02-8879377","02-8879377","Not Found","https://www.eprocure.gov.bd/resources/common/ViewTender.jsp?id=1321666"
"Ministry of Finance","Financial Institutions Division","Probashi Kallyan Bank","Common Service Department, Head Office.","","Dhaka","Goods","NCT","TENDER","Tender - Single Lot","PKB/HO//CSED/MCM/2026","229960","1318344","Open Tendering Method (OTM)","Own Fund","Own Fund","Not applicable","Not applicable","53.16.2666.910.99.002.2023 Procurement of 21 Nos. Note/Money Counting Machine for different branches across the country.","Machinery, equipment, appliances, apparatus and associated products; Office and computing machinery, equipment and supplies; Electrical machinery, apparatus, equipment and consumables; Radio, television, communication, telecommunication and related equipment and apparatus; Administration, defence and social security services; Printing, publishing and related services; Miscellaneous services;Machinery for the production and use of mechanical power;Turbines and motors;Pumps and compressors;Taps, cocks, valves and similar appliances;Gears, gearing and driving elements;General-purpose machinery;Industrial or laboratory furnaces, incinerators and ovens;Lifting and handling equipment and parts;Cooling and ventilation equipment;Miscellaneous general-purpose machinery;Agricultural, horticultural and forestry machinery;Agricultural and forestry machinery for soil preparation or cultivation;Harvesting machinery;Spraying machinery for agriculture or horticulture;Self-loading or unloading trailers and semi-trailers for agriculture;Specialist agricultural or forestry machinery;Tractors;Parts of agricultural and forestry machinery;Machine tools;Machine tools operated by laser and machining centres;Lathes, boring and milling machine tools;Metal-working machine tools;Machine tools for working hard materials except metals;Pneumatic or motorised hand tools;Soldering, brazing and welding tools, surface tempering and hot-spraying machines and equipment;Parts and accessories of machine tools;Special-purpose machinery and parts;Machinery for metallurgy and associated parts;Machinery for mining, quarrying and construction;Machinery for food, beverage and tobacco processing and associated parts;Machinery for textile, apparel and leather production;Machinery for paper or paperboard production;Miscellaneous special-purpose machinery;Weapons, ammunition and associated parts;Motorised tanks and armoured fighting vehicles;Military weapons;Firearms;Ammunition;Parts of military weapons;Truncheons or night sticks;Domestic appliances;Electrical domestic appliances;Non-electric domestic appliances;Miscellaneous equipment;Transport related equipment;Workshop equipment;Construction equipment;Catering equipment;Emergency and security equipment;Technical equipment;Miscellaneous equipment n.e.c.;Office machinery, equipment and supplies except computers;Word-processing machines;Photocopying and printing equipment;Post-office equipment;Calculating and accounting machines;Typewriters;Parts and accessories of typewriters and calculating machines;Various office equipment and supplies;Computer equipment and supplies;Data-processing machines;Digital cartography equipment;Computer hardware;Software;Computer systems;Servers;Electric motors, generators and transformers;Electric motors;Generators;Alternators;Cooling towers;Ballasts for discharge lamps or tubes;Parts of electric motors, generators and transformers;Transformers;Electricity distribution and control apparatus;Electrical apparatus for switching or protecting electrical circuits;Electrical circuit components;Parts of electricity distribution or control apparatus;Insulated wire and cable;Mains;Power distribution cables;Coaxial cable;Insulated cable accessories;Electric conductors for data and control purposes;Accumulators, primary cells and primary batteries;Primary cells;Primary batteries;Electric accumulators;Lighting equipment and electric lamps;Electric filament lamps;Lamps and light fittings;Parts of lamps and lighting equipment;Electrical equipment and apparatus;Electrical equipment for engines and vehicles;Sound or visual signalling apparatus;Magnets;Machines and apparatus with individual functions;Insulating fittings;Carbon electrodes;Electrical parts of machinery or apparatus;Electrical supplies and accessories;Electronic, electromechanical and electrotechnical supplies;Electronic equipment;Electromechanical equipment;Electrotechnical equipment;Electronic valves, tubes and electronic components;Electrical capacitors;Electrical resistors;Printed circuits;Valves and tubes;Semiconductors;Electronic integrated circuits and microassemblies;Parts of electronic assemblies;Modules;Transmission apparatus for radiotelephony, radiotelegraphy, radio broadcasting and television;Broadcasting equipment;Television transmission apparatus without reception apparatus;Radio transmission apparatus with reception apparatus;Television cameras;Mobile telephones;Data-transmission equipment;Digital transmission apparatus;Television and radio receivers, and sound or video recording or reproducing apparatus;Radio broadcast receivers;Television and audio-visual equipment;Apparatus for sound, video-recording and reproduction;Microphones and loudspeakers;Parts of sound and video equipment;Intercom equipment;Networks;Local area network;Network equipment;Wide area network;Telemetry and terminal equipment;Telecommunications equipment and supplies;Wireless telecommunications system;Telecommunications cable and equipment;Satellite-related communications equipment;Switchboards;Telephone equipment;Fibre-optic materials;Communications equipment;Data equipment;Administration services;General public services;Administrative services of agencies;Supporting services for the government;Provision of services to the community;Foreign affairs and other services;Defence services;Justice services;Public security, law and order services;Fire-brigade and rescue services;Compulsory social security services;Benefit services;Government employee pension schemes;Family allowances;Child allowances;Printing services;Printing services for books;Printing services for stationery;Printing services for security printed matter;Printing services for forms;Printing services for tickets;Printing services for calendars;Printing services for timetables;Newspaper printing services;Printing services for posters;Services related to printing;Print finishing services;Composition services;Printing and delivery services;Printing and distribution services;Publishing services;Bookbinding and finishing services;Subscription services;Washing and dry-cleaning services;Laundry-collection services;Textile-cleaning services;Fur-products cleaning services;Colouring services;Pressing services;Dyeing services;Hairdressing and beauty treatment services;Hairdressing services;Beauty treatment services;Physical well-being services;Turkish bath services;Spa services;Massage services;Accommodation and office services;Accommodation services;Civic-amenity services;Car-park management services;Marine services;Aquatic marine services;Port management services;Diving services;Funeral and related services;Funeral services;Miscellaneous services n.e.c.;Decommissioning services;Relocation services;Tailoring services;Upholstering services;Locksmith services;Clearing and Forwarding Agent;Service Provider (Others)","25-Aug-2026 10:00","06-Sep-2026 15:30","As per TDS","Procurement of 21 Nos. Note/Money Counting Machine for different branches across the country of Probashi Kallyan Bank.","Lot wise","Package wise","Package wise","1500","Payment through Bank","02-Jan-2027","02-Jan-2027","01","Procurement of 21 Nos. Note/Money Counting Machine for different branches across the country.","All over the country","50000","15-Sep-2026","15-Oct-2026","Md. Shahidur Rahman","Procuring Entity User","Address : Head Office, Probashi Kallyan Bhaban
71-72, Old Elephant Road, Eskaton, Dhaka. City : Dhaka Thana : Dhaka North City Corporation District : Dhaka - 1000 Country : Bangladesh","","Dhaka","Dhaka North City Corporation","Dhaka - 1000","02-8321195","","Not Found","https://www.eprocure.gov.bd/resources/common/ViewTender.jsp?id=1318344"
"Ministry of Home Affairs","","Bangladesh Police","Equipment Section, Police Headquarters, Dhaka","00004","Dhaka","Goods","NCT","TENDER","Tender - Single Lot","44.01.0000.453.07.082.26/01","229147","1323171","Open Tendering Method (OTM)","Revenue","Government","Not applicable","Not applicable","2026-27_FPU_61 AC 2 Ton","Fabricated products and materials; Manufactured goods, furniture, handicrafts, special-purpose products and associated consumables;Structural metal products;Metal structures and parts of structures;Builders joinery of metal;Metal tanks, reservoirs and containers; central-heating radiators and boilers;Metal tanks, reservoirs, containers and pressure vessels;Central-heating radiators and boilers and parts;Nuclear reactors and parts;Nuclear reactors;Parts of nuclear reactors;Cable, wire and related products;Wire products;Cable and related products;Miscellaneous fabricated metal products and related items;Metal articles for the bathroom and kitchen;Metal goods;Armour plating;Bearings;Mild steel;Props and mining struts;Cast-iron products;Miscellaneous fire-protection equipment;Cutlery, tools, locks, keys and hinges;Cutlery;Tools;Locks, keys and hinges;Fasteners, chain and springs;Fasteners;Chain;Springs;Construction materials and associated items;Construction materials;Road furniture;Sewer mains;Steel products related to construction materials;Oil country tubular goods;Pipeline, piping, pipes, casing, tubing and related items;Furniture;Seats, chairs and associated parts;Non-domestic furniture;Domestic furniture;Miscellaneous furniture and equipment;School furniture;Jewellery and related articles;Coins and medals;Articles of jewellery;Musical instruments and parts;Musical instruments;Parts and accessories of musical instruments;Sports goods and equipment;Outdoor sports equipment;Gymnasium equipment;Games and toys; fairground amusements;Dolls;Toys;Articles for funfair, table or parlour games;Miscellaneous manufactured and other goods;Laundry supplies;School slates or boards with writing or drawing surfaces;Artificial products;Apparatus and equipment designed for demonstrational purposes;Umbrellas and sunshades; walking sticks and seat sticks;Funeral supplies;Kitchen equipment, household items and catering supplies;Barracks supplies;Consumables and consumer goods;Consumables;Tax-free goods;Disposable goods;Handicraft and art supplies;Handicraft supplies;Art supplies;Special-purpose product;Police equipment;Recycled products;Security devices;Animal ear tags;Compost boxes;Tokens;Spray booths;Snow poles","25-Aug-2026 12:00","09-Sep-2026 10:00","1. Up to date Trade License 2. Current Income Tax Certificate 3. VAT Registration and 4. Other requirements described in the STD (e-PG-3)","AC 2 Ton","Lot wise","Package wise","Package wise","4000","Payment through Bank","06-Mar-2027","06-Mar-2027","61","AC 2 Ton","UN Log Base-2, Purbachal, Dhaka","800000","30-Sep-2026","29-Oct-2026","A H M Yeadul Islam","AIG","Address : Bangladesh Police, Police Headquarters, 6, Phoenix Road, Fulbaria, Dhaka-1000 City : Fulbaria, Dhaka Thana : Dhaka South City Corporation District : Dhaka - 1000 Country : Bangladesh","Bangladesh Police, Police Headquarters, 6, Phoenix Road, Fulbaria, Dhaka-1000","Fulbaria, Dhaka","Dhaka South City Corporation","Dhaka - 1000","02-9585304","02-9563362","Not Found","https://www.eprocure.gov.bd/resources/common/ViewTender.jsp?id=1323171"
"Ministry of Housing and Public Works","","Cox's Bazar Development Authority","Cox's Bazar Development Authority","","Cox's Bazar","Goods","NCT","TENDER","Tender - Single Lot","CoxDA/Rev/2026-27/Publication","228315","1323297","Open Tendering Method (OTM)","Revenue","Government","Not applicable","Not applicable","CoxDA/Rev/2026-27/Publication Printing, Binding and Supply of CoxDA Magazine, FY 2026-27","Printed books, brochures and leaflets; Various types of printed matter and articles for printing;Printed books;Publications;Directories;Leaflets;Brochures;Booklets","25-Aug-2026 12:00","06-Sep-2026 14:00","as per TDS","Printing, Binding and Supply of CoxDA Magazine, FY 2026-27","Lot wise","Package wise","Package wise","500","Payment through Bank","03-Dec-2026","03-Dec-2026","1","Printing, Binding and Supply of CoxDA Magazine, FY 2026-27","Coxs Bazar","10000","15-Sep-2026","01-Nov-2026","Abu Nayeem Md.Talat","Member (Engineer)","Address : CoxDA Bhaban, Circuit House Road, Cox's Bazar. City : Cox's Bazar Thana : Cox'S Bazar Sadar District : Cox's Bazar - 4700 Country : Bangladesh","CoxDA Bhaban, Circuit House Road, Cox's Bazar.","Cox's Bazar","Cox'S Bazar Sadar","Cox's Bazar - 4700","02-334462520","02-334462522","Not Found","https://www.eprocure.gov.bd/resources/common/ViewTender.jsp?id=1323297"
"Ministry of Housing and Public Works","","Cox's Bazar Development Authority","Cox's Bazar Development Authority","","Cox's Bazar","Goods","NCT","TENDER","Tender - Single Lot","CoxDA/Rev/2026-27/Books","228315","1323322","Open Tendering Method (OTM)","Revenue","Government","Not applicable","Not applicable","CoxDA/Rev/2026-27/Books Supply of Books for Coxs Bazar Development Authority, FY 2026-27","Various types of printed matter and articles for printing; Printing, publishing and related services;Printed books, brochures and leaflets;Printed books;Publications;Directories;Leaflets;Brochures;Booklets;Newspapers, journals, periodicals and magazines;Newspapers;Postcards, greeting cards and other printed matter;Postcards;Greeting cards;Stamps, cheque forms, banknotes, stock certificates, trade advertising material, catalogues and manuals;Stamps;Stamp-impressed paper;Banknotes;Cheque forms;Security-type printed matter;Trade-advertising material, commercial catalogues and manuals;Manuals;Printing plates or cylinders or other media for use in printing;Offset plates;Dry-etching equipment;Paper or paperboard registers, account books, binders, forms and other articles of printed stationery;Paper or paperboard registers;Forms;Exercise books;Albums for samples;Binders and related accessories;Printed stationery except forms;Miscellaneous printed matter;Car-tax discs;Driving licences;ID cards;Permits;Entrance cards;Bespoke printed matter;Tickets;Printing services;Printing services for books;Printing services for stationery;Printing services for security printed matter;Printing services for forms;Printing services for tickets;Printing services for calendars;Printing services for timetables;Newspaper printing services;Printing services for posters;Services related to printing;Print finishing services;Composition services;Printing and delivery services;Printing and distribution services;Publishing services;Bookbinding and finishing services;Subscription services","25-Aug-2026 12:00","06-Sep-2026 14:00","as per TDS","Supply of Books for Coxs Bazar Development Authority, FY 2026-27","Lot wise","Package wise","Package wise","500","Payment through Bank","03-Dec-2026","03-Dec-2026","1","Supply of Books for Coxs Bazar Development Authority, FY 2026-27","Coxs Bazar","4000","01-Oct-2026","01-Nov-2026","Abu Nayeem Md.Talat","Member (Engineer)","Address : CoxDA Bhaban, Circuit House Road, Cox's Bazar. City : Cox's Bazar Thana : Cox'S Bazar Sadar District : Cox's Bazar - 4700 Country : Bangladesh","CoxDA Bhaban, Circuit House Road, Cox's Bazar.","Cox's Bazar","Cox'S Bazar Sadar","Cox's Bazar - 4700","02-334462520","02-334462522","Not Found","https://www.eprocure.gov.bd/resources/common/ViewTender.jsp?id=1323322"
"Ministry of Home Affairs","","Bangladesh Police","Police Training Centre, Khulna","70001","Khulna","Goods","NCT","TENDER","Tender - Single Lot","PTC-Ration-Wheat crushing 2026-2027 Q2","226493","1321323","Open Tendering Method (OTM)","Revenue","Government","Not applicable","Not applicable","PTC Ration Wheat crushing 26-27 Q2 Procurement of Wheat crushing supplied from government silos for PTC, Khulna for the fiscal year 2026-27 Q2","Food products and beverages;Animal products, meat and meat products;Meat;Animal wool, hides and skins;Meat products;Prepared and preserved fish;Fish fillets, fish livers and roe;Frozen fish, fish fillets and other fish meat;Dried or salted fish; fish in brine; smoked fish;Canned or tinned fish and other prepared or preserved fish;Seafood;Fruit, vegetables and related products;Potatoes and potato products;Fruit and vegetable juices;Fruit and vegetables;Animal or vegetable oils and fats;Crude animal or vegetable oils and fats;Refined oils and fats;Edible fats;Dairy products;Milk and cream;Butter;Cheese products;Assorted dairy products;Grain mill products, starches and starch products;Grain mill products;Starches and starch products;Animal feedstuffs;Prepared animal feeds for farm and other animals;Miscellaneous food products;Bread products, fresh pastry goods and cakes;Rusks and biscuits; preserved pastry goods and cakes;Sugar and related products;Cocoa; chocolate and sugar confectionery;Pasta products;Coffee, tea and related products;Condiments and seasonings;Special nutritional products;Miscellaneous food products n.e.c. and dried goods;Beverages;Distilled alcoholic beverages;Wines;Cider and other fruit wines;Non-distilled fermented beverages;Malt beer;Non-alcoholic beverages","25-Aug-2026 10:00","07-Sep-2026 15:00","1.The minimum of years of general experience of the Tenderer in the supply of Goods and related services as Supplier shall be 3 years counting backward from the date of publication of IFT in the newspaper. 2.The minimum specific experience as Supplier in supply of similar Goods of at least one (1) contract successfully completed within the last three (3) years, with a value of at least Tk. 2.5 lac; years counting backward from the date of publication of IFT in the newspaper. 3.The minimum amount of financial resources as liquid asset or working capital or credit line(s) or specific credit commitment or in any combination of them, of the Tenderers shall be Tk 3.8 lakhs. 4.The Tenderer must possess (i) Up to date Trade License (ii) Up to date Income tax certificate (iii) VAT registration certificate (iv) VAT payment certificate (v) NID of the tenderer (vi) Past three (3) months bank statement 5. Other required eligibility and conditions are provided in TDS and PCC.","Procurement of Wheat crushing supplied from government silos for PTC, Khulna (2nd Quarter) FY 2026-27","Lot wise","Package wise","Package wise","500","Payment through Bank","03-Jan-2027","03-Jan-2027","01","Procurement of Wheat crushing supplied from government silos for PTC, Khulna for the fiscal year 2026-27 Q2","Police Training Centre, Khulna","15000","01-Oct-2026","31-Dec-2026","MD. MAHBUBUR RAHMAN","Addl SP","Address : Police Training Centre, Khulna City : Khulna Thana : Khulna City Corporation District : Khulna - 3001 Country : Bangladesh","Police Training Centre, Khulna","Khulna","Khulna City Corporation","Khulna - 3001","041-774361","","Not Found","https://www.eprocure.gov.bd/resources/common/ViewTender.jsp?id=1321323"
"Ministry of Housing and Public Works","","Public Works Department (PWD)","Brammanbaria pwd division","","Brahmanbaria","Works","NCT","TENDER","Tender - Single Lot","BB_2026-2027_NR_OTM_16","227173","1323435","Open Tendering Method (OTM)","Revenue","Government","Not applicable","Not applicable","BB_2026-2027_NR_OTM_16 Supply, installation, and electrical repair work for digital projectors, CCTV systems, monitors, cameras, fans, lights, auto-controllers, and capacitors at the Chief Judicial Magistrate Court building in Brahmanbaria district. Fiscal Year: 2026-2027.","Electricity, gas, nuclear energy and fuels, steam, hot water and other sources of energy; Repair, maintenance and installation services;Electricity;Manufactured gas;Coal gas or similar gases;Mains gas;Steam, hot water and associated products;Hot water;Steam;District heating;Long-distance heating;Solar energy;Solar panels;Solar installation;Nuclear fuels;Uranium;Plutonium;Radioactive materials;Radio-isotopes;Repair, maintenance and associated services of vehicles and related equipment;Repair and maintenance services of motor vehicles and associated equipment;Demolition services of vehicles;Repair, maintenance and associated services related to aircraft, railways, roads and marine equipment;Repair, maintenance and associated services related to aircraft and other equipment;Repair, maintenance and associated services related to railways and other equipment;Repair, maintenance and associated services related to roads and other equipment;Repair, maintenance and associated services related to marine and other equipment;Repair, maintenance and associated services related to personal computers, office equipment, telecommunications and audio-visual equipment;Maintenance and repair of office machinery;Repair and maintenance services of personal computers;Maintenance services of telecommunications equipment;Repair and maintenance services of audio-visual and optical equipment;Repair and maintenance services of medical and precision equipment;Repair and maintenance services of measuring, testing and checking apparatus;Repair and maintenance services of medical and surgical equipment;Repair and maintenance services of precision equipment;Repair and maintenance services for pumps, valves, taps and metal containers and machinery;Repair and maintenance services of pumps, valves, taps and metal containers;Repair and maintenance services of machinery;Repair and maintenance services of building installations;Repair and maintenance services of electrical and mechanical building installations;Repair and maintenance services of central heating;Repair and maintenance services of cooler groups;Repair and maintenance services of escalators;Lift-maintenance services;Miscellaneous repair and maintenance services;Repair services of jewellery;Repair services of leather personal goods;Repair services of garments and textiles;Repair and maintenance services of weapons and weapon systems;Repair and maintenance services of furniture;Repair and maintenance services of musical instruments;Repair and maintenance services of playground equipment;Repair and maintenance services of hotel and restaurant equipment;Installation services;Installation services of electrical and mechanical equipment;Installation services of equipment for measuring, checking, testing and navigating;Installation services of communications equipment;Installation services of medical and surgical equipment;Installation services of machinery and equipment;Installation services of computers and office equipment;Installation services of metal containers","25-Aug-2026 11:50","06-Sep-2026 16:00","1) Contactors/Construction firms with general experience in Civil works for min. 5 (Five) years. 2) Successfully completed at least 1 (One) of similar nature (Lighting decoration)under any Govt./semi Govt./Autonomous Body of Bangladesh during last Five years (counted backward from the date of publication of IFT) amounting at least Tk. 5.0 (Five) Lac.. 3) Min. avg. annual construction turnover of Tk. 38.0 (Thirty Eight) Lac. supported by payment certificates during last Five years. 4) Min. Liquid assets/credit facilitiy of Tk. 5.0 (Five) Lac.. Adequacy of minimum liquid assets substantiated by any scheduled Bank of Bangladesh as specified in the format (PW2a-3), without any alteration or addition, issued not earlier than prior to the day of the publication of the tender 5) The Tenderer must enclose with tender valid VAT Registration certificate, update TIN/Tax Clearance certificate, updated Trade license 6) Evaluation will be conducted according to the latest PPR rules and its amendments and Tenderers are expected to submit their rates/documents accordingly. Other eligibility requirements for the tender are mentioned in Tender Documents","Supply, installation, and electrical repair work for digital projectors, CCTV systems, monitors, cameras, fans, lights, auto-controllers, and capacitors at the Chief Judicial Magistrate Court building in Brahmanbaria district. Fiscal Year: 2026-2027.","Lot wise","Package wise","Package wise","500","Payment through Bank","03-Jan-2027","03-Jan-2027","1","Supply, installation, and electrical repair work for digital projectors, CCTV systems, monitors, cameras, fans, lights, auto-controllers, and capacitors at the Chief Judicial Magistrate Court building in Brahmanbaria district. Fiscal Year: 2026-2027.","Brahmanbaria Sadar","20000","15-Sep-2026","20-Sep-2026","Johir Rayhan","Executive Engineer","Address : Brammanbaria pwd division ,Brammanbaria City : Brammanbaria Thana : Brahmanbaria Sadar District : Brahmanbaria - 3420 Country : Bangladesh","Brammanbaria pwd division ,Brammanbaria","Brammanbaria","Brahmanbaria Sadar","Brahmanbaria - 3420","08-5163297","","Not Found","https://www.eprocure.gov.bd/resources/common/ViewTender.jsp?id=1323435"
"Ministry of Local Government","Rural Development and Co-operatives","Local Government Engineering Department (LGED)","Office of the Executive Engineer, LGED, Mymensingh","","Mymensingh","Works","NCT","TENDER","Tender - Single Lot","APP ID : 	227780","227780","1316875","Open Tendering Method (OTM)","Development","Government","224373100","Mymensingh District Rural Infrastructure Development Project","MRIDP/HAL/RD-54 (a)Improvement of Birguchina (RHD)-Tirakanda Brick Field Road via H/O Hazi Nurul Islam. Rd. at Ch. 00-1000m under Haluaghat Upazila, Dist.Mymensingh [Road ID 361245100]  (b) Improvement of Nagla Bazar-Sawdeshi Rd. at Ch. 390-1300m under Haluaghat Upazila, Dist.Mymensingh. [Road ID 361244047]","Construction work; Site preparation work; Works for complete or part construction and civil engineering work; Building installation work; Building completion work; Hire of construction and civil engineering machinery and equipment with operator;Building demolition and wrecking work and earthmoving work;Test drilling and boring work;Building construction work;Engineering works and construction works;Construction work for pipelines, communication and power lines, for highways, roads, airfields and railways; flatwork;Construction work for water projects;Construction works for plants, mining and manufacturing and for buildings relating to the oil and gas industry;Roof works and other special trade construction works;Electrical installation work;Insulation work;Plumbing and sanitary works;Fencing, railing and safety equipment installation work;Mechanical installations;Plastering work;Joinery and carpentry installation work;Floor and wall covering work;Painting and glazing work;Other building completion work;Hire of cranes with operator;Hire of earthmoving equipment with operator","25-Aug-2026 12:00","17-Sep-2026 12:00","As Per ITT & TDS","MRIDP/HAL/RD-54 (a) Improvement of Birguchina (RHD)-Tirakanda Brick Field Road via H/O Hazi Nurul Islam. Rd. at Ch. 00-1000m under Haluaghat Upazila, Dist.Mymensingh [Road ID 361245100] (b) Improvement of Nagla Bazar-Sawdeshi Rd. at Ch. 390-1300m under Haluaghat Upazila, Dist.Mymensingh. [Road ID 361244047]","Lot wise","Package wise","Package wise","4000","Payment through Bank","13-Jan-2027","13-Jan-2027","01","(a)Improvement of Birguchina (RHD)-Tirakanda Brick Field Road via H/O Hazi Nurul Islam. Rd. at Ch. 00-1000m under Haluaghat Upazila, Dist.Mymensingh [Road ID 361245100] 
(b) Improvement of Nagla Bazar-Sawdeshi Rd. at Ch. 390-1300m under Haluaghat Upazila, Dist.Mymensingh.
[Road ID 361244047]","Haluaghat Upazila","560000","01-Oct-2026","31-Aug-2027","HUMAYON KABIR","Executive Engineer","Address : XEN office, LGED Bhaban, Patgudam, Kalibari Road, Mymensingh City : Mymensingh Thana : Mymensingh City Corporation District : Mymensingh - 2200 Country : Bangladesh","XEN office, LGED Bhaban, Patgudam, Kalibari Road, Mymensingh","Mymensingh","Mymensingh City Corporation","Mymensingh - 2200","091-64365","","Not Found","https://www.eprocure.gov.bd/resources/common/ViewTender.jsp?id=1316875"
"Ministry of Energy","Power and Mineral Resources","Dhaka Power Distribution Company Ltd. (DPDC)","Superintending Engineer (Development 2)","4130","Dhaka","Works","NCT","TENDER","Tender - Single Lot","SED-2/XEN-2/OTM/26-27/D/03","229554","1323053","Open Tendering Method (OTM)","Own Fund","Own Fund","Not applicable","Not applicable","W/SE-PD-2/26-27/010 Shifting of 41 poles for DSCC road construction project from Mostomajhi Intersection to Thulthulia bridge at 11kV Demra Bajar feeder under NOCS, Demra.","Electricity distribution and related services; Public utilities;Electricity distribution;Operation of electrical installations","25-Aug-2026 11:30","08-Sep-2026 14:30","01. a) The minimum number of years of general experience of the Tenderer in the construction works as Prime Contractor shall be three (3) years; years counting backward from the date of publication of IFT in the newspaper. No subcontractor work experience will be considered. Such evidence shall be in end user's respective letter head paper indicating address, website and e-mail address of the user and shall include name of the project, name of the employers, description of the work, commissioning date and contract amount. b) The minimum specific experience as a Prime Contractor in similar works under public sector of at least 1 contract successfully completed within the last Five (5) years with a value of at least Tk. 5,00,000.00 (Taka Five Lac) only; years counting backward from the date of publication of IFT in the newspaper. No subcontractor work experience will be considered. Such evidence shall be in end user's respective letter head paper indicating address, website and e-mail address of the user and shall include the name of the project, name of the employers, description of the work, commissioning date and contract amount. 02. The minimum amount of financial resources as liquid asset or working capital or credit line(s) or specific credit commitment or in any combination of them, of the Tenderers shall be [Tk. 2,50,000.00 (Taka Two Lac Fifty Thousand) only] 03. The required average annual construction turnover under public sector shall be greater than Tk. 5,00,000.00 (Taka Five Lac) only over the last three [03] financial years. 04. All other Terms & conditions are mentioned in the Tender document.","Shifting of 41 poles for DSCC road construction project from Mostomajhi Intersection to Thulthulia bridge at 11kV Demra Bajar feeder under NOCS, Demra.","Lot wise","Package wise","Package wise","500","Payment through Bank","04-Feb-2027","04-Feb-2027","01","Shifting of 41 poles for DSCC road construction project from Mostomajhi Intersection to Thulthulia bridge at 11kV Demra Bajar feeder under NOCS, Demra.","Dhaka","25000","21-Sep-2026","20-Mar-2028","Khondokar A.H.M. Zulfiquar Haider","Superintending Engineer","Address : House # 07 (2nd Floor), Road # 17, Block # C, Banani, Dhaka-1213 City : Dhaka Thana : Dhaka North City Corporation District : Dhaka - 1213 Country : Bangladesh","House # 07 (2nd Floor), Road # 17, Block # C, Banani, Dhaka-1213","Dhaka","Dhaka North City Corporation","Dhaka - 1213","02-9880846","02-9880847","Not Found","https://www.eprocure.gov.bd/resources/common/ViewTender.jsp?id=1323053"
"Ministry of Home Affairs","","Bangladesh Police","Khulna Metropoliton Police, Khulna","","Khulna","Goods (Framework Agreement)","NCT","TENDER","Tender - Single Lot","KMP-Ceremonies/Festivals-2026-27","225825","1322018","Open Tendering Method (OTM)","Revenue","Government","Not applicable","Not applicable","KMP-Ceremonies/Festivals-2026-27 Procurement of Ceremonies/Festivals Items for KMP of the fiscal Year-2026-27","Entertainment services; Recreational, cultural and sporting services; Library, archives, museums and other cultural services; Funeral and related services; Miscellaneous services; Funeral services;Artistic and literary creation and interpretation services;Arts-facility operation services;Recreational-area services;Dance and performance entertainment services;Gambling and betting services;Pyrotechnic services;Library and archive services;Museum services and preservation services of historical sites and buildings;Botanical and zoological garden services and nature reserve services","25-Aug-2026 10:00","08-Sep-2026 13:00","Required eligibility and conditions are provided in TDS and PCC","Procurement of Ceremonies/Festivals Items for KMP of the fiscal Year-2026-27","Lot wise","Package wise","Package wise","500","Payment through Bank","04-Jan-2027","04-Jan-2027","1","Procurement of Ceremonies/Festivals Items for KMP of the fiscal Year-2026-27","KMP HQ, Khulna","21000","15-Sep-2026","30-Jun-2027","ABDULAH-AL-MASUM","Deputy Police Commissioner","Address : Khulna Metropoliton Police, Khulna City : Khulna Thana : Khulna City Corporation District : Khulna - 9000 Country : Bangladesh","Khulna Metropoliton Police, Khulna","Khulna","Khulna City Corporation","Khulna - 9000","02-477727569","02-477721358","Not Found","https://www.eprocure.gov.bd/resources/common/ViewTender.jsp?id=1322018"
"Ministry of Home Affairs","","Bangladesh Police","Industrial Police-5, Mymensingh","","Mymensingh","Goods","NCT","TENDER","Tender - Single Lot","Memo No- 650","226781","1322163","Open Tendering Method (OTM)","Revenue","Government","Not applicable","Not applicable","IP-5/e-tender/2026-27/2nd Quarter/Fire Wood-05 Procurement Of Fire Wood (2nd Quarter) FY-2026-2027 (October/2026 To December/2026).","Wood, wood products, cork products, basketware and wickerwork;Sawn wood;Railway sleepers;Mining timber;Prepared softwood;Hardwood;Parquet;Prepared or treated wooden products;Sawdust;Wooden sheets and veneers;Wooden boards and panels;Densified wood;Builders wood joinery and carpentry;Builders wood joinery;Builders wood carpentry;Prefabricated wooden buildings;Wooden containers, pallets, boxes and other containers;Wooden containers;Wooden pallets;Articles of wood and cork;Products of wood and related articles;Articles of cork, basketware and wickerwork","25-Aug-2026 11:00","07-Sep-2026 18:00","1. Updated copy of valid trade license. 2. Updated income tax clearance certificate & e-TIN certificate. 3. Updated vat registration certificate. 4. A latest certified copy of bank solvency certificate & detail bank statement. 5. A certificate of ownership of the company. 6. Citizenship certificate & national identity card copy. 7. Similar work experience certificate. 8. Tender Document Purchase Voucher. 9. If the market price of firewood increases, no objection/application from the bidder will be accepted. 10. Firewood must be supplied as per the requirement of the Superintendent of Police, Industrial Police-5, Mymensingh. 11. The minimum specific experience as Supplier in supply of similar Goods of at least one (1) contract successfully completed within the last [03] years, with a value of at least Tk. [1,35,000 ].","IP-5/e-tender/2026-27/2nd Quarter/Fire Wood-05 Procurement Of Fire Wood (2nd Quarter) FY-2026-2027 (October/2026 To December/2026).","Lot wise","Package wise","Package wise","500","Payment through Bank","04-Jan-2027","04-Jan-2027","01","Procurement Of Fire Wood (2nd Quarter) FY-2026-2027 (October/2026 To December/2026).","IP-5, Bhorodoba, Bhaluka, Mymensingh","6000","01-Oct-2026","31-Dec-2026","Md.Ansar uddin","SP","Address : Industrial Police-5, Mymensingh City : Mymensingh Thana : Mymensingh City Corporation District : Mymensingh - 2200 Country : Bangladesh","Industrial Police-5, Mymensingh","Mymensingh","Mymensingh City Corporation","Mymensingh - 2200","02-000000","","Not Found","https://www.eprocure.gov.bd/resources/common/ViewTender.jsp?id=1322163"
"Ministry of Home Affairs","","Bangladesh Police","Office of the Superintendent of Police, Moulvibazar","00133","Moulvibazar","Goods","NCT","TENDER","Tender - Single Lot","02/2026-2027/05","227107","1322355","Open Tendering Method (OTM)","Revenue","Government","Not applicable","Not applicable","02/2026/2027/05 Supply of Excellent Quality Soybean Oil (Vitamin A Fortified) for Ration of Moulvibazar District Police Ration Store.","Food products and beverages;Animal products, meat and meat products;Meat;Animal wool, hides and skins;Meat products;Prepared and preserved fish;Fish fillets, fish livers and roe;Frozen fish, fish fillets and other fish meat;Dried or salted fish; fish in brine; smoked fish;Canned or tinned fish and other prepared or preserved fish;Seafood;Fruit, vegetables and related products;Potatoes and potato products;Fruit and vegetable juices;Fruit and vegetables;Animal or vegetable oils and fats;Crude animal or vegetable oils and fats;Refined oils and fats;Edible fats;Dairy products;Milk and cream;Butter;Cheese products;Assorted dairy products;Grain mill products, starches and starch products;Grain mill products;Starches and starch products;Animal feedstuffs;Prepared animal feeds for farm and other animals;Miscellaneous food products;Bread products, fresh pastry goods and cakes;Rusks and biscuits; preserved pastry goods and cakes;Sugar and related products;Cocoa; chocolate and sugar confectionery;Pasta products;Coffee, tea and related products;Condiments and seasonings;Special nutritional products;Miscellaneous food products n.e.c. and dried goods;Beverages;Distilled alcoholic beverages;Wines;Cider and other fruit wines;Non-distilled fermented beverages;Malt beer;Non-alcoholic beverages","25-Aug-2026 11:00","08-Sep-2026 16:00","As Per Tender Documents","02/2026/2027/05 Supply of Excellent Quality Soybean Oil (Vitamin A Fortified) for Ration of Moulvibazar District Police Ration Store.","Lot wise","Package wise","Package wise","2500","Payment through Bank","11-Dec-2026","11-Dec-2026","1","Supply of Excellent Quality Soybean Oil (Vitamin A Fortified) for Ration of Moulvibazar District Police Ration Store.","Moulvibazar District Police Ration Store","174720","16-Sep-2026","23-Sep-2026","MD. MONIRUL ISLAM","SP","Address : Office of the Superintendent of Police, Moulvibazar City : Moulvibazar Thana : Moulvibazar Sadar District : Moulvibazar - 3200 Country : Bangladesh","Office of the Superintendent of Police, Moulvibazar","Moulvibazar","Moulvibazar Sadar","Moulvibazar - 3200","0861-52235","0861-63833","Not Found","https://www.eprocure.gov.bd/resources/common/ViewTender.jsp?id=1322355"
"Ministry of Home Affairs","","Bangladesh Police","Industrial Police-5, Mymensingh","","Mymensingh","Goods","NCT","TENDER","Tender - Single Lot","Memo No- 650","226781","1322457","Open Tendering Method (OTM)","Revenue","Government","Not applicable","Not applicable","IP-5/e-tender/2026-27/2nd Quarter/ Polao Rice-04 Procurement Of Polao Rice (2nd Quarter) FY-2026-2027 (October/2026 To December/2026).","Agricultural, horticultural, hunting and related products;Crops, products of market gardening and horticulture;Cereals and other crops;Vegetables, horticultural products and nursery products;Fruit, nuts, beverage and spice crops;Live animals and animal products;Cattle and their products;Farm animals and their products;Pigs;Live poultry and eggs;Small live animals and their products;Products of mixed farming;Agricultural supplies","25-Aug-2026 11:00","07-Sep-2026 18:00","1. Updated copy of valid trade license. 2. Updated income tax clearance certificate & E-tin certificate. 3. Updated vat registration certificate. 4. A latest certified copy of bank solvency certificate & detail bank statement. 5. A certificate of ownership of the company. 6. Citizenship certificate & national identity card copy. 7. Similar work experience certificate. 8. Tender Document Purchase Voucher. 9. If the market price of Polao Rice increases, no objection/application from the bidder will be accepted. 10. As per the requirement of the Superintendent of Police, Industrial Police-5, Mymensingh, rice for polao must be supplied on special occasions. 11. The minimum specific experience as Supplier in supply of similar Goods of at least the last [03] years, with a value of at least Tk. [35,000]. 12. Tenderer must be submitted a sample of (1 Kg) high quality Polao Rice before the tender opening.","IP-5/e-tender/2026-27/2nd Quarter/ Polao Rice-04 Procurement Of Polao Rice (2nd Quarter) FY-2026-2027 (October/2026 To December/2026).","Lot wise","Package wise","Package wise","500","Payment through Bank","04-Jan-2027","04-Jan-2027","01","Procurement Of Polao Rice (2nd Quarter) FY-2026-2027 (October/2026 To December/2026).","IP-5, Bhorodoba, Bhaluka, Mymensingh","1500","01-Oct-2026","31-Dec-2026","Md.Ansar uddin","SP","Address : Industrial Police-5, Mymensingh City : Mymensingh Thana : Mymensingh City Corporation District : Mymensingh - 2200 Country : Bangladesh","Industrial Police-5, Mymensingh","Mymensingh","Mymensingh City Corporation","Mymensingh - 2200","02-000000","","Not Found","https://www.eprocure.gov.bd/resources/common/ViewTender.jsp?id=1322457"
"Ministry of Public Administration","","Office of the Deputy Commissioner, Sirajganj","Office of the Deputy Commissioner, Sirajganj","","Sirajganj","Goods","NCT","TENDER","Tender - Single Lot","Dcsiraj/02.0078.2026/4","228831","1322893","Open Tendering Method (OTM)","Revenue","Government","Not applicable","Not applicable","02.0078.2026 Supply Computer and other Accessories for office of the Deputy Commissioner, Sirajganj","Computer equipment and supplies; Office and computing machinery, equipment and supplies;Data-processing machines;Digital cartography equipment;Computer hardware;Software;Computer systems;Servers","25-Aug-2026 10:00","08-Sep-2026 12:00","1. TIN Certifate (Assesment Year 2024-2025) 2. Vat Registration 3. Updated Trade License 4. Bank Solvency","Supply Laptop, Desktop Computer, Inkjet and Laser Printer for Office of the Deputy Commissioner, Sirajganj","Lot wise","Package wise","Package wise","1000","Payment through Bank","04-Jan-2027","04-Jan-2027","1","Supply Computer and other Accessories for office of the Deputy Commissioner, Sirajganj","DC office, sirajganj","35000","30-Sep-2026","06-Oct-2026","Md. Aminul Islam","Deputy Commissioner","Address : sirajganj sadar City : Sirajganj Thana : Sirajganj Sadar District : Sirajganj - 6700 Country : Bangladesh","sirajganj sadar","Sirajganj","Sirajganj Sadar","Sirajganj - 6700","02-588830335","","Not Found","https://www.eprocure.gov.bd/resources/common/ViewTender.jsp?id=1322893"
"Ministry of Home Affairs","","Bangladesh Police","Office of the Superintendent of Police, Moulvibazar","00133","Moulvibazar","Goods","NCT","TENDER","Tender - Single Lot","02/2026-2027/06","227107","1322525","Open Tendering Method (OTM)","Revenue","Government","Not applicable","Not applicable","02/2026-2027/06 Supply of Lentil for ration of Moulvibazar District Police Ration Store.","Agricultural, horticultural, hunting and related products;Crops, products of market gardening and horticulture;Cereals and other crops;Vegetables, horticultural products and nursery products;Fruit, nuts, beverage and spice crops;Live animals and animal products;Cattle and their products;Farm animals and their products;Pigs;Live poultry and eggs;Small live animals and their products;Products of mixed farming;Agricultural supplies","25-Aug-2026 11:00","08-Sep-2026 16:00","As Per Tender Documents.","02/2026-2027/06 Supply of Lentil for ration of Moulvibazar District Police Ration Store.","Lot wise","Package wise","Package wise","1500","Payment through Bank","11-Dec-2026","11-Dec-2026","1","Supply of Lentil for ration of Moulvibazar District Police Ration Store.","Moulvibazar District Police Ration Store","149400","16-Sep-2026","23-Sep-2026","MD. MONIRUL ISLAM","SP","Address : Office of the Superintendent of Police, Moulvibazar City : Moulvibazar Thana : Moulvibazar Sadar District : Moulvibazar - 3200 Country : Bangladesh","Office of the Superintendent of Police, Moulvibazar","Moulvibazar","Moulvibazar Sadar","Moulvibazar - 3200","0861-52235","0861-63833","Not Found","https://www.eprocure.gov.bd/resources/common/ViewTender.jsp?id=1322525"
"Ministry of Home Affairs","","Bangladesh Police","Khulna Metropoliton Police, Khulna","","Khulna","Goods","NCT","TENDER","Tender - Single Lot","KMP-Ration-Transportation porter 2026-2027 Q2","225825","1322932","Open Tendering Method (OTM)","Revenue","Government","Not applicable","Not applicable","KMP-Ration-Transportation porter 2026-2027 Q2 Procurement of Transportation porter for the 2nd Quarter 2026-2027 for KMP, Khulna","Land transport services; Land transport services and transport via pipeline services; Cargo handling services;Passenger land transport services.;Land freight transport services","25-Aug-2026 10:30","08-Sep-2026 13:00","Required eligibility and conditions are provided in TDS and PCC.","Procurement of Transportation porter for the 2nd Quarter 2026-2027 for KMP, Khulna","Lot wise","Package wise","Package wise","1000","Payment through Bank","04-Jan-2027","04-Jan-2027","01","Procurement of Transportation porter for the 2nd Quarter 2026-2027 for KMP, Khulna","KMP HQ, Khulna","45000","01-Oct-2026","31-Dec-2026","ABDULAH-AL-MASUM","Deputy Police Commissioner","Address : Khulna Metropoliton Police, Khulna City : Khulna Thana : Khulna City Corporation District : Khulna - 9000 Country : Bangladesh","Khulna Metropoliton Police, Khulna","Khulna","Khulna City Corporation","Khulna - 9000","02-477727569","02-477721358","Not Found","https://www.eprocure.gov.bd/resources/common/ViewTender.jsp?id=1322932"
"Ministry of Home Affairs","","Bangladesh Police","Railway Police, Dhaka","","Dhaka","Goods","NCT","TENDER","Tender - Single Lot","DRP/Ration/Retender/EdibleOil/1721/E","224421","1316442","Open Tendering Method (OTM)","Revenue","Government","Not applicable","Not applicable","DRP/Ration/Edible oil/Retender/01 Procurement of fortified Edible Oil (Soyabin Oil) for ration of Railway Police Dhaka (1st Quarter). FY-2026-2027 (01 July/2026 to 30 Sep/2026) (Re-Tender)","Agricultural, horticultural and forestry machinery; Machinery, equipment, appliances, apparatus and associated products;Agricultural and forestry machinery for soil preparation or cultivation;Harvesting machinery;Spraying machinery for agriculture or horticulture;Self-loading or unloading trailers and semi-trailers for agriculture;Specialist agricultural or forestry machinery;Tractors;Parts of agricultural and forestry machinery","25-Aug-2026 10:00","06-Sep-2026 11:30","The folowing documents must be submitted along with the submitted documents. Otherwise, the tender wil be considered as canceled.1. Up-to-date, valid trade licence. 2. VAT registration certificate. 3. Latest income Tax certificate. 4. A latest certified copy of bank solvency certificate or line of credit According to PG3-8 Form. 5. Affitdavit Certificate. 6. BSTI Licence. 7. Minimum 05 years’ experience in supplying similar kinds of goods. 8. Authorization certificate from the manufacturer. 9. Citizenship certificate & national identity card copy. 10. Must submit a certificate stating that you are not blacklisted.","1) High quality Edible Soyabean Oil (in plastic cans) for the Financial Year 2026-2027 (1st Quarter) at Railway Police Dhaka Ration Store. 2) The edible soyabean oil (in plastic cans) of the accepted brand shal be supplied as per the sample of edible soybean oil (in plastic cans) kept at Railway Police Dhaka Ration Store. The required edible soybean oil (in plastic cans) as per the work order shal be delivered to Railway Police Dhaka Ration Store at its own cost and warehoused. 3) The Edible soyabean oil should be supplied in 0.500 liter (plastic can), 01liter (plastic can), 02 liter (plastic can),03 liter (plastic can), 05 liter (plastic can), ), 08 liter (plastic can) as per the demand of the authorities. 4) As per the instructions of Police Headquarters, the level of enrichment of BSTI approved edible soybean oil with Vitamin ""A"" wil be 15 to 30 ppm (Parts per milion) i.e. minimum 0.015 to maximum 0.030 mg of Vitamin A per gram of edible oil (0.015-0.030 mg/g) and the symbol ""Shothik Pusti, Shustho Jibon"" should be displayed on the container of edible oil. If the samples submitted under the tender and Random Sample at the time of acceptance are colected and sent to the Accredited Laboratory for testing, al expenses in this regard wil be borne by the tenderer. 5) Sample of Edible Soyabean oil (in plastic cans) must be submitted to Railway Police Dhaka Ration Store before the opening of the Tender.","Lot wise","Package wise","Package wise","1000","Payment through Bank","01-Feb-2027","01-Feb-2027","01","Procurement of fortified Edible Oil (Soyabin Oil) for ration of Railway Police Dhaka (1st Quarter). FY-2026-2027 (01 July/2026 to 30 Sep/2026) (Re-Tender)","Railway Police Dhaka Ration Store Kamalapur","44000","10-Sep-2026","30-Sep-2026","Nikulin Chakma","SP","Address : Railway Police, Dhaka City : Dhaka Thana : Dhaka South City Corporation District : Dhaka - 1000 Country : Bangladesh","Railway Police, Dhaka","Dhaka","Dhaka South City Corporation","Dhaka - 1000","02-222229017","","Not Found","https://www.eprocure.gov.bd/resources/common/ViewTender.jsp?id=1316442"
"Ministry of Local Government","Rural Development and Co-operatives","Local Government Engineering Department (LGED)","Office of the Superintending Engineer, ICT Unit, LGED HQ","","Dhaka","Goods","NCT","TENDER","Tender - Single Lot","APP 229475","229475","1321383","Open Tendering Method (OTM)","Revenue","Government","Not applicable","Not applicable","LGED/ICT/2026-27/G2 Procurement of Network Devices for ICT Unit","Office and computing machinery, equipment and supplies;Office machinery, equipment and supplies except computers;Word-processing machines;Photocopying and printing equipment;Post-office equipment;Calculating and accounting machines;Typewriters;Parts and accessories of typewriters and calculating machines;Various office equipment and supplies;Computer equipment and supplies;Data-processing machines;Digital cartography equipment;Computer hardware;Software;Computer systems;Servers","25-Aug-2026 09:00","09-Sep-2026 16:00","As mentioned in the TDS","Procurement of Network Devices for ICT Unit","Lot wise","Package wise","Package wise","1000","Payment through Bank","06-Jan-2027","06-Jan-2027","1","Procurement of Network Devices for ICT Unit","ICT Unit, LGED HQs","50000","01-Oct-2026","29-Oct-2026","Sk. Md. Abu Zakir Sekander","Superintending Engineer","Address : Level-4, LGED Bhaban, Agargaon, Dhaka City : Dhaka Thana : Dhaka North City Corporation District : Dhaka - 1207 Country : Bangladesh","Level-4, LGED Bhaban, Agargaon, Dhaka","Dhaka","Dhaka North City Corporation","Dhaka - 1207","02-8181503","","Not Found","https://www.eprocure.gov.bd/resources/common/ViewTender.jsp?id=1321383"
"Ministry of Local Government","Rural Development and Co-operatives","Local Government Engineering Department (LGED)","Office of the Executive Engineer, LGED, Naogaon","","Naogaon","Works","NCT","TENDER","Tender - Single Lot","APP ID - 227252","227252","1316925","Open Tendering Method (OTM)","Development","Government","224397700","Naogaon District Rural Infrastructure Development Project","NDRIDP/UNI/01 Improvement work of Road by Uni-Block on Nirmoil (UNR)-Paikbanda (UNR) Road Sayedpur from Ch: 2500m-4560m Construction of 06 nos U-Drain Size (7.00mx0.625mx0.600m) at Ch:3610m, Ch:3721m, Ch:3850m, Ch:3885m, Ch:4215m & Ch:4432m under Patnitala Upazila, District: Naogaon. Road ID: 164754012","Construction work;Site preparation work;Building demolition and wrecking work and earthmoving work;Test drilling and boring work;Works for complete or part construction and civil engineering work;Building construction work;Engineering works and construction works;Construction work for pipelines, communication and power lines, for highways, roads, airfields and railways; flatwork;Construction work for water projects;Construction works for plants, mining and manufacturing and for buildings relating to the oil and gas industry;Roof works and other special trade construction works;Building installation work;Electrical installation work;Insulation work;Plumbing and sanitary works;Fencing, railing and safety equipment installation work;Mechanical installations;Building completion work;Plastering work;Joinery and carpentry installation work;Floor and wall covering work;Painting and glazing work;Other building completion work;Hire of construction and civil engineering machinery and equipment with operator;Hire of cranes with operator;Hire of earthmoving equipment with operator","25-Aug-2026 10:00","13-Sep-2026 17:00","As per TDS, PCC & IFT.","NDRIDP/UNI/01 Improvement work of Road by Uni-Block on Nirmoil (UNR)-Paikbanda (UNR) Road Sayedpur from Ch: 2500m-4560m Construction of 06 nos U-Drain Size (7.00mx0.625mx0.600m) at Ch:3610m, Ch:3721m, Ch:3850m, Ch:3885m, Ch:4215m & Ch:4432m under Patnitala Upazila, District: Naogaon. Road ID: 164754012","Lot wise","Package wise","Package wise","4000","Payment through Bank","11-Mar-2027","11-Mar-2027","1","Improvement work of Road by Uni-Block on Nirmoil (UNR)-Paikbanda (UNR) Road Sayedpur from Ch: 2500m-4560m Construction of 06 nos U-Drain Size (7.00mx0.625mx0.600m) at Ch:3610m, Ch:3721m, Ch:3850m, Ch:3885m, Ch:4215m & Ch:4432m under Patnitala Upazila, District: Naogaon. Road ID: 164754012","Patnitala Upazila","400000","01-Feb-2027","01-Feb-2028","Md, Badruddoza","Executive Engineer","Address : XEN Office, LGED, Naogaon City : Naogaon Thana : Atrai District : Naogaon - 6500 Country : Bangladesh","XEN Office, LGED, Naogaon","Naogaon","Atrai","Naogaon - 6500","0741-62416","","Not Found","https://www.eprocure.gov.bd/resources/common/ViewTender.jsp?id=1316925"
"Ministry of Home Affairs","","Fire Service & Civil Defence Department","Expansion of Fire Service & Civil Defence Ambulance Service (Phase-2) Project (1st Revised), Department of Fire Service & Civil Defence, Dhaka","","Dhaka","Goods","NCT","TENDER","Tender - Single Lot","44.03.0000.017.07.036.26","229217","1319143","Open Tendering Method (OTM)","Development","Government","224396500","Expansion of Fire Service & Civil Defence Ambulance Service (Phase-2) Project","FSCD/Ambulance/002/26-27 Fire & Rescue Ambulance 2WD (Microbus Van Type)-50 Nos.","Motor vehicles, trailers and vehicle parts;Motor vehicles;Passenger cars;Motor vehicles for the transport of 10 or more persons;Motor vehicles for the transport of goods;Heavy-duty motor vehicles;Vehicle bodies, trailers or semi-trailers;Vehicle bodies;Trailers, semi-trailers and mobile containers;Parts and accessories for vehicles and their engines;Engines and engine parts;Mechanical spare parts except engines and engine parts;Test benches;Vehicle conversion kits;Seat belts;Spare parts for goods vehicles;Spare parts for vans;Spare parts for cars;Tractor accessories;Motorcycles, bicycles and sidecars;Motorcycles;Motor scooters;Cycles with auxiliary motors;Bicycles","25-Aug-2026 10:00","22-Sep-2026 13:00","As per STD","Fire & Rescue Ambulance 2WD (Microbus Van Type)-50 Nos.","Lot wise","Package wise","Package wise","7000","Payment through Bank","19-Mar-2027","19-Mar-2027","1","Fire & Rescue Ambulance 2WD (Microbus Van Type)-50 Nos.","Purbachal Narayangonj","9900000","15-Nov-2026","31-May-2027","M A Azad Anwar","Project Director","Address : 38-46, Kazi Alauddin Road, Dhaka City : Dhaka Thana : Dhaka South City Corporation District : Dhaka - 1000 Country : Bangladesh","38-46, Kazi Alauddin Road, Dhaka","Dhaka","Dhaka South City Corporation","Dhaka - 1000","02-223388085","02-223385657","Not Found","https://www.eprocure.gov.bd/resources/common/ViewTender.jsp?id=1319143"
"Ministry of Home Affairs","","Bangladesh Police","Railway Police, Dhaka","","Dhaka","Goods (Framework Agreement)","NCT","TENDER","Tender - Single Lot","DRP/HA/Retender/Cleaning/1722/E","224421","1316954","Open Tendering Method (OTM)","Revenue","Government","Not applicable","Not applicable","DRP/HA/Cleaning and Washing/Retender/01 Procurement of Cleaning and Washing materials for Railway Police Dhaka for the FY-2026-2027. (Re-Tender)","Miscellaneous services; Washing and dry-cleaning services; Hairdressing and beauty treatment services; Physical well-being services; Accommodation and office services; Civic-amenity services; Marine services; Funeral and related services; Miscellaneous services n.e.c.; Clearing and Forwarding Agent; Service Provider (Others);Laundry-collection services;Textile-cleaning services;Fur-products cleaning services;Colouring services;Pressing services;Dyeing services;Hairdressing services;Beauty treatment services;Turkish bath services;Spa services;Massage services;Accommodation services;Car-park management services;Aquatic marine services;Port management services;Diving services;Funeral services;Decommissioning services;Relocation services;Tailoring services;Upholstering services;Locksmith services","25-Aug-2026 10:00","06-Sep-2026 11:30","The following documents must be submitted along with the submitted documents. Otherwise, the tender will be considered as cancelled 1. Updated contractor and Business License. 2. Updated VAT and Income Tax License with PSR. 3. National Citizen Certificate and NID Certificate. 4. Ownership Certificate of the Institution. 5. Non-Blacklisted Certificate. 6. Experience Certificate. 7. Sample Signature. 8. Bank Solvency Certificate. 9. The bidder shall submit an undertaking on his own pad in the form specified in the tender document stating that he will not engage in any corruption, fraud, conspiracy, coercion or obstruction of justice as mentioned in Section 64 of the Act. 10. And mention in TDS, PCC and GCC. 11. All goods/services/repairs will be procured as and when required through call of orders under the framework agreement. Bills will be paid upon satisfactory delivery.","Procurement of Cleaning and Washing materials for Railway Police Dhaka for the FY-2026-2027. (Re-Tender)","Lot wise","Package wise","Package wise","1000","Payment through Bank","01-Feb-2027","01-Feb-2027","07","Procurement of Cleaning and Washing materials for Railway Police Dhaka for the FY-2026-2027. (Re-Tender)","Railway Police Dhaka Kamalapur","32500","10-Sep-2026","30-Jun-2027","Nikulin Chakma","SP","Address : Railway Police, Dhaka City : Dhaka Thana : Dhaka South City Corporation District : Dhaka - 1000 Country : Bangladesh","Railway Police, Dhaka","Dhaka","Dhaka South City Corporation","Dhaka - 1000","02-222229017","","Not Found","https://www.eprocure.gov.bd/resources/common/ViewTender.jsp?id=1316954"
"Ministry of Health and Family Welfare","Health Services Division","Directorate General of Health Services (DGHS)","Lalpur Upazila Health Complex","","Natore","Goods","NCT","TENDER","Tender - Single Lot","UHC/LAL/NAT/26/702/4","229924","1317749","Open Tendering Method (OTM)","Revenue","Government","Not applicable","Not applicable","UHC/LAL/NAT/26/702/4 Procurement of Gaz-Bandage-Tula FY-2026-2027","Medical devices; Medical and laboratory devices, optical and precision devices, watches and clocks, pharmaceuticals and related medical consumables; Instruments and appliances for measuring, checking, testing and navigating; Industrial process control equipment; Medical and laboratory devices, optical and precision devices, watches and clocks, pharmaceuticals and related medical consumables; Optical instruments;Imaging equipment for medical, dental and veterinary use;Functional exploration;Dentistry;Medical non-chemical consumables and haematological consumables;Therapy;Operating techniques;Anaesthesia and resuscitation;Functional support;Miscellaneous medical devices;Navigational, meteorological, geological and geophysical instruments;Remote-control equipment;Precision balances, instruments for drawing, calculating and measuring length;Instruments for measuring quantities;Instruments for checking physical characteristics;Checking and testing apparatus;Regulating and controlling instruments and apparatus;Non-medical equipment based on the use of radiations;Spectacles and lenses;Polarising material;Astronomical and optical instruments;Liquid crystal devices;Photographic equipment","25-Aug-2026 08:00","07-Sep-2026 10:30","Procurement of Gaz-Bandage-Tula FY-2026-2027","Procurement of Gaz-Bandage-Tula FY-2026-2027","Lot wise","Package wise","Package wise","500","Payment through Bank","04-Feb-2027","04-Feb-2027","Single","Procurement of Gaz-Bandage-Tula FY-2026-2027","UHC Lalpur Natore","19000","15-Sep-2026","31-Dec-2026","Dr.Md. Munzur Rahman","UH&FPO","Address : Lalpur Upazila Health Complex, Natore City : Lalpur Thana : Lalpur District : Natore - 6421 Country : Bangladesh","Lalpur Upazila Health Complex, Natore","Lalpur","Lalpur","Natore - 6421","07725-75003","","Not Found","https://www.eprocure.gov.bd/resources/common/ViewTender.jsp?id=1317749"
"Ministry of Home Affairs","","Bangladesh Police","Khulna Metropoliton Police, Khulna","","Khulna","Goods (Framework Agreement)","NCT","TENDER","Tender - Single Lot","KMP-Furniture Purchase-2026-27","225825","1321522","Open Tendering Method (OTM)","Revenue","Government","Not applicable","Not applicable","KMP-Furniture Purchase-2026-27 Procurement of Furniture for KMP of the fiscal Year-2026-27","Structural metal products; Fabricated products and materials; Miscellaneous fabricated metal products and related items; Cutlery, tools, locks, keys and hinges; Fabricated products and materials; Fasteners, chain and springs; Furniture; Manufactured goods, furniture, handicrafts, special-purpose products and associated consumables; Miscellaneous manufactured and other goods;Metal structures and parts of structures;Builders joinery of metal;Metal articles for the bathroom and kitchen;Metal goods;Armour plating;Bearings;Mild steel;Props and mining struts;Cast-iron products;Miscellaneous fire-protection equipment;Cutlery;Tools;Locks, keys and hinges;Fasteners;Chain;Springs;Seats, chairs and associated parts;Non-domestic furniture;Domestic furniture;Miscellaneous furniture and equipment;School furniture;Laundry supplies;School slates or boards with writing or drawing surfaces;Artificial products;Apparatus and equipment designed for demonstrational purposes;Umbrellas and sunshades; walking sticks and seat sticks;Funeral supplies;Kitchen equipment, household items and catering supplies;Barracks supplies","25-Aug-2026 10:00","08-Sep-2026 13:00","Required eligibility and conditions are provided in TDS and PCC","Procurement of Furniture for KMP of the fiscal Year-2026-27","Lot wise","Package wise","Package wise","1500","Payment through Bank","04-Jan-2027","04-Jan-2027","1","Procurement of Furniture for KMP of the fiscal Year-2026-27","KMP HQ, Khulna","130000","15-Sep-2026","30-Jun-2027","ABDULAH-AL-MASUM","Deputy Police Commissioner","Address : Khulna Metropoliton Police, Khulna City : Khulna Thana : Khulna City Corporation District : Khulna - 9000 Country : Bangladesh","Khulna Metropoliton Police, Khulna","Khulna","Khulna City Corporation","Khulna - 9000","02-477727569","02-477721358","Not Found","https://www.eprocure.gov.bd/resources/common/ViewTender.jsp?id=1321522"
"Ministry of Home Affairs","","Bangladesh Police","Police Training Centre, Khulna","70001","Khulna","Goods","NCT","TENDER","Tender - Single Lot","PTC-Ration- Polao Rice FY 2026-2027 Q2","226493","1321321","Open Tendering Method (OTM)","Revenue","Government","Not applicable","Not applicable","PTC Ration Polao Rice 26-27 Q2 Procurement of high-quality Polao Rice for PTC, Khulna for the fiscal year 2026-27 Q2","Food products and beverages;Animal products, meat and meat products;Meat;Animal wool, hides and skins;Meat products;Prepared and preserved fish;Fish fillets, fish livers and roe;Frozen fish, fish fillets and other fish meat;Dried or salted fish; fish in brine; smoked fish;Canned or tinned fish and other prepared or preserved fish;Seafood;Fruit, vegetables and related products;Potatoes and potato products;Fruit and vegetable juices;Fruit and vegetables;Animal or vegetable oils and fats;Crude animal or vegetable oils and fats;Refined oils and fats;Edible fats;Dairy products;Milk and cream;Butter;Cheese products;Assorted dairy products;Grain mill products, starches and starch products;Grain mill products;Starches and starch products;Animal feedstuffs;Prepared animal feeds for farm and other animals;Miscellaneous food products;Bread products, fresh pastry goods and cakes;Rusks and biscuits; preserved pastry goods and cakes;Sugar and related products;Cocoa; chocolate and sugar confectionery;Pasta products;Coffee, tea and related products;Condiments and seasonings;Special nutritional products;Miscellaneous food products n.e.c. and dried goods;Beverages;Distilled alcoholic beverages;Wines;Cider and other fruit wines;Non-distilled fermented beverages;Malt beer;Non-alcoholic beverages","25-Aug-2026 10:00","07-Sep-2026 15:00","The minimum of years of general experience of the Tenderer in the supply of Goods and related services as Supplier shall be 3 years counting backward from the date of publication of IFT in the newspaper. The minimum specific experience as Supplier in supply of similar Goods of at least one (1) contract successfully completed within the last three (3) years, with a value of at least Tk. 1.1 lac; years counting backward from the date of publication of IFT in the newspaper The minimum amount of financial resources as liquid asset or working capital or credit line(s) or specific credit commitment or in any combination of them, of the Tenderers shall be Tk 1.3 lac The Tenderer must possess (i) Upto date Trade License (ii) Upto date Income tax certificate (iii) VAT registration certificate (iv) VAT payment certificate (v) NID of the tenderer (vi) Past three (3) months bank statement Other required eligibility and conditions are provided in TDS and PCC.","Procurement of high-quality Polao Rice for ration of Police Training Centre, Khulna (2nd Quarter) FY 2025-2026","Lot wise","Package wise","Package wise","500","Payment through Bank","03-Jan-2027","03-Jan-2027","01","Procurement of high-quality Polao Rice for PTC, Khulna for the fiscal year 2026-27 Q2","PTC, Khulna","2500","01-Oct-2026","31-Dec-2026","MD. MAHBUBUR RAHMAN","Addl SP","Address : Police Training Centre, Khulna City : Khulna Thana : Khulna City Corporation District : Khulna - 3001 Country : Bangladesh","Police Training Centre, Khulna","Khulna","Khulna City Corporation","Khulna - 3001","041-774361","","Not Found","https://www.eprocure.gov.bd/resources/common/ViewTender.jsp?id=1321321"
"Ministry of Home Affairs","","Bangladesh Police","Police Training Centre, Khulna","70001","Khulna","Goods (Framework Agreement)","NCT","TENDER","Tender - Single Lot","Transport Hiring for PTC Khulna 26-27","226493","1321319","Open Tendering Method (OTM)","Revenue","Government","Not applicable","Not applicable","Transport Hiring for PTC Khulna 26-27 Transport hiring for PTC, Khulna for the fiscal year 2026-27","Motor vehicles, trailers and vehicle parts;Motor vehicles;Passenger cars;Motor vehicles for the transport of 10 or more persons;Motor vehicles for the transport of goods;Heavy-duty motor vehicles;Vehicle bodies, trailers or semi-trailers;Vehicle bodies;Trailers, semi-trailers and mobile containers;Parts and accessories for vehicles and their engines;Engines and engine parts;Mechanical spare parts except engines and engine parts;Test benches;Vehicle conversion kits;Seat belts;Spare parts for goods vehicles;Spare parts for vans;Spare parts for cars;Tractor accessories;Motorcycles, bicycles and sidecars;Motorcycles;Motor scooters;Cycles with auxiliary motors;Bicycles","25-Aug-2026 10:00","07-Sep-2026 15:00","AS per TDS","Transport hiring for PTC, Khulna for the fiscal year 2026-27","Lot wise","Package wise","Package wise","500","Payment through Bank","03-Jan-2027","03-Jan-2027","01","Transport hiring for PTC, Khulna for the fiscal year 2026-27","PTC, Khulna","13000","10-Sep-2026","30-Jun-2027","MD. MAHBUBUR RAHMAN","Addl SP","Address : Police Training Centre, Khulna City : Khulna Thana : Khulna City Corporation District : Khulna - 3001 Country : Bangladesh","Police Training Centre, Khulna","Khulna","Khulna City Corporation","Khulna - 3001","041-774361","","Not Found","https://www.eprocure.gov.bd/resources/common/ViewTender.jsp?id=1321319"
"Ministry of Agriculture","","Department of Agricultural Extension (DAE)","Increasing Cropping Intensity in Greater Mymensingh Region Project","","Dhaka","Goods","NCT","TENDER","Tender - Single Lot","12.02.0000.120.07.07.(part-1)2025.1608","230452","1322311","Open Tendering Method (OTM)","Development","Government","224321400","Increasing Cropping Intensity in Greater Mymensingh Region Project","GD/DAE-16 Supply and Installation of 60KVA Generator","Electrical machinery, apparatus, equipment and consumables; Electric motors, generators and transformers; Electricity distribution and control apparatus; Insulated wire and cable; Accumulators, primary cells and primary batteries; Lighting equipment and electric lamps; Electrical equipment and apparatus; Electronic, electromechanical and electrotechnical supplies;Electric motors;Generators;Alternators;Cooling towers;Ballasts for discharge lamps or tubes;Parts of electric motors, generators and transformers;Transformers;Electrical apparatus for switching or protecting electrical circuits;Electrical circuit components;Parts of electricity distribution or control apparatus;Mains;Power distribution cables;Coaxial cable;Insulated cable accessories;Electric conductors for data and control purposes;Primary cells;Primary batteries;Electric accumulators;Electric filament lamps;Lamps and light fittings;Parts of lamps and lighting equipment;Electrical equipment for engines and vehicles;Sound or visual signalling apparatus;Magnets;Machines and apparatus with individual functions;Insulating fittings;Carbon electrodes;Electrical parts of machinery or apparatus;Electrical supplies and accessories;Electronic equipment;Electromechanical equipment;Electrotechnical equipment","25-Aug-2026 10:00","10-Sep-2026 13:00","Open to all tenderers who are experienced in purchase, supply, distribution and quality control as per Identification of Lot below goods. Tenderers must have experience on Govt./Semi Govt. Organization and they have quality as per the Tender Data Sheet (TDS) of the tender document.","Supply and Installation of 60KVA Generator","Lot wise","Package wise","Package wise","1000","Payment through Bank","06-Jan-2027","06-Jan-2027","1","Supply and Installation of 60KVA Generator","Additional Director Office, Department of Agricultural Extension, Mymensingh Region, Mymensingh","60000","15-Oct-2026","15-Mar-2027","MD. MOSTAFA KAMAL","Project Director","Address : Department of Agricultural Extension.
Room no# 411 (3rd Floor),
Khamarbari, Farmgate, Dhaka. City : Dhaka Thana : Tejgaon District : Dhaka - 1215 Country : Bangladesh","","Dhaka","Tejgaon","Dhaka - 1215","02-55028211","","Not Found","https://www.eprocure.gov.bd/resources/common/ViewTender.jsp?id=1322311"
"Ministry of Health and Family Welfare","Health Services Division","Directorate General of Health Services (DGHS)","Madan Upazila Health Complex , Netrokona","","Netrokona","Goods","NCT","TENDER","Tender - Single Lot","UHC/Madan/Netrokona/2026-27/6","230068","1322277","Open Tendering Method (OTM)","Revenue","Government","Not applicable","Not applicable","UHC/Madan/Netrokona/2026-27/6 Procurement of Chemical Reagent for the FY 2026-27 at Madan Upazila Health Complex, Netrokona.","Medical and laboratory devices, optical and precision devices, watches and clocks, pharmaceuticals and related medical consumables; Health and social work services;Medical devices;Imaging equipment for medical, dental and veterinary use;Functional exploration;Dentistry;Medical non-chemical consumables and haematological consumables;Therapy;Operating techniques;Anaesthesia and resuscitation;Functional support;Miscellaneous medical devices;Instruments and appliances for measuring, checking, testing and navigating;Navigational, meteorological, geological and geophysical instruments;Remote-control equipment;Precision balances, instruments for drawing, calculating and measuring length;Instruments for measuring quantities;Instruments for checking physical characteristics;Checking and testing apparatus;Regulating and controlling instruments and apparatus;Non-medical equipment based on the use of radiations;Industrial process control equipment;Optical instruments;Spectacles and lenses;Polarising material;Astronomical and optical instruments;Liquid crystal devices;Photographic equipment;Horological instruments;Watches and clocks;Health services;Hospital and related services;Medical practice and related services;Dental practice and related services;Miscellaneous health services;Veterinary services;Social work and related services;Social work services;Social services","25-Aug-2026 10:00","06-Sep-2026 12:00","As Per TDS","Procurement of Chemical Reagent for the FY 2026-27 at Madan Upazila Health Complex, Netrokona.","Lot wise","Package wise","Package wise","500","Payment through Bank","02-Jan-2027","02-Jan-2027","1","Procurement of Chemical Reagent for the FY 2026-27 at Madan Upazila Health Complex, Netrokona.","UHC Madan","14000","24-Sep-2026","31-Dec-2026","Muhammad  Nurul  Huda Khan","UH&FPO","Address : Madan , Netrokona City : Madan Thana : Madan District : Netrokona - 2490 Country : Bangladesh","Madan , Netrokona","Madan","Madan","Netrokona - 2490","09-52956004","","Not Found","https://www.eprocure.gov.bd/resources/common/ViewTender.jsp?id=1322277"
"Ministry of Health and Family Welfare","Health Services Division","Directorate General of Health Services (DGHS)","Madan Upazila Health Complex , Netrokona","","Netrokona","Goods","NCT","TENDER","Tender - Single Lot","UHC/Madan/Netrokona/2026-27/4","230068","1322276","Open Tendering Method (OTM)","Revenue","Government","Not applicable","Not applicable","UHC/Madan/Netrokona/2026-27/4 Procurement of Linen for the FY 2026-27 at Madan Upazila Health Complex, Netrokona.","Medical and laboratory devices, optical and precision devices, watches and clocks, pharmaceuticals and related medical consumables; Health and social work services;Medical devices;Imaging equipment for medical, dental and veterinary use;Functional exploration;Dentistry;Medical non-chemical consumables and haematological consumables;Therapy;Operating techniques;Anaesthesia and resuscitation;Functional support;Miscellaneous medical devices;Instruments and appliances for measuring, checking, testing and navigating;Navigational, meteorological, geological and geophysical instruments;Remote-control equipment;Precision balances, instruments for drawing, calculating and measuring length;Instruments for measuring quantities;Instruments for checking physical characteristics;Checking and testing apparatus;Regulating and controlling instruments and apparatus;Non-medical equipment based on the use of radiations;Industrial process control equipment;Optical instruments;Spectacles and lenses;Polarising material;Astronomical and optical instruments;Liquid crystal devices;Photographic equipment;Horological instruments;Watches and clocks;Health services;Hospital and related services;Medical practice and related services;Dental practice and related services;Miscellaneous health services;Veterinary services;Social work and related services;Social work services;Social services","25-Aug-2026 10:00","06-Sep-2026 12:00","As Per TDS","Procurement of Linen for the FY 2026-27 at Madan Upazila Health Complex, Netrokona.","Lot wise","Package wise","Package wise","500","Payment through Bank","02-Jan-2027","02-Jan-2027","1","Procurement of Linen for the FY 2026-27 at Madan Upazila Health Complex, Netrokona.","UHC Madan","17000","24-Sep-2026","31-Dec-2026","Muhammad  Nurul  Huda Khan","UH&FPO","Address : Madan , Netrokona City : Madan Thana : Madan District : Netrokona - 2490 Country : Bangladesh","Madan , Netrokona","Madan","Madan","Netrokona - 2490","09-52956004","","Not Found","https://www.eprocure.gov.bd/resources/common/ViewTender.jsp?id=1322276"
"Ministry of Water Resources","","Bangladesh Water Development Board (BWDB)","Contract and Procurement Cell, BWDB, Dhaka.","","Dhaka","Services","NCT","RFA","","","230688","1322612","Individual Consultant (IC)","Revenue","Government","Not applicable","Not applicable","CPC/PPReview-01/2025-26 Selection of 01 (one) no. Individual Consultant (National) for BWDB's Procurement Post Review for the FY 2025- 26","Research and experimental development services; Research and development services and related consultancy services.; Research and development consultancy services;Research services;Experimental development services;Research consultancy services;Development consultancy services","25-Aug-2026 10:00","09-Sep-2026 16:00","Details in the RFA","Selection of 1 (one) No. Individual Consultant (National) for BWDB’s Procurement Post Review for the FY 2025-2026 (Package No. CPC/PPReview-01/2025-26)","Package wise","","","","","","08-Jan-2027","","","Dhaka","","01-Nov-2026","14-Apr-2027","MD. HAFIZUL ALAM","Superintending Engineer","Address : Room no. 615, Level-6, BWDB, Pani Bhaban, 72 Green Road, Panthapath City : Dhaka Thana : Dhaka South City Corporation District : Dhaka - 1205 Country : Bangladesh","Room no. 615, Level-6, BWDB, Pani Bhaban, 72 Green Road, Panthapath","Dhaka","Dhaka South City Corporation","Dhaka - 1205","02-222230015","","Not Found","https://www.eprocure.gov.bd/resources/common/ViewTender.jsp?id=1322612"
"Ministry of Home Affairs","","Bangladesh Police","Khulna Metropoliton Police, Khulna","","Khulna","Goods","NCT","TENDER","Tender - Single Lot","KMP-Ration-Firewood-2026-27 Q2","225825","1322691","Open Tendering Method (OTM)","Revenue","Government","Not applicable","Not applicable","KMP-Ration-Firewood-2026-27 Q2 Procurement of Firewood for the 2nd  Quarter 2026-2027 for KMP, Khulna","Wood; Forestry and logging products; Forestry products; Wooden sheets and veneers; Wood, wood products, cork products, basketware and wickerwork; Builders wood joinery and carpentry;Coniferous wood;Tropical wood;Fuel wood;Rough wood;Softwood;Wood waste;Scrap wood;Logs;Timber;Ornamental plants, grasses, mosses or lichens;Wooden boards and panels;Densified wood;Builders wood joinery;Builders wood carpentry;Prefabricated wooden buildings","25-Aug-2026 10:00","08-Sep-2026 13:00","Required eligibility and conditions are provided in TDS and PCC.","Procurement of Firewood for the 2nd Quarter 2026-2027 for KMP, Khulna","Lot wise","Package wise","Package wise","500","Payment through Bank","04-Jan-2027","04-Jan-2027","01","Procurement of Firewood for the 2nd  Quarter 2026-2027 for KMP, Khulna","KMP HQ, Khulna","25000","01-Oct-2026","31-Dec-2026","ABDULAH-AL-MASUM","Deputy Police Commissioner","Address : Khulna Metropoliton Police, Khulna City : Khulna Thana : Khulna City Corporation District : Khulna - 9000 Country : Bangladesh","Khulna Metropoliton Police, Khulna","Khulna","Khulna City Corporation","Khulna - 9000","02-477727569","02-477721358","Not Found","https://www.eprocure.gov.bd/resources/common/ViewTender.jsp?id=1322691"
"Ministry of Home Affairs","","Bangladesh Police","In-Service Training Center, Sirajganj","","Sirajganj","Goods","NCT","TENDER","Tender - Single Lot","ISTC-S/1072, Date : 24/08/2026","226474","1323104","Open Tendering Method (OTM)","Revenue","Government","Not applicable","Not applicable","ISTCS/26-27/010 Procurement of Other equipment for Fiscal Year 2026-2027","Machinery, equipment, appliances, apparatus and associated products;Machinery for the production and use of mechanical power;Turbines and motors;Pumps and compressors;Taps, cocks, valves and similar appliances;Gears, gearing and driving elements;General-purpose machinery;Industrial or laboratory furnaces, incinerators and ovens;Lifting and handling equipment and parts;Cooling and ventilation equipment;Miscellaneous general-purpose machinery;Agricultural, horticultural and forestry machinery;Agricultural and forestry machinery for soil preparation or cultivation;Harvesting machinery;Spraying machinery for agriculture or horticulture;Self-loading or unloading trailers and semi-trailers for agriculture;Specialist agricultural or forestry machinery;Tractors;Parts of agricultural and forestry machinery;Machine tools;Machine tools operated by laser and machining centres;Lathes, boring and milling machine tools;Metal-working machine tools;Machine tools for working hard materials except metals;Pneumatic or motorised hand tools;Soldering, brazing and welding tools, surface tempering and hot-spraying machines and equipment;Parts and accessories of machine tools;Special-purpose machinery and parts;Machinery for metallurgy and associated parts;Machinery for mining, quarrying and construction;Machinery for food, beverage and tobacco processing and associated parts;Machinery for textile, apparel and leather production;Machinery for paper or paperboard production;Miscellaneous special-purpose machinery;Weapons, ammunition and associated parts;Motorised tanks and armoured fighting vehicles;Military weapons;Firearms;Ammunition;Parts of military weapons;Truncheons or night sticks;Domestic appliances;Electrical domestic appliances;Non-electric domestic appliances;Miscellaneous equipment;Transport related equipment;Workshop equipment;Construction equipment;Catering equipment;Emergency and security equipment;Technical equipment;Miscellaneous equipment n.e.c.","25-Aug-2026 10:00","06-Sep-2026 10:00","As Per TDS.","Procurement of Other equipment for Fiscal Year 2026-2027","Lot wise","Package wise","Package wise","500","Payment through Bank","02-Jan-2027","02-Jan-2027","1","Procurement of Other equipment for Fiscal Year 2026-2027","In-Service Training Center, Sirajganj","19185","10-Sep-2026","30-Jun-2027","MOSTAK AHMED","Addl DIG","Address : Sirajganj City : Sirajganj Thana : Sirajganj Sadar District : Sirajganj - 6700 Country : Bangladesh","Sirajganj","Sirajganj","Sirajganj Sadar","Sirajganj - 6700","01320-221800","","Not Found","https://www.eprocure.gov.bd/resources/common/ViewTender.jsp?id=1323104"
"Ministry of Local Government","Rural Development and Co-operatives","Local Government Engineering Department (LGED)","Office of the Executive Engineer, LGED, Manikganj","","Manikganj","Works","NCT","TENDER","Tender - Single Lot","APP ID :	227714","227714","1320484","Open Tendering Method (OTM)","Development","Government","224423100","Manikganj District Important Rural Infrastructure Development Project (MDIRIDP)","MAN/SATU/3008/04 Improvement of Road by BC from Hargaj UP Office-Kandapara Bazar via Nayapara  Road at Ch.1100-1800m(Effective  Length=700m ) Under Saturia Upazila, District: Manikganj. Road ID No: 356703008 (Salvage Cost=13,34,696.00)","Construction work;Site preparation work;Building demolition and wrecking work and earthmoving work;Test drilling and boring work;Works for complete or part construction and civil engineering work;Building construction work;Engineering works and construction works;Construction work for pipelines, communication and power lines, for highways, roads, airfields and railways; flatwork;Construction work for water projects;Construction works for plants, mining and manufacturing and for buildings relating to the oil and gas industry;Roof works and other special trade construction works;Building installation work;Electrical installation work;Insulation work;Plumbing and sanitary works;Fencing, railing and safety equipment installation work;Mechanical installations;Building completion work;Plastering work;Joinery and carpentry installation work;Floor and wall covering work;Painting and glazing work;Other building completion work;Hire of construction and civil engineering machinery and equipment with operator;Hire of cranes with operator;Hire of earthmoving equipment with operator","25-Aug-2026 09:00","09-Sep-2026 15:00","AS PER TDS","MAN/SATU/3008/04 Improvement of Road by BC from Hargaj UP Office-Kandapara Bazar via Nayapara Road at Ch.1100-1800m(Effective Length=700m ) Under Saturia Upazila, District: Manikganj. Road ID No: 356703008 (Salvage Cost=13,34,696.00)","Lot wise","Package wise","Package wise","2500","Payment through Bank","05-Feb-2027","05-Feb-2027","1","Improvement of Road by BC from Hargaj UP Office-Kandapara Bazar via Nayapara  Road at Ch.1100-1800m(Effective  Length=700m ) Under Saturia Upazila, District: Manikganj. Road ID No: 356703008 (Salvage Cost=13,34,696.00)","Saturia, Manikganj","225000","05-Nov-2026","04-Nov-2027","MD. JAMAL UDDIN","Executive Engineer","Address : XEN Office, LGED, Manikganj City : Manikganj Thana : Manikganj Sadar District : Manikganj - 1800 Country : Bangladesh","XEN Office, LGED, Manikganj","Manikganj","Manikganj Sadar","Manikganj - 1800","02-7710911","","Not Found","https://www.eprocure.gov.bd/resources/common/ViewTender.jsp?id=1320484"
"Ministry of Local Government","Rural Development and Co-operatives","Local Government Engineering Department (LGED)","Office of the Executive Engineer, LGED, Dhaka","","Dhaka","Works","NCT","TENDER","Tender - Single Lot","APP ID 229155","229155","1317284","One stage Two Envelopes Tendering Method (OSTETM)","Development","Government","224363300","Construction of Important Bridges on Rural Roads  Project (2nd Phase)","CIB2-Dha-W- 03 Construction of 183.30m Long RCC Bridge Over the Isamoti River on Agla UP Office- Shailka Launch Ghat- Kailail UP Office Road at Ch. 4125m, (Road ID No. 326623031) under Upazila: Nawabganj, District: Dhaka. Package No. CIB2-Dha-W-03.","Construction work;Site preparation work;Building demolition and wrecking work and earthmoving work;Test drilling and boring work;Works for complete or part construction and civil engineering work;Building construction work;Engineering works and construction works;Construction work for pipelines, communication and power lines, for highways, roads, airfields and railways; flatwork;Construction work for water projects;Construction works for plants, mining and manufacturing and for buildings relating to the oil and gas industry;Roof works and other special trade construction works;Building installation work;Electrical installation work;Insulation work;Plumbing and sanitary works;Fencing, railing and safety equipment installation work;Mechanical installations;Building completion work;Plastering work;Joinery and carpentry installation work;Floor and wall covering work;Painting and glazing work;Other building completion work;Hire of construction and civil engineering machinery and equipment with operator;Hire of cranes with operator;Hire of earthmoving equipment with operator","25-Aug-2026 09:00","23-Sep-2026 17:00","As Stated in TD","Construction of 183.30m Long RCC Bridge Over the Isamoti River on Agla UP Office- Shailka Launch Ghat- Kailail UP Office Road at Ch. 4125m, (Road ID No. 326623031) under Upazila: Nawabganj, District: Dhaka. Package No. CIB2-Dha-W-03.","Lot wise","Package wise","Package wise","6000","Payment through Bank","21-Mar-2027","21-Mar-2027","Single","Construction of 183.30m Long RCC Bridge Over the Isamoti River on Agla UP Office- Shailka Launch Ghat- Kailail UP Office Road at Ch. 4125m, (Road ID No. 326623031) under Upazila: Nawabganj, District: Dhaka. Package No. CIB2-Dha-W-03.","Nawabganj upazila, Dhaka","10000000","01-Feb-2027","31-Jan-2029","Md Sharifuzzaman","Executive Engineer","Address : XEN Office, LGED, 62 West Agargaon, Sher-e-Bangla Nagar, Dhaka City : Dhaka Thana : Dhaka North City Corporation District : Dhaka - 1207 Country : Bangladesh","XEN Office, LGED, 62 West Agargaon, Sher-e-Bangla Nagar, Dhaka","Dhaka","Dhaka North City Corporation","Dhaka - 1207","88-02-8155657","88-02-8155655","Not Found","https://www.eprocure.gov.bd/resources/common/ViewTender.jsp?id=1317284"
"Ministry of Local Government","Rural Development and Co-operatives","Department of Public Health Engineering (DPHE)","Office of the Executive Engineer, DPHE,Jhenaidah","","Jhenaidah","Works","NCT","TENDER","Tender - Single Lot","MemoNo:46.03.4400.061.20.26-1088; dt: 20/08/2026","230560","1320822","Open Tendering Method (OTM)","Development","Government","224303400","Project for Safe Water Supply Throughout the Country.","PSWSC-8637 Instalation of 88 (Eighty Eight) nos. Deep Tube Well (100X38 mm dia) with Submersible Pump at Kaliganj Upazila & 40 (Forty) nos. Deep Tube Well (100X38 mm dia) with Submersible Pump at Kotchadpur Upazila in DPHE Jhenaidah District under Project of Safe Water Supply throughout the country(PSWSC). FY: 2026-2027.","Water distribution and related services; Public utilities;Water distribution;Operation of a water-purification plant;Operation of water supplies","25-Aug-2026 09:00","07-Sep-2026 16:00","The tenderer must have the following eligibilities: a) The tenderer must have the valid trade licence b) The tenderer must have the valid VAT & TIN certificates c) if any tenderer submit false or fake any kind of tender related document they will be consider as a technically non responsive , Also will take step according to the guide line of  PPA-2006 & PPR-2025 (consider last amendmet) .","PSWSC-8637 Instalation of 88 (Eighty Eight) nos. Deep Tube Well (100X38 mm dia) with Submersible Pump at Kaliganj Upazila & 40 (Forty) nos. Deep Tube Well (100X38 mm dia) with Submersible Pump at Kotchadpur Upazila in DPHE Jhenaidah District under Project of Safe Water Supply throughout the country(PSWSC). FY: 2026-2027.","Lot wise","Package wise","Package wise","2500","Payment through Bank","04-Jan-2027","04-Jan-2027","1","Instalation of 88 (Eighty Eight) nos. Deep Tube Well (100X38 mm dia) with Submersible Pump at Kaliganj Upazila & 40 (Forty) nos. Deep Tube Well (100X38 mm dia) with Submersible Pump at Kotchadpur Upazila in DPHE Jhenaidah District under Project of Safe Water Supply throughout the country(PSWSC). FY: 2026-2027.","At Kaligonj and Kotchandpur Upazila of Jhenaidah","400000","30-Nov-2026","14-Jun-2027","Md. Akmol Hosen","Executive Engineer","Address : Office of the Executive Engineer, DPHE,Jhenaidah City : Jhenaidah Thana : Jhenaidah Sadar District : Jhenaidah - 7300 Country : Bangladesh","Office of the Executive Engineer, DPHE,Jhenaidah","Jhenaidah","Jhenaidah Sadar","Jhenaidah - 7300","04-5162357","","Not Found","https://www.eprocure.gov.bd/resources/common/ViewTender.jsp?id=1320822"
"Ministry of Health and Family Welfare","Health Services Division","Directorate General of Health Services (DGHS)","Lalpur Upazila Health Complex","","Natore","Goods","NCT","TENDER","Tender - Single Lot","UHC/LAL/NAT/26/702/5","229924","1317750","Open Tendering Method (OTM)","Revenue","Government","Not applicable","Not applicable","UHC/LAL/NAT/26/702/5 Procurement of Lilen FY-2026-2027","Textiles and textile articles;Textile fabrics and related items;Woven fabrics;Woollen fabrics;Linen fabrics;Special fabrics;Knitted or crocheted fabrics;Cloth;Non-woven fabrics;Textile articles;Textile household articles;Made-up textile articles;Carpets, mats and rugs;Miscellaneous cordage, rope, twine and netting;Non-woven articles;Miscellaneous textile articles;Knitwear, hosiery and related articles;Textile yarn and thread;Natural textile fibres;Artificial textile fibres;Textile yarn and thread of natural fibres;Synthetic yarn or thread;Textile waste","25-Aug-2026 08:00","07-Sep-2026 10:30","Procurement of Lilen FY-2026-2027","Procurement of Lilen FY-2026-2027","Lot wise","Package wise","Package wise","500","Payment through Bank","04-Feb-2027","04-Feb-2027","Single","Procurement of Lilen FY-2026-2027","UHC Lalpur Natore","19000","15-Sep-2026","31-Dec-2026","Dr.Md. Munzur Rahman","UH&FPO","Address : Lalpur Upazila Health Complex, Natore City : Lalpur Thana : Lalpur District : Natore - 6421 Country : Bangladesh","Lalpur Upazila Health Complex, Natore","Lalpur","Lalpur","Natore - 6421","07725-75003","","Not Found","https://www.eprocure.gov.bd/resources/common/ViewTender.jsp?id=1317750"
"Ministry of Health and Family Welfare","Health Services Division","Directorate General of Health Services (DGHS)","Lalpur Upazila Health Complex","","Natore","Goods","NCT","TENDER","Tender - Single Lot","UHC/LAL/NAT/26/702/6","229924","1317751","Open Tendering Method (OTM)","Revenue","Government","Not applicable","Not applicable","UHC/LAL/NAT/26/702/6 Procurement of Furniture FY-2026-2027","Manufactured goods, furniture, handicrafts, special-purpose products and associated consumables;Furniture;Seats, chairs and associated parts;Non-domestic furniture;Domestic furniture;Miscellaneous furniture and equipment;School furniture;Jewellery and related articles;Coins and medals;Articles of jewellery;Musical instruments and parts;Musical instruments;Parts and accessories of musical instruments;Sports goods and equipment;Outdoor sports equipment;Gymnasium equipment;Games and toys; fairground amusements;Dolls;Toys;Articles for funfair, table or parlour games;Miscellaneous manufactured and other goods;Laundry supplies;School slates or boards with writing or drawing surfaces;Artificial products;Apparatus and equipment designed for demonstrational purposes;Umbrellas and sunshades; walking sticks and seat sticks;Funeral supplies;Kitchen equipment, household items and catering supplies;Barracks supplies;Consumables and consumer goods;Consumables;Tax-free goods;Disposable goods;Handicraft and art supplies;Handicraft supplies;Art supplies;Special-purpose product;Police equipment;Recycled products;Security devices;Animal ear tags;Compost boxes;Tokens;Spray booths;Snow poles","25-Aug-2026 08:00","07-Sep-2026 10:30","Procurement of Furniture FY-2026-2027","Procurement of Furniture FY-2026-2027","Lot wise","Package wise","Package wise","500","Payment through Bank","04-Feb-2027","04-Feb-2027","Single","Procurement of Furniture FY-2026-2027","UHC Lalpur Natore","7600","15-Sep-2026","31-Dec-2026","Dr.Md. Munzur Rahman","UH&FPO","Address : Lalpur Upazila Health Complex, Natore City : Lalpur Thana : Lalpur District : Natore - 6421 Country : Bangladesh","Lalpur Upazila Health Complex, Natore","Lalpur","Lalpur","Natore - 6421","07725-75003","","Not Found","https://www.eprocure.gov.bd/resources/common/ViewTender.jsp?id=1317751"
"Ministry of Health and Family Welfare","Health Services Division","Directorate General of Health Services (DGHS)","Lalpur Upazila Health Complex","","Natore","Goods","NCT","TENDER","Tender - Single Lot","UHC/LAL/NAT/26/702/2","229924","1317747","Open Tendering Method (OTM)","Revenue","Government","Not applicable","Not applicable","UHC/LAL/NAT/26/702/2 Procurement of Medical Instrument FY-2026-2027","Instruments and appliances for measuring, checking, testing and navigating; Medical and laboratory devices, optical and precision devices, watches and clocks, pharmaceuticals and related medical consumables;Navigational, meteorological, geological and geophysical instruments;Remote-control equipment;Precision balances, instruments for drawing, calculating and measuring length;Instruments for measuring quantities;Instruments for checking physical characteristics;Checking and testing apparatus;Regulating and controlling instruments and apparatus;Non-medical equipment based on the use of radiations","25-Aug-2026 08:00","07-Sep-2026 10:30","Procurement of Medical Instrument FY-2026-2027","Procurement of Medical Instrument FY-2026-2027","Lot wise","Package wise","Package wise","1000","Payment through Bank","04-Feb-2027","04-Feb-2027","Single","Procurement of Medical Instrument FY-2026-2027","UHC Lalpur Natore","38000","15-Sep-2026","31-Dec-2026","Dr.Md. Munzur Rahman","UH&FPO","Address : Lalpur Upazila Health Complex, Natore City : Lalpur Thana : Lalpur District : Natore - 6421 Country : Bangladesh","Lalpur Upazila Health Complex, Natore","Lalpur","Lalpur","Natore - 6421","07725-75003","","Not Found","https://www.eprocure.gov.bd/resources/common/ViewTender.jsp?id=1317747"
